case_id,problem,seed,n,method,cleared,time_s,avg_s,move_m,measures,switches,miss,fallbacks,runtime_s,certificate
310001,3,310001,16,0,16,4706.373856,294.148366,20751.8692935,80,76,0,0,0.0004295,upper_bound_16
310001,3,310001,16,1,16,4125.46763,257.841726875,17432.33815017,95,84,0,0,0.0012732,upper_bound_16
310001,3,310001,16,2,16,4125.46763,257.841726875,17432.33815017,95,84,0,0,0.0013351,upper_bound_16
310002,3,310002,10,0,10,4304.650785,430.4650785,18048.2539451,108,102,1,0,0.0002516,seven_point_per_channel
310002,3,310002,10,1,10,3699.015129,369.9015129,14880.07565652,113,102,2,1,0.0009026,seven_point_per_channel
310002,3,310002,10,2,10,3699.015129,369.9015129,14880.07565652,113,102,2,1,0.0007595,seven_point_per_channel
310003,3,310003,15,0,15,5538.77629,369.2517526667,24573.88143565,92,86,1,0,0.0005511,seven_point_per_channel
310003,3,310003,15,1,15,4338.989848,289.2659898667,18324.94924317,101,91,1,0,0.0010595,seven_point_per_channel
310003,3,310003,15,2,15,4338.989848,289.2659898667,18324.94924317,101,91,1,0,0.0009661,seven_point_per_channel
310004,3,310004,14,0,14,4520.648447,322.9034605,19083.24224223,106,104,0,0,0.0004774,seven_point_per_channel
310004,3,310004,14,1,14,4212.487111,300.8919365,17397.43556249,112,103,0,0,0.0005114,seven_point_per_channel
310004,3,310004,14,2,14,4212.487111,300.8919365,17397.43556249,112,103,0,0,0.0006706,seven_point_per_channel
310005,3,310005,13,0,13,4273.449304,328.7268695385,17962.24653828,104,96,0,0,0.0003171,seven_point_per_channel
310005,3,310005,13,1,13,3896.725247,299.7480959231,16163.62624822,101,91,1,0,0.0007082,seven_point_per_channel
310005,3,310005,13,2,13,3896.725247,299.7480959231,16163.62624822,101,91,1,0,0.0006994,seven_point_per_channel
310006,3,310006,12,0,12,4593.322844,382.7769036667,19696.61422967,100,91,1,0,0.0004842,seven_point_per_channel
310006,3,310006,12,1,12,3516.146433,293.01220275,14315.73217024,100,93,0,0,0.0009205,seven_point_per_channel
310006,3,310006,12,2,12,3516.146433,293.01220275,14315.73217024,100,93,0,0,0.0008134,seven_point_per_channel
310007,3,310007,16,0,16,5334.233243,333.3895776875,23681.16622024,87,83,0,0,0.0004055,upper_bound_16
310007,3,310007,16,1,16,4442.965236,277.68532725,19079.82617372,92,84,1,0,0.0013568,upper_bound_16
310007,3,310007,16,2,16,4442.965236,277.68532725,19079.82617372,92,84,1,0,0.0013905,upper_bound_16
310008,3,310008,15,0,15,4624.629195,308.308613,19783.14599151,100,93,0,0,0.0003711,seven_point_per_channel
310008,3,310008,15,1,15,4213.782527,280.9188351333,17943.91263592,93,85,0,0,0.0011475,seven_point_per_channel
310008,3,310008,15,2,15,4213.782527,280.9188351333,17943.91263592,93,85,0,0,0.001238,seven_point_per_channel
310009,3,310009,13,0,13,4614.74868,354.9806676923,19558.74339952,107,100,1,0,0.0004466,seven_point_per_channel
310009,3,310009,13,1,13,4031.430586,310.1100450769,16547.15293271,111,99,1,0,0.0005323,seven_point_per_channel
310009,3,310009,13,2,13,4031.430586,310.1100450769,16547.15293271,111,99,1,0,0.000558,seven_point_per_channel
310010,3,310010,15,0,15,4526.673837,301.7782558,19708.36917833,86,80,0,0,0.0003584,seven_point_per_channel
310010,3,310010,15,1,15,3301.154053,220.0769368667,13465.77025346,90,83,0,0,0.0012035,seven_point_per_channel
310010,3,310010,15,2,15,3301.154053,220.0769368667,13465.77025346,90,83,0,0,0.0008165,seven_point_per_channel
310011,3,310011,15,0,15,4448.132704,296.5421802667,19390.66351738,84,75,0,0,0.0003776,seven_point_per_channel
310011,3,310011,15,1,15,3670.021346,244.6680897333,15400.10674807,87,77,1,0,0.001443,seven_point_per_channel
310011,3,310011,15,2,15,3670.021346,244.6680897333,15400.10674807,87,77,1,0,0.0015675,seven_point_per_channel
310012,3,310012,16,0,16,4965.892218,310.368263625,21899.46109969,85,78,1,0,0.0003917,upper_bound_16
310012,3,310012,16,1,16,3854.457299,240.9035811875,15987.28647931,96,82,5,0,0.0013608,upper_bound_16
310012,3,310012,16,2,16,3854.457299,240.9035811875,15987.28647931,96,82,5,0,0.0015072,upper_bound_16
310013,3,310013,15,0,15,4322.417487,288.1611658,18412.08745108,95,87,1,0,0.0004072,seven_point_per_channel
310013,3,310013,15,1,15,3577.21334,238.4808893333,14846.06670633,90,77,2,2,0.0014986,seven_point_per_channel
310013,3,310013,15,2,15,3577.21334,238.4808893333,14846.06670633,90,77,2,2,0.0014195,seven_point_per_channel
310014,3,310014,13,0,13,4079.237714,313.7875164615,17531.1885789,86,78,0,0,0.0003195,seven_point_per_channel
310014,3,310014,13,1,13,3166.565228,243.5819406154,12857.82614177,90,80,0,0,0.0018807,seven_point_per_channel
310014,3,310014,13,2,13,3166.565228,243.5819406154,12857.82614177,90,80,0,0,0.0014696,seven_point_per_channel
310015,3,310015,14,0,14,4585.014515,327.5010367857,19975.07258432,87,82,1,0,0.0004845,seven_point_per_channel
310015,3,310015,14,1,14,3640.832043,260.0594316429,15114.16023097,92,88,0,0,0.0012354,seven_point_per_channel
310015,3,310015,14,2,14,3640.832043,260.0594316429,15114.16023097,92,88,0,0,0.0009335,seven_point_per_channel
310016,3,310016,15,0,15,4970.006483,331.3337655333,21950.03242232,85,80,0,0,0.000358,seven_point_per_channel
310016,3,310016,15,1,15,3841.723436,256.1148957333,16153.61718166,91,81,0,0,0.0023681,seven_point_per_channel
310016,3,310016,15,2,15,3841.723436,256.1148957333,16153.61718166,91,81,0,0,0.0012148,seven_point_per_channel
310017,3,310017,10,0,10,4081.36078,408.136078,16971.80391212,106,101,2,0,0.0003783,seven_point_per_channel
310017,3,310017,10,1,10,3427.735622,342.7735622,13748.67811746,105,100,1,0,0.000756,seven_point_per_channel
310017,3,310017,10,2,10,3427.735622,342.7735622,13748.67811746,105,100,1,0,0.0006294,seven_point_per_channel
310018,3,310018,14,0,14,4924.040477,351.7171769286,21435.20239427,95,92,0,0,0.0003658,seven_point_per_channel
310018,3,310018,14,1,14,4633.570281,330.9693057857,19682.85141877,106,94,1,1,0.0008718,seven_point_per_channel
310018,3,310018,14,2,14,4633.570281,330.9693057857,19682.85141877,106,94,1,1,0.0008981,seven_point_per_channel
310019,3,310019,16,0,16,4978.895997,311.1809998125,21714.47998497,94,86,0,0,0.0005143,upper_bound_16
310019,3,310019,16,1,16,3653.486759,228.3429224375,15152.43380239,92,83,0,1,0.0010154,upper_bound_16
310019,3,310019,16,2,16,3653.486759,228.3429224375,15152.43380239,92,83,0,1,0.0010606,upper_bound_16
310020,3,310020,14,0,14,4665.176797,333.2269140714,20025.88399799,99,95,0,0,0.0004758,seven_point_per_channel
310020,3,310020,14,1,14,3936.157482,281.1541058571,16400.78742503,99,91,0,0,0.0008425,seven_point_per_channel
310020,3,310020,14,2,14,3936.157482,281.1541058571,16400.78742503,99,91,0,0,0.0007815,seven_point_per_channel
310021,3,310021,12,0,12,4236.285894,353.0238245,17996.42947942,97,92,0,0,0.0002858,seven_point_per_channel
310021,3,310021,12,1,12,3184.025199,265.33543325,12625.12599437,101,94,0,1,0.0006475,seven_point_per_channel
310021,3,310021,12,2,12,3184.025199,265.33543325,12625.12599437,101,94,0,1,0.0006249,seven_point_per_channel
310022,3,310022,16,0,16,5238.657876,327.41611725,22668.28937173,105,97,1,0,0.0003931,upper_bound_16
310022,3,310022,16,1,16,4825.720918,301.607557375,20498.60459064,109,98,1,0,0.0006449,upper_bound_16
310022,3,310022,16,2,16,4825.720918,301.607557375,20498.60459064,109,98,1,0,0.0006302,upper_bound_16
310023,3,310023,14,0,14,5261.052714,375.7894795714,22830.26358278,105,97,1,0,0.0003426,seven_point_per_channel
310023,3,310023,14,1,14,4035.983081,288.2845057857,16789.91540069,103,93,0,0,0.0007934,seven_point_per_channel
310023,3,310023,14,2,14,4035.983081,288.2845057857,16789.91540069,103,93,0,0,0.0007808,seven_point_per_channel
310024,3,310024,13,0,13,4809.698172,369.9767824615,20728.49087219,100,93,2,0,0.0003308,seven_point_per_channel
310024,3,310024,13,1,13,3751.463949,288.5741499231,15417.31975281,102,93,0,0,0.0008988,seven_point_per_channel
310024,3,310024,13,2,13,3751.463949,288.5741499231,15417.31975281,102,93,0,0,0.0008363,seven_point_per_channel
310025,3,310025,13,0,13,3967.811524,305.2162710769,16829.05761995,90,87,0,0,0.0002842,seven_point_per_channel
310025,3,310025,13,1,13,3120.734199,240.0564768462,12728.67099775,86,80,0,1,0.0014153,seven_point_per_channel
310025,3,310025,13,2,13,3120.734199,240.0564768462,12728.67099775,86,80,0,1,0.0013951,seven_point_per_channel
310026,3,310026,12,0,12,4602.316762,383.5263968333,19576.58381288,105,96,2,0,0.0003603,seven_point_per_channel
310026,3,310026,12,1,12,3634.575192,302.881266,14922.87596977,99,89,2,0,0.0007307,seven_point_per_channel
310026,3,310026,12,2,12,3634.575192,302.881266,14922.87596977,99,89,2,0,0.0007058,seven_point_per_channel
310027,3,310027,16,0,16,4565.58864,285.34929,20177.94320616,76,70,0,0,0.0003912,upper_bound_16
310027,3,310027,16,1,16,3802.410555,237.6506596875,15507.05278602,105,93,1,0,0.0010005,upper_bound_16
310027,3,310027,16,2,16,3802.410555,237.6506596875,15507.05278602,105,93,1,0,0.0009809,upper_bound_16
310028,3,310028,16,0,16,4943.371866,308.960741625,21786.85931957,85,78,1,0,0.0003749,upper_bound_16
310028,3,310028,16,1,16,4629.870863,289.3669289375,20109.35431905,89,80,1,0,0.0014372,upper_bound_16
310028,3,310028,16,2,16,4629.870863,289.3669289375,20109.35431905,89,80,1,0,0.0014278,upper_bound_16
310029,3,310029,13,0,13,4253.031346,327.1562573846,17895.15674783,103,94,0,0,0.0003049,seven_point_per_channel
310029,3,310029,13,1,13,3538.584954,272.1988426154,14642.92478428,92,85,0,0,0.0007943,seven_point_per_channel
310029,3,310029,13,2,13,3538.584954,272.1988426154,14642.92478428,92,85,0,0,0.0007843,seven_point_per_channel
310030,3,310030,11,0,11,3870.632308,351.8756643636,16113.1615318,100,93,0,0,0.0002638,seven_point_per_channel
310030,3,310030,11,1,11,3297.43338,299.7666709091,13157.16691083,103,96,0,0,0.0006646,seven_point_per_channel
310030,3,310030,11,2,11,3297.43338,299.7666709091,13157.16691083,103,96,0,0,0.000655,seven_point_per_channel
310031,3,310031,12,0,12,4625.228362,385.4356968333,19661.14182534,106,103,0,0,0.0002884,seven_point_per_channel
310031,3,310031,12,1,12,3629.235375,302.43628125,14491.17687455,113,106,0,0,0.0004659,seven_point_per_channel
310031,3,310031,12,2,12,3629.235375,302.43628125,14491.17687455,113,106,0,0,0.0004576,seven_point_per_channel
310032,3,310032,12,0,12,4570.709382,380.8924485,19793.54690929,93,87,0,0,0.0002859,seven_point_per_channel
310032,3,310032,12,1,12,3662.920969,305.2434140833,15119.60484765,98,89,0,1,0.0008819,seven_point_per_channel
310032,3,310032,12,2,12,3662.920969,305.2434140833,15119.60484765,98,89,0,1,0.0008788,seven_point_per_channel
310033,3,310033,15,0,15,4814.354059,320.9569372667,21196.77030854,84,77,1,0,0.0003848,seven_point_per_channel
310033,3,310033,15,1,15,4250.926949,283.3951299333,18144.63476618,92,78,3,1,0.0014696,seven_point_per_channel
310033,3,310033,15,2,15,4250.926949,283.3951299333,18144.63476618,92,78,3,1,0.0014731,seven_point_per_channel
310034,3,310034,11,0,11,4628.625017,420.7840924545,19658.12509166,108,102,0,0,0.0002788,seven_point_per_channel
310034,3,310034,11,1,11,3387.438729,307.9489753636,13452.1936522,108,102,0,0,0.0005043,seven_point_per_channel
310034,3,310034,11,2,11,3387.438729,307.9489753636,13452.1936522,108,102,0,0,0.0005039,seven_point_per_channel
310035,3,310035,10,0,10,3611.025365,361.1025365,14895.12682736,98,92,0,0,0.0002458,seven_point_per_channel
310035,3,310035,10,1,10,3031.370614,303.1370614,11866.85308058,103,93,0,1,0.0006692,seven_point_per_channel
310035,3,310035,10,2,10,3031.370614,303.1370614,11866.85308058,103,93,0,1,0.00066,seven_point_per_channel
310036,3,310036,12,0,12,4526.610405,377.21753375,19363.05202386,100,94,0,0,0.0002835,seven_point_per_channel
310036,3,310036,12,1,12,3735.2916,311.2743,15291.4580027,104,97,0,0,0.0006001,seven_point_per_channel
310036,3,310036,12,2,12,3735.2916,311.2743,15291.4580027,104,97,0,0,0.0005858,seven_point_per_channel
310037,3,310037,16,0,16,5370.103328,335.631458,23835.51664665,88,80,1,0,0.0004066,upper_bound_16
310037,3,310037,16,1,16,3923.498818,245.218676125,16702.49409301,85,78,0,0,0.0013427,upper_bound_16
310037,3,310037,16,2,16,3923.498818,245.218676125,16702.49409301,85,78,0,0,0.0013431,upper_bound_16
310038,3,310038,14,0,14,4226.443552,301.8888251429,17952.21775734,95,88,1,0,0.0003657,seven_point_per_channel
310038,3,310038,14,1,14,3740.882393,267.2058852143,15799.41196399,86,78,1,0,0.0013178,seven_point_per_channel
310038,3,310038,14,2,14,3740.882393,267.2058852143,15799.41196399,86,78,1,0,0.0012827,seven_point_per_channel
310039,3,310039,10,0,10,4528.377282,452.8377282,19231.88640931,106,99,1,0,0.0003073,seven_point_per_channel
310039,3,310039,10,1,10,3566.838713,356.6838713,14149.19357406,115,109,1,0,0.0007003,seven_point_per_channel
310039,3,310039,10,2,10,3566.838713,356.6838713,14149.19357406,115,109,1,0,0.0007156,seven_point_per_channel
310040,3,310040,12,0,12,4194.765247,349.5637705833,17583.82624628,104,98,0,0,0.0003642,seven_point_per_channel
310040,3,310040,12,1,12,3660.142284,305.011857,14765.71142031,109,99,1,0,0.0007373,seven_point_per_channel
310040,3,310040,12,2,12,3660.142284,305.011857,14765.71142031,109,99,1,0,0.0008277,seven_point_per_channel
310041,3,310041,10,0,10,3982.857874,398.2857874,16414.28936831,109,105,0,0,0.0003478,seven_point_per_channel
310041,3,310041,10,1,10,3617.105481,361.7105481,14510.52741113,112,105,0,0,0.0003461,seven_point_per_channel
310041,3,310041,10,2,10,3617.105481,361.7105481,14510.52741113,112,105,0,0,0.0007071,seven_point_per_channel
310042,3,310042,11,0,11,4304.820143,391.3472857273,18124.10072877,105,100,0,0,0.000285,seven_point_per_channel
310042,3,310042,11,1,11,3514.532396,319.5029450909,14167.66197476,105,101,0,0,0.0005767,seven_point_per_channel
310042,3,310042,11,2,11,3514.532396,319.5029450909,14167.66197476,105,101,0,0,0.0006576,seven_point_per_channel
310043,3,310043,14,0,14,4173.532293,298.1094495,17937.66146769,87,81,0,0,0.0003385,seven_point_per_channel
310043,3,310043,14,1,14,3603.652747,257.4037676429,14728.26373141,99,90,1,0,0.0014035,seven_point_per_channel
310043,3,310043,14,2,14,3603.652747,257.4037676429,14728.26373141,99,90,1,0,0.0009694,seven_point_per_channel
310044,3,310044,16,0,16,5407.357586,337.959849125,23721.78792568,98,93,0,0,0.0003769,upper_bound_16
310044,3,310044,16,1,16,4222.401781,263.9001113125,17717.00890803,101,94,0,0,0.0009222,upper_bound_16
310044,3,310044,16,2,16,4222.401781,263.9001113125,17717.00890803,101,94,0,0,0.0009434,upper_bound_16
310045,3,310045,10,0,10,3977.561248,397.7561248,16362.80625208,110,105,0,0,0.0002521,seven_point_per_channel
310045,3,310045,10,1,10,3351.438533,335.1438533,13312.19266684,107,104,0,0,0.0004341,seven_point_per_channel
310045,3,310045,10,2,10,3351.438533,335.1438533,13312.19266684,107,104,0,0,0.0004246,seven_point_per_channel
310046,3,310046,14,0,14,4754.450156,339.6035825714,20427.25078318,100,96,1,0,0.0003277,seven_point_per_channel
310046,3,310046,14,1,14,4244.285933,303.1632809286,17676.42966493,108,96,1,0,0.0008489,seven_point_per_channel
310046,3,310046,14,2,14,4244.285933,303.1632809286,17676.42966493,108,96,1,0,0.0010171,seven_point_per_channel
310047,3,310047,11,0,11,4114.981392,374.0892174545,17464.90697322,96,87,0,0,0.0003017,seven_point_per_channel
310047,3,310047,11,1,11,2893.45115,263.0410136364,11272.25575503,97,93,2,0,0.0007621,seven_point_per_channel
310047,3,310047,11,2,11,2893.45115,263.0410136364,11272.25575503,97,93,2,0,0.000753,seven_point_per_channel
310048,3,310048,14,0,14,4353.464327,310.9617376429,18362.32164841,103,96,0,0,0.0005038,seven_point_per_channel
310048,3,310048,14,1,14,3991.464578,285.1046127143,16532.32288801,104,92,1,0,0.0012537,seven_point_per_channel
310048,3,310048,14,2,14,3991.464578,285.1046127143,16532.32288801,104,92,1,0,0.0008687,seven_point_per_channel
310049,3,310049,16,0,16,4703.03192,293.939495,20330.15961764,94,84,1,0,0.0004251,upper_bound_16
310049,3,310049,16,1,16,3904.807221,244.0504513125,16394.03612449,92,86,0,0,0.0009326,upper_bound_16
310049,3,310049,16,2,16,3904.807221,244.0504513125,16394.03612449,92,86,0,0,0.0010455,upper_bound_16
310050,3,310050,14,0,14,4968.521005,354.8943575,21527.60502379,99,95,1,0,0.0003448,seven_point_per_channel
310050,3,310050,14,1,14,3776.316098,269.7368641429,15676.58048502,96,88,1,0,0.0009634,seven_point_per_channel
310050,3,310050,14,2,14,3776.316098,269.7368641429,15676.58048502,96,88,1,0,0.0011031,seven_point_per_channel
310051,3,310051,11,0,11,4304.775551,391.3432319091,18008.87775124,108,105,1,0,0.0005997,seven_point_per_channel
310051,3,310051,11,1,11,3932.60899,357.5099081818,16103.04496087,110,101,2,0,0.0005428,seven_point_per_channel
310051,3,310051,11,2,11,3932.60899,357.5099081818,16103.04496087,110,101,2,0,0.0005973,seven_point_per_channel
310052,3,310052,14,0,14,4264.494826,304.6067732857,18017.47413371,99,93,1,0,0.0004873,seven_point_per_channel
310052,3,310052,14,1,14,3579.847598,255.7033998571,14464.2379837,104,94,1,0,0.0009587,seven_point_per_channel
310052,3,310052,14,2,14,3579.847598,255.7033998571,14464.2379837,104,94,1,0,0.0006248,seven_point_per_channel
310053,3,310053,14,0,14,4595.843175,328.2745125,19794.21587244,95,89,1,0,0.0003769,seven_point_per_channel
310053,3,310053,14,1,14,3976.984661,284.0703329286,16659.92331385,96,89,2,0,0.0008108,seven_point_per_channel
310053,3,310053,14,2,14,3976.984661,284.0703329286,16659.92331385,96,89,2,0,0.0010127,seven_point_per_channel
310054,3,310054,12,0,12,4809.151904,400.7626586667,20545.75953571,107,102,1,0,0.0003445,seven_point_per_channel
310054,3,310054,12,1,12,3812.379757,317.6983130833,15561.89879434,107,102,1,0,0.0005239,seven_point_per_channel
310054,3,310054,12,2,12,3812.379757,317.6983130833,15561.89879434,107,102,1,0,0.0005085,seven_point_per_channel
310055,3,310055,14,0,14,5210.992787,372.2137705,22954.96394007,93,85,0,0,0.0003689,seven_point_per_channel
310055,3,310055,14,1,14,4007.490918,286.2493512857,17117.45459116,87,79,0,0,0.0019178,seven_point_per_channel
310055,3,310055,14,2,14,4007.490918,286.2493512857,17117.45459116,87,79,0,0,0.0016301,seven_point_per_channel
310056,3,310056,12,0,12,4630.843979,385.9036649167,19689.21989405,106,103,0,0,0.000287,seven_point_per_channel
310056,3,310056,12,1,12,3548.395401,295.69961675,14356.97700907,104,97,0,0,0.0007904,seven_point_per_channel
310056,3,310056,12,2,12,3548.395401,295.69961675,14356.97700907,104,97,0,0,0.0008879,seven_point_per_channel
310057,3,310057,16,0,16,4850.065829,303.1291143125,21540.32912742,78,72,0,0,0.0004055,upper_bound_16
310057,3,310057,16,1,16,4226.767699,264.1729811875,18198.83850536,86,77,0,0,0.0020379,upper_bound_16
310057,3,310057,16,2,16,4226.767699,264.1729811875,18198.83850536,86,77,0,0,0.0021614,upper_bound_16
310058,3,310058,10,0,10,4043.076178,404.3076178,16880.38089689,104,97,0,0,0.0002585,seven_point_per_channel
310058,3,310058,10,1,10,3363.252853,336.3252853,13351.26426859,107,99,3,0,0.0008436,seven_point_per_channel
310058,3,310058,10,2,10,3363.252853,336.3252853,13351.26426859,107,99,3,0,0.0008048,seven_point_per_channel
310059,3,310059,15,0,15,5198.595474,346.5730316,22547.97736793,103,99,0,0,0.0003506,seven_point_per_channel
310059,3,310059,15,1,15,3977.705278,265.1803518667,16493.5263902,102,94,0,0,0.0007674,seven_point_per_channel
310059,3,310059,15,2,15,3977.705278,265.1803518667,16493.5263902,102,94,0,0,0.0008839,seven_point_per_channel
310060,3,310060,15,0,15,4692.05912,312.8039413333,20500.29560554,87,82,0,0,0.0003816,seven_point_per_channel
310060,3,310060,15,1,15,4018.509809,267.9006539333,17027.54904069,91,83,0,0,0.0013375,seven_point_per_channel
310060,3,310060,15,2,15,4018.509809,267.9006539333,17027.54904069,91,83,0,0,0.0011602,seven_point_per_channel
310061,3,310061,13,0,13,3964.893905,304.9918388462,16274.46953826,108,105,0,0,0.0004527,seven_point_per_channel
310061,3,310061,13,1,13,3693.029399,284.0791845385,15035.14699622,105,96,0,0,0.0011234,seven_point_per_channel
310061,3,310061,13,2,13,3693.029399,284.0791845385,15035.14699622,105,96,0,0,0.0010014,seven_point_per_channel
310062,3,310062,15,0,15,4606.340582,307.0893721333,20241.70290782,82,73,0,0,0.0003929,seven_point_per_channel
310062,3,310062,15,1,15,3856.853838,257.1235892,16314.26919521,88,79,0,0,0.0019251,seven_point_per_channel
310062,3,310062,15,2,15,3856.853838,257.1235892,16314.26919521,88,79,0,0,0.0022543,seven_point_per_channel
310063,3,310063,13,0,13,4399.311633,338.4085871538,19136.55816221,85,79,1,0,0.0004484,seven_point_per_channel
310063,3,310063,13,1,13,3336.34028,256.64156,13576.70140672,94,83,1,0,0.0013882,seven_point_per_channel
310063,3,310063,13,2,13,3336.34028,256.64156,13576.70140672,94,83,1,0,0.0011836,seven_point_per_channel
310064,3,310064,12,0,12,4622.429658,385.2024715,19922.14828547,97,93,0,0,0.0002879,seven_point_per_channel
310064,3,310064,12,1,12,3822.612727,318.5510605833,15788.06362776,102,95,0,1,0.0007302,seven_point_per_channel
310064,3,310064,12,2,12,3822.612727,318.5510605833,15788.06362776,102,95,0,1,0.0007376,seven_point_per_channel
310065,3,310065,14,0,14,4973.63314,355.25951,21923.16571222,88,79,0,0,0.0003618,seven_point_per_channel
310065,3,310065,14,1,14,3592.642597,256.6173283571,14648.21300698,101,88,0,1,0.0010555,seven_point_per_channel
310065,3,310065,14,2,14,3592.642597,256.6173283571,14648.21300698,101,88,0,1,0.0009833,seven_point_per_channel
310066,3,310066,16,0,16,4511.736201,281.9835125625,19728.68100929,82,76,0,0,0.0004149,upper_bound_16
310066,3,310066,16,1,16,4032.496117,252.0310073125,17062.4805899,92,80,0,0,0.0013626,upper_bound_16
310066,3,310066,16,2,16,4032.496117,252.0310073125,17062.4805899,92,80,0,0,0.0013408,upper_bound_16
310067,3,310067,12,0,12,4695.17322,391.264435,19985.86610186,107,103,0,0,0.0002853,seven_point_per_channel
310067,3,310067,12,1,12,3625.07191,302.0893258333,14545.35956669,110,106,0,0,0.0004629,seven_point_per_channel
310067,3,310067,12,2,12,3625.07191,302.0893258333,14545.35956669,110,106,0,0,0.0004552,seven_point_per_channel
310068,3,310068,16,0,16,4970.734958,310.670934875,22023.67478765,82,76,0,0,0.0003986,upper_bound_16
310068,3,310068,16,1,16,3827.171061,239.1981913125,16325.85530334,81,74,1,0,0.0018355,upper_bound_16
310068,3,310068,16,2,16,3827.171061,239.1981913125,16325.85530334,81,74,1,0,0.0018463,upper_bound_16
310069,3,310069,11,0,11,4334.828905,394.075355,18329.14453914,103,99,0,0,0.0002568,seven_point_per_channel
310069,3,310069,11,1,11,3798.026148,345.2751043636,15410.13075332,111,103,1,0,0.0004375,seven_point_per_channel
310069,3,310069,11,2,11,3798.026148,345.2751043636,15410.13075332,111,103,1,0,0.0004437,seven_point_per_channel
310070,3,310070,12,0,12,4245.285507,353.77379225,17686.4275367,109,103,0,0,0.0003134,seven_point_per_channel
310070,3,310070,12,1,12,3514.151877,292.84598975,14030.75939171,109,103,0,0,0.0005396,seven_point_per_channel
310070,3,310070,12,2,12,3514.151877,292.84598975,14030.75939171,109,103,0,0,0.0005375,seven_point_per_channel
310071,3,310071,11,0,11,4274.739777,388.612707,17823.69888734,110,102,1,0,0.0003036,seven_point_per_channel
310071,3,310071,11,1,11,3791.280579,344.6618708182,15441.40290532,109,100,1,0,0.0005741,seven_point_per_channel
310071,3,310071,11,2,11,3791.280579,344.6618708182,15441.40290532,109,100,1,0,0.000556,seven_point_per_channel
310072,3,310072,10,0,10,4581.814278,458.1814278,19309.07140292,112,107,1,0,0.0002431,seven_point_per_channel
310072,3,310072,10,1,10,3821.861966,382.1861966,15459.30983691,114,107,1,0,0.0004345,seven_point_per_channel
310072,3,310072,10,2,10,3821.861966,382.1861966,15459.30983691,114,107,1,0,0.0004361,seven_point_per_channel
310073,3,310073,16,0,16,4885.213778,305.325861125,21106.06889262,98,94,0,0,0.0004001,upper_bound_16
310073,3,310073,16,1,16,3975.643162,248.477697625,16353.2158231,105,97,1,0,0.0006501,upper_bound_16
310073,3,310073,16,2,16,3975.643162,248.477697625,16353.2158231,105,97,1,0,0.0006335,upper_bound_16
310074,3,310074,16,0,16,4893.358263,305.8348914375,21281.79131718,94,87,0,0,0.0004116,upper_bound_16
310074,3,310074,16,1,16,4252.347688,265.7717305,18526.73845378,79,72,0,0,0.001351,upper_bound_16
310074,3,310074,16,2,16,4252.347688,265.7717305,18526.73845378,79,72,0,0,0.0013491,upper_bound_16
310075,3,310075,12,0,12,4128.85777,344.0714808333,17534.28886301,94,86,2,0,0.000315,seven_point_per_channel
310075,3,310075,12,1,12,3234.689361,269.55744675,12903.44680322,99,87,4,1,0.0009775,seven_point_per_channel
310075,3,310075,12,2,12,3234.689361,269.55744675,12903.44680322,99,87,4,1,0.0009583,seven_point_per_channel
310076,3,310076,11,0,11,4372.398721,397.4907928182,18101.99359645,117,112,0,0,0.000277,seven_point_per_channel
310076,3,310076,11,1,11,4009.301866,364.4819878182,16431.50932942,112,108,0,0,0.0003958,seven_point_per_channel
310076,3,310076,11,2,11,4009.301866,364.4819878182,16431.50932942,112,108,0,0,0.0003885,seven_point_per_channel
310077,3,310077,10,0,10,3834.910694,383.4910694,15644.55347222,110,106,0,0,0.0002453,seven_point_per_channel
310077,3,310077,10,1,10,3221.8481,322.18481,12574.24050514,110,107,0,0,0.0004269,seven_point_per_channel
310077,3,310077,10,2,10,3221.8481,322.18481,12574.24050514,110,107,0,0,0.0004148,seven_point_per_channel
310078,3,310078,14,0,14,4803.718703,343.1227645,20718.59351858,99,95,0,0,0.0003574,seven_point_per_channel
310078,3,310078,14,1,14,4310.975381,307.9268129286,18374.8769028,94,87,3,0,0.0008778,seven_point_per_channel
310078,3,310078,14,2,14,4310.975381,307.9268129286,18374.8769028,94,87,3,0,0.0008598,seven_point_per_channel
310079,3,310079,12,0,12,4446.863243,370.5719369167,19044.31621509,98,88,0,0,0.0003437,seven_point_per_channel
310079,3,310079,12,1,12,3627.903887,302.3253239167,14879.51943375,100,92,0,0,0.0008698,seven_point_per_channel
310079,3,310079,12,2,12,3627.903887,302.3253239167,14879.51943375,100,92,0,0,0.0008529,seven_point_per_channel
310080,3,310080,14,0,14,4493.77398,320.9838557143,19263.8698993,95,90,2,0,0.0003529,seven_point_per_channel
310080,3,310080,14,1,14,3830.024689,273.5731920714,16090.12344861,91,84,1,0,0.0009685,seven_point_per_channel
310080,3,310080,14,2,14,3830.024689,273.5731920714,16090.12344861,91,84,1,0,0.0009428,seven_point_per_channel
310081,3,310081,14,0,14,4854.683773,346.7631266429,21233.41885653,90,85,1,0,0.0003493,seven_point_per_channel
310081,3,310081,14,1,14,4437.336235,316.9525882143,18956.68116248,97,85,2,0,0.0011322,seven_point_per_channel
310081,3,310081,14,2,14,4437.336235,316.9525882143,18956.68116248,97,85,2,0,0.0010993,seven_point_per_channel
310082,3,310082,15,0,15,4113.520369,274.2346912667,17912.6018261,77,71,0,0,0.0003732,seven_point_per_channel
310082,3,310082,15,1,15,3512.835353,234.1890235333,14699.17675048,85,73,0,0,0.0016873,seven_point_per_channel
310082,3,310082,15,2,15,3512.835353,234.1890235333,14699.17675048,85,73,0,0,0.0016966,seven_point_per_channel
310083,3,310083,10,0,10,4520.898181,452.0898181,18934.49091573,114,108,2,0,0.0002728,seven_point_per_channel
310083,3,310083,10,1,10,3916.359268,391.6359268,15741.79635052,119,108,5,1,0.0004887,seven_point_per_channel
310083,3,310083,10,2,10,3916.359268,391.6359268,15741.79635052,119,108,5,1,0.0004708,seven_point_per_channel
310084,3,310084,14,0,14,5084.038659,363.1456185,22380.19329618,91,80,1,0,0.000377,seven_point_per_channel
310084,3,310084,14,1,14,4151.856902,296.5612072857,17754.28450495,90,81,0,1,0.0011392,seven_point_per_channel
310084,3,310084,14,2,14,4151.856902,296.5612072857,17754.28450495,90,81,0,1,0.0011123,seven_point_per_channel
310085,3,310085,12,0,12,3815.333853,317.94448775,15731.66926062,102,99,0,0,0.0002806,seven_point_per_channel
310085,3,310085,12,1,12,3470.847105,289.23725875,13929.23552565,105,100,0,0,0.0005233,seven_point_per_channel
310085,3,310085,12,2,12,3470.847105,289.23725875,13929.23552565,105,100,0,0,0.0005084,seven_point_per_channel
310086,3,310086,10,0,10,4019.04021,401.904021,16670.20104937,107,100,0,0,0.0002576,seven_point_per_channel
310086,3,310086,10,1,10,2931.317507,293.1317507,11341.58753526,103,98,0,0,0.0006145,seven_point_per_channel
310086,3,310086,10,2,10,2931.317507,293.1317507,11341.58753526,103,98,0,0,0.0006068,seven_point_per_channel
310087,3,310087,16,0,16,5008.051366,313.003210375,21980.25682613,90,82,0,0,0.0003852,upper_bound_16
310087,3,310087,16,1,16,3715.823489,232.2389680625,15579.1174454,88,80,0,0,0.001009,upper_bound_16
310087,3,310087,16,2,16,3715.823489,232.2389680625,15579.1174454,88,80,0,0,0.0010098,upper_bound_16
310088,3,310088,13,0,13,4578.788511,352.2145008462,19683.94256322,97,92,0,0,0.0003119,seven_point_per_channel
310088,3,310088,13,1,13,3813.04716,293.31132,15905.23581108,96,87,0,0,0.0008433,seven_point_per_channel
310088,3,310088,13,2,13,3813.04716,293.31132,15905.23581108,96,87,0,0,0.0008366,seven_point_per_channel
310089,3,310089,11,0,11,3952.284327,359.2985751818,16376.42164184,105,97,0,0,0.0002998,seven_point_per_channel
310089,3,310089,11,1,11,3425.986221,311.4532928182,13769.931115,104,97,0,0,0.0006863,seven_point_per_channel
310089,3,310089,11,2,11,3425.986221,311.4532928182,13769.931115,104,97,0,0,0.0007736,seven_point_per_channel
310090,3,310090,14,0,14,4277.671509,305.5479649286,18093.3575479,99,94,0,0,0.0003403,seven_point_per_channel
310090,3,310090,14,1,14,3670.796175,262.1997267857,14988.98087658,102,93,0,0,0.0012813,seven_point_per_channel
310090,3,310090,14,2,14,3670.796175,262.1997267857,14988.98087658,102,93,0,0,0.0008967,seven_point_per_channel
310091,3,310091,11,0,11,4370.126319,397.2842108182,18565.63160257,101,94,1,0,0.000316,seven_point_per_channel
310091,3,310091,11,1,11,3331.697257,302.8815688182,13373.48629952,101,97,0,0,0.0006578,seven_point_per_channel
310091,3,310091,11,2,11,3331.697257,302.8815688182,13373.48629952,101,97,0,0,0.0007571,seven_point_per_channel
310092,3,310092,10,0,10,3769.140822,376.9140822,15485.70411185,104,99,1,0,0.0005239,seven_point_per_channel
310092,3,310092,10,1,10,3216.240649,321.6240649,12756.20324513,103,100,0,0,0.0005492,seven_point_per_channel
310092,3,310092,10,2,10,3216.240649,321.6240649,12756.20324513,103,100,0,0,0.0005335,seven_point_per_channel
310093,3,310093,16,0,16,4066.832028,254.17700175,17809.16014483,71,70,0,0,0.0003671,upper_bound_16
310093,3,310093,16,1,16,4014.282949,250.8926843125,16856.41474907,96,83,0,1,0.002205,upper_bound_16
310093,3,310093,16,2,16,4014.282949,250.8926843125,16856.41474907,96,83,0,1,0.0014835,upper_bound_16
310094,3,310094,15,0,15,5405.834865,360.388991,23889.17433434,93,88,0,0,0.0006555,seven_point_per_channel
310094,3,310094,15,1,15,4517.046141,301.1364094,19445.23071456,93,88,0,0,0.0009904,seven_point_per_channel
310094,3,310094,15,2,15,4517.046141,301.1364094,19445.23071456,93,88,0,0,0.0009816,seven_point_per_channel
310095,3,310095,15,0,15,4458.683362,297.2455574667,19458.41681744,83,77,0,0,0.0003632,seven_point_per_channel
310095,3,310095,15,1,15,3592.221579,239.4814386,14686.10790116,98,90,0,0,0.0010649,seven_point_per_channel
310095,3,310095,15,2,15,3592.221579,239.4814386,14686.10790116,98,90,0,0,0.0010304,seven_point_per_channel
310096,3,310096,11,0,11,4271.752435,388.3411304545,17983.76217118,104,100,0,0,0.000273,seven_point_per_channel
310096,3,310096,11,1,11,3740.639377,340.0581251818,15038.19688608,114,105,1,0,0.0004948,seven_point_per_channel
310096,3,310096,11,2,11,3740.639377,340.0581251818,15038.19688608,114,105,1,0,0.000486,seven_point_per_channel
310097,3,310097,11,0,11,4391.973097,399.2702815455,18749.86547976,99,92,0,0,0.0002712,seven_point_per_channel
310097,3,310097,11,1,11,3564.446925,324.0406295455,14592.23461903,99,96,0,0,0.0007111,seven_point_per_channel
310097,3,310097,11,2,11,3564.446925,324.0406295455,14592.23461903,99,96,0,0,0.0007119,seven_point_per_channel
310098,3,310098,12,0,12,4225.167069,352.09725575,17735.83534669,104,98,0,0,0.0003064,seven_point_per_channel
310098,3,310098,12,1,12,3527.816059,293.9846715833,14344.08029349,101,94,0,0,0.000684,seven_point_per_channel
310098,3,310098,12,2,12,3527.816059,293.9846715833,14344.08029349,101,94,0,0,0.0006588,seven_point_per_channel
310099,3,310099,14,0,14,4129.588748,294.9706248571,17627.94375082,90,84,0,0,0.0003489,seven_point_per_channel
310099,3,310099,14,1,14,3259.264053,232.8045752143,13586.32027462,80,72,0,0,0.0017067,seven_point_per_channel
310099,3,310099,14,2,14,3259.264053,232.8045752143,13586.32027462,80,72,0,0,0.0016796,seven_point_per_channel
310100,3,310100,15,0,15,5594.32741,372.9551606667,24651.6370514,100,89,0,0,0.0004206,seven_point_per_channel
310100,3,310100,15,1,15,4428.185974,295.2123982667,18725.92986362,103,90,1,0,0.0010342,seven_point_per_channel
310100,3,310100,15,2,15,4428.185974,295.2123982667,18725.92986362,103,90,1,0,0.0010736,seven_point_per_channel
310101,3,310101,15,0,15,5036.203403,335.7468935333,22326.01701265,84,76,0,0,0.0003742,seven_point_per_channel
310101,3,310101,15,1,15,4324.361727,288.2907818,18401.80864298,97,84,0,1,0.001239,seven_point_per_channel
310101,3,310101,15,2,15,4324.361727,288.2907818,18401.80864298,97,84,0,1,0.0012335,seven_point_per_channel
310102,3,310102,15,0,15,4487.25623,299.1504153333,19546.28116388,85,78,0,0,0.0003747,seven_point_per_channel
310102,3,310102,15,1,15,3812.075176,254.1383450667,16110.37588937,87,80,0,0,0.0018319,seven_point_per_channel
310102,3,310102,15,2,15,3812.075176,254.1383450667,16110.37588937,87,80,0,0,0.0015675,seven_point_per_channel
310103,3,310103,12,0,12,4432.922523,369.41021025,18844.6126132,102,94,0,0,0.0003046,seven_point_per_channel
310103,3,310103,12,1,12,3508.130335,292.3441945833,14060.65168884,108,96,0,1,0.0009845,seven_point_per_channel
310103,3,310103,12,2,12,3508.130335,292.3441945833,14060.65168884,108,96,0,1,0.0011501,seven_point_per_channel
310104,3,310104,15,0,15,4654.993102,310.3328734667,19854.96550138,102,96,1,0,0.0003804,seven_point_per_channel
310104,3,310104,15,1,15,3780.641323,252.0427548667,15703.20662485,95,90,0,0,0.000935,seven_point_per_channel
310104,3,310104,15,2,15,3780.641323,252.0427548667,15703.20662485,95,90,0,0,0.0008331,seven_point_per_channel
310105,3,310105,16,0,16,4749.549141,296.8468213125,20552.74571208,94,89,0,0,0.0003996,upper_bound_16
310105,3,310105,16,1,16,4249.004921,265.5628075625,18195.02462084,89,85,0,0,0.0006887,upper_bound_16
310105,3,310105,16,2,16,4249.004921,265.5628075625,18195.02462084,89,85,0,0,0.0006943,upper_bound_16
310106,3,310106,12,0,12,4352.128718,362.6773931667,18690.64360275,93,89,0,0,0.0002828,seven_point_per_channel
310106,3,310106,12,1,12,3671.506019,305.9588349167,15117.53009353,99,93,0,0,0.0008361,seven_point_per_channel
310106,3,310106,12,2,12,3671.506019,305.9588349167,15117.53009353,99,93,0,0,0.0007543,seven_point_per_channel
310107,3,310107,15,0,15,4369.425855,291.295057,19197.12926934,77,70,0,0,0.0003635,seven_point_per_channel
310107,3,310107,15,1,15,3050.180289,203.3453526,12440.90144472,83,72,0,0,0.0018033,seven_point_per_channel
310107,3,310107,15,2,15,3050.180289,203.3453526,12440.90144472,83,72,0,0,0.0017884,seven_point_per_channel
310108,3,310108,12,0,12,4200.078512,350.0065426667,17630.39256697,102,98,2,0,0.0002956,seven_point_per_channel
310108,3,310108,12,1,12,3698.639123,308.2199269167,14923.19560927,110,104,0,0,0.0005897,seven_point_per_channel
310108,3,310108,12,2,12,3698.639123,308.2199269167,14923.19560927,110,104,0,0,0.0005756,seven_point_per_channel
310109,3,310109,12,0,12,4742.329455,395.19412125,20376.64727046,102,97,0,0,0.0002933,seven_point_per_channel
310109,3,310109,12,1,12,3571.711659,297.64263825,14433.55828909,105,100,0,0,0.0005382,seven_point_per_channel
310109,3,310109,12,2,12,3571.711659,297.64263825,14433.55828909,105,100,0,0,0.0005253,seven_point_per_channel
310110,3,310110,16,0,16,4835.734452,302.23340325,21398.67225806,80,73,1,0,0.0004033,upper_bound_16
310110,3,310110,16,1,16,3958.058884,247.37868025,16695.29442666,92,79,0,1,0.0012399,upper_bound_16
310110,3,310110,16,2,16,3958.058884,247.37868025,16695.29442666,92,79,0,1,0.0011835,upper_bound_16
310111,3,310111,10,0,10,4577.800777,457.7800777,19604.00389491,102,94,1,0,0.0002723,seven_point_per_channel
310111,3,310111,10,1,10,3193.782042,319.3782042,12583.91020346,105,96,2,0,0.0007338,seven_point_per_channel
310111,3,310111,10,2,10,3193.782042,319.3782042,12583.91020346,105,96,2,0,0.0007026,seven_point_per_channel
310112,3,310112,10,0,10,3962.26912,396.226912,16431.34560001,106,96,0,0,0.0002798,seven_point_per_channel
310112,3,310112,10,1,10,3308.343028,330.8343028,13226.71513889,103,98,0,0,0.0006476,seven_point_per_channel
310112,3,310112,10,2,10,3308.343028,330.8343028,13226.71513889,103,98,0,0,0.0006314,seven_point_per_channel
310113,3,310113,16,0,16,5086.216164,317.88851025,22751.08082695,77,71,0,0,0.0004058,upper_bound_16
310113,3,310113,16,1,16,4342.803352,271.4252095,18544.01675779,94,81,1,0,0.0012706,upper_bound_16
310113,3,310113,16,2,16,4342.803352,271.4252095,18544.01675779,94,81,1,0,0.0016938,upper_bound_16
310114,3,310114,16,0,16,4552.304488,284.5190305,19811.52245592,86,80,0,0,0.0004178,upper_bound_16
310114,3,310114,16,1,16,4025.021281,251.5638300625,17105.10641785,89,79,0,0,0.0014763,upper_bound_16
310114,3,310114,16,2,16,4025.021281,251.5638300625,17105.10641785,89,79,0,0,0.0015293,upper_bound_16
310115,3,310115,15,0,15,4545.300437,303.0200291333,19891.50219077,83,77,0,0,0.0003866,seven_point_per_channel
310115,3,310115,15,1,15,3650.002863,243.3335242,15065.0143071,95,87,0,0,0.0014757,seven_point_per_channel
310115,3,310115,15,2,15,3650.002863,243.3335242,15065.0143071,95,87,0,0,0.0009827,seven_point_per_channel
310116,3,310116,16,0,16,4774.610246,298.413140375,20498.05123795,100,92,1,0,0.0004131,upper_bound_16
310116,3,310116,16,1,16,3920.157049,245.0098155625,16765.78525653,82,71,2,0,0.0018108,upper_bound_16
310116,3,310116,16,2,16,3920.157049,245.0098155625,16765.78525653,82,71,2,0,0.0014439,upper_bound_16
310117,3,310117,15,0,15,4751.069946,316.7379964,21055.34972182,78,72,1,0,0.000377,seven_point_per_channel
310117,3,310117,15,1,15,4078.088624,271.8725749333,17135.44310536,95,80,7,1,0.0017192,seven_point_per_channel
310117,3,310117,15,2,15,4078.088624,271.8725749333,17135.44310536,95,80,7,1,0.001521,seven_point_per_channel
310118,3,310118,14,0,14,4691.246617,335.0890440714,20026.23307868,103,98,1,0,0.0003744,seven_point_per_channel
310118,3,310118,14,1,14,3940.56494,281.4689242857,16267.82470235,104,97,0,0,0.0006276,seven_point_per_channel
310118,3,310118,14,2,14,3940.56494,281.4689242857,16267.82470235,104,97,0,0,0.0006094,seven_point_per_channel
310119,3,310119,15,0,15,4300.638724,286.7092482667,18618.19363749,84,79,1,0,0.0003698,seven_point_per_channel
310119,3,310119,15,1,15,3665.22383,244.3482553333,15301.11913753,90,80,0,0,0.0013462,seven_point_per_channel
310119,3,310119,15,2,15,3665.22383,244.3482553333,15301.11913753,90,80,0,0,0.0013525,seven_point_per_channel
310120,3,310120,15,0,15,4672.915393,311.5276928667,20574.5769763,81,78,0,0,0.0003563,seven_point_per_channel
310120,3,310120,15,1,15,4544.082537,302.9388358,19545.41269354,95,85,0,0,0.0008814,seven_point_per_channel
310120,3,310120,15,2,15,4544.082537,302.9388358,19545.41269354,95,85,0,0,0.0008642,seven_point_per_channel
310121,3,310121,13,0,13,4575.168778,351.9360598462,19755.84389398,93,88,2,0,0.0003189,seven_point_per_channel
310121,3,310121,13,1,13,3953.083619,304.0833553077,16480.41810495,100,92,0,0,0.0009123,seven_point_per_channel
310121,3,310121,13,2,13,3953.083619,304.0833553077,16480.41810495,100,92,0,0,0.0008956,seven_point_per_channel
310122,3,310122,10,0,10,4221.145231,422.1145231,17795.72616073,103,97,0,0,0.0002557,seven_point_per_channel
310122,3,310122,10,1,10,3564.50316,356.450316,14332.51580844,110,98,0,0,0.0006342,seven_point_per_channel
310122,3,310122,10,2,10,3564.50316,356.450316,14332.51580844,110,98,0,0,0.0006244,seven_point_per_channel
310123,3,310123,15,0,15,4922.236806,328.1491204,21451.18402629,93,89,1,0,0.0003631,seven_point_per_channel
310123,3,310123,15,1,15,3899.445636,259.9630424,16327.22818144,95,84,0,1,0.0009378,seven_point_per_channel
310123,3,310123,15,2,15,3899.445636,259.9630424,16327.22818144,95,84,0,1,0.0009206,seven_point_per_channel
310124,3,310124,14,0,14,4750.961362,339.354383,20624.8068184,94,86,0,0,0.0003646,seven_point_per_channel
310124,3,310124,14,1,14,4361.053007,311.5037862143,18645.26503688,95,81,2,1,0.0011366,seven_point_per_channel
310124,3,310124,14,2,14,4361.053007,311.5037862143,18645.26503688,95,81,2,1,0.0011193,seven_point_per_channel
310125,3,310125,13,0,13,4457.868357,342.9129505385,19069.3417829,97,94,0,0,0.0003182,seven_point_per_channel
310125,3,310125,13,1,13,3831.408262,294.7237124615,15722.0412965,104,93,3,0,0.0008104,seven_point_per_channel
310125,3,310125,13,2,13,3831.408262,294.7237124615,15722.0412965,104,93,3,0,0.0008058,seven_point_per_channel
310126,3,310126,10,0,10,4367.073592,436.7073592,18440.36795946,105,95,3,0,0.0002841,seven_point_per_channel
310126,3,310126,10,1,10,3496.944894,349.6944894,14129.72446678,104,95,2,0,0.0005951,seven_point_per_channel
310126,3,310126,10,2,10,3496.944894,349.6944894,14129.72446678,104,95,2,0,0.0005815,seven_point_per_channel
310127,3,310127,16,0,16,4416.869224,276.0543265,19389.34612642,77,68,2,0,0.0004199,upper_bound_16
310127,3,310127,16,1,16,3654.189095,228.3868184375,15515.9454917,80,71,0,0,0.0014707,upper_bound_16
310127,3,310127,16,2,16,3654.189095,228.3868184375,15515.9454917,80,71,0,0,0.0014776,upper_bound_16
310128,3,310128,12,0,12,4948.714273,412.3928560833,21433.57137598,101,94,1,0,0.000325,seven_point_per_channel
310128,3,310128,12,1,12,3809.624499,317.46870825,15713.12250307,102,94,1,0,0.0007006,seven_point_per_channel
310128,3,310128,12,2,12,3809.624499,317.46870825,15713.12250307,102,94,1,0,0.0006877,seven_point_per_channel
310129,3,310129,13,0,13,4851.770954,373.2131503077,21038.85478305,97,91,1,0,0.0003338,seven_point_per_channel
310129,3,310129,13,1,13,3960.054518,304.6195783077,16270.27259905,108,98,1,0,0.0006088,seven_point_per_channel
310129,3,310129,13,2,13,3960.054518,304.6195783077,16270.27259905,108,98,1,0,0.0005929,seven_point_per_channel
310130,3,310130,11,0,11,4307.57564,391.5977854545,17912.87821037,112,110,0,0,0.0002645,seven_point_per_channel
310130,3,310130,11,1,11,3917.148277,356.1043888182,15825.74139719,117,109,1,1,0.0004302,seven_point_per_channel
310130,3,310130,11,2,11,3917.148277,356.1043888182,15825.74139719,117,109,1,1,0.0004312,seven_point_per_channel
310131,3,310131,12,0,12,4671.278632,389.2732193333,19691.39315101,113,105,1,0,0.0003289,seven_point_per_channel
310131,3,310131,12,1,12,3476.984913,289.74874275,14079.92456821,101,96,0,0,0.0006699,seven_point_per_channel
310131,3,310131,12,2,12,3476.984913,289.74874275,14079.92456821,101,96,0,0,0.0006567,seven_point_per_channel
310132,3,310132,14,0,14,4305.563315,307.5402367857,18202.81656669,100,92,1,0,0.000363,seven_point_per_channel
310132,3,310132,14,1,14,3494.212147,249.5865819286,14021.06074239,105,95,0,0,0.0009021,seven_point_per_channel
310132,3,310132,14,2,14,3494.212147,249.5865819286,14021.06074239,105,95,0,0,0.0009189,seven_point_per_channel
310133,3,310133,15,0,15,4486.921705,299.1281136667,19509.60853346,86,80,0,0,0.0003851,seven_point_per_channel
310133,3,310133,15,1,15,3446.043091,229.7362060667,14210.21545662,89,81,1,0,0.0013805,seven_point_per_channel
310133,3,310133,15,2,15,3446.043091,229.7362060667,14210.21545662,89,81,1,0,0.0013692,seven_point_per_channel
310134,3,310134,14,0,14,4776.971217,341.2122297857,20379.85609132,106,101,0,0,0.0003617,seven_point_per_channel
310134,3,310134,14,1,14,4142.58561,295.8989721429,17062.92805688,111,102,1,1,0.0005975,seven_point_per_channel
310134,3,310134,14,2,14,4142.58561,295.8989721429,17062.92805688,111,102,1,1,0.0005891,seven_point_per_channel
310135,3,310135,15,0,15,4721.161146,314.7440764,20115.805738,105,98,0,0,0.000376,seven_point_per_channel
310135,3,310135,15,1,15,4096.312917,273.0875278,17326.56459857,94,86,0,0,0.000952,seven_point_per_channel
310135,3,310135,15,2,15,4096.312917,273.0875278,17326.56459857,94,86,0,0,0.0009371,seven_point_per_channel
310136,3,310136,16,0,16,5002.255772,312.64098575,22061.27886192,85,79,2,0,0.000395,upper_bound_16
310136,3,310136,16,1,16,4046.723131,252.9201956875,17078.61566782,93,80,2,0,0.0013589,upper_bound_16
310136,3,310136,16,2,16,4046.723131,252.9201956875,17078.61566782,93,80,2,0,0.001397,upper_bound_16
310137,3,310137,16,0,16,4737.672997,296.1045623125,20468.36499635,95,89,0,0,0.0003975,upper_bound_16
310137,3,310137,16,1,16,4458.510139,278.6568836875,19197.55070406,91,81,1,0,0.0013959,upper_bound_16
310137,3,310137,16,2,16,4458.510139,278.6568836875,19197.55070406,91,81,1,0,0.0013691,upper_bound_16
310138,3,310138,12,0,12,4172.525086,347.7104238333,17707.62543698,95,90,2,0,0.0002967,seven_point_per_channel
310138,3,310138,12,1,12,3375.309781,281.2758150833,13636.54891712,99,90,1,1,0.0008225,seven_point_per_channel
310138,3,310138,12,2,12,3375.309781,281.2758150833,13636.54891712,99,90,1,1,0.0008161,seven_point_per_channel
310139,3,310139,12,0,12,4675.920194,389.6600161667,19779.6009802,110,107,1,0,0.0002949,seven_point_per_channel
310139,3,310139,12,1,12,4480.706669,373.3922224167,18793.5333592,111,104,1,0,0.0005001,seven_point_per_channel
310139,3,310139,12,2,12,4480.706669,373.3922224167,18793.5333592,111,104,1,0,0.0004922,seven_point_per_channel
310140,3,310140,11,0,11,4204.074227,382.1885660909,17540.37113513,108,101,0,0,0.0002612,seven_point_per_channel
310140,3,310140,11,1,11,3532.495517,321.1359560909,14297.4775721,104,98,0,0,0.000958,seven_point_per_channel
310140,3,310140,11,2,11,3532.495517,321.1359560909,14297.4775721,104,98,0,0,0.0009119,seven_point_per_channel
310141,3,310141,14,0,14,4364.504911,311.7503507857,18892.52455417,87,81,0,0,0.0003459,seven_point_per_channel
310141,3,310141,14,1,14,3647.386453,260.5276037857,15361.93227577,85,80,0,0,0.0016346,seven_point_per_channel
310141,3,310141,14,2,14,3647.386453,260.5276037857,15361.93227577,85,80,0,0,0.0019014,seven_point_per_channel
310142,3,310142,15,0,15,4668.752216,311.2501477333,20438.76109916,85,78,1,0,0.0004099,seven_point_per_channel
310142,3,310142,15,1,15,3787.97679,252.531786,15964.88396638,88,80,0,0,0.0016892,seven_point_per_channel
310142,3,310142,15,2,15,3787.97679,252.531786,15964.88396638,88,80,0,0,0.0017252,seven_point_per_channel
310143,3,310143,12,0,12,4217.899442,351.4916201667,17849.49722298,99,93,0,0,0.0003164,seven_point_per_channel
310143,3,310143,12,1,12,3394.059002,282.8382501667,13725.29501949,99,94,0,0,0.0010087,seven_point_per_channel
310143,3,310143,12,2,12,3394.059002,282.8382501667,13725.29501949,99,94,0,0,0.0011893,seven_point_per_channel
310144,3,310144,15,0,15,4570.017198,304.6678132,20105.08599743,80,74,0,0,0.000376,seven_point_per_channel
310144,3,310144,15,1,15,3706.978434,247.1318956,15619.89216513,86,75,1,2,0.0018901,seven_point_per_channel
310144,3,310144,15,2,15,3706.978434,247.1318956,15619.89216513,86,75,1,2,0.0019738,seven_point_per_channel
310145,3,310145,10,0,10,3932.72647,393.272647,16348.63235783,103,98,0,0,0.0002567,seven_point_per_channel
310145,3,310145,10,1,10,3054.931907,305.4931907,11904.65954921,105,99,0,0,0.0006673,seven_point_per_channel
310145,3,310145,10,2,10,3054.931907,305.4931907,11904.65954921,105,99,0,0,0.0007697,seven_point_per_channel
310146,3,310146,14,0,14,4583.468178,327.3905841429,19542.34089959,101,94,2,0,0.0004837,seven_point_per_channel
310146,3,310146,14,1,14,3874.773482,276.7695344286,15863.86741495,107,94,1,1,0.0009,seven_point_per_channel
310146,3,310146,14,2,14,3874.773482,276.7695344286,15863.86741495,107,94,1,1,0.0009051,seven_point_per_channel
310147,3,310147,16,0,16,4556.70494,284.79405875,20003.52470507,80,76,0,0,0.000518,upper_bound_16
310147,3,310147,16,1,16,3968.209368,248.0130855,16766.04685725,91,80,0,0,0.0015974,upper_bound_16
310147,3,310147,16,2,16,3968.209368,248.0130855,16766.04685725,91,80,0,0,0.0013729,upper_bound_16
310148,3,310148,15,0,15,4794.787679,319.6525119333,20428.93838711,107,99,0,0,0.0005008,seven_point_per_channel
310148,3,310148,15,1,15,3902.270137,260.1513424667,16571.35067816,87,78,0,0,0.0014419,seven_point_per_channel
310148,3,310148,15,2,15,3902.270137,260.1513424667,16571.35067816,87,78,0,0,0.0012636,seven_point_per_channel
310149,3,310149,13,0,13,4886.992401,375.9224923846,21204.9619963,98,91,0,0,0.0004415,seven_point_per_channel
310149,3,310149,13,1,13,3389.951887,260.7655297692,13809.75943332,95,88,0,0,0.0013002,seven_point_per_channel
310149,3,310149,13,2,13,3389.951887,260.7655297692,13809.75943332,95,88,0,0,0.0010757,seven_point_per_channel
310150,3,310150,10,0,10,4137.285393,413.7285393,17396.42696925,102,98,0,0,0.0002392,seven_point_per_channel
310150,3,310150,10,1,10,3546.013066,354.6013066,14380.06532245,104,100,0,0,0.0010585,seven_point_per_channel
310150,3,310150,10,2,10,3546.013066,354.6013066,14380.06532245,104,100,0,0,0.0008508,seven_point_per_channel
310151,3,310151,12,0,12,4190.281314,349.1901095,17276.40657164,113,107,1,0,0.0003183,seven_point_per_channel
310151,3,310151,12,1,12,3842.354811,320.19623425,15571.77406229,112,102,2,0,0.0005313,seven_point_per_channel
310151,3,310151,12,2,12,3842.354811,320.19623425,15571.77406229,112,102,2,0,0.0006028,seven_point_per_channel
310152,3,310152,15,0,15,4314.097404,287.6064936,18675.48701058,84,75,3,0,0.0006886,seven_point_per_channel
310152,3,310152,15,1,15,3760.668597,250.7112398,15713.34298837,92,80,1,1,0.0015545,seven_point_per_channel
310152,3,310152,15,2,15,3760.668597,250.7112398,15713.34298837,92,80,1,1,0.0013384,seven_point_per_channel
310153,3,310153,12,0,12,4033.510813,336.1259010833,16582.55406675,110,104,1,0,0.0003214,seven_point_per_channel
310153,3,310153,12,1,12,3509.11417,292.4261808333,13905.5708492,112,105,1,0,0.0004703,seven_point_per_channel
310153,3,310153,12,2,12,3509.11417,292.4261808333,13905.5708492,112,105,1,0,0.0004579,seven_point_per_channel
310154,3,310154,13,0,13,4500.309823,346.1776786923,19116.54913066,103,97,0,0,0.0003075,seven_point_per_channel
310154,3,310154,13,1,13,3372.377218,259.4136321538,13481.8860995,103,96,0,1,0.0006888,seven_point_per_channel
310154,3,310154,13,2,13,3372.377218,259.4136321538,13481.8860995,103,96,0,1,0.0006809,seven_point_per_channel
310155,3,310155,13,0,13,4345.045559,334.2342737692,18245.22779218,106,101,0,0,0.0003381,seven_point_per_channel
310155,3,310155,13,1,13,3889.571606,299.1978158462,15942.858042,107,101,0,0,0.00051,seven_point_per_channel
310155,3,310155,13,2,13,3889.571606,299.1978158462,15942.858042,107,101,0,0,0.0004918,seven_point_per_channel
310156,3,310156,12,0,12,4625.367007,385.4472505833,19821.83503366,101,96,0,0,0.0003007,seven_point_per_channel
310156,3,310156,12,1,12,3493.031918,291.0859931667,14270.15959209,97,94,0,0,0.0006484,seven_point_per_channel
310156,3,310156,12,2,12,3493.031918,291.0859931667,14270.15959209,97,94,0,0,0.0006197,seven_point_per_channel
310157,3,310157,15,0,15,4723.262368,314.8841578667,20561.31185474,90,83,1,0,0.0004132,seven_point_per_channel
310157,3,310157,15,1,15,3692.092295,246.1394863333,15330.46147562,92,82,3,0,0.0013789,seven_point_per_channel
310157,3,310157,15,2,15,3692.092295,246.1394863333,15330.46147562,92,82,3,0,0.001385,seven_point_per_channel
310158,3,310158,11,0,11,4033.28514,366.6622854545,16636.42569652,109,103,1,0,0.0002739,seven_point_per_channel
310158,3,310158,11,1,11,3548.038265,322.5489331818,14090.19132386,113,110,0,0,0.0004295,seven_point_per_channel
310158,3,310158,11,2,11,3548.038265,322.5489331818,14090.19132386,113,110,0,0,0.0004217,seven_point_per_channel
310159,3,310159,11,0,11,4214.316154,383.1196503636,17776.58077585,102,94,0,0,0.0003,seven_point_per_channel
310159,3,310159,11,1,11,3324.855873,302.2596248182,13269.27938446,104,96,0,0,0.0007545,seven_point_per_channel
310159,3,310159,11,2,11,3324.855873,302.2596248182,13269.27938446,104,96,0,0,0.0007825,seven_point_per_channel
310160,3,310160,12,0,12,4304.462836,358.7052363333,18392.31418008,95,88,1,0,0.0003121,seven_point_per_channel
310160,3,310160,12,1,12,3688.482233,307.3735194167,15192.41116804,99,92,1,0,0.0008507,seven_point_per_channel
310160,3,310160,12,2,12,3688.482233,307.3735194167,15192.41116804,99,92,1,0,0.000834,seven_point_per_channel
310161,3,310161,16,0,16,5557.941853,347.3713658125,24319.70926724,103,96,1,0,0.000416,upper_bound_16
310161,3,310161,16,1,16,4417.647883,276.1029926875,18553.23941703,105,96,2,0,0.0008949,upper_bound_16
310161,3,310161,16,2,16,4417.647883,276.1029926875,18553.23941703,105,96,2,0,0.0008897,upper_bound_16
310162,3,310162,14,0,14,4101.636713,292.9740509286,17313.18356037,96,89,0,0,0.0003516,seven_point_per_channel
310162,3,310162,14,1,14,3615.164788,258.2260562857,14800.82394562,98,92,1,0,0.0008019,seven_point_per_channel
310162,3,310162,14,2,14,3615.164788,258.2260562857,14800.82394562,98,92,1,0,0.0007927,seven_point_per_channel
310163,3,310163,13,0,13,5284.457938,406.4967644615,22847.28971774,109,105,0,0,0.0003263,seven_point_per_channel
310163,3,310163,13,1,13,4406.350302,338.9500232308,18361.75152183,113,104,0,0,0.0005488,seven_point_per_channel
310163,3,310163,13,2,13,4406.350302,338.9500232308,18361.75152183,113,104,0,0,0.0005354,seven_point_per_channel
310164,3,310164,13,0,13,4539.785128,349.2142406154,19098.92565097,110,105,0,0,0.000337,seven_point_per_channel
310164,3,310164,13,1,13,3698.464367,284.497259,14992.32183677,107,97,1,0,0.0006022,seven_point_per_channel
310164,3,310164,13,2,13,3698.464367,284.497259,14992.32183677,107,97,1,0,0.0006091,seven_point_per_channel
310165,3,310165,10,0,10,4275.250467,427.5250467,18031.25233716,104,96,1,0,0.0002685,seven_point_per_channel
310165,3,310165,10,1,10,3441.088492,344.1088492,13620.44245617,113,102,0,0,0.0005557,seven_point_per_channel
310165,3,310165,10,2,10,3441.088492,344.1088492,13620.44245617,113,102,0,0,0.0005613,seven_point_per_channel
310166,3,310166,13,0,13,4678.559379,359.889183,19962.79689805,104,98,1,0,0.0003257,seven_point_per_channel
310166,3,310166,13,1,13,3380.918165,260.0706280769,13764.59082733,93,86,4,0,0.0011369,seven_point_per_channel
310166,3,310166,13,2,13,3380.918165,260.0706280769,13764.59082733,93,86,4,0,0.0011216,seven_point_per_channel
310167,3,310167,14,0,14,4749.005453,339.2146752143,20800.02726805,87,84,0,0,0.0003344,seven_point_per_channel
310167,3,310167,14,1,14,3985.144541,284.6531815,16600.72271776,101,90,0,1,0.0010922,seven_point_per_channel
310167,3,310167,14,2,14,3985.144541,284.6531815,16600.72271776,101,90,0,1,0.0011111,seven_point_per_channel
310168,3,310168,11,0,11,4780.661226,434.605566,20468.30614507,106,99,1,0,0.0002904,seven_point_per_channel
310168,3,310168,11,1,11,3953.411261,359.4010237273,16077.0563147,115,105,1,0,0.0005175,seven_point_per_channel
310168,3,310168,11,2,11,3953.411261,359.4010237273,16077.0563147,115,105,1,0,0.0005008,seven_point_per_channel
310169,3,310169,15,0,15,4933.324852,328.8883234667,20976.62424896,111,105,1,0,0.0003825,seven_point_per_channel
310169,3,310169,15,1,15,3946.378179,263.0918786,15836.89089581,118,108,2,1,0.0005289,seven_point_per_channel
310169,3,310169,15,2,15,3946.378179,263.0918786,15836.89089581,118,108,2,1,0.0005184,seven_point_per_channel
310170,3,310170,14,0,14,4475.949824,319.7107017143,18929.74913594,104,100,0,0,0.0003499,seven_point_per_channel
310170,3,310170,14,1,14,4076.352922,291.1680658571,16791.7646187,109,100,1,0,0.000678,seven_point_per_channel
310170,3,310170,14,2,14,4076.352922,291.1680658571,16791.7646187,109,100,1,0,0.000669,seven_point_per_channel
310171,3,310171,10,0,10,4028.835754,402.8835754,16474.17878667,114,111,1,0,0.0002386,seven_point_per_channel
310171,3,310171,10,1,10,3462.074333,346.2074333,13840.37166289,108,104,0,0,0.0004311,seven_point_per_channel
310171,3,310171,10,2,10,3462.074333,346.2074333,13840.37166289,108,104,0,0,0.0004274,seven_point_per_channel
310172,3,310172,12,0,12,4159.778579,346.6482149167,17673.89290622,95,90,0,0,0.0002922,seven_point_per_channel
310172,3,310172,12,1,12,3389.569738,282.4641448333,13847.84869879,94,90,0,0,0.0009707,seven_point_per_channel
310172,3,310172,12,2,12,3389.569738,282.4641448333,13847.84869879,94,90,0,0,0.0009879,seven_point_per_channel
310173,3,310173,15,0,15,4515.614843,301.0409895333,19738.0742192,83,75,1,0,0.0003858,seven_point_per_channel
310173,3,310173,15,1,15,3753.689262,250.2459508,15918.44631477,84,75,0,0,0.0017963,seven_point_per_channel
310173,3,310173,15,2,15,3753.689262,250.2459508,15918.44631477,84,75,0,0,0.0018352,seven_point_per_channel
310174,3,310174,11,0,11,4115.284608,374.1167825455,17321.42304259,100,96,0,0,0.0002728,seven_point_per_channel
310174,3,310174,11,1,11,3157.310345,287.0282131818,12596.55173099,98,93,0,0,0.0007047,seven_point_per_channel
310174,3,310174,11,2,11,3157.310345,287.0282131818,12596.55173099,98,93,0,0,0.0006928,seven_point_per_channel
310175,3,310175,10,0,10,3695.446212,369.5446212,14877.23105373,113,105,0,0,0.0002811,seven_point_per_channel
310175,3,310175,10,1,10,2683.775778,268.3775778,10098.87889756,103,99,0,0,0.0005349,seven_point_per_channel
310175,3,310175,10,2,10,2683.775778,268.3775778,10098.87889756,103,99,0,0,0.0005194,seven_point_per_channel
310176,3,310176,10,0,10,3933.537708,393.3537708,16197.68854153,108,104,0,0,0.0002285,seven_point_per_channel
310176,3,310176,10,1,10,3337.85975,333.785975,13064.29876093,113,110,0,0,0.0004077,seven_point_per_channel
310176,3,310176,10,2,10,3337.85975,333.785975,13064.29876093,113,110,0,0,0.0004073,seven_point_per_channel
310177,3,310177,10,0,10,3663.170172,366.3170172,14960.85086725,104,98,1,0,0.0002625,seven_point_per_channel
310177,3,310177,10,1,10,3286.987922,328.6987922,12794.93960672,114,105,1,0,0.0004919,seven_point_per_channel
310177,3,310177,10,2,10,3286.987922,328.6987922,12794.93960672,114,105,1,0,0.0004829,seven_point_per_channel
310178,3,310178,13,0,13,4548.576635,349.8905103846,19362.88318426,103,96,0,0,0.0003668,seven_point_per_channel
310178,3,310178,13,1,13,3849.312328,296.1009483077,16056.56163459,97,88,0,0,0.0008581,seven_point_per_channel
310178,3,310178,13,2,13,3849.312328,296.1009483077,16056.56163459,97,88,0,0,0.0010109,seven_point_per_channel
310179,3,310179,13,0,13,4194.609172,322.662244,18008.04586367,89,83,0,0,0.0004369,seven_point_per_channel
310179,3,310179,13,1,13,3241.700623,249.3615863846,13043.50310913,96,88,0,1,0.0010512,seven_point_per_channel
310179,3,310179,13,2,13,3241.700623,249.3615863846,13043.50310913,96,88,0,1,0.0010082,seven_point_per_channel
310180,3,310180,13,0,13,4709.240638,362.2492798462,20481.20320638,92,85,1,0,0.0004711,seven_point_per_channel
310180,3,310180,13,1,13,4100.26389,315.4049146154,17331.31945119,96,86,1,0,0.0014817,seven_point_per_channel
310180,3,310180,13,2,13,4100.26389,315.4049146154,17331.31945119,96,86,1,0,0.0011962,seven_point_per_channel
310181,3,310181,12,0,12,4415.969129,367.9974274167,18874.84564566,98,91,0,0,0.0003019,seven_point_per_channel
310181,3,310181,12,1,12,3704.22299,308.6852491667,15161.11496202,103,91,2,1,0.0021398,seven_point_per_channel
310181,3,310181,12,2,12,3704.22299,308.6852491667,15161.11496202,103,91,2,1,0.000974,seven_point_per_channel
310182,3,310182,15,0,15,4399.734165,293.315611,18863.6708291,93,87,0,0,0.0004996,seven_point_per_channel
310182,3,310182,15,1,15,3226.810472,215.1206981333,13019.05237441,92,82,2,0,0.0014615,seven_point_per_channel
310182,3,310182,15,2,15,3226.810472,215.1206981333,13019.05237441,92,82,2,0,0.0012841,seven_point_per_channel
310183,3,310183,11,0,11,4009.300403,364.4818548182,16456.50202026,111,108,0,0,0.0003112,seven_point_per_channel
310183,3,310183,11,1,11,3487.484561,317.044051,13797.42282418,113,108,0,0,0.0006079,seven_point_per_channel
310183,3,310183,11,2,11,3487.484561,317.044051,13797.42282418,113,108,0,0,0.0006601,seven_point_per_channel
310184,3,310184,11,0,11,4094.912067,372.2647333636,17044.56034315,106,101,0,0,0.0002824,seven_point_per_channel
310184,3,310184,11,1,11,3386.820751,307.8927955455,13804.10375884,96,91,0,0,0.0006362,seven_point_per_channel
310184,3,310184,11,2,11,3386.820751,307.8927955455,13804.10375884,96,91,0,0,0.0007689,seven_point_per_channel
310185,3,310185,15,0,15,5331.34677,355.423118,23741.73385335,86,78,0,0,0.0005187,seven_point_per_channel
310185,3,310185,15,1,15,3972.514131,264.8342754,16287.57065989,107,99,2,0,0.0010494,seven_point_per_channel
310185,3,310185,15,2,15,3972.514131,264.8342754,16287.57065989,107,99,2,0,0.0008326,seven_point_per_channel
310186,3,310186,14,0,14,5013.053045,358.0752175,21650.26522988,103,98,0,0,0.0003363,seven_point_per_channel
310186,3,310186,14,1,14,4204.325294,300.3089495714,17491.62647307,107,101,0,0,0.0005927,seven_point_per_channel
310186,3,310186,14,2,14,4204.325294,300.3089495714,17491.62647307,107,101,0,0,0.0007439,seven_point_per_channel
310187,3,310187,12,0,12,4570.30454,380.8587116667,19656.52269939,97,91,1,0,0.000392,seven_point_per_channel
310187,3,310187,12,1,12,3527.529364,293.9607803333,14367.64684138,100,91,1,1,0.0009118,seven_point_per_channel
310187,3,310187,12,2,12,3527.529364,293.9607803333,14367.64684138,100,91,1,1,0.0008372,seven_point_per_channel
310188,3,310188,12,0,12,4481.866929,373.48891075,19074.33464737,102,97,0,0,0.0002947,seven_point_per_channel
310188,3,310188,12,1,12,3922.289855,326.8574879167,16106.44927905,108,101,0,0,0.0006463,seven_point_per_channel
310188,3,310188,12,2,12,3922.289855,326.8574879167,16106.44927905,108,101,0,0,0.0007033,seven_point_per_channel
310189,3,310189,12,0,12,4030.66433,335.8886941667,16723.32166348,105,101,0,0,0.0003531,seven_point_per_channel
310189,3,310189,12,1,12,3790.448976,315.870748,15317.24488177,113,102,0,1,0.0006259,seven_point_per_channel
310189,3,310189,12,2,12,3790.448976,315.870748,15317.24488177,113,102,0,1,0.0005637,seven_point_per_channel
310190,3,310190,15,0,15,5475.710428,365.0473618667,24278.55214794,92,85,0,0,0.0003796,seven_point_per_channel
310190,3,310190,15,1,15,3976.205026,265.0803350667,16431.02513407,104,92,1,1,0.0009137,seven_point_per_channel
310190,3,310190,15,2,15,3976.205026,265.0803350667,16431.02513407,104,92,1,1,0.0009043,seven_point_per_channel
310191,3,310191,11,0,11,4172.767188,379.3424716364,17753.83594197,95,92,0,0,0.0002644,seven_point_per_channel
310191,3,310191,11,1,11,3469.156989,315.3779080909,14130.78493415,99,93,0,0,0.0007361,seven_point_per_channel
310191,3,310191,11,2,11,3469.156989,315.3779080909,14130.78493415,99,93,0,0,0.0007227,seven_point_per_channel
310192,3,310192,15,0,15,4604.855514,306.9903676,20014.27755865,89,82,0,0,0.0003889,seven_point_per_channel
310192,3,310192,15,1,15,3858.471978,257.2314652,16612.35991043,78,71,0,0,0.0017738,seven_point_per_channel
310192,3,310192,15,2,15,3858.471978,257.2314652,16612.35991043,78,71,0,0,0.001778,seven_point_per_channel
310193,3,310193,12,0,12,4276.557755,356.3798129167,18157.78879065,98,92,1,0,0.0003013,seven_point_per_channel
310193,3,310193,12,1,12,3696.47287,308.0394058333,14952.36435151,109,101,0,1,0.0005962,seven_point_per_channel
310193,3,310193,12,2,12,3696.47287,308.0394058333,14952.36435151,109,101,0,1,0.0005832,seven_point_per_channel
310194,3,310194,12,0,12,4394.157829,366.1798190833,18680.78914753,101,93,0,0,0.0003048,seven_point_per_channel
310194,3,310194,12,1,12,3643.070138,303.5891781667,14635.35069897,110,106,0,0,0.0004646,seven_point_per_channel
310194,3,310194,12,2,12,3643.070138,303.5891781667,14635.35069897,110,106,0,0,0.0004523,seven_point_per_channel
310195,3,310195,10,0,10,3699.184925,369.9184925,14975.92461712,110,104,0,0,0.0002557,seven_point_per_channel
310195,3,310195,10,1,10,3259.699581,325.9699581,12598.49789654,116,110,0,0,0.0004272,seven_point_per_channel
310195,3,310195,10,2,10,3259.699581,325.9699581,12598.49789654,116,110,0,0,0.0004214,seven_point_per_channel
310196,3,310196,13,0,13,4660.961676,358.5355135385,19549.80839958,115,111,0,0,0.0003248,seven_point_per_channel
310196,3,310196,13,1,13,3794.863126,291.9125481538,15349.31563391,111,102,1,0,0.0005752,seven_point_per_channel
310196,3,310196,13,2,13,3794.863126,291.9125481538,15349.31563391,111,102,1,0,0.0005705,seven_point_per_channel
310197,3,310197,14,0,14,4436.274943,316.8767816429,19166.37471519,90,83,0,0,0.0003534,seven_point_per_channel
310197,3,310197,14,1,14,3638.19197,259.870855,15010.95984968,95,88,1,0,0.0008973,seven_point_per_channel
310197,3,310197,14,2,14,3638.19197,259.870855,15010.95984968,95,88,1,0,0.0008304,seven_point_per_channel
310198,3,310198,14,0,14,4571.073436,326.5052454286,19645.3671911,96,92,0,0,0.0003297,seven_point_per_channel
310198,3,310198,14,1,14,3891.273996,277.9481425714,15991.36998638,105,98,0,0,0.0006599,seven_point_per_channel
310198,3,310198,14,2,14,3891.273996,277.9481425714,15991.36998638,105,98,0,0,0.0006437,seven_point_per_channel
310199,3,310199,16,0,16,4895.368477,305.9605298125,21606.84238933,83,79,0,0,0.0003888,upper_bound_16
310199,3,310199,16,1,16,3578.537368,223.6585855,14982.68685548,85,77,0,0,0.0010947,upper_bound_16
310199,3,310199,16,2,16,3578.537368,223.6585855,14982.68685548,85,77,0,0,0.0010775,upper_bound_16
310200,3,310200,12,0,12,4813.234481,401.1028734167,20616.1724069,105,102,1,0,0.0003008,seven_point_per_channel
310200,3,310200,12,1,12,3904.689129,325.39076075,15973.44563967,109,105,0,0,0.0004764,seven_point_per_channel
310200,3,310200,12,2,12,3904.689129,325.39076075,15973.44563967,109,105,0,0,0.0004683,seven_point_per_channel
310001,4,310001,16,0,16,6829.151869,426.8219918125,28430.75928883,161,144,38,2,0.000567,upper_bound_16
310001,4,310001,16,1,16,9980.043171,623.7526981875,40805.21560337,213,182,164,5,0.0150255,upper_bound_16
310001,4,310001,16,2,16,7660.33562,478.77097625,30176.67801582,223,193,79,3,0.0069257,upper_bound_16
310002,4,310002,10,0,10,12419.044537,1241.9044537,48670.22272051,396,364,97,2,0.0004382,convex_mesh_per_channel
310002,4,310002,10,1,10,10352.319687,1035.2319687,38346.59830892,348,320,191,3,0.0081191,convex_mesh_per_channel
310002,4,310002,10,2,10,8143.899419,814.3899419,29909.49694957,303,279,106,4,0.0047878,convex_mesh_per_channel
310003,4,310003,15,0,15,11712.162261,780.8108174,49755.81129014,244,211,85,2,0.0005761,convex_mesh_per_channel
310003,4,310003,15,1,15,7243.012548,482.8675032,28890.06273372,236,210,0,1,0.0165404,convex_mesh_per_channel
310003,4,310003,15,2,15,7028.360834,468.5573889333,28436.80416209,178,154,74,1,0.0105189,convex_mesh_per_channel
310004,4,310004,14,0,14,12806.489748,914.7492677143,51787.44876375,346,313,112,3,0.0005398,convex_mesh_per_channel
310004,4,310004,14,1,14,9341.715357,667.2653826429,36483.57671094,273,247,121,3,0.0132635,convex_mesh_per_channel
310004,4,310004,14,2,14,7392.95811,528.0684364286,28789.79054818,247,222,36,3,0.0047504,convex_mesh_per_channel
310005,4,310005,13,0,13,11370.309588,874.6391990769,45481.54778048,327,292,94,2,0.0005059,convex_mesh_per_channel
310005,4,310005,13,1,13,7813.139893,601.010761,30630.69947293,270,245,9,1,0.0114855,convex_mesh_per_channel
310005,4,310005,13,2,13,5993.067208,461.0051698462,22690.33605102,234,220,0,0,0.0072275,convex_mesh_per_channel
310006,4,310006,12,0,12,11301.743528,941.8119606667,45898.7176398,349,314,1,0,0.0005187,convex_mesh_per_channel
310006,4,310006,12,1,12,8120.303201,676.6919334167,31096.5160143,308,274,9,2,0.0120672,convex_mesh_per_channel
310006,4,310006,12,2,12,7304.436681,608.70305675,28307.1834612,254,235,26,1,0.0069147,convex_mesh_per_channel
310007,4,310007,16,0,16,10029.680081,626.8550050625,42343.40045369,238,210,27,2,0.000595,upper_bound_16
310007,4,310007,16,1,16,7620.390159,476.2743849375,31131.95080139,206,161,41,4,0.01577,upper_bound_16
310007,4,310007,16,2,16,8289.95734,518.12233375,34164.78664285,197,170,74,3,0.0100388,upper_bound_16
310008,4,310008,15,0,15,11698.637301,779.9091534,49193.18648656,289,259,27,1,0.0005741,convex_mesh_per_channel
310008,4,310008,15,1,15,8355.688285,557.0458856667,34418.44143982,223,198,28,2,0.0161477,convex_mesh_per_channel
310008,4,310008,15,2,15,8392.587218,559.5058145333,33137.93604287,223,203,124,5,0.0070335,convex_mesh_per_channel
310009,4,310009,13,0,13,11100.135556,853.8565812308,45835.67778592,313,276,9,1,0.000531,convex_mesh_per_channel
310009,4,310009,13,1,13,8105.490567,623.4992743846,31447.45286506,281,250,32,2,0.0113099,convex_mesh_per_channel
310009,4,310009,13,2,13,5856.013428,450.4625713846,21835.06713409,241,219,0,1,0.0060203,convex_mesh_per_channel
310010,4,310010,15,0,15,11549.511929,769.9674619333,49152.55965992,280,244,0,0,0.000595,convex_mesh_per_channel
310010,4,310010,15,1,15,8058.162255,537.210817,32660.81129596,247,216,0,1,0.0141092,convex_mesh_per_channel
310010,4,310010,15,2,15,7890.980755,526.0653836667,31549.90387207,234,210,42,2,0.0060749,convex_mesh_per_channel
310011,4,310011,15,0,15,12463.970538,830.9313692,51484.8526995,289,254,131,3,0.0005744,convex_mesh_per_channel
310011,4,310011,15,1,15,6889.940895,459.329393,29069.7044729,170,148,1,0,0.0212807,convex_mesh_per_channel
310011,4,310011,15,2,15,7612.149647,507.4766431333,30180.74813524,175,146,160,4,0.0110329,convex_mesh_per_channel
310012,4,310012,16,0,16,9272.568413,579.5355258125,38377.84192907,184,165,144,3,0.0005643,upper_bound_16
310012,4,310012,16,1,16,8702.34108,543.8963175,34441.70539601,284,254,20,1,0.0105116,upper_bound_16
310012,4,310012,16,2,16,6177.004213,386.0627633125,24630.02108236,196,179,4,0,0.0091965,upper_bound_16
310013,4,310013,15,0,15,10331.990635,688.7993756667,43514.95319732,264,234,0,0,0.0009223,convex_mesh_per_channel
310013,4,310013,15,1,15,7526.520482,501.7680321333,31037.60242912,212,184,0,0,0.021633,convex_mesh_per_channel
310013,4,310013,15,2,15,6211.485799,414.0990532667,24987.42899741,193,171,1,0,0.0102261,convex_mesh_per_channel
310014,4,310014,13,0,13,11289.549789,868.4269068462,47102.74892527,261,229,90,1,0.0005233,convex_mesh_per_channel
310014,4,310014,13,1,13,7454.73066,573.44082,30523.65329249,215,192,6,1,0.0191539,convex_mesh_per_channel
310014,4,310014,13,2,13,6849.460379,526.8815676154,26977.30185804,190,169,90,1,0.0156914,convex_mesh_per_channel
310015,4,310015,14,0,14,12401.544013,885.8245723571,51287.72006789,309,277,84,2,0.0008027,convex_mesh_per_channel
310015,4,310015,14,1,14,8749.182572,624.9416122857,35005.91285304,278,252,12,1,0.0136706,convex_mesh_per_channel
310015,4,310015,14,2,14,8421.539397,601.5385283571,34147.69698375,224,189,71,4,0.0090834,convex_mesh_per_channel
310016,4,310016,15,0,15,10833.106306,722.2070870667,45525.53154245,280,253,0,0,0.0005606,convex_mesh_per_channel
310016,4,310016,15,1,15,8247.031617,549.8021078,33810.15810098,224,194,32,2,0.0145577,convex_mesh_per_channel
310016,4,310016,15,2,15,6612.771296,440.8514197333,27248.85649874,185,160,1,0,0.0123536,convex_mesh_per_channel
310017,4,310017,10,0,10,10318.193208,1031.8193208,40885.96605455,353,326,0,0,0.000589,convex_mesh_per_channel
310017,4,310017,10,1,10,7325.738185,732.5738185,27598.69090922,296,273,1,0,0.0146266,convex_mesh_per_channel
310017,4,310017,10,2,10,6099.286657,609.9286657,22636.43329892,256,239,1,0,0.0063423,convex_mesh_per_channel
310018,4,310018,14,0,14,11494.019581,821.0013986429,46780.09790006,342,304,18,2,0.0005534,convex_mesh_per_channel
310018,4,310018,14,1,14,8763.070455,625.9336039286,35555.35227467,254,231,27,3,0.0101267,convex_mesh_per_channel
310018,4,310018,14,2,14,9406.097215,671.8640867857,37195.48616658,249,217,145,7,0.0049788,convex_mesh_per_channel
310019,4,310019,16,0,16,5217.378203,326.0861376875,22421.8910154,111,98,0,0,0.0005979,upper_bound_16
310019,4,310019,16,1,16,6144.004799,384.0002999375,25545.02393427,138,115,50,1,0.027141,upper_bound_16
310019,4,310019,16,2,16,5906.834023,369.1771264375,23644.17011542,186,156,4,2,0.008354,upper_bound_16
310020,4,310020,14,0,14,12631.617346,902.2583818571,52388.08667724,294,260,118,2,0.0005357,convex_mesh_per_channel
310020,4,310020,14,1,14,9726.636588,694.7597562857,37923.18305793,287,265,124,2,0.0098684,convex_mesh_per_channel
310020,4,310020,14,2,14,6673.621433,476.6872452143,25608.10718392,250,223,3,1,0.0051006,convex_mesh_per_channel
310021,4,310021,12,0,12,11203.491207,933.62426725,46547.45605575,299,261,26,2,0.0004995,convex_mesh_per_channel
310021,4,310021,12,1,12,7882.903106,656.9085921667,30399.51552951,284,248,25,3,0.011375,convex_mesh_per_channel
310021,4,310021,12,2,12,6860.922095,571.7435079167,25959.61046037,250,233,42,2,0.0049918,convex_mesh_per_channel
310022,4,310022,16,0,16,9461.722846,591.357677875,39053.61411501,228,206,75,2,0.0005644,upper_bound_16
310022,4,310022,16,1,16,7779.782915,486.2364321875,30808.91462771,189,164,143,3,0.0135641,upper_bound_16
310022,4,310022,16,2,16,5885.80692,367.8629325,23714.03461795,167,153,25,1,0.0081742,upper_bound_16
310023,4,310023,14,0,14,11837.297413,845.5212437857,46756.48693824,350,321,115,2,0.0005063,convex_mesh_per_channel
310023,4,310023,14,1,14,9803.872547,700.2766105,38484.36277084,329,296,32,3,0.0075215,convex_mesh_per_channel
310023,4,310023,14,2,14,8567.758712,611.9827651429,32673.79346415,268,242,127,3,0.0044712,convex_mesh_per_channel
310024,4,310024,13,0,13,12298.299888,946.0230683077,50726.49942267,342,309,23,1,0.0005444,convex_mesh_per_channel
310024,4,310024,13,1,13,9296.804733,715.1388256154,36924.02355717,272,247,80,2,0.01166,convex_mesh_per_channel
310024,4,310024,13,2,13,8775.175393,675.0134917692,34500.87697844,259,236,93,4,0.0051056,convex_mesh_per_channel
310025,4,310025,13,0,13,14140.022478,1087.694036769,56345.11224029,354,316,240,4,0.0004745,convex_mesh_per_channel
310025,4,310025,13,1,13,7625.627201,586.5867077692,30208.13599078,256,239,0,0,0.0125065,convex_mesh_per_channel
310025,4,310025,13,2,13,7093.19572,545.63044,27240.97861344,240,212,56,2,0.0059288,convex_mesh_per_channel
310026,4,310026,12,0,12,12897.758816,1074.813234667,52213.79382257,337,305,135,3,0.0004605,convex_mesh_per_channel
310026,4,310026,12,1,12,8715.710521,726.3092100833,34533.55260291,288,255,18,2,0.0102621,convex_mesh_per_channel
310026,4,310026,12,2,12,8238.74501,686.5620841667,32188.7249945,255,217,83,4,0.0070186,convex_mesh_per_channel
310027,4,310027,16,0,16,8152.144381,509.5090238125,34085.72182595,160,143,104,2,0.0008246,upper_bound_16
310027,4,310027,16,1,16,9280.257671,580.0161044375,38236.28822312,207,182,112,4,0.0155127,upper_bound_16
310027,4,310027,16,2,16,6928.383297,433.0239560625,28316.91645246,164,134,77,2,0.0104079,upper_bound_16
310028,4,310028,16,0,16,7456.861561,466.0538475625,31329.30779977,188,168,1,0,0.0006551,upper_bound_16
310028,4,310028,16,1,16,8116.103508,507.25646925,33420.5175621,203,175,54,2,0.0211385,upper_bound_16
310028,4,310028,16,2,16,5650.957215,353.1848259375,23154.78607675,159,142,1,0,0.0109026,upper_bound_16
310029,4,310029,13,0,13,12380.233455,952.3256503846,50476.16711362,315,282,121,2,0.0004985,convex_mesh_per_channel
310029,4,310029,13,1,13,7693.687257,591.8220966923,30323.4363015,262,230,8,2,0.015311,convex_mesh_per_channel
310029,4,310029,13,2,13,6885.043962,529.6187663077,26590.21981092,242,214,26,2,0.0064716,convex_mesh_per_channel
310030,4,310030,11,0,11,11748.608412,1068.055310182,45438.04192577,391,357,98,2,0.0004532,convex_mesh_per_channel
310030,4,310030,11,1,11,8545.86362,776.8966927273,33394.31809738,293,266,27,1,0.0117263,convex_mesh_per_channel
310030,4,310030,11,2,11,7602.227107,691.1115551818,28476.13544081,264,238,98,2,0.0062693,convex_mesh_per_channel
310031,4,310031,12,0,12,12421.240314,1035.1033595,48246.20160368,409,379,96,3,0.0004697,convex_mesh_per_channel
310031,4,310031,12,1,12,8961.685964,746.8071636667,33243.42982655,374,350,11,2,0.0070732,convex_mesh_per_channel
310031,4,310031,12,2,12,7885.723952,657.1436626667,28688.6198568,291,273,120,2,0.0034154,convex_mesh_per_channel
310032,4,310032,12,0,12,10730.405794,894.2004828333,42882.02897134,330,297,49,1,0.0004959,convex_mesh_per_channel
310032,4,310032,12,1,12,9001.394408,750.1162006667,35136.97188206,262,238,122,2,0.0105691,convex_mesh_per_channel
310032,4,310032,12,2,12,7401.370575,616.78088125,27731.85287583,278,261,48,1,0.0043799,convex_mesh_per_channel
310033,4,310033,15,0,15,11501.091269,766.7394179333,49230.45634397,231,197,76,1,0.0005719,convex_mesh_per_channel
310033,4,310033,15,1,15,8486.993095,565.7995396667,34954.96538817,201,176,80,1,0.0152189,convex_mesh_per_channel
310033,4,310033,15,2,15,6136.863974,409.1242649333,25169.31988097,175,147,2,1,0.0115581,convex_mesh_per_channel
310034,4,310034,11,0,11,12574.810785,1143.164616818,48969.05393779,400,366,120,3,0.0004473,convex_mesh_per_channel
310034,4,310034,11,1,11,10014.516278,910.4105707273,38287.58130587,332,306,112,3,0.0083725,convex_mesh_per_channel
310034,4,310034,11,2,11,7070.775322,642.7977565455,26228.87661874,298,271,3,1,0.0035449,convex_mesh_per_channel
310035,4,310035,10,0,10,11728.265231,1172.8265231,45881.32612037,357,324,131,4,0.00037,convex_mesh_per_channel
310035,4,310035,10,1,10,7642.185297,764.2185297,28980.92649245,303,281,0,0,0.0102208,convex_mesh_per_channel
310035,4,310035,10,2,10,7740.532412,774.0532412,29177.66206767,277,254,72,1,0.0040182,convex_mesh_per_channel
310036,4,310036,12,0,12,10842.896208,903.574684,44449.48105528,320,290,1,0,0.0004696,convex_mesh_per_channel
310036,4,310036,12,1,12,7456.904357,621.4086964167,29414.52178583,256,234,0,0,0.0122328,convex_mesh_per_channel
310036,4,310036,12,2,12,6086.422948,507.2019123333,23742.11474753,216,198,0,0,0.0070059,convex_mesh_per_channel
310037,4,310037,16,0,16,8488.641161,530.5400725625,35498.20584032,207,178,32,3,0.0006803,upper_bound_16
310037,4,310037,16,1,16,7049.734738,440.608421125,28853.67370364,204,173,2,1,0.015714,upper_bound_16
310037,4,310037,16,2,16,8093.709575,505.8568484375,33738.54790275,189,156,55,3,0.0082268,upper_bound_16
310038,4,310038,14,0,14,11080.150746,791.439339,46290.7536344,252,219,91,1,0.0005341,convex_mesh_per_channel
310038,4,310038,14,1,14,8902.969671,635.9264050714,35069.84839564,288,253,42,2,0.0109397,convex_mesh_per_channel
310038,4,310038,14,2,14,8251.960937,589.4257812143,33054.80468081,222,191,90,4,0.010163,convex_mesh_per_channel
310039,4,310039,10,0,10,11337.63621,1133.763621,43808.18091895,388,358,76,1,0.0004221,convex_mesh_per_channel
310039,4,310039,10,1,10,7455.290931,745.5290931,28351.45464354,293,270,0,0,0.0117569,convex_mesh_per_channel
310039,4,310039,10,2,10,6177.899729,617.7899729,22364.49864462,279,260,0,1,0.0047515,convex_mesh_per_channel
310040,4,310040,12,0,12,10758.60078,896.550065,41698.00392427,398,369,0,0,0.0004825,convex_mesh_per_channel
310040,4,310040,12,1,12,8210.564773,684.2137310833,31262.82386714,319,294,3,1,0.0113587,convex_mesh_per_channel
310040,4,310040,12,2,12,6794.362666,566.1968888333,25346.81333171,281,260,0,0,0.0040303,convex_mesh_per_channel
310041,4,310041,10,0,10,10413.888275,1041.3888275,40079.44139032,396,368,0,0,0.0004122,convex_mesh_per_channel
310041,4,310041,10,1,10,7703.096651,770.3096651,28475.48325901,330,308,0,0,0.008574,convex_mesh_per_channel
310041,4,310041,10,2,10,6134.601316,613.4601316,22008.00659277,283,265,1,0,0.0037883,convex_mesh_per_channel
310042,4,310042,11,0,11,11702.231317,1063.839210636,45741.15652527,359,326,126,3,0.0004864,convex_mesh_per_channel
310042,4,310042,11,1,11,7955.650877,723.2409888182,29633.25438833,333,300,3,1,0.0087499,convex_mesh_per_channel
310042,4,310042,11,2,11,7218.555382,656.2323074545,26942.77687376,278,253,44,3,0.0043937,convex_mesh_per_channel
310043,4,310043,14,0,14,11599.908744,828.5649102857,48164.54372954,272,240,99,4,0.0004615,convex_mesh_per_channel
310043,4,310043,14,1,14,8586.512675,613.3223339286,33702.56325288,258,240,82,1,0.0104555,convex_mesh_per_channel
310043,4,310043,14,2,14,8775.134108,626.7952934286,34185.67054688,266,232,102,4,0.0053639,convex_mesh_per_channel
310044,4,310044,16,0,16,12786.285044,799.14281525,53761.42512094,267,232,129,4,0.0005286,upper_bound_16
310044,4,310044,16,1,16,7660.488061,478.7805038125,31112.4403114,230,208,0,0,0.0130568,upper_bound_16
310044,4,310044,16,2,16,8732.11527,545.757204375,35310.57621137,207,180,125,5,0.0062122,upper_bound_16
310045,4,310045,10,0,10,11805.179826,1180.5179826,44970.89909544,431,405,67,1,0.0004041,convex_mesh_per_channel
310045,4,310045,10,1,10,8984.479879,898.4479879,33507.39937728,351,322,52,1,0.0068355,convex_mesh_per_channel
310045,4,310045,10,2,10,7212.913526,721.2913526,26099.56765399,323,304,8,1,0.0033542,convex_mesh_per_channel
310046,4,310046,14,0,14,10757.300742,768.3786244286,44811.50374276,292,265,0,0,0.000522,convex_mesh_per_channel
310046,4,310046,14,1,14,7184.163355,513.1545253571,28710.81675346,232,212,0,0,0.0152281,convex_mesh_per_channel
310046,4,310046,14,2,14,6193.819998,442.4157141429,23639.09999794,236,216,0,0,0.0054059,convex_mesh_per_channel
310047,4,310047,11,0,11,10485.687045,953.2442768182,41743.43527021,329,293,48,1,0.0004712,convex_mesh_per_channel
310047,4,310047,11,1,11,7950.741,722.7946363636,29963.70502402,300,271,44,2,0.009315,convex_mesh_per_channel
310047,4,310047,11,2,11,6760.42756,614.5843236364,25587.13782046,243,220,51,1,0.007198,convex_mesh_per_channel
310048,4,310048,14,0,14,10717.660825,765.5472017857,46068.30414654,244,214,0,0,0.0005284,convex_mesh_per_channel
310048,4,310048,14,1,14,7361.977868,525.855562,28834.88934019,255,223,9,1,0.0147028,convex_mesh_per_channel
310048,4,310048,14,2,14,6399.314236,457.093874,24891.57117819,228,208,1,0,0.0058675,convex_mesh_per_channel
310049,4,310049,16,0,16,9304.504132,581.53150825,38982.5203966,167,143,150,5,0.0005161,upper_bound_16
310049,4,310049,16,1,16,9079.407138,567.462946125,36517.03570357,201,172,173,4,0.0124832,upper_bound_16
310049,4,310049,16,2,16,6455.091158,403.443197375,24650.45575719,229,213,29,1,0.0053446,upper_bound_16
310050,4,310050,14,0,14,11347.074413,810.5053152143,47660.37205117,276,242,41,1,0.0005428,convex_mesh_per_channel
310050,4,310050,14,1,14,8387.708544,599.1220388571,32983.54259357,254,229,74,1,0.0121975,convex_mesh_per_channel
310050,4,310050,14,2,14,6162.739389,440.1956706429,24273.69695559,209,193,0,0,0.0067412,convex_mesh_per_channel
310051,4,310051,11,0,11,11295.24869,1026.84079,44611.24346387,359,328,65,3,0.0004159,convex_mesh_per_channel
310051,4,310051,11,1,11,8407.834481,764.3485891818,32119.17239413,289,262,74,1,0.0117063,convex_mesh_per_channel
310051,4,310051,11,2,11,6410.423881,582.7658073636,23522.11941438,267,250,22,1,0.0044632,convex_mesh_per_channel
310052,4,310052,14,0,14,10713.903083,765.2787916429,43469.51545187,312,282,36,1,0.0005095,convex_mesh_per_channel
310052,4,310052,14,1,14,8477.73116,605.5522257143,33533.65577093,256,235,62,2,0.0101497,convex_mesh_per_channel
310052,4,310052,14,2,14,6663.77667,475.9840478571,25718.88341067,227,204,37,1,0.0068597,convex_mesh_per_channel
310053,4,310053,14,0,14,11898.362297,849.8830212143,48951.81139903,329,297,32,1,0.0005047,convex_mesh_per_channel
310053,4,310053,14,1,14,10384.310106,741.7364361429,41106.55047553,284,256,139,3,0.0093455,convex_mesh_per_channel
310053,4,310053,14,2,14,6263.870724,447.4193374286,24349.35360954,223,197,4,1,0.0066316,convex_mesh_per_channel
310054,4,310054,12,0,12,11058.683493,921.55695775,45078.41748953,335,305,1,0,0.000477,convex_mesh_per_channel
310054,4,310054,12,1,12,8133.383773,677.7819810833,31041.91887246,308,277,16,3,0.0082723,convex_mesh_per_channel
310054,4,310054,12,2,12,6719.843579,559.9869649167,24759.21791675,269,237,42,3,0.0052829,convex_mesh_per_channel
310055,4,310055,14,0,14,11693.650512,835.2607508571,50323.2525734,263,229,5,1,0.0005054,convex_mesh_per_channel
310055,4,310055,14,1,14,8078.799933,577.0571380714,32463.99966751,256,233,1,0,0.013694,convex_mesh_per_channel
310055,4,310055,14,2,14,6714.599501,479.6142500714,26622.9975145,223,205,0,0,0.00556,convex_mesh_per_channel
310056,4,310056,12,0,12,10404.817457,867.0681214167,42024.08730724,328,300,0,0,0.0004577,convex_mesh_per_channel
310056,4,310056,12,1,12,8907.386229,742.28218575,35531.93116015,277,248,36,2,0.0109571,convex_mesh_per_channel
310056,4,310056,12,2,12,6598.271751,549.85597925,25426.35876674,244,227,2,0,0.0063289,convex_mesh_per_channel
310057,4,310057,16,0,16,11326.526398,707.907899875,47977.6319131,227,189,109,3,0.0005521,upper_bound_16
310057,4,310057,16,1,16,9225.035974,576.564748375,37835.17988348,261,222,17,4,0.0110239,upper_bound_16
310057,4,310057,16,2,16,7638.908096,477.431756,30844.54044332,217,185,40,3,0.0057042,upper_bound_16
310058,4,310058,10,0,10,10451.385191,1045.1385191,40246.92596698,393,357,10,1,0.0004315,convex_mesh_per_channel
310058,4,310058,10,1,10,8003.541724,800.3541724,30442.70862524,313,282,6,1,0.0118688,convex_mesh_per_channel
310058,4,310058,10,2,10,7335.380697,733.5380697,27351.90348173,262,241,88,1,0.0065945,convex_mesh_per_channel
310059,4,310059,15,0,15,11183.793287,745.5862191333,46798.96647691,284,254,25,2,0.000509,convex_mesh_per_channel
310059,4,310059,15,1,15,8581.384338,572.0922892,33751.92168998,286,260,22,3,0.0114141,convex_mesh_per_channel
310059,4,310059,15,2,15,7156.108656,477.0739104,27945.54332952,238,221,27,3,0.0051612,convex_mesh_per_channel
310060,4,310060,15,0,15,10955.677607,730.3785071333,47273.38804982,243,211,0,0,0.0005678,convex_mesh_per_channel
310060,4,310060,15,1,15,6862.760483,457.5173655333,27958.80241419,202,177,3,0,0.0181223,convex_mesh_per_channel
310060,4,310060,15,2,15,6635.897728,442.3931818667,26829.4886501,202,185,0,0,0.0080442,convex_mesh_per_channel
310061,4,310061,13,0,13,10214.76266,785.7509738462,42328.81331158,285,259,0,0,0.0004901,convex_mesh_per_channel
310061,4,310061,13,1,13,7597.244539,584.4034260769,30121.22269693,255,233,0,0,0.0138001,convex_mesh_per_channel
310061,4,310061,13,2,13,5693.244777,437.9419059231,21451.22389377,225,210,1,1,0.0073028,convex_mesh_per_channel
310062,4,310062,15,0,15,11992.567924,799.5045282667,50242.83963366,286,250,63,2,0.0005273,convex_mesh_per_channel
310062,4,310062,15,1,15,9338.377689,622.5585126,38341.88841136,224,190,95,2,0.0155082,convex_mesh_per_channel
310062,4,310062,15,2,15,7602.215195,506.8143463333,30931.07603131,211,196,30,1,0.0052206,convex_mesh_per_channel
310063,4,310063,13,0,13,11559.134457,889.164189,46670.67223593,348,318,34,1,0.0004848,convex_mesh_per_channel
310063,4,310063,13,1,13,8209.145273,631.4727133077,33170.72627178,234,205,45,1,0.0153461,convex_mesh_per_channel
310063,4,310063,13,2,13,6388.862015,491.4509242308,24629.31007155,236,218,0,0,0.0063723,convex_mesh_per_channel
310064,4,310064,12,0,12,10317.693625,859.8078020833,42003.46812898,314,284,1,0,0.0004883,convex_mesh_per_channel
310064,4,310064,12,1,12,9510.896024,792.5746686667,36089.48011029,330,295,96,2,0.0088492,convex_mesh_per_channel
310064,4,310064,12,2,12,7732.886438,644.4072031667,29474.43219092,289,267,22,1,0.0037405,convex_mesh_per_channel
310065,4,310065,14,0,14,10995.216217,785.3725869286,46761.08109835,233,198,70,1,0.0005617,convex_mesh_per_channel
310065,4,310065,14,1,14,8192.772889,585.1980635,33318.86444608,248,219,0,0,0.0149634,convex_mesh_per_channel
310065,4,310065,14,2,14,6228.499685,444.8928346429,24427.49842606,215,189,3,0,0.0079706,convex_mesh_per_channel
310066,4,310066,16,0,16,7723.820034,482.738752125,32054.10017298,208,184,3,1,0.0005518,upper_bound_16
310066,4,310066,16,1,16,6421.617757,401.3511098125,26193.0887554,177,149,23,2,0.0209066,upper_bound_16
310066,4,310066,16,2,16,5234.404601,327.1502875625,21622.02301155,141,125,0,0,0.0094259,upper_bound_16
310067,4,310067,12,0,12,11444.75928,953.72994,45038.79638438,390,358,23,1,0.0004614,convex_mesh_per_channel
310067,4,310067,12,1,12,9621.931586,801.8276321667,36774.65791764,360,329,26,2,0.0057954,convex_mesh_per_channel
310067,4,310067,12,2,12,7901.024253,658.41868775,29565.12126876,311,277,32,2,0.0034284,convex_mesh_per_channel
310068,4,310068,16,0,16,11529.403009,720.5876880625,48122.01488088,258,226,103,2,0.0005224,upper_bound_16
310068,4,310068,16,1,16,9185.528957,574.0955598125,37592.64478581,215,188,108,3,0.0160823,upper_bound_16
310068,4,310068,16,2,16,7915.806978,494.737936125,32994.03477146,179,156,62,1,0.0079958,upper_bound_16
310069,4,310069,11,0,11,11926.844774,1084.258615818,46739.22403232,387,343,82,4,0.0004172,convex_mesh_per_channel
310069,4,310069,11,1,11,8180.896125,743.7178295455,31119.4806192,321,294,1,1,0.0089208,convex_mesh_per_channel
310069,4,310069,11,2,11,8801.972412,800.1793101818,32399.86199531,327,293,113,5,0.0031904,convex_mesh_per_channel
310070,4,310070,12,0,12,12580.010062,1048.334171833,50700.05024996,355,326,93,3,0.0004343,convex_mesh_per_channel
310070,4,310070,12,1,12,9356.599579,779.7166315833,35162.99772837,343,318,77,2,0.0062407,convex_mesh_per_channel
310070,4,310070,12,2,12,7442.108306,620.1756921667,27840.54146012,256,231,101,3,0.0049248,convex_mesh_per_channel
310071,4,310071,11,0,11,10927.216864,993.3833512727,43796.08432879,357,325,1,0,0.0004523,convex_mesh_per_channel
310071,4,310071,11,1,11,8366.714113,760.6103739091,32598.57055679,293,270,19,1,0.0097942,convex_mesh_per_channel
310071,4,310071,11,2,11,7117.023173,647.0021066364,25535.11579616,306,281,48,2,0.0033314,convex_mesh_per_channel
310072,4,310072,10,0,10,10179.447183,1017.9447183,39152.23592967,387,361,1,0,0.0004022,convex_mesh_per_channel
310072,4,310072,10,1,10,7259.16774,725.916774,26870.83870261,309,287,1,0,0.0116658,convex_mesh_per_channel
310072,4,310072,10,2,10,6061.448877,606.1448877,22047.2443933,270,252,0,1,0.0045359,convex_mesh_per_channel
310073,4,310073,16,0,16,7193.025249,449.5640780625,28750.12626865,229,212,2,0,0.0005942,upper_bound_16
310073,4,310073,16,1,16,6981.991852,436.37449075,28679.9592648,197,181,0,0,0.0209251,upper_bound_16
310073,4,310073,16,2,16,5048.876691,315.5547931875,20024.38346051,163,149,0,0,0.0077088,upper_bound_16
310074,4,310074,16,0,16,7107.867776,444.241736,29189.33888584,201,185,0,0,0.000576,upper_bound_16
310074,4,310074,16,1,16,7595.012728,474.6882955,30310.06362981,246,223,0,0,0.0126924,upper_bound_16
310074,4,310074,16,2,16,5492.803822,343.300238875,22379.01911276,158,147,0,0,0.0094845,upper_bound_16
310075,4,310075,12,0,12,10670.676468,889.223039,43043.38222947,307,275,64,1,0.0004694,convex_mesh_per_channel
310075,4,310075,12,1,12,8024.480338,668.7066948333,31772.40170395,242,217,61,1,0.0139091,convex_mesh_per_channel
310075,4,310075,12,2,12,6024.189943,502.0158285833,23475.94971774,214,196,1,0,0.0079658,convex_mesh_per_channel
310076,4,310076,11,0,11,11432.936489,1039.357862636,44109.6824475,431,395,2,1,0.0004748,convex_mesh_per_channel
310076,4,310076,11,1,11,8381.251251,761.9319319091,30306.25626602,381,360,0,0,0.0052871,convex_mesh_per_channel
310076,4,310076,11,2,11,7926.772868,720.6157152727,30053.86436691,306,286,15,2,0.0028479,convex_mesh_per_channel
310077,4,310077,10,0,10,9889.280958,988.9280958,38201.40480536,371,338,2,1,0.000417,convex_mesh_per_channel
310077,4,310077,10,1,10,7423.926774,742.3926774,28089.63387507,296,276,0,0,0.0096974,convex_mesh_per_channel
310077,4,310077,10,2,10,6584.885971,658.4885971,23374.42985691,305,284,17,2,0.0046915,convex_mesh_per_channel
310078,4,310078,14,0,14,11252.279197,803.7342283571,46751.39599247,307,276,7,1,0.0005057,convex_mesh_per_channel
310078,4,310078,14,1,14,8273.003059,590.9287899286,32925.01525403,262,236,24,2,0.0112788,convex_mesh_per_channel
310078,4,310078,14,2,14,7191.63471,513.6881935714,28773.17354827,230,211,2,0,0.0047695,convex_mesh_per_channel
310079,4,310079,12,0,12,10978.372205,914.8643504167,45431.86101958,311,274,1,0,0.0005224,convex_mesh_per_channel
310079,4,310079,12,1,12,8216.983028,684.7485856667,31464.91502434,273,253,82,1,0.015795,convex_mesh_per_channel
310079,4,310079,12,2,12,6565.823451,547.15195425,25004.11725713,252,227,6,1,0.0064134,convex_mesh_per_channel
310080,4,310080,14,0,14,11918.306894,851.3076352857,49726.53437616,300,265,46,1,0.0005276,convex_mesh_per_channel
310080,4,310080,14,1,14,8229.73462,587.8381871429,33033.67307778,243,215,41,1,0.0163334,convex_mesh_per_channel
310080,4,310080,14,2,14,7856.605718,561.1861227143,31178.02848246,235,202,58,3,0.0063452,convex_mesh_per_channel
310081,4,310081,14,0,14,14821.81306,1058.700932857,60904.06504326,326,278,221,6,0.0004894,convex_mesh_per_channel
310081,4,310081,14,1,14,9914.344004,708.1674288571,38966.72005668,324,293,46,4,0.0076236,convex_mesh_per_channel
310081,4,310081,14,2,14,8607.277915,614.8055653571,33721.38941701,247,207,117,4,0.005528,convex_mesh_per_channel
310082,4,310082,15,0,15,12620.62041,841.374694,52983.1018006,241,204,180,4,0.0005232,convex_mesh_per_channel
310082,4,310082,15,1,15,9610.846664,640.7231109333,39074.23331937,261,227,63,2,0.0106068,convex_mesh_per_channel
310082,4,310082,15,2,15,7764.740217,517.6493478,30223.70096069,229,191,103,2,0.0074258,convex_mesh_per_channel
310083,4,310083,10,0,10,11990.248837,1199.0248837,45946.2442261,442,409,44,3,0.0004028,convex_mesh_per_channel
310083,4,310083,10,1,10,7547.533137,754.7533137,28092.66568388,317,294,0,0,0.010112,convex_mesh_per_channel
310083,4,310083,10,2,10,7373.049044,737.3049044,27625.24526228,281,255,46,3,0.0048027,convex_mesh_per_channel
310084,4,310084,14,0,14,10580.156866,755.7254904286,45325.78434326,246,212,1,0,0.0005591,convex_mesh_per_channel
310084,4,310084,14,1,14,7596.882763,542.6344830714,31189.4138126,219,194,0,0,0.0158912,convex_mesh_per_channel
310084,4,310084,14,2,14,6177.560444,441.2543174286,24772.80222145,195,175,1,0,0.0094574,convex_mesh_per_channel
310085,4,310085,12,0,12,10994.42703,916.2022525,44167.13517813,334,299,44,2,0.0004743,convex_mesh_per_channel
310085,4,310085,12,1,12,7445.862462,620.4885385,29149.31231551,263,235,2,1,0.0114154,convex_mesh_per_channel
310085,4,310085,12,2,12,6352.735104,529.394592,24843.67552137,224,204,0,0,0.0081201,convex_mesh_per_channel
310086,4,310086,10,0,10,10401.149046,1040.1149046,41495.74523297,346,316,2,1,0.0004274,convex_mesh_per_channel
310086,4,310086,10,1,10,7688.720705,768.8720705,29323.60352934,299,276,1,1,0.0102817,convex_mesh_per_channel
310086,4,310086,10,2,10,6880.947495,688.0947495,25864.73747883,263,238,35,2,0.0051197,convex_mesh_per_channel
310087,4,310087,16,0,16,7776.124055,486.0077534375,33365.62020322,151,133,45,2,0.0005375,upper_bound_16
310087,4,310087,16,1,16,7864.54403,491.534001875,31972.72014417,231,199,12,2,0.0144357,upper_bound_16
310087,4,310087,16,2,16,5844.392534,365.274533375,23181.96265952,192,162,2,1,0.0078481,upper_bound_16
310088,4,310088,13,0,13,11130.622501,856.2017308462,46263.11246673,292,257,32,1,0.0004994,convex_mesh_per_channel
310088,4,310088,13,1,13,8771.743125,674.7494711538,34803.71553266,275,248,41,1,0.0105082,convex_mesh_per_channel
310088,4,310088,13,2,13,7815.717601,601.2090462308,30428.58795861,249,228,64,3,0.0062508,convex_mesh_per_channel
310089,4,310089,11,0,11,11623.904421,1056.718583727,46964.52212377,368,330,2,1,0.0004417,convex_mesh_per_channel
310089,4,310089,11,1,11,7670.360816,697.3055287273,29571.80407356,286,265,2,1,0.0106307,convex_mesh_per_channel
310089,4,310089,11,2,11,6667.297963,606.1179966364,24791.48982516,279,253,2,1,0.0051584,convex_mesh_per_channel
310090,4,310090,14,0,14,11004.227189,786.0162277857,46501.13590418,256,228,42,1,0.0005169,convex_mesh_per_channel
310090,4,310090,14,1,14,7581.206446,541.5147461429,30996.03224146,221,198,3,0,0.013592,convex_mesh_per_channel
310090,4,310090,14,2,14,5668.365341,404.8832386429,22436.82671226,188,171,0,0,0.0088903,convex_mesh_per_channel
310091,4,310091,11,0,11,10414.683456,946.7894050909,41068.41725936,353,315,22,2,0.0004755,convex_mesh_per_channel
310091,4,310091,11,1,11,8200.595131,745.5086482727,31492.97565803,307,279,11,1,0.0112363,convex_mesh_per_channel
310091,4,310091,11,2,11,6412.36658,582.9424163636,24231.83290582,256,228,1,1,0.0062687,convex_mesh_per_channel
310092,4,310092,10,0,10,10001.048248,1000.1048248,38985.24124354,363,336,1,0,0.000422,convex_mesh_per_channel
310092,4,310092,10,1,10,7653.48856,765.348856,28492.44279751,319,292,6,1,0.0096455,convex_mesh_per_channel
310092,4,310092,10,2,10,5893.230353,589.3230353,21586.15178025,257,241,0,0,0.0060517,convex_mesh_per_channel
310093,4,310093,16,0,16,7021.453798,438.840862375,29142.26900941,188,170,1,0,0.000691,upper_bound_16
310093,4,310093,16,1,16,4783.009032,298.9380645,19960.0451784,120,108,1,0,0.0217939,upper_bound_16
310093,4,310093,16,2,16,5309.325675,331.8328546875,21126.62837579,170,151,1,0,0.007928,upper_bound_16
310094,4,310094,15,0,15,12465.317733,831.0211822,52971.5886878,265,234,79,3,0.0005138,convex_mesh_per_channel
310094,4,310094,15,1,15,8499.001117,566.6000744667,33880.00547917,244,218,70,1,0.014276,convex_mesh_per_channel
310094,4,310094,15,2,15,6431.209549,428.7473032667,26181.04775604,185,168,9,1,0.0091423,convex_mesh_per_channel
310095,4,310095,15,0,15,11433.121561,762.2081040667,49090.60779557,243,202,41,2,0.0005525,convex_mesh_per_channel
310095,4,310095,15,1,15,8947.951924,596.5301282667,35984.75961029,276,230,22,4,0.0137547,convex_mesh_per_channel
310095,4,310095,15,2,15,7462.532894,497.5021929333,30037.66446205,231,195,10,3,0.0072566,convex_mesh_per_channel
310096,4,310096,11,0,11,11219.614127,1019.964920636,44988.07064041,349,320,34,1,0.0004456,convex_mesh_per_channel
310096,4,310096,11,1,11,8032.475644,730.2250585455,29997.37814902,292,269,83,1,0.0121862,convex_mesh_per_channel
310096,4,310096,11,2,11,6361.344962,578.3040874545,23601.72480067,250,234,34,1,0.0050283,convex_mesh_per_channel
310097,4,310097,11,0,11,10183.060552,925.7327774545,40000.3027709,359,330,1,0,0.0004643,convex_mesh_per_channel
310097,4,310097,11,1,11,7787.902477,707.9911342727,30139.51239519,287,264,2,0,0.0127936,convex_mesh_per_channel
310097,4,310097,11,2,11,6547.276375,595.2069431818,24911.38188431,254,234,2,1,0.0055124,convex_mesh_per_channel
310098,4,310098,12,0,12,12124.281943,1010.356828583,48241.40958336,368,339,79,2,0.000487,convex_mesh_per_channel
310098,4,310098,12,1,12,9328.821873,777.40182275,36094.10925543,296,270,100,2,0.0100245,convex_mesh_per_channel
310098,4,310098,12,2,12,8207.605121,683.9670934167,31128.02544553,270,248,108,4,0.0048505,convex_mesh_per_channel
310099,4,310099,14,0,14,12202.029971,871.5735693571,50780.1497707,266,226,140,4,0.0004888,convex_mesh_per_channel
310099,4,310099,14,1,14,10823.451559,773.1036827857,42182.25784575,312,277,160,3,0.0084098,convex_mesh_per_channel
310099,4,310099,14,2,14,6392.287068,456.5919334286,24431.43534717,239,217,8,1,0.0047372,convex_mesh_per_channel
310100,4,310100,15,0,15,11835.200498,789.0133665333,51141.00248855,261,227,0,0,0.0005812,convex_mesh_per_channel
310100,4,310100,15,1,15,8084.642079,538.9761386,34103.2103954,203,171,1,1,0.0194689,convex_mesh_per_channel
310100,4,310100,15,2,15,6787.239929,452.4826619333,27641.19962671,202,174,0,0,0.0081635,convex_mesh_per_channel
310101,4,310101,15,0,15,11891.022868,792.7348578667,50140.11430872,248,218,110,2,0.0005396,convex_mesh_per_channel
310101,4,310101,15,1,15,7315.277768,487.6851845333,30276.38883975,201,180,0,0,0.0152497,convex_mesh_per_channel
310101,4,310101,15,2,15,7220.233047,481.3488698,29311.1650305,172,150,91,1,0.0109001,convex_mesh_per_channel
310102,4,310102,15,0,15,10931.801812,728.7867874667,46904.00906936,247,217,8,1,0.0005704,convex_mesh_per_channel
310102,4,310102,15,1,15,7822.06118,521.4707453333,31785.30589858,234,211,3,0,0.0133566,convex_mesh_per_channel
310102,4,310102,15,2,15,6893.167683,459.5445122,28490.83842237,189,169,2,1,0.0085166,convex_mesh_per_channel
310103,4,310103,12,0,12,10073.927599,839.4939665833,40729.63800937,316,288,0,0,0.00046,convex_mesh_per_channel
310103,4,310103,12,1,12,8000.300545,666.6917120833,30841.50272706,299,274,1,0,0.0109146,convex_mesh_per_channel
310103,4,310103,12,2,12,6243.539505,520.29495875,24217.69752978,227,205,0,0,0.006417,convex_mesh_per_channel
310104,4,310104,15,0,15,11403.612509,760.2408339333,47413.06256596,313,281,0,0,0.0005685,convex_mesh_per_channel
310104,4,310104,15,1,15,8190.706916,546.0471277333,33443.53463534,229,198,28,2,0.0159424,convex_mesh_per_channel
310104,4,310104,15,2,15,6644.375188,442.9583458667,26631.87601242,197,177,27,1,0.0075564,convex_mesh_per_channel
310105,4,310105,16,0,16,11087.844734,692.990295875,47609.22368492,245,219,14,2,0.0005572,upper_bound_16
310105,4,310105,16,1,16,7943.931822,496.495738875,32809.65910233,213,183,18,2,0.0144816,upper_bound_16
310105,4,310105,16,2,16,7354.675667,459.6672291875,28343.37836037,244,218,56,4,0.0049895,upper_bound_16
310106,4,310106,12,0,12,11501.534437,958.4612030833,46142.67221726,329,298,90,1,0.0004527,convex_mesh_per_channel
310106,4,310106,12,1,12,8539.573775,711.6311479167,33347.86889165,305,270,5,1,0.0108756,convex_mesh_per_channel
310106,4,310106,12,2,12,7259.285206,604.9404338333,27836.42604242,263,239,26,1,0.0046815,convex_mesh_per_channel
310107,4,310107,15,0,15,10416.367526,694.4245017333,44156.8376185,257,225,0,0,0.0005132,convex_mesh_per_channel
310107,4,310107,15,1,15,8626.549791,575.1033194,35782.74892826,215,185,45,2,0.0126448,convex_mesh_per_channel
310107,4,310107,15,2,15,6808.801236,453.9200824,26829.00618399,192,171,79,2,0.0083635,convex_mesh_per_channel
310108,4,310108,12,0,12,11506.634239,958.8861865833,46893.17116298,320,291,59,2,0.0004385,convex_mesh_per_channel
310108,4,310108,12,1,12,9416.451705,784.70430875,36317.25851066,323,295,61,2,0.0094402,convex_mesh_per_channel
310108,4,310108,12,2,12,6457.061092,538.0884243333,24210.30541589,246,223,34,1,0.0055856,convex_mesh_per_channel
310109,4,310109,12,0,12,12141.710095,1011.809174583,48918.55056684,328,292,122,4,0.0004476,convex_mesh_per_channel
310109,4,310109,12,1,12,8302.094112,691.841176,31305.47056695,302,276,65,1,0.0082965,convex_mesh_per_channel
310109,4,310109,12,2,12,6831.528211,569.2940175833,26697.64109331,227,207,30,2,0.0071095,convex_mesh_per_channel
310110,4,310110,16,0,16,7792.437763,487.0273601875,31822.1888168,216,193,25,3,0.0005444,upper_bound_16
310110,4,310110,16,1,16,8319.508852,519.96930325,33677.54430649,246,220,18,1,0.0136429,upper_bound_16
310110,4,310110,16,2,16,7601.687729,475.1054830625,30353.43860147,220,189,54,4,0.0074567,upper_bound_16
310111,4,310111,10,0,10,10875.345809,1087.5345809,42841.72906163,381,349,1,0,0.0004369,convex_mesh_per_channel
310111,4,310111,10,1,10,7828.021915,782.8021915,28940.10961549,325,305,20,1,0.009,convex_mesh_per_channel
310111,4,310111,10,2,10,6464.636913,646.4636913,23873.18457985,265,249,22,1,0.004683,convex_mesh_per_channel
310112,4,310112,10,0,10,12192.39912,1219.239912,48306.99559291,388,349,64,2,0.0004244,convex_mesh_per_channel
310112,4,310112,10,1,10,8606.018124,860.6018124,33020.09061321,330,290,4,2,0.0106445,convex_mesh_per_channel
310112,4,310112,10,2,10,6845.979944,684.5979944,25414.89970122,284,251,14,2,0.0048562,convex_mesh_per_channel
310113,4,310113,16,0,16,8598.282552,537.3926595,36751.41278477,190,164,18,2,0.0005476,upper_bound_16
310113,4,310113,16,1,16,8079.019411,504.9387131875,32860.09707176,232,207,20,2,0.0131025,upper_bound_16
310113,4,310113,16,2,16,5865.827008,366.614188,23739.13503799,168,150,16,1,0.0077293,upper_bound_16
310114,4,310114,16,0,16,7149.692202,446.855762625,30338.46097352,147,132,45,2,0.0005594,upper_bound_16
310114,4,310114,16,1,16,5869.836604,366.86478775,23104.18299445,187,168,22,1,0.0111391,upper_bound_16
310114,4,310114,16,2,16,6273.879978,392.117498625,26229.39992925,148,130,26,1,0.0094322,upper_bound_16
310115,4,310115,15,0,15,13049.350878,869.9567252,54331.75422823,300,257,117,6,0.0004913,convex_mesh_per_channel
310115,4,310115,15,1,15,9362.964663,624.1976442,37454.8232711,268,229,76,4,0.0113383,convex_mesh_per_channel
310115,4,310115,15,2,15,8901.595228,593.4396818667,35567.97616783,247,214,88,6,0.005062,convex_mesh_per_channel
310116,4,310116,16,0,16,7803.219798,487.701237375,33356.09898648,148,132,60,2,0.000532,upper_bound_16
310116,4,310116,16,1,16,8292.422449,518.2764030625,33852.11225213,235,198,23,2,0.0128961,upper_bound_16
310116,4,310116,16,2,16,6458.570855,403.6606784375,25852.85425116,198,164,18,2,0.0083697,upper_bound_16
310117,4,310117,15,0,15,10328.586991,688.5724660667,44107.93495865,243,211,2,1,0.0005128,convex_mesh_per_channel
310117,4,310117,15,1,15,8163.520604,544.2347069333,33432.60303396,238,212,0,0,0.0147158,convex_mesh_per_channel
310117,4,310117,15,2,15,6050.295306,403.3530204,24436.47652734,184,162,2,1,0.0088686,convex_mesh_per_channel
310118,4,310118,14,0,14,12766.342067,911.8815762143,52996.71034831,334,280,49,5,0.0005014,convex_mesh_per_channel
310118,4,310118,14,1,14,9321.735814,665.8382724286,36708.67905717,292,264,62,3,0.0085677,convex_mesh_per_channel
310118,4,310118,14,2,14,7503.973781,535.9981272143,28869.86887753,254,228,54,1,0.004683,convex_mesh_per_channel
310119,4,310119,15,0,15,10241.645853,682.7763902,44173.22926872,211,178,33,1,0.0005533,convex_mesh_per_channel
310119,4,310119,15,1,15,8560.76914,570.7179426667,33923.84560701,248,209,84,4,0.0145991,convex_mesh_per_channel
310119,4,310119,15,2,15,6256.18898,417.0792653333,25030.94490567,183,164,32,1,0.0099917,convex_mesh_per_channel
310120,4,310120,15,0,15,11953.56276,796.904184,50027.81371181,235,200,166,3,0.0004985,convex_mesh_per_channel
310120,4,310120,15,1,15,9352.108889,623.4739259333,38165.54429492,219,189,120,3,0.0141641,convex_mesh_per_channel
310120,4,310120,15,2,15,7459.789342,497.3192894667,29003.94663049,206,176,126,4,0.0068914,convex_mesh_per_channel
310121,4,310121,13,0,13,11206.414469,862.0318822308,46717.07237995,291,259,28,2,0.0004655,convex_mesh_per_channel
310121,4,310121,13,1,13,7698.821866,592.2170666154,30394.10932142,261,229,7,2,0.0148342,convex_mesh_per_channel
310121,4,310121,13,2,13,6734.217254,518.0167118462,26696.08627051,217,197,16,1,0.0082289,convex_mesh_per_channel
310122,4,310122,10,0,10,11652.93669,1165.293669,46704.68346018,348,318,68,2,0.0003917,convex_mesh_per_channel
310122,4,310122,10,1,10,7644.316445,764.4316445,28606.58221277,316,293,0,0,0.009608,convex_mesh_per_channel
310122,4,310122,10,2,10,6882.139937,688.2139937,25725.69970213,270,241,32,2,0.0052389,convex_mesh_per_channel
310123,4,310123,15,0,15,10159.696902,677.3131268,43138.48454238,247,222,0,0,0.0005064,convex_mesh_per_channel
310123,4,310123,15,1,15,6857.680463,457.1786975333,27853.40230613,205,187,0,0,0.0162454,convex_mesh_per_channel
310123,4,310123,15,2,15,5913.134252,394.2089501333,23910.67126749,178,163,1,0,0.0076754,convex_mesh_per_channel
310124,4,310124,14,0,14,12415.380979,886.8129270714,51281.90481695,315,280,78,2,0.0005142,convex_mesh_per_channel
310124,4,310124,14,1,14,8692.146643,620.8676173571,35050.73322157,273,247,0,0,0.0110621,convex_mesh_per_channel
310124,4,310124,14,2,14,7688.978576,549.2127554286,30939.89290388,232,202,23,2,0.0053244,convex_mesh_per_channel
310125,4,310125,13,0,13,11336.106068,872.0081590769,46885.53035376,304,272,34,1,0.0004893,convex_mesh_per_channel
310125,4,310125,13,1,13,9380.866361,721.6051046923,37304.33179145,269,243,89,3,0.0102238,convex_mesh_per_channel
310125,4,310125,13,2,13,8208.316027,631.4089251538,31466.58001263,251,232,121,2,0.0048461,convex_mesh_per_channel
310126,4,310126,10,0,10,10311.028155,1031.1028155,40265.14079344,372,342,2,0,0.0004214,convex_mesh_per_channel
310126,4,310126,10,1,10,8301.889059,830.1889059,31384.44523371,316,284,37,2,0.0094006,convex_mesh_per_channel
310126,4,310126,10,2,10,6325.362876,632.5362876,22446.81437198,294,277,13,1,0.0033468,convex_mesh_per_channel
310127,4,310127,16,0,16,7709.644595,481.8527871875,32333.22298552,195,170,6,1,0.0006177,upper_bound_16
310127,4,310127,16,1,16,8244.945861,515.3091163125,32764.72907069,207,184,131,2,0.0136195,upper_bound_16
310127,4,310127,16,2,16,7004.459373,437.7787108125,27577.29678772,202,183,72,1,0.0071664,upper_bound_16
310128,4,310128,12,0,12,11097.211229,924.7676024167,45976.05615439,312,282,0,0,0.0004575,convex_mesh_per_channel
310128,4,310128,12,1,12,7422.633098,618.5527581667,29163.16548557,259,235,0,0,0.0154472,convex_mesh_per_channel
310128,4,310128,12,2,12,6042.307872,503.525656,22721.53936309,243,223,0,0,0.0059761,convex_mesh_per_channel
310129,4,310129,13,0,13,12394.406822,953.4159093846,51217.03404308,319,287,68,3,0.0004568,convex_mesh_per_channel
310129,4,310129,13,1,13,8425.341679,648.1032060769,32411.70837012,311,269,18,3,0.0092138,convex_mesh_per_channel
310129,4,310129,13,2,13,7635.574448,587.3518806154,29142.87210784,258,221,77,4,0.0052388,convex_mesh_per_channel
310130,4,310130,11,0,11,11600.509259,1054.591750818,45862.54628599,375,345,51,1,0.0004307,convex_mesh_per_channel
310130,4,310130,11,1,11,7754.697967,704.9725424545,28628.48984513,332,311,1,0,0.0083608,convex_mesh_per_channel
310130,4,310130,11,2,11,6614.115574,601.283234,24395.57789457,271,259,22,1,0.0034904,convex_mesh_per_channel
310131,4,310131,12,0,12,10790.280583,899.1900485833,42996.40291153,360,328,1,0,0.0004701,convex_mesh_per_channel
310131,4,310131,12,1,12,7524.583266,627.0486055,29167.91632837,274,246,5,1,0.0153658,convex_mesh_per_channel
310131,4,310131,12,2,12,6332.175052,527.6812543333,24180.87525632,242,223,1,1,0.0054959,convex_mesh_per_channel
310132,4,310132,14,0,14,11091.455914,792.246851,45132.27954699,305,272,66,2,0.0005015,convex_mesh_per_channel
310132,4,310132,14,1,14,7660.975526,547.2125375714,31604.87764352,216,187,1,0,0.0163194,convex_mesh_per_channel
310132,4,310132,14,2,14,7015.038211,501.0741579286,27725.191018,199,177,76,3,0.0068963,convex_mesh_per_channel
310133,4,310133,15,0,15,11534.642719,768.9761812667,48543.21360521,287,247,23,2,0.0005206,convex_mesh_per_channel
310133,4,310133,15,1,15,9925.108113,661.6738742,40705.5405566,222,185,138,3,0.0196052,convex_mesh_per_channel
310133,4,310133,15,2,15,8814.231141,587.6154094,35671.15562546,200,164,147,5,0.0088062,convex_mesh_per_channel
310134,4,310134,14,0,14,12258.826405,875.6304575,50354.13202281,321,294,73,1,0.0005005,convex_mesh_per_channel
310134,4,310134,14,1,14,7973.924693,569.5660495,31654.62346994,265,248,0,0,0.0131628,convex_mesh_per_channel
310134,4,310134,14,2,14,6951.705104,496.5503645714,26518.52553099,264,240,6,1,0.0048225,convex_mesh_per_channel
310135,4,310135,15,0,15,11668.667218,777.9111478667,49618.33604641,257,229,52,2,0.0005707,convex_mesh_per_channel
310135,4,310135,15,1,15,10039.482314,669.2988209333,39292.41152442,270,243,171,4,0.0091839,convex_mesh_per_channel
310135,4,310135,15,2,15,8938.122938,595.8748625333,35575.61468478,244,210,106,4,0.0067913,convex_mesh_per_channel
310136,4,310136,16,0,16,10255.24657,640.952910625,42831.23276616,250,218,47,1,0.0005838,upper_bound_16
310136,4,310136,16,1,16,7100.165148,443.76032175,27960.82564661,195,180,91,1,0.0113821,upper_bound_16
310136,4,310136,16,2,16,7325.936463,457.8710289375,28744.68235795,233,212,40,1,0.0053653,upper_bound_16
310137,4,310137,16,0,16,9162.220423,572.6387764375,39296.10212898,208,177,2,2,0.0005559,upper_bound_16
310137,4,310137,16,1,16,9710.076251,606.8797656875,40225.3811481,209,180,120,2,0.0162423,upper_bound_16
310137,4,310137,16,2,16,6943.28926,433.95557875,27926.44630966,216,198,0,0,0.0074822,upper_bound_16
310138,4,310138,12,0,12,10193.505963,849.45883025,41672.52982247,304,273,2,0,0.0005352,convex_mesh_per_channel
310138,4,310138,12,1,12,7268.322793,605.6935660833,28926.61395348,241,218,0,0,0.0148404,convex_mesh_per_channel
310138,4,310138,12,2,12,6148.145368,512.3454473333,23525.72684459,225,204,18,1,0.0077207,convex_mesh_per_channel
310139,4,310139,12,0,12,13417.511826,1118.1259855,53752.55912677,393,366,92,2,0.0004625,convex_mesh_per_channel
310139,4,310139,12,1,12,8801.129366,733.4274471667,33710.64682784,335,303,7,1,0.0078341,convex_mesh_per_channel
310139,4,310139,12,2,12,7604.024995,633.6687495833,29130.1249846,287,259,8,2,0.0036689,convex_mesh_per_channel
310140,4,310140,11,0,11,10757.794195,977.9812904545,42693.9709822,365,333,2,1,0.0004592,convex_mesh_per_channel
310140,4,310140,11,1,11,7586.414064,689.6740058182,29517.07033693,276,245,1,2,0.0138076,convex_mesh_per_channel
310140,4,310140,11,2,11,6025.07413,547.7340118182,22900.37064884,235,215,0,0,0.0064654,convex_mesh_per_channel
310141,4,310141,14,0,14,9610.98277,686.4987692857,40209.91384754,255,224,0,0,0.0005333,convex_mesh_per_channel
310141,4,310141,14,1,14,7094.28505,506.7346464286,28806.42525927,214,193,0,1,0.014471,convex_mesh_per_channel
310141,4,310141,14,2,14,5585.259759,398.9471256429,21976.29879376,189,175,0,0,0.0090924,convex_mesh_per_channel
310142,4,310142,15,0,15,10453.867358,696.9244905333,45624.33681531,214,184,0,0,0.0005298,convex_mesh_per_channel
310142,4,310142,15,1,15,7688.401161,512.5600774,32007.00580727,207,177,0,1,0.0234241,convex_mesh_per_channel
310142,4,310142,15,2,15,5951.389229,396.7592819333,23646.94615267,194,174,1,0,0.0106826,convex_mesh_per_channel
310143,4,310143,12,0,12,12113.183722,1009.431976833,48955.91857621,362,326,42,3,0.0004483,convex_mesh_per_channel
310143,4,310143,12,1,12,8653.922722,721.1602268333,33789.61359056,293,266,35,2,0.0102639,convex_mesh_per_channel
310143,4,310143,12,2,12,6304.662298,525.3885248333,23938.31149112,245,232,0,0,0.0050413,convex_mesh_per_channel
310144,4,310144,15,0,15,12605.706967,840.3804644667,52598.5346999,298,263,86,1,0.0005595,convex_mesh_per_channel
310144,4,310144,15,1,15,8663.364954,577.5576636,35691.82461441,203,174,87,2,0.0163053,convex_mesh_per_channel
310144,4,310144,15,2,15,7581.712919,505.4475279333,31128.5647549,180,156,75,2,0.009108,convex_mesh_per_channel
310145,4,310145,10,0,10,12601.674516,1260.1674516,49293.37242398,406,369,98,2,0.0004347,convex_mesh_per_channel
310145,4,310145,10,1,10,8670.460413,867.0460413,33002.30209121,340,305,5,1,0.0076528,convex_mesh_per_channel
310145,4,310145,10,2,10,7216.027439,721.6027439,26800.13717837,275,245,62,2,0.004952,convex_mesh_per_channel
310146,4,310146,14,0,14,11187.440692,799.1029065714,46372.20347532,312,277,2,0,0.000564,convex_mesh_per_channel
310146,4,310146,14,1,14,7945.040473,567.5028909286,32565.20237407,225,189,16,2,0.0178811,convex_mesh_per_channel
310146,4,310146,14,2,14,6534.300372,466.7357408571,25191.50187687,241,221,0,0,0.0072033,convex_mesh_per_channel
310147,4,310147,16,0,16,7561.72787,472.607991875,31458.63931901,146,133,109,2,0.0005539,upper_bound_16
310147,4,310147,16,1,16,6522.545743,407.6591089375,26702.72874381,156,139,61,1,0.0204636,upper_bound_16
310147,4,310147,16,2,16,5812.951669,363.3094793125,22884.75830442,180,154,34,2,0.0083582,upper_bound_16
310148,4,310148,15,0,15,11674.611951,778.3074634,49633.05979255,271,240,26,1,0.00054,convex_mesh_per_channel
310148,4,310148,15,1,15,9305.024021,620.3349347333,37625.11996694,236,201,108,2,0.0157414,convex_mesh_per_channel
310148,4,310148,15,2,15,7492.583439,499.5055626,29897.9171985,230,204,28,2,0.0055866,convex_mesh_per_channel
310149,4,310149,13,0,13,14051.050049,1080.850003769,54910.25021212,379,347,254,5,0.0004545,convex_mesh_per_channel
310149,4,310149,13,1,13,8416.610302,647.4315616923,33923.0515277,264,241,2,1,0.0091603,convex_mesh_per_channel
310149,4,310149,13,2,13,7415.344076,570.4110827692,28776.72037716,248,223,44,3,0.0046427,convex_mesh_per_channel
310150,4,310150,10,0,10,9833.226687,983.3226687,38466.13344579,353,325,0,0,0.0004217,convex_mesh_per_channel
310150,4,310150,10,1,10,7698.561989,769.8561989,29152.80994782,306,282,2,0,0.0095536,convex_mesh_per_channel
310150,4,310150,10,2,10,5935.505474,593.5505474,21807.52738794,257,239,0,0,0.0054134,convex_mesh_per_channel
310151,4,310151,12,0,12,11012.99602,917.7496683333,44444.98012125,347,308,7,2,0.0004675,convex_mesh_per_channel
310151,4,310151,12,1,12,8651.555241,720.96293675,33667.77617235,295,269,38,1,0.0097739,convex_mesh_per_channel
310151,4,310151,12,2,12,7955.678975,662.9732479167,30378.39482511,267,230,85,4,0.0049219,convex_mesh_per_channel
310152,4,310152,15,0,15,10535.976922,702.3984614667,45734.88461299,222,183,7,1,0.0005512,convex_mesh_per_channel
310152,4,310152,15,1,15,9126.399148,608.4266098667,37131.99561194,229,183,99,4,0.0171746,convex_mesh_per_channel
310152,4,310152,15,2,15,6169.093417,411.2728944667,25200.46708702,176,153,7,1,0.0096009,convex_mesh_per_channel
310153,4,310153,12,0,12,10230.501375,852.54178125,41092.50688949,329,304,1,0,0.0004837,convex_mesh_per_channel
310153,4,310153,12,1,12,7779.326154,648.2771795,30376.6307801,277,256,1,0,0.0107536,convex_mesh_per_channel
310153,4,310153,12,2,12,5710.2788,475.8565666667,21096.39399533,241,226,0,0,0.0052949,convex_mesh_per_channel
310154,4,310154,13,0,13,12845.089351,988.0837962308,53040.44658406,315,267,110,3,0.00048,convex_mesh_per_channel
310154,4,310154,13,1,13,8531.408313,656.2621779231,33737.04156248,290,257,4,0,0.0103513,convex_mesh_per_channel
310154,4,310154,13,2,13,7573.50972,582.5776707692,29662.54862979,264,232,8,2,0.0057471,convex_mesh_per_channel
310155,4,310155,13,0,13,11907.797822,915.9844478462,48423.98894049,318,283,95,2,0.0004975,convex_mesh_per_channel
310155,4,310155,13,1,13,9270.885394,713.1450303077,35639.42678436,292,273,115,2,0.0079146,convex_mesh_per_channel
310155,4,310155,13,2,13,8537.181408,656.7062621538,32800.90690624,276,250,94,2,0.0037251,convex_mesh_per_channel
310156,4,310156,12,0,12,13652.523278,1137.710273167,54242.61619521,379,333,172,5,0.0004617,convex_mesh_per_channel
310156,4,310156,12,1,12,9345.63059,778.8025491667,35748.15279961,312,282,98,3,0.0077116,convex_mesh_per_channel
310156,4,310156,12,2,12,7885.025075,657.0854229167,29575.1253685,316,267,21,6,0.0034797,convex_mesh_per_channel
310157,4,310157,15,0,15,11745.834667,783.0556444667,50474.17329847,246,202,48,3,0.0005495,convex_mesh_per_channel
310157,4,310157,15,1,15,7219.82123,481.3214153333,29249.10615859,219,197,1,0,0.0169339,convex_mesh_per_channel
310157,4,310157,15,2,15,6809.257775,453.9505183333,27091.28888681,223,195,2,1,0.0067511,convex_mesh_per_channel
310158,4,310158,11,0,11,10767.056206,978.8232914545,43340.28103526,345,316,1,0,0.0004594,convex_mesh_per_channel
310158,4,310158,11,1,11,7727.170527,702.4700479091,28515.85264207,317,300,28,1,0.0097963,convex_mesh_per_channel
310158,4,310158,11,2,11,6200.221304,563.6564821818,22866.10651945,266,242,0,0,0.0048415,convex_mesh_per_channel
310159,4,310159,11,0,11,11046.104092,1004.191281091,43190.52048291,386,351,24,2,0.0004612,convex_mesh_per_channel
310159,4,310159,11,1,11,9037.506949,821.5915408182,34047.53479415,339,310,56,3,0.0092358,convex_mesh_per_channel
310159,4,310159,11,2,11,6940.974428,630.9976752727,25844.87213896,282,262,15,1,0.0043117,convex_mesh_per_channel
310160,4,310160,12,0,12,11867.171975,988.9309979167,49175.85986852,316,284,36,1,0.000467,convex_mesh_per_channel
310160,4,310160,12,1,12,9286.095744,773.841312,36335.47864495,277,253,107,2,0.0119361,convex_mesh_per_channel
310160,4,310160,12,2,12,6186.211758,515.5176465,23841.0588013,229,213,0,0,0.0079948,convex_mesh_per_channel
310161,4,310161,16,0,16,10553.917528,659.6198455,43629.58765415,250,228,90,1,0.0005769,upper_bound_16
310161,4,310161,16,1,16,8661.205259,541.3253286875,35711.02635275,229,204,30,1,0.015086,upper_bound_16
310161,4,310161,16,2,16,5935.689741,370.9806088125,23778.4487129,187,162,1,0,0.0088094,upper_bound_16
310162,4,310162,14,0,14,11457.282949,818.3773535,47536.41477057,290,256,58,2,0.0005057,convex_mesh_per_channel
310162,4,310162,14,1,14,8893.403094,635.2430781429,34902.01547657,309,259,13,3,0.0088987,convex_mesh_per_channel
310162,4,310162,14,2,14,7477.657977,534.1184269286,28223.28990702,285,260,26,1,0.0037139,convex_mesh_per_channel
310163,4,310163,13,0,13,11785.750902,906.5962232308,47733.75453572,321,290,93,1,0.0005095,convex_mesh_per_channel
310163,4,310163,13,1,13,8460.165376,650.781952,32590.82684299,265,246,102,1,0.0108619,convex_mesh_per_channel
310163,4,310163,13,2,13,7376.450148,567.4192421538,27812.25074445,248,233,92,1,0.0051972,convex_mesh_per_channel
310164,4,310164,13,0,13,11789.764437,906.9049566923,47663.8222707,352,324,36,1,0.0005244,convex_mesh_per_channel
310164,4,310164,13,1,13,7858.859863,604.5276817692,31039.29932739,269,238,1,1,0.0127051,convex_mesh_per_channel
310164,4,310164,13,2,13,7466.23815,574.3260115385,28196.19072457,273,250,49,3,0.004655,convex_mesh_per_channel
310165,4,310165,10,0,10,12525.416023,1252.5416023,49687.0801256,380,344,98,1,0.0004342,convex_mesh_per_channel
310165,4,310165,10,1,10,8727.949022,872.7949022,32749.74509795,346,317,27,3,0.0070348,convex_mesh_per_channel
310165,4,310165,10,2,10,7465.519511,746.5519511,27327.59755399,281,260,95,1,0.0048949,convex_mesh_per_channel
310166,4,310166,13,0,13,10932.007982,840.9236909231,45925.03994023,285,254,1,0,0.0005167,convex_mesh_per_channel
310166,4,310166,13,1,13,7038.701068,541.4385436923,27758.50534644,241,217,0,0,0.0134781,convex_mesh_per_channel
310166,4,310166,13,2,13,5604.953756,431.1502889231,21739.76878552,200,177,5,1,0.0090572,convex_mesh_per_channel
310167,4,310167,14,0,14,11281.683071,805.8345050714,46873.41535501,287,258,48,1,0.0004954,convex_mesh_per_channel
310167,4,310167,14,1,14,8455.028781,603.9306272143,33765.14390796,271,241,12,2,0.0113112,convex_mesh_per_channel
310167,4,310167,14,2,14,7526.580134,537.6128667143,29547.90070287,250,219,26,3,0.0057794,convex_mesh_per_channel
310168,4,310168,11,0,11,13234.831446,1203.166495091,51984.15708803,419,382,102,4,0.0004338,convex_mesh_per_channel
310168,4,310168,11,1,11,9124.486324,829.4987567273,35017.43149428,301,273,96,3,0.0102858,convex_mesh_per_channel
310168,4,310168,11,2,11,7930.352069,720.9410971818,29006.76023291,280,257,139,3,0.0041787,convex_mesh_per_channel
310169,4,310169,15,0,15,11839.538208,789.3025472,49067.69104231,320,291,20,1,0.0005255,convex_mesh_per_channel
310169,4,310169,15,1,15,8633.173516,575.5449010667,34155.86758741,283,255,19,1,0.0081421,convex_mesh_per_channel
310169,4,310169,15,2,15,6695.757401,446.3838267333,26118.78700182,237,212,0,0,0.0053233,convex_mesh_per_channel
310170,4,310170,14,0,14,12110.614774,865.0439124286,50058.07388866,306,274,75,1,0.0005021,convex_mesh_per_channel
310170,4,310170,14,1,14,7212.855763,515.2039830714,29254.27882077,219,197,0,0,0.0149189,convex_mesh_per_channel
310170,4,310170,14,2,14,6213.972663,443.8551902143,24469.8633099,210,191,3,0,0.0063535,convex_mesh_per_channel
310171,4,310171,10,0,10,10859.131229,1085.9131229,41930.65617093,406,378,5,1,0.0004045,convex_mesh_per_channel
310171,4,310171,10,1,10,7818.705257,781.8705257,29108.52627631,316,295,24,1,0.0073412,convex_mesh_per_channel
310171,4,310171,10,2,10,7446.871864,744.6871864,27364.35936204,297,274,55,3,0.004033,convex_mesh_per_channel
310172,4,310172,12,0,12,9873.256588,822.7713823333,39621.28295045,320,289,0,0,0.0004694,convex_mesh_per_channel
310172,4,310172,12,1,12,6975.82903,581.3190858333,27074.14514674,253,233,1,0,0.0127175,convex_mesh_per_channel
310172,4,310172,12,2,12,5813.670478,484.4725398333,22158.3523968,223,207,0,0,0.0060947,convex_mesh_per_channel
310173,4,310173,15,0,15,12530.653712,835.3769141333,51713.26848912,306,262,107,5,0.0004881,convex_mesh_per_channel
310173,4,310173,15,1,15,10052.198522,670.1465681333,40490.99245614,219,187,199,4,0.0182985,convex_mesh_per_channel
310173,4,310173,15,2,15,8274.752402,551.6501601333,33983.76197805,208,171,64,5,0.0093174,convex_mesh_per_channel
310174,4,310174,11,0,11,10629.99609,966.3632809091,43334.98046987,323,293,0,0,0.000444,convex_mesh_per_channel
310174,4,310174,11,1,11,7625.542571,693.2311428182,29037.71286336,298,273,0,0,0.0103032,convex_mesh_per_channel
310174,4,310174,11,2,11,6367.871248,578.8973861818,23984.3562153,242,222,28,1,0.0059453,convex_mesh_per_channel
310175,4,310175,10,0,10,10760.358951,1076.0358951,41966.79475205,392,351,2,1,0.0004175,convex_mesh_per_channel
310175,4,310175,10,1,10,8591.093189,859.1093189,32615.46595272,342,308,0,0,0.0081288,convex_mesh_per_channel
310175,4,310175,10,2,10,7590.335641,759.0335641,27736.67820063,292,269,88,1,0.0036741,convex_mesh_per_channel
310176,4,310176,10,0,10,10936.494273,1093.6494273,42442.47133503,358,332,92,2,0.0003801,convex_mesh_per_channel
310176,4,310176,10,1,10,7096.833338,709.6833338,26184.16669235,305,285,0,0,0.0121791,convex_mesh_per_channel
310176,4,310176,10,2,10,6108.334427,610.8334427,21686.67213692,289,273,1,0,0.0036564,convex_mesh_per_channel
310177,4,310177,10,0,10,12382.267571,1238.2267571,48696.33782158,383,351,109,3,0.0003977,convex_mesh_per_channel
310177,4,310177,10,1,10,8030.131734,803.0131734,29755.65866751,342,319,0,0,0.0067673,convex_mesh_per_channel
310177,4,310177,10,2,10,6735.766118,673.5766118,24508.83058465,294,269,15,2,0.0039659,convex_mesh_per_channel
310178,4,310178,13,0,13,13090.573827,1006.967217462,53067.86904924,328,289,161,4,0.0004694,convex_mesh_per_channel
310178,4,310178,13,1,13,9750.227071,750.017467,38231.13532942,297,266,96,4,0.0100858,convex_mesh_per_channel
310178,4,310178,13,2,13,7837.410767,602.8777513077,30382.0539101,260,228,56,3,0.0055547,convex_mesh_per_channel
310179,4,310179,13,0,13,9734.090129,748.7761637692,40155.45065057,278,248,0,0,0.000496,convex_mesh_per_channel
310179,4,310179,13,1,13,7276.542085,559.7340065385,29172.71042559,233,212,0,0,0.0161077,convex_mesh_per_channel
310179,4,310179,13,2,13,5447.932749,419.0717499231,20994.66374807,200,184,0,0,0.0094825,convex_mesh_per_channel
310180,4,310180,13,0,13,10868.445198,836.034246,45007.22599612,306,269,1,0,0.0005288,convex_mesh_per_channel
310180,4,310180,13,1,13,8050.607711,619.2775162308,32523.03856105,249,224,4,1,0.0172058,convex_mesh_per_channel
310180,4,310180,13,2,13,6994.115193,538.008861,27335.57598532,215,192,65,1,0.0070109,convex_mesh_per_channel
310181,4,310181,12,0,12,10619.791666,884.9826388333,42408.95828554,339,308,25,1,0.0004917,convex_mesh_per_channel
310181,4,310181,12,1,12,8506.179796,708.8483163333,32425.898988,288,266,85,1,0.010355,convex_mesh_per_channel
310181,4,310181,12,2,12,7185.209858,598.7674881667,28026.04925996,243,218,29,2,0.0054582,convex_mesh_per_channel
310182,4,310182,15,0,15,13596.114405,906.407627,55945.57206873,313,260,169,6,0.0004877,convex_mesh_per_channel
310182,4,310182,15,1,15,10232.672192,682.1781461333,41183.36081198,276,232,103,4,0.0105999,convex_mesh_per_channel
310182,4,310182,15,2,15,10029.589838,668.6393225333,40267.94912961,242,193,166,8,0.0066544,convex_mesh_per_channel
310183,4,310183,11,0,11,10581.063574,961.9148703636,41750.317881,368,330,2,1,0.0004296,convex_mesh_per_channel
310183,4,310183,11,1,11,9220.936383,838.2669439091,34819.68196644,353,329,36,1,0.0075381,convex_mesh_per_channel
310183,4,310183,11,2,11,6578.99166,598.0901509091,24719.95829759,266,244,2,0,0.0043816,convex_mesh_per_channel
310184,4,310184,11,0,11,10437.176165,948.8341968182,41805.88082883,342,311,0,0,0.0004245,convex_mesh_per_channel
310184,4,310184,11,1,11,8188.079569,744.3708699091,31720.39784145,284,258,37,1,0.0110924,convex_mesh_per_channel
310184,4,310184,11,2,11,6754.694354,614.0631230909,25548.47172362,252,219,37,3,0.0073391,convex_mesh_per_channel
310185,4,310185,15,0,15,10896.261269,726.4174179333,46511.30640202,248,216,21,1,0.0005461,convex_mesh_per_channel
310185,4,310185,15,1,15,8599.414131,573.2942754,34142.07070804,257,231,60,1,0.0095413,convex_mesh_per_channel
310185,4,310185,15,2,15,7289.373466,485.9582310667,26986.8673614,287,259,41,2,0.0037578,convex_mesh_per_channel
310186,4,310186,14,0,14,13147.307939,939.0934242143,53076.53956858,316,285,199,3,0.0004781,convex_mesh_per_channel
310186,4,310186,14,1,14,9811.192917,700.7994940714,38425.9645863,293,267,108,2,0.009786,convex_mesh_per_channel
310186,4,310186,14,2,14,7180.634008,512.9024291429,28218.17004105,235,214,26,1,0.0052768,convex_mesh_per_channel
310187,4,310187,12,0,12,11151.09603,929.2580025,45325.48017931,325,293,36,1,0.0004792,convex_mesh_per_channel
310187,4,310187,12,1,12,7595.56609,632.9638408333,29792.8304871,253,231,27,1,0.0137672,convex_mesh_per_channel
310187,4,310187,12,2,12,5912.571836,492.7143196667,22792.85918944,217,200,3,0,0.0086019,convex_mesh_per_channel
310188,4,310188,12,0,12,12477.762278,1039.813523167,50073.81121878,350,320,111,2,0.0004332,convex_mesh_per_channel
310188,4,310188,12,1,12,8157.414094,679.7845078333,31652.07046101,299,272,0,0,0.0112239,convex_mesh_per_channel
310188,4,310188,12,2,12,7680.333077,640.0277564167,29946.66537989,271,246,10,2,0.0043236,convex_mesh_per_channel
310189,4,310189,12,0,12,10979.721543,914.97679525,44523.60772494,334,306,13,1,0.0004614,convex_mesh_per_channel
310189,4,310189,12,1,12,7837.881375,653.15678125,29644.40687476,311,282,4,1,0.0094499,convex_mesh_per_channel
310189,4,310189,12,2,12,6766.513947,563.87616225,25927.56971468,248,221,20,2,0.0052123,convex_mesh_per_channel
310190,4,310190,15,0,15,11012.827662,734.1885108,46384.13832363,282,251,0,0,0.000529,convex_mesh_per_channel
310190,4,310190,15,1,15,8314.911172,554.3274114667,33699.55586466,237,207,36,4,0.0131805,convex_mesh_per_channel
310190,4,310190,15,2,15,7410.265016,494.0176677333,29246.32509633,221,201,60,2,0.0084413,convex_mesh_per_channel
310191,4,310191,11,0,11,10709.479599,973.5890544545,42042.39800366,359,331,40,1,0.0004163,convex_mesh_per_channel
310191,4,310191,11,1,11,7668.406583,697.1278711818,29777.0328693,260,241,39,1,0.0130073,convex_mesh_per_channel
310191,4,310191,11,2,11,6445.066935,585.9151759091,24440.33468694,233,217,40,1,0.0075994,convex_mesh_per_channel
310192,4,310192,15,0,15,12225.509825,815.0339883333,51712.54900503,234,200,146,4,0.000503,convex_mesh_per_channel
310192,4,310192,15,1,15,7615.087866,507.6725244,29775.43932967,268,242,1,0,0.0130155,convex_mesh_per_channel
310192,4,310192,15,2,15,6765.899124,451.0599416,26829.49562504,217,198,14,1,0.0079857,convex_mesh_per_channel
310193,4,310193,12,0,12,12395.778133,1032.981511083,49603.89055452,342,309,132,2,0.0004791,convex_mesh_per_channel
310193,4,310193,12,1,12,9378.524296,781.5436913333,35717.62147868,322,289,92,2,0.008607,convex_mesh_per_channel
310193,4,310193,12,2,12,6999.714847,583.3095705833,26683.57425755,265,248,10,1,0.0045303,convex_mesh_per_channel
310194,4,310194,12,0,12,12494.411867,1041.200988917,49547.05916376,382,345,90,2,0.0004753,convex_mesh_per_channel
310194,4,310194,12,1,12,9506.516186,792.2096821667,35397.58094187,373,325,59,6,0.0081988,convex_mesh_per_channel
310194,4,310194,12,2,12,9604.800039,800.40000325,35698.99997351,297,266,218,5,0.0038165,convex_mesh_per_channel
310195,4,310195,10,0,10,9991.083399,999.1083399,39255.41700709,353,325,0,0,0.0004082,convex_mesh_per_channel
310195,4,310195,10,1,10,7455.729143,745.5729143,28178.64571329,299,275,0,0,0.0105567,convex_mesh_per_channel
310195,4,310195,10,2,10,6209.449627,620.9449627,23087.24812775,259,241,2,1,0.0042153,convex_mesh_per_channel
310196,4,310196,13,0,13,10692.419628,822.4938175385,44182.0981478,303,273,1,0,0.0005129,convex_mesh_per_channel
310196,4,310196,13,1,13,7348.315598,565.255046,28836.57798961,256,233,1,0,0.0134949,convex_mesh_per_channel
310196,4,310196,13,2,13,6475.747133,498.1343948462,24393.7356859,255,239,6,1,0.0051105,convex_mesh_per_channel
310197,4,310197,14,0,14,11013.034919,786.6453513571,46180.17460547,290,257,0,0,0.00054,convex_mesh_per_channel
310197,4,310197,14,1,14,8030.048222,573.574873,33345.24109859,216,187,8,2,0.0183622,convex_mesh_per_channel
310197,4,310197,14,2,14,5978.596255,427.0425896429,24207.98129176,181,159,1,0,0.0139054,convex_mesh_per_channel
310198,4,310198,14,0,14,10647.90261,760.5644721429,44129.51306034,297,267,0,0,0.0005287,convex_mesh_per_channel
310198,4,310198,14,1,14,7663.277955,547.3769967857,29426.3897749,286,260,6,1,0.0105164,convex_mesh_per_channel
310198,4,310198,14,2,14,6503.33646,464.5240328571,24976.68230744,242,228,0,0,0.0049557,convex_mesh_per_channel
310199,4,310199,16,0,16,5879.404123,367.4627576875,25037.02063393,134,122,0,0,0.0005747,upper_bound_16
310199,4,310199,16,1,16,8113.681794,507.105112125,34188.4089664,165,140,77,3,0.0195088,upper_bound_16
310199,4,310199,16,2,16,6498.745689,406.1716055625,26143.72843436,199,165,10,2,0.0072375,upper_bound_16
310200,4,310200,12,0,12,11808.961624,984.0801353333,47269.80812276,357,321,63,3,0.0004522,convex_mesh_per_channel
310200,4,310200,12,1,12,7904.178172,658.6815143333,30190.89085656,304,283,1,0,0.007623,convex_mesh_per_channel
310200,4,310200,12,2,12,7401.492313,616.7910260833,27867.46157352,281,255,36,2,0.003808,convex_mesh_per_channel
