n,ni,no,ri,ro,phase,score
21,8,12,982,1864,0,1001.84
21,8,12,982,1864,1.875,1001.84
21,8,12,982,1864,3.75,1001.84
21,8,12,982,1864,5.625,1001.84
21,8,12,982,1864,7.5,1001.84
21,8,12,982,1867,0,1004.73
21,8,12,982,1867,1.875,1004.73
21,8,12,982,1867,3.75,1004.73
21,8,12,982,1867,5.625,1004.73
21,8,12,982,1867,7.5,1004.73
21,8,12,982,1870,0,1005
21,8,12,982,1870,1.875,1005
21,8,12,982,1870,3.75,1005
21,8,12,982,1870,5.625,1005
21,8,12,982,1870,7.5,1005
21,8,12,982,1873,0,1005
21,8,12,982,1873,1.875,1005
21,8,12,982,1873,3.75,1005
21,8,12,982,1873,5.625,1005
21,8,12,982,1873,7.5,1005
21,8,12,982,1876,0,1005
21,8,12,982,1876,1.875,1005
21,8,12,982,1876,3.75,1005
21,8,12,982,1876,5.625,1005
21,8,12,982,1876,7.5,1005
21,8,12,982,1879,0,1005
21,8,12,982,1879,1.875,1005
21,8,12,982,1879,3.75,1005
21,8,12,982,1879,5.625,1005
21,8,12,982,1879,7.5,1005
21,8,12,982,1882,0,1005
21,8,12,982,1882,1.875,1005
21,8,12,982,1882,3.75,1005
21,8,12,982,1882,5.625,1005
21,8,12,982,1882,7.5,1005
21,8,12,982,1885,0,1005
21,8,12,982,1885,1.875,1005
21,8,12,982,1885,3.75,1005
21,8,12,982,1885,5.625,1005
21,8,12,982,1885,7.5,1005
21,8,12,982,1888,0,1005
21,8,12,982,1888,1.875,1005
21,8,12,982,1888,3.75,1005
21,8,12,982,1888,5.625,1005
21,8,12,982,1888,7.5,1005
21,8,12,982,1891,0,1005
21,8,12,982,1891,3.75,1005
21,8,12,982,1891,7.5,1005
21,8,12,982,1894,0,1005
21,8,12,982,1894,3.75,1005
21,8,12,982,1894,7.5,1005
21,8,12,982,1897,0,1005
21,8,12,982,1897,3.75,1005
21,8,12,982,1897,7.5,1005
21,8,12,982,1900,0,1005
21,8,12,982,1900,3.75,1005
21,8,12,982,1900,7.5,1005
21,8,12,983,1864,0,1001.84
21,8,12,983,1864,1.875,1001.84
21,8,12,983,1864,3.75,1001.84
21,8,12,983,1864,5.625,1001.84
21,8,12,983,1864,7.5,1001.84
21,8,12,983,1867,0,1004.73
21,8,12,983,1867,1.875,1004.73
21,8,12,983,1867,3.75,1004.73
21,8,12,983,1867,5.625,1004.73
21,8,12,983,1867,7.5,1004.73
21,8,12,983,1870,0,1005
21,8,12,983,1870,1.875,1005
21,8,12,983,1870,3.75,1005
21,8,12,983,1870,5.625,1005
21,8,12,983,1870,7.5,1005
21,8,12,983,1873,0,1005
21,8,12,983,1873,1.875,1005
21,8,12,983,1873,3.75,1005
21,8,12,983,1873,5.625,1005
21,8,12,983,1873,7.5,1005
21,8,12,983,1876,0,1005
21,8,12,983,1876,1.875,1005
21,8,12,983,1876,3.75,1005
21,8,12,983,1876,5.625,1005
21,8,12,983,1876,7.5,1005
21,8,12,983,1879,0,1005
21,8,12,983,1879,1.875,1005
21,8,12,983,1879,3.75,1005
21,8,12,983,1879,5.625,1005
21,8,12,983,1879,7.5,1005
21,8,12,983,1882,0,1005
21,8,12,983,1882,1.875,1005
21,8,12,983,1882,3.75,1005
21,8,12,983,1882,5.625,1005
21,8,12,983,1882,7.5,1005
21,8,12,983,1885,0,1005
21,8,12,983,1885,1.875,1005
21,8,12,983,1885,3.75,1005
21,8,12,983,1885,5.625,1005
21,8,12,983,1885,7.5,1005
21,8,12,983,1888,0,1005
21,8,12,983,1888,1.875,1005
21,8,12,983,1888,3.75,1005
21,8,12,983,1888,5.625,1005
21,8,12,983,1888,7.5,1005
21,8,12,983,1891,0,1005
21,8,12,983,1891,3.75,1005
21,8,12,983,1891,7.5,1005
21,8,12,983,1894,0,1005
21,8,12,983,1894,3.75,1005
21,8,12,983,1894,7.5,1005
21,8,12,983,1897,0,1005
21,8,12,983,1897,3.75,1005
21,8,12,983,1897,7.5,1005
21,8,12,983,1900,0,1005
21,8,12,983,1900,3.75,1005
21,8,12,983,1900,7.5,1005
21,8,12,984,1864,0,1001.84
21,8,12,984,1864,1.875,1001.84
21,8,12,984,1864,3.75,1001.84
21,8,12,984,1864,5.625,1001.84
21,8,12,984,1864,7.5,1001.84
21,8,12,984,1867,0,1004.73
21,8,12,984,1867,1.875,1004.73
21,8,12,984,1867,3.75,1004.73
21,8,12,984,1867,5.625,1004.73
21,8,12,984,1867,7.5,1004.73
21,8,12,984,1870,0,1005
21,8,12,984,1870,1.875,1005
21,8,12,984,1870,3.75,1005
21,8,12,984,1870,5.625,1005
21,8,12,984,1870,7.5,1005
21,8,12,984,1873,0,1005
21,8,12,984,1873,1.875,1005
21,8,12,984,1873,3.75,1005
21,8,12,984,1873,5.625,1005
21,8,12,984,1873,7.5,1005
21,8,12,984,1876,0,1005
21,8,12,984,1876,1.875,1005
21,8,12,984,1876,3.75,1005
21,8,12,984,1876,5.625,1005
21,8,12,984,1876,7.5,1005
21,8,12,984,1879,0,1005
21,8,12,984,1879,1.875,1005
21,8,12,984,1879,3.75,1005
21,8,12,984,1879,5.625,1005
21,8,12,984,1879,7.5,1005
21,8,12,984,1882,0,1005
21,8,12,984,1882,1.875,1005
21,8,12,984,1882,3.75,1005
21,8,12,984,1882,5.625,1005
21,8,12,984,1882,7.5,1005
21,8,12,984,1885,0,1005
21,8,12,984,1885,1.875,1005
21,8,12,984,1885,3.75,1005
21,8,12,984,1885,5.625,1005
21,8,12,984,1885,7.5,1005
21,8,12,984,1888,0,1005
21,8,12,984,1888,1.875,1005
21,8,12,984,1888,3.75,1005
21,8,12,984,1888,5.625,1005
21,8,12,984,1888,7.5,1005
21,8,12,984,1891,0,1005
21,8,12,984,1891,3.75,1005
21,8,12,984,1891,7.5,1005
21,8,12,984,1894,0,1005
21,8,12,984,1894,3.75,1005
21,8,12,984,1894,7.5,1005
21,8,12,984,1897,0,1005
21,8,12,984,1897,3.75,1005
21,8,12,984,1897,7.5,1005
21,8,12,984,1900,0,1005
21,8,12,984,1900,3.75,1005
21,8,12,984,1900,7.5,1005
21,8,12,985,1864,0,1001.84
21,8,12,985,1864,1.875,1001.84
21,8,12,985,1864,3.75,1001.84
21,8,12,985,1864,5.625,1001.84
21,8,12,985,1864,7.5,1001.84
21,8,12,985,1867,0,1004.73
21,8,12,985,1867,1.875,1004.73
21,8,12,985,1867,3.75,1004.73
21,8,12,985,1867,5.625,1004.73
21,8,12,985,1867,7.5,1004.73
21,8,12,985,1870,0,1005
21,8,12,985,1870,1.875,1005
21,8,12,985,1870,3.75,1005
21,8,12,985,1870,5.625,1005
21,8,12,985,1870,7.5,1005
21,8,12,985,1873,0,1005
21,8,12,985,1873,1.875,1005
21,8,12,985,1873,3.75,1005
21,8,12,985,1873,5.625,1005
21,8,12,985,1873,7.5,1005
21,8,12,985,1876,0,1005
21,8,12,985,1876,1.875,1005
21,8,12,985,1876,3.75,1005
21,8,12,985,1876,5.625,1005
21,8,12,985,1876,7.5,1005
21,8,12,985,1879,0,1005
21,8,12,985,1879,1.875,1005
21,8,12,985,1879,3.75,1005
21,8,12,985,1879,5.625,1005
21,8,12,985,1879,7.5,1005
21,8,12,985,1882,0,1005
21,8,12,985,1882,1.875,1005
21,8,12,985,1882,3.75,1005
21,8,12,985,1882,5.625,1005
21,8,12,985,1882,7.5,1005
21,8,12,985,1885,0,1005
21,8,12,985,1885,1.875,1005
21,8,12,985,1885,3.75,1005
21,8,12,985,1885,5.625,1005
21,8,12,985,1885,7.5,1005
21,8,12,985,1888,0,1005
21,8,12,985,1888,1.875,1005
21,8,12,985,1888,3.75,1005
21,8,12,985,1888,7.5,1005
21,8,12,985,1891,0,1005
21,8,12,985,1891,3.75,1005
21,8,12,985,1891,7.5,1005
21,8,12,985,1894,0,1005
21,8,12,985,1894,3.75,1005
21,8,12,985,1894,7.5,1005
21,8,12,985,1897,0,1005
21,8,12,985,1897,3.75,1005
21,8,12,985,1897,7.5,1005
21,8,12,985,1900,0,1005
21,8,12,985,1900,3.75,1005
21,8,12,985,1900,7.5,1005
21,8,12,986,1864,0,1001.84
21,8,12,986,1864,1.875,1001.84
21,8,12,986,1864,3.75,1001.84
21,8,12,986,1864,5.625,1001.84
21,8,12,986,1864,7.5,1001.84
21,8,12,986,1867,0,1004.73
21,8,12,986,1867,1.875,1004.73
21,8,12,986,1867,3.75,1004.73
21,8,12,986,1867,5.625,1004.73
21,8,12,986,1867,7.5,1004.73
21,8,12,986,1870,0,1005
21,8,12,986,1870,1.875,1005
21,8,12,986,1870,3.75,1005
21,8,12,986,1870,5.625,1005
21,8,12,986,1870,7.5,1005
21,8,12,986,1873,0,1005
21,8,12,986,1873,1.875,1005
21,8,12,986,1873,3.75,1005
21,8,12,986,1873,5.625,1005
21,8,12,986,1873,7.5,1005
21,8,12,986,1876,0,1005
21,8,12,986,1876,1.875,1005
21,8,12,986,1876,3.75,1005
21,8,12,986,1876,5.625,1005
21,8,12,986,1876,7.5,1005
21,8,12,986,1879,0,1005
21,8,12,986,1879,1.875,1005
21,8,12,986,1879,3.75,1005
21,8,12,986,1879,5.625,1005
21,8,12,986,1879,7.5,1005
21,8,12,986,1882,0,1005
21,8,12,986,1882,1.875,1005
21,8,12,986,1882,3.75,1005
21,8,12,986,1882,5.625,1005
21,8,12,986,1882,7.5,1005
21,8,12,986,1885,0,1005
21,8,12,986,1885,1.875,1005
21,8,12,986,1885,3.75,1005
21,8,12,986,1885,5.625,1005
21,8,12,986,1885,7.5,1005
21,8,12,986,1888,0,1005
21,8,12,986,1888,3.75,1005
21,8,12,986,1888,7.5,1005
21,8,12,986,1891,0,1005
21,8,12,986,1891,3.75,1005
21,8,12,986,1891,7.5,1005
21,8,12,986,1894,0,1005
21,8,12,986,1894,3.75,1005
21,8,12,986,1894,7.5,1005
21,8,12,986,1897,0,1005
21,8,12,986,1897,3.75,1005
21,8,12,986,1897,7.5,1005
21,8,12,986,1900,0,1005
21,8,12,986,1900,3.75,1005
21,8,12,986,1900,7.5,1005
21,8,12,987,1864,0,1001.84
21,8,12,987,1864,1.875,1001.84
21,8,12,987,1864,3.75,1001.84
21,8,12,987,1864,5.625,1001.84
21,8,12,987,1864,7.5,1001.84
21,8,12,987,1867,0,1004.73
21,8,12,987,1867,1.875,1004.73
21,8,12,987,1867,3.75,1004.73
21,8,12,987,1867,5.625,1004.73
21,8,12,987,1867,7.5,1004.73
21,8,12,987,1870,0,1005
21,8,12,987,1870,1.875,1005
21,8,12,987,1870,3.75,1005
21,8,12,987,1870,5.625,1005
21,8,12,987,1870,7.5,1005
21,8,12,987,1873,0,1005
21,8,12,987,1873,1.875,1005
21,8,12,987,1873,3.75,1005
21,8,12,987,1873,5.625,1005
21,8,12,987,1873,7.5,1005
21,8,12,987,1876,0,1005
21,8,12,987,1876,1.875,1005
21,8,12,987,1876,3.75,1005
21,8,12,987,1876,5.625,1005
21,8,12,987,1876,7.5,1005
21,8,12,987,1879,0,1005
21,8,12,987,1879,1.875,1005
21,8,12,987,1879,3.75,1005
21,8,12,987,1879,5.625,1005
21,8,12,987,1879,7.5,1005
21,8,12,987,1882,0,1005
21,8,12,987,1882,1.875,1005
21,8,12,987,1882,3.75,1005
21,8,12,987,1882,5.625,1005
21,8,12,987,1882,7.5,1005
21,8,12,987,1885,0,1005
21,8,12,987,1885,1.875,1005
21,8,12,987,1885,3.75,1005
21,8,12,987,1885,5.625,1005
21,8,12,987,1885,7.5,1005
21,8,12,987,1888,0,1005
21,8,12,987,1888,3.75,1005
21,8,12,987,1888,7.5,1005
21,8,12,987,1891,0,1005
21,8,12,987,1891,3.75,1005
21,8,12,987,1891,7.5,1005
21,8,12,987,1894,0,1005
21,8,12,987,1894,3.75,1005
21,8,12,987,1894,7.5,1005
21,8,12,987,1897,0,1005
21,8,12,987,1897,3.75,1005
21,8,12,987,1897,7.5,1005
21,8,12,987,1900,0,1005
21,8,12,987,1900,3.75,1005
21,8,12,987,1900,7.5,1005
21,8,12,988,1864,0,1001.84
21,8,12,988,1864,1.875,1001.84
21,8,12,988,1864,3.75,1001.84
21,8,12,988,1864,5.625,1001.84
21,8,12,988,1864,7.5,1001.84
21,8,12,988,1867,0,1004.73
21,8,12,988,1867,1.875,1004.73
21,8,12,988,1867,3.75,1004.73
21,8,12,988,1867,5.625,1004.73
21,8,12,988,1867,7.5,1004.73
21,8,12,988,1870,0,1005
21,8,12,988,1870,1.875,1005
21,8,12,988,1870,3.75,1005
21,8,12,988,1870,5.625,1005
21,8,12,988,1870,7.5,1005
21,8,12,988,1873,0,1005
21,8,12,988,1873,1.875,1005
21,8,12,988,1873,3.75,1005
21,8,12,988,1873,5.625,1005
21,8,12,988,1873,7.5,1005
21,8,12,988,1876,0,1005
21,8,12,988,1876,1.875,1005
21,8,12,988,1876,3.75,1005
21,8,12,988,1876,5.625,1005
21,8,12,988,1876,7.5,1005
21,8,12,988,1879,0,1005
21,8,12,988,1879,1.875,1005
21,8,12,988,1879,3.75,1005
21,8,12,988,1879,5.625,1005
21,8,12,988,1879,7.5,1005
21,8,12,988,1882,0,1005
21,8,12,988,1882,1.875,1005
21,8,12,988,1882,3.75,1005
21,8,12,988,1882,5.625,1005
21,8,12,988,1882,7.5,1005
21,8,12,988,1885,0,1005
21,8,12,988,1885,1.875,1005
21,8,12,988,1885,3.75,1005
21,8,12,988,1885,7.5,1005
21,8,12,988,1888,0,1005
21,8,12,988,1888,3.75,1005
21,8,12,988,1888,7.5,1005
21,8,12,988,1891,0,1005
21,8,12,988,1891,3.75,1005
21,8,12,988,1891,7.5,1005
21,8,12,988,1894,0,1005
21,8,12,988,1894,3.75,1005
21,8,12,988,1894,7.5,1005
21,8,12,988,1897,0,1005
21,8,12,988,1897,3.75,1005
21,8,12,988,1897,7.5,1005
21,8,12,988,1900,0,1005
21,8,12,988,1900,3.75,1005
21,8,12,988,1900,7.5,1005
21,8,12,989,1864,0,1001.84
21,8,12,989,1864,1.875,1001.84
21,8,12,989,1864,3.75,1001.84
21,8,12,989,1864,5.625,1001.84
21,8,12,989,1864,7.5,1001.84
21,8,12,989,1867,0,1004.73
21,8,12,989,1867,1.875,1004.73
21,8,12,989,1867,3.75,1004.73
21,8,12,989,1867,5.625,1004.73
21,8,12,989,1867,7.5,1004.73
21,8,12,989,1870,0,1005
21,8,12,989,1870,1.875,1005
21,8,12,989,1870,3.75,1005
21,8,12,989,1870,5.625,1005
21,8,12,989,1870,7.5,1005
21,8,12,989,1873,0,1005
21,8,12,989,1873,1.875,1005
21,8,12,989,1873,3.75,1005
21,8,12,989,1873,5.625,1005
21,8,12,989,1873,7.5,1005
21,8,12,989,1876,0,1005
21,8,12,989,1876,1.875,1005
21,8,12,989,1876,3.75,1005
21,8,12,989,1876,5.625,1005
21,8,12,989,1876,7.5,1005
21,8,12,989,1879,0,1005
21,8,12,989,1879,1.875,1005
21,8,12,989,1879,3.75,1005
21,8,12,989,1879,5.625,1005
21,8,12,989,1879,7.5,1005
21,8,12,989,1882,0,1005
21,8,12,989,1882,1.875,1005
21,8,12,989,1882,3.75,1005
21,8,12,989,1882,5.625,1005
21,8,12,989,1882,7.5,1005
21,8,12,989,1885,0,1005
21,8,12,989,1885,1.875,1005
21,8,12,989,1885,3.75,1005
21,8,12,989,1885,7.5,1005
21,8,12,989,1888,0,1005
21,8,12,989,1888,3.75,1005
21,8,12,989,1888,7.5,1005
21,8,12,989,1891,0,1005
21,8,12,989,1891,3.75,1005
21,8,12,989,1891,7.5,1005
21,8,12,989,1894,0,1005
21,8,12,989,1894,3.75,1005
21,8,12,989,1894,7.5,1005
21,8,12,989,1897,0,1005
21,8,12,989,1897,3.75,1005
21,8,12,989,1897,7.5,1005
21,8,12,989,1900,0,1005
21,8,12,989,1900,3.75,1005
21,8,12,989,1900,7.5,1005
21,8,12,990,1864,0,999.258
21,8,12,990,1864,1.875,1001.84
21,8,12,990,1864,3.75,1001.84
21,8,12,990,1864,5.625,1001.84
21,8,12,990,1864,7.5,1001.84
21,8,12,990,1867,0,1002.19
21,8,12,990,1867,1.875,1004.73
21,8,12,990,1867,3.75,1004.73
21,8,12,990,1867,5.625,1004.73
21,8,12,990,1867,7.5,1004.73
21,8,12,990,1870,0,1005
21,8,12,990,1870,1.875,1005
21,8,12,990,1870,3.75,1005
21,8,12,990,1870,5.625,1005
21,8,12,990,1870,7.5,1005
21,8,12,990,1873,0,1005
21,8,12,990,1873,1.875,1005
21,8,12,990,1873,3.75,1005
21,8,12,990,1873,5.625,1005
21,8,12,990,1873,7.5,1005
21,8,12,990,1876,0,1005
21,8,12,990,1876,1.875,1005
21,8,12,990,1876,3.75,1005
21,8,12,990,1876,5.625,1005
21,8,12,990,1876,7.5,1005
21,8,12,990,1879,0,1005
21,8,12,990,1879,1.875,1005
21,8,12,990,1879,3.75,1005
21,8,12,990,1879,5.625,1005
21,8,12,990,1879,7.5,1005
21,8,12,990,1882,0,1005
21,8,12,990,1882,1.875,1005
21,8,12,990,1882,3.75,1005
21,8,12,990,1882,5.625,1005
21,8,12,990,1882,7.5,1005
21,8,12,990,1885,0,1005
21,8,12,990,1885,3.75,1005
21,8,12,990,1885,7.5,1005
21,8,12,990,1888,0,1005
21,8,12,990,1888,3.75,1005
21,8,12,990,1888,7.5,1005
21,8,12,990,1891,0,1005
21,8,12,990,1891,3.75,1005
21,8,12,990,1891,7.5,1005
21,8,12,990,1894,0,1005
21,8,12,990,1894,3.75,1005
21,8,12,990,1894,7.5,1005
21,8,12,990,1897,0,1005
21,8,12,990,1897,3.75,1005
21,8,12,990,1897,7.5,1005
21,8,12,990,1900,0,1005
21,8,12,990,1900,3.75,1005
21,8,12,990,1900,7.5,1005
21,8,12,991,1864,0,996.758
21,8,12,991,1864,1.875,1001.84
21,8,12,991,1864,3.75,1001.84
21,8,12,991,1864,5.625,1001.84
21,8,12,991,1864,7.5,1001.84
21,8,12,991,1867,0,999.688
21,8,12,991,1867,1.875,1004.73
21,8,12,991,1867,3.75,1004.73
21,8,12,991,1867,5.625,1004.73
21,8,12,991,1867,7.5,1004.73
21,8,12,991,1870,0,1002.58
21,8,12,991,1870,1.875,1005
21,8,12,991,1870,3.75,1005
21,8,12,991,1870,5.625,1005
21,8,12,991,1870,7.5,1005
21,8,12,991,1873,0,1005
21,8,12,991,1873,1.875,1005
21,8,12,991,1873,3.75,1005
21,8,12,991,1873,5.625,1005
21,8,12,991,1873,7.5,1005
21,8,12,991,1876,0,1005
21,8,12,991,1876,1.875,1005
21,8,12,991,1876,3.75,1005
21,8,12,991,1876,5.625,1005
21,8,12,991,1876,7.5,1005
21,8,12,991,1879,0,1005
21,8,12,991,1879,1.875,1005
21,8,12,991,1879,3.75,1005
21,8,12,991,1879,5.625,1005
21,8,12,991,1879,7.5,1005
21,8,12,991,1882,0,1005
21,8,12,991,1882,1.875,1005
21,8,12,991,1882,3.75,1005
21,8,12,991,1882,7.5,1005
21,8,12,991,1885,0,1005
21,8,12,991,1885,1.875,1005
21,8,12,991,1885,3.75,1005
21,8,12,991,1885,7.5,1005
21,8,12,991,1888,0,1005
21,8,12,991,1888,1.875,1005
21,8,12,991,1888,3.75,1005
21,8,12,991,1888,7.5,1005
21,8,12,991,1891,0,1005
21,8,12,991,1891,1.875,1005
21,8,12,991,1891,3.75,1005
21,8,12,991,1891,7.5,1005
21,8,12,991,1894,0,1005
21,8,12,991,1894,1.875,1005
21,8,12,991,1894,3.75,1005
21,8,12,991,1894,7.5,1005
21,8,12,991,1897,0,1005
21,8,12,991,1897,1.875,1005
21,8,12,991,1897,3.75,1005
21,8,12,991,1897,7.5,1005
21,8,12,991,1900,0,1005
21,8,12,991,1900,1.875,1005
21,8,12,991,1900,3.75,1005
21,8,12,991,1900,7.5,1005
21,8,12,992,1864,0,994.297
21,8,12,992,1864,1.875,1001.84
21,8,12,992,1864,3.75,1001.84
21,8,12,992,1864,5.625,1001.84
21,8,12,992,1864,7.5,1001.84
21,8,12,992,1867,0,997.227
21,8,12,992,1867,1.875,1004.73
21,8,12,992,1867,3.75,1004.73
21,8,12,992,1867,5.625,1004.73
21,8,12,992,1867,7.5,1004.73
21,8,12,992,1870,0,1000.16
21,8,12,992,1870,1.875,1005
21,8,12,992,1870,3.75,1005
21,8,12,992,1870,5.625,1005
21,8,12,992,1870,7.5,1005
21,8,12,992,1873,0,1003.05
21,8,12,992,1873,1.875,1005
21,8,12,992,1873,3.75,1005
21,8,12,992,1873,5.625,1005
21,8,12,992,1873,7.5,1005
21,8,12,992,1876,0,1005
21,8,12,992,1876,1.875,1005
21,8,12,992,1876,3.75,1005
21,8,12,992,1876,5.625,1005
21,8,12,992,1876,7.5,1005
21,8,12,992,1879,0,1005
21,8,12,992,1879,1.875,1005
21,8,12,992,1879,3.75,1005
21,8,12,992,1879,5.625,1005
21,8,12,992,1879,7.5,1005
21,8,12,992,1882,0,1005
21,8,12,992,1882,1.875,1005
21,8,12,992,1882,3.75,1005
21,8,12,992,1882,5.625,1005
21,8,12,992,1882,7.5,1005
21,8,12,992,1885,0,1005
21,8,12,992,1885,1.875,1005
21,8,12,992,1885,3.75,1005
21,8,12,992,1885,5.625,1005
21,8,12,992,1885,7.5,1005
21,8,12,992,1888,0,1005
21,8,12,992,1888,1.875,1005
21,8,12,992,1888,3.75,1005
21,8,12,992,1888,5.625,1005
21,8,12,992,1888,7.5,1005
21,8,12,992,1891,0,1005
21,8,12,992,1891,1.875,1005
21,8,12,992,1891,3.75,1005
21,8,12,992,1891,5.625,1005
21,8,12,992,1891,7.5,1005
21,8,12,992,1894,0,1005
21,8,12,992,1894,1.875,1005
21,8,12,992,1894,3.75,1005
21,8,12,992,1894,5.625,1005
21,8,12,992,1894,7.5,1005
21,8,12,992,1897,0,1005
21,8,12,992,1897,1.875,1005
21,8,12,992,1897,3.75,1005
21,8,12,992,1897,5.625,1005
21,8,12,992,1897,7.5,1005
21,8,12,992,1900,0,1005
21,8,12,992,1900,1.875,1005
21,8,12,992,1900,3.75,1005
21,8,12,992,1900,5.625,1005
21,8,12,992,1900,7.5,1005
21,8,12,993,1864,0,993
21,8,12,993,1864,1.875,1001.84
21,8,12,993,1864,3.75,1001.84
21,8,12,993,1864,5.625,1001.84
21,8,12,993,1864,7.5,1001.84
21,8,12,993,1867,0,993
21,8,12,993,1867,1.875,1004.73
21,8,12,993,1867,3.75,1004.73
21,8,12,993,1867,5.625,1004.73
21,8,12,993,1867,7.5,1004.73
21,8,12,993,1870,0,995.391
21,8,12,993,1870,1.875,1005
21,8,12,993,1870,3.75,1005
21,8,12,993,1870,5.625,1005
21,8,12,993,1870,7.5,1005
21,8,12,993,1873,0,998.32
21,8,12,993,1873,1.875,1005
21,8,12,993,1873,3.75,1005
21,8,12,993,1873,5.625,1005
21,8,12,993,1873,7.5,1005
21,8,12,993,1876,0,1001.25
21,8,12,993,1876,1.875,1005
21,8,12,993,1876,3.75,1005
21,8,12,993,1876,5.625,1005
21,8,12,993,1876,7.5,1005
21,8,12,993,1879,0,1004.18
21,8,12,993,1879,1.875,1005
21,8,12,993,1879,3.75,1005
21,8,12,993,1879,5.625,1005
21,8,12,993,1879,7.5,1005
21,8,12,993,1882,0,1005
21,8,12,993,1882,1.875,1005
21,8,12,993,1882,3.75,1005
21,8,12,993,1882,5.625,1005
21,8,12,993,1882,7.5,1005
21,8,12,993,1885,0,1005
21,8,12,993,1885,1.875,1005
21,8,12,993,1885,3.75,1005
21,8,12,993,1885,5.625,1005
21,8,12,993,1885,7.5,1005
21,8,12,993,1888,0,1005
21,8,12,993,1888,1.875,1005
21,8,12,993,1888,3.75,1005
21,8,12,993,1888,5.625,1005
21,8,12,993,1888,7.5,1005
21,8,12,993,1891,0,1005
21,8,12,993,1891,1.875,1005
21,8,12,993,1891,3.75,1005
21,8,12,993,1891,5.625,1005
21,8,12,993,1891,7.5,1005
21,8,12,993,1894,0,1005
21,8,12,993,1894,1.875,1005
21,8,12,993,1894,3.75,1005
21,8,12,993,1894,5.625,1005
21,8,12,993,1894,7.5,1005
21,8,12,993,1897,0,1005
21,8,12,993,1897,1.875,1005
21,8,12,993,1897,3.75,1005
21,8,12,993,1897,5.625,1005
21,8,12,993,1897,7.5,1005
21,8,12,993,1900,0,1005
21,8,12,993,1900,1.875,1005
21,8,12,993,1900,3.75,1005
21,8,12,993,1900,5.625,1005
21,8,12,993,1900,7.5,1005
21,8,12,994,1864,0,994
21,8,12,994,1864,1.875,999.258
21,8,12,994,1864,3.75,1001.84
21,8,12,994,1864,5.625,1001.84
21,8,12,994,1864,7.5,1001.84
21,8,12,994,1867,0,994
21,8,12,994,1867,1.875,1002.19
21,8,12,994,1867,3.75,1004.73
21,8,12,994,1867,5.625,1004.73
21,8,12,994,1867,7.5,1004.73
21,8,12,994,1870,0,994
21,8,12,994,1870,1.875,1005
21,8,12,994,1870,3.75,1005
21,8,12,994,1870,5.625,1005
21,8,12,994,1870,7.5,1005
21,8,12,994,1873,0,994
21,8,12,994,1873,1.875,1005
21,8,12,994,1873,3.75,1005
21,8,12,994,1873,5.625,1005
21,8,12,994,1873,7.5,1005
21,8,12,994,1876,0,996.719
21,8,12,994,1876,1.875,1005
21,8,12,994,1876,3.75,1005
21,8,12,994,1876,5.625,1005
21,8,12,994,1876,7.5,1005
21,8,12,994,1879,0,999.648
21,8,12,994,1879,1.875,1005
21,8,12,994,1879,3.75,1005
21,8,12,994,1879,5.625,1005
21,8,12,994,1879,7.5,1005
21,8,12,994,1882,0,1002.58
21,8,12,994,1882,1.875,1005
21,8,12,994,1882,3.75,1005
21,8,12,994,1882,5.625,1005
21,8,12,994,1882,7.5,1005
21,8,12,994,1885,0,1005
21,8,12,994,1885,1.875,1005
21,8,12,994,1885,3.75,1005
21,8,12,994,1885,5.625,1005
21,8,12,994,1885,7.5,1005
21,8,12,994,1888,0,1005
21,8,12,994,1888,1.875,1005
21,8,12,994,1888,3.75,1005
21,8,12,994,1888,5.625,1005
21,8,12,994,1888,7.5,1005
21,8,12,994,1891,0,1005
21,8,12,994,1891,1.875,1005
21,8,12,994,1891,3.75,1005
21,8,12,994,1891,5.625,1005
21,8,12,994,1891,7.5,1005
21,8,12,994,1894,0,1005
21,8,12,994,1894,1.875,1005
21,8,12,994,1894,3.75,1005
21,8,12,994,1894,5.625,1005
21,8,12,994,1894,7.5,1005
21,8,12,994,1897,0,1005
21,8,12,994,1897,1.875,1005
21,8,12,994,1897,3.75,1005
21,8,12,994,1897,5.625,1005
21,8,12,994,1897,7.5,1005
21,8,12,994,1900,0,1005
21,8,12,994,1900,1.875,1005
21,8,12,994,1900,3.75,1005
21,8,12,994,1900,5.625,1005
21,8,12,994,1900,7.5,1005
21,8,12,995,1864,0,995
21,8,12,995,1864,1.875,995
21,8,12,995,1864,3.75,1001.84
21,8,12,995,1864,5.625,1001.84
21,8,12,995,1864,7.5,1001.84
21,8,12,995,1867,0,995
21,8,12,995,1867,1.875,997.227
21,8,12,995,1867,3.75,1004.73
21,8,12,995,1867,5.625,1004.73
21,8,12,995,1867,7.5,1004.73
21,8,12,995,1870,0,995
21,8,12,995,1870,1.875,1000.16
21,8,12,995,1870,3.75,1005
21,8,12,995,1870,5.625,1005
21,8,12,995,1870,7.5,1005
21,8,12,995,1873,0,995
21,8,12,995,1873,1.875,1003.05
21,8,12,995,1873,3.75,1005
21,8,12,995,1873,5.625,1005
21,8,12,995,1873,7.5,1005
21,8,12,995,1876,0,995
21,8,12,995,1876,1.875,1005
21,8,12,995,1876,3.75,1005
21,8,12,995,1876,5.625,1005
21,8,12,995,1876,7.5,1005
21,8,12,995,1879,0,996.68
21,8,12,995,1879,1.875,1005
21,8,12,995,1879,3.75,1005
21,8,12,995,1879,5.625,1005
21,8,12,995,1879,7.5,1005
21,8,12,995,1882,0,999.609
21,8,12,995,1882,1.875,1005
21,8,12,995,1882,3.75,1005
21,8,12,995,1882,5.625,1005
21,8,12,995,1882,7.5,1005
21,8,12,995,1885,0,1002.5
21,8,12,995,1885,1.875,1005
21,8,12,995,1885,3.75,1005
21,8,12,995,1885,5.625,1005
21,8,12,995,1885,7.5,1005
21,8,12,995,1888,0,1005
21,8,12,995,1888,1.875,1005
21,8,12,995,1888,3.75,1005
21,8,12,995,1888,5.625,1005
21,8,12,995,1888,7.5,1005
21,8,12,995,1891,0,1005
21,8,12,995,1891,1.875,1005
21,8,12,995,1891,3.75,1005
21,8,12,995,1891,5.625,1005
21,8,12,995,1891,7.5,1005
21,8,12,995,1894,0,1005
21,8,12,995,1894,1.875,1005
21,8,12,995,1894,3.75,1005
21,8,12,995,1894,5.625,1005
21,8,12,995,1894,7.5,1005
21,8,12,995,1897,0,1005
21,8,12,995,1897,1.875,1005
21,8,12,995,1897,3.75,1005
21,8,12,995,1897,5.625,1005
21,8,12,995,1897,7.5,1005
21,8,12,995,1900,0,1005
21,8,12,995,1900,1.875,1005
21,8,12,995,1900,3.75,1005
21,8,12,995,1900,5.625,1005
21,8,12,995,1900,7.5,1005
21,8,12,996,1864,0,996
21,8,12,996,1864,1.875,996
21,8,12,996,1864,3.75,1001.84
21,8,12,996,1864,5.625,1001.84
21,8,12,996,1864,7.5,1001.84
21,8,12,996,1867,0,996
21,8,12,996,1867,1.875,996
21,8,12,996,1867,3.75,1004.73
21,8,12,996,1867,5.625,1004.73
21,8,12,996,1867,7.5,1004.73
21,8,12,996,1870,0,996
21,8,12,996,1870,1.875,996
21,8,12,996,1870,3.75,1005
21,8,12,996,1870,5.625,1005
21,8,12,996,1870,7.5,1005
21,8,12,996,1873,0,996
21,8,12,996,1873,1.875,998.32
21,8,12,996,1873,3.75,1005
21,8,12,996,1873,5.625,1005
21,8,12,996,1873,7.5,1005
21,8,12,996,1876,0,996
21,8,12,996,1876,1.875,1001.25
21,8,12,996,1876,3.75,1005
21,8,12,996,1876,5.625,1005
21,8,12,996,1876,7.5,1005
21,8,12,996,1879,0,996.68
21,8,12,996,1879,1.875,1004.18
21,8,12,996,1879,3.75,1005
21,8,12,996,1879,5.625,1005
21,8,12,996,1879,7.5,1005
21,8,12,996,1882,0,999.609
21,8,12,996,1882,1.875,1005
21,8,12,996,1882,3.75,1005
21,8,12,996,1882,5.625,1005
21,8,12,996,1882,7.5,1005
21,8,12,996,1885,0,1002.5
21,8,12,996,1885,1.875,1005
21,8,12,996,1885,3.75,1005
21,8,12,996,1885,5.625,1005
21,8,12,996,1885,7.5,1005
21,8,12,996,1888,0,1005
21,8,12,996,1888,1.875,1005
21,8,12,996,1888,3.75,1005
21,8,12,996,1888,5.625,1005
21,8,12,996,1888,7.5,1005
21,8,12,996,1891,0,1005
21,8,12,996,1891,1.875,1005
21,8,12,996,1891,3.75,1005
21,8,12,996,1891,5.625,1005
21,8,12,996,1891,7.5,1005
21,8,12,996,1894,0,1005
21,8,12,996,1894,1.875,1005
21,8,12,996,1894,3.75,1005
21,8,12,996,1894,5.625,1005
21,8,12,996,1894,7.5,1005
21,8,12,996,1897,0,1005
21,8,12,996,1897,1.875,1005
21,8,12,996,1897,3.75,1005
21,8,12,996,1897,5.625,1005
21,8,12,996,1897,7.5,1005
21,8,12,996,1900,0,1005
21,8,12,996,1900,1.875,1005
21,8,12,996,1900,3.75,1005
21,8,12,996,1900,5.625,1005
21,8,12,996,1900,7.5,1005
21,8,12,997,1864,0,997
21,8,12,997,1864,1.875,997
21,8,12,997,1864,3.75,997
21,8,12,997,1864,5.625,1001.84
21,8,12,997,1864,7.5,1001.84
21,8,12,997,1867,0,997
21,8,12,997,1867,1.875,997
21,8,12,997,1867,3.75,999.688
21,8,12,997,1867,5.625,1004.73
21,8,12,997,1867,7.5,1004.73
21,8,12,997,1870,0,997
21,8,12,997,1870,1.875,997
21,8,12,997,1870,3.75,1002.58
21,8,12,997,1870,5.625,1005
21,8,12,997,1870,7.5,1005
21,8,12,997,1873,0,997
21,8,12,997,1873,1.875,997
21,8,12,997,1873,3.75,1005
21,8,12,997,1873,5.625,1005
21,8,12,997,1873,7.5,1005
21,8,12,997,1876,0,997
21,8,12,997,1876,1.875,997
21,8,12,997,1876,3.75,1005
21,8,12,997,1876,5.625,1005
21,8,12,997,1876,7.5,1005
21,8,12,997,1879,0,997
21,8,12,997,1879,1.875,997.461
21,8,12,997,1879,3.75,1005
21,8,12,997,1879,5.625,1005
21,8,12,997,1879,7.5,1005
21,8,12,997,1882,0,999.609
21,8,12,997,1882,1.875,1000.39
21,8,12,997,1882,3.75,1005
21,8,12,997,1882,5.625,1005
21,8,12,997,1882,7.5,1005
21,8,12,997,1885,0,1002.5
21,8,12,997,1885,1.875,1003.36
21,8,12,997,1885,3.75,1005
21,8,12,997,1885,5.625,1005
21,8,12,997,1885,7.5,1005
21,8,12,997,1888,0,1005
21,8,12,997,1888,1.875,1005
21,8,12,997,1888,3.75,1005
21,8,12,997,1888,5.625,1005
21,8,12,997,1888,7.5,1005
21,8,12,997,1891,0,1005
21,8,12,997,1891,1.875,1005
21,8,12,997,1891,3.75,1005
21,8,12,997,1891,5.625,1005
21,8,12,997,1891,7.5,1005
21,8,12,997,1894,0,1005
21,8,12,997,1894,1.875,1005
21,8,12,997,1894,3.75,1005
21,8,12,997,1894,5.625,1005
21,8,12,997,1894,7.5,1005
21,8,12,997,1897,0,1005
21,8,12,997,1897,1.875,1005
21,8,12,997,1897,3.75,1005
21,8,12,997,1897,5.625,1005
21,8,12,997,1897,7.5,1005
21,8,12,997,1900,0,1005
21,8,12,997,1900,1.875,1005
21,8,12,997,1900,3.75,1005
21,8,12,997,1900,5.625,1005
21,8,12,997,1900,7.5,1005
21,8,12,998,1864,0,998
21,8,12,998,1864,1.875,998
21,8,12,998,1864,3.75,998
21,8,12,998,1864,5.625,999.258
21,8,12,998,1864,7.5,1001.84
21,8,12,998,1867,0,998
21,8,12,998,1867,1.875,998
21,8,12,998,1867,3.75,998
21,8,12,998,1867,5.625,1002.19
21,8,12,998,1867,7.5,1004.73
21,8,12,998,1870,0,998
21,8,12,998,1870,1.875,998
21,8,12,998,1870,3.75,998
21,8,12,998,1870,5.625,1005
21,8,12,998,1870,7.5,1005
21,8,12,998,1873,0,998
21,8,12,998,1873,1.875,998
21,8,12,998,1873,3.75,998
21,8,12,998,1873,5.625,1005
21,8,12,998,1873,7.5,1005
21,8,12,998,1876,0,998
21,8,12,998,1876,1.875,998
21,8,12,998,1876,3.75,998.945
21,8,12,998,1876,5.625,1005
21,8,12,998,1876,7.5,1005
21,8,12,998,1879,0,998
21,8,12,998,1879,1.875,998
21,8,12,998,1879,3.75,1001.88
21,8,12,998,1879,5.625,1005
21,8,12,998,1879,7.5,1005
21,8,12,998,1882,0,999.609
21,8,12,998,1882,1.875,999.609
21,8,12,998,1882,3.75,1004.84
21,8,12,998,1882,5.625,1005
21,8,12,998,1882,7.5,1005
21,8,12,998,1885,0,1002.5
21,8,12,998,1885,1.875,1002.5
21,8,12,998,1885,3.75,1005
21,8,12,998,1885,5.625,1005
21,8,12,998,1885,7.5,1005
21,8,12,998,1888,0,1005
21,8,12,998,1888,1.875,1005
21,8,12,998,1888,3.75,1005
21,8,12,998,1888,5.625,1005
21,8,12,998,1888,7.5,1005
21,8,12,998,1891,0,1005
21,8,12,998,1891,1.875,1005
21,8,12,998,1891,3.75,1005
21,8,12,998,1891,5.625,1005
21,8,12,998,1891,7.5,1005
21,8,12,998,1894,0,1005
21,8,12,998,1894,1.875,1005
21,8,12,998,1894,3.75,1005
21,8,12,998,1894,5.625,1005
21,8,12,998,1894,7.5,1005
21,8,12,998,1897,0,1005
21,8,12,998,1897,1.875,1005
21,8,12,998,1897,3.75,1005
21,8,12,998,1897,5.625,1005
21,8,12,998,1897,7.5,1005
21,8,12,998,1900,0,1005
21,8,12,998,1900,1.875,1005
21,8,12,998,1900,3.75,1005
21,8,12,998,1900,5.625,1005
21,8,12,998,1900,7.5,1005
21,8,12,999,1864,0,999
21,8,12,999,1864,1.875,999
21,8,12,999,1864,3.75,999
21,8,12,999,1864,5.625,999
21,8,12,999,1864,7.5,999
21,8,12,999,1867,0,999
21,8,12,999,1867,1.875,999
21,8,12,999,1867,3.75,999
21,8,12,999,1867,5.625,999
21,8,12,999,1867,7.5,999
21,8,12,999,1870,0,999
21,8,12,999,1870,1.875,999
21,8,12,999,1870,3.75,999
21,8,12,999,1870,5.625,999
21,8,12,999,1870,7.5,999
21,8,12,999,1873,0,999
21,8,12,999,1873,1.875,999
21,8,12,999,1873,3.75,999
21,8,12,999,1873,5.625,999
21,8,12,999,1873,7.5,999
21,8,12,999,1876,0,999
21,8,12,999,1876,1.875,999
21,8,12,999,1876,3.75,999
21,8,12,999,1876,5.625,999
21,8,12,999,1876,7.5,999
21,8,12,999,1879,0,999
21,8,12,999,1879,1.875,999
21,8,12,999,1879,3.75,999
21,8,12,999,1879,5.625,999
21,8,12,999,1879,7.5,999
21,8,12,999,1882,0,999.609
21,8,12,999,1882,1.875,999.609
21,8,12,999,1882,3.75,999.609
21,8,12,999,1882,5.625,999.609
21,8,12,999,1882,7.5,999.609
21,8,12,999,1885,0,1002.5
21,8,12,999,1885,1.875,1002.5
21,8,12,999,1885,3.75,1002.5
21,8,12,999,1885,5.625,1002.5
21,8,12,999,1885,7.5,1002.5
21,8,12,999,1888,0,1005
21,8,12,999,1888,1.875,1005
21,8,12,999,1888,3.75,1005
21,8,12,999,1888,5.625,1005
21,8,12,999,1888,7.5,1005
21,8,12,999,1891,0,1005
21,8,12,999,1891,1.875,1005
21,8,12,999,1891,3.75,1005
21,8,12,999,1891,5.625,1005
21,8,12,999,1891,7.5,1005
21,8,12,999,1894,0,1005
21,8,12,999,1894,1.875,1005
21,8,12,999,1894,3.75,1005
21,8,12,999,1894,5.625,1005
21,8,12,999,1894,7.5,1005
21,8,12,999,1897,0,1005
21,8,12,999,1897,1.875,1005
21,8,12,999,1897,3.75,1005
21,8,12,999,1897,5.625,1005
21,8,12,999,1897,7.5,1005
21,8,12,999,1900,0,1005
21,8,12,999,1900,1.875,1005
21,8,12,999,1900,3.75,1005
21,8,12,999,1900,5.625,1005
21,8,12,999,1900,7.5,1005
22,8,13,982,1855,0,985.039
22,8,13,982,1855,0.432692,985.039
22,8,13,982,1855,0.865385,985.039
22,8,13,982,1855,1.29808,985.039
22,8,13,982,1855,1.73077,985.039
22,8,13,982,1858,0,987.148
22,8,13,982,1858,0.432692,987.148
22,8,13,982,1858,0.865385,987.148
22,8,13,982,1858,1.29808,987.148
22,8,13,982,1858,1.73077,987.148
22,8,13,982,1861,0,990.078
22,8,13,982,1861,0.432692,990.078
22,8,13,982,1861,0.865385,990.078
22,8,13,982,1861,1.29808,990.078
22,8,13,982,1861,1.73077,990.078
22,8,13,982,1864,0,993.008
22,8,13,982,1864,0.432692,993.008
22,8,13,982,1864,0.865385,993.008
22,8,13,982,1864,1.29808,993.008
22,8,13,982,1864,1.73077,993.008
22,8,13,982,1867,0,995.898
22,8,13,982,1867,0.432692,995.898
22,8,13,982,1867,0.865385,995.898
22,8,13,982,1867,1.29808,995.898
22,8,13,982,1867,1.73077,995.898
22,8,13,982,1870,0,998.828
22,8,13,982,1870,0.432692,998.828
22,8,13,982,1870,0.865385,998.828
22,8,13,982,1870,1.29808,998.828
22,8,13,982,1870,1.73077,998.828
22,8,13,982,1873,0,1001.76
22,8,13,982,1873,0.432692,1001.76
22,8,13,982,1873,0.865385,1001.76
22,8,13,982,1873,1.29808,1001.76
22,8,13,982,1873,1.73077,1001.76
22,8,13,982,1876,0,1004.69
22,8,13,982,1876,0.432692,1004.69
22,8,13,982,1876,0.865385,1004.69
22,8,13,982,1876,1.29808,1004.69
22,8,13,982,1876,1.73077,1004.69
22,8,13,982,1879,0,1005
22,8,13,982,1879,0.432692,1005
22,8,13,982,1879,0.865385,1005
22,8,13,982,1879,1.29808,1005
22,8,13,982,1879,1.73077,1005
22,8,13,982,1882,0,1005
22,8,13,982,1882,0.432692,1005
22,8,13,982,1882,0.865385,1005
22,8,13,982,1882,1.29808,1005
22,8,13,982,1882,1.73077,1005
22,8,13,982,1885,0,1005
22,8,13,982,1885,0.432692,1005
22,8,13,982,1885,0.865385,1005
22,8,13,982,1885,1.29808,1005
22,8,13,982,1885,1.73077,1005
22,8,13,982,1888,0,1005
22,8,13,982,1888,0.432692,1005
22,8,13,982,1888,0.865385,1005
22,8,13,982,1888,1.29808,1005
22,8,13,982,1888,1.73077,1005
22,8,13,982,1891,0,1005
22,8,13,982,1891,0.432692,1005
22,8,13,982,1891,0.865385,1005
22,8,13,982,1891,1.29808,1005
22,8,13,982,1891,1.73077,1005
22,8,13,982,1894,0,1005
22,8,13,982,1894,0.432692,1005
22,8,13,982,1894,0.865385,1005
22,8,13,982,1894,1.29808,1005
22,8,13,982,1894,1.73077,1005
22,8,13,982,1897,0,1005
22,8,13,982,1897,0.432692,1005
22,8,13,982,1897,0.865385,1005
22,8,13,982,1897,1.29808,1005
22,8,13,982,1897,1.73077,1005
22,8,13,982,1900,0,1005
22,8,13,982,1900,0.432692,1005
22,8,13,982,1900,0.865385,1005
22,8,13,982,1900,1.29808,1005
22,8,13,982,1900,1.73077,1005
22,8,13,983,1855,0,985.039
22,8,13,983,1855,0.432692,985.039
22,8,13,983,1855,0.865385,985.039
22,8,13,983,1855,1.29808,985.039
22,8,13,983,1855,1.73077,985.039
22,8,13,983,1858,0,987.148
22,8,13,983,1858,0.432692,987.148
22,8,13,983,1858,0.865385,987.148
22,8,13,983,1858,1.29808,987.148
22,8,13,983,1858,1.73077,987.148
22,8,13,983,1861,0,990.078
22,8,13,983,1861,0.432692,990.078
22,8,13,983,1861,0.865385,990.078
22,8,13,983,1861,1.29808,990.078
22,8,13,983,1861,1.73077,990.078
22,8,13,983,1864,0,993.008
22,8,13,983,1864,0.432692,993.008
22,8,13,983,1864,0.865385,993.008
22,8,13,983,1864,1.29808,993.008
22,8,13,983,1864,1.73077,993.008
22,8,13,983,1867,0,995.898
22,8,13,983,1867,0.432692,995.898
22,8,13,983,1867,0.865385,995.898
22,8,13,983,1867,1.29808,995.898
22,8,13,983,1867,1.73077,995.898
22,8,13,983,1870,0,998.828
22,8,13,983,1870,0.432692,998.828
22,8,13,983,1870,0.865385,998.828
22,8,13,983,1870,1.29808,998.828
22,8,13,983,1870,1.73077,998.828
22,8,13,983,1873,0,1001.76
22,8,13,983,1873,0.432692,1001.76
22,8,13,983,1873,0.865385,1001.76
22,8,13,983,1873,1.29808,1001.76
22,8,13,983,1873,1.73077,1001.76
22,8,13,983,1876,0,1004.69
22,8,13,983,1876,0.432692,1004.69
22,8,13,983,1876,0.865385,1004.69
22,8,13,983,1876,1.29808,1004.69
22,8,13,983,1876,1.73077,1004.69
22,8,13,983,1879,0,1005
22,8,13,983,1879,0.432692,1005
22,8,13,983,1879,0.865385,1005
22,8,13,983,1879,1.29808,1005
22,8,13,983,1879,1.73077,1005
22,8,13,983,1882,0,1005
22,8,13,983,1882,0.432692,1005
22,8,13,983,1882,0.865385,1005
22,8,13,983,1882,1.29808,1005
22,8,13,983,1882,1.73077,1005
22,8,13,983,1885,0,1005
22,8,13,983,1885,0.432692,1005
22,8,13,983,1885,0.865385,1005
22,8,13,983,1885,1.29808,1005
22,8,13,983,1885,1.73077,1005
22,8,13,983,1888,0,1005
22,8,13,983,1888,0.432692,1005
22,8,13,983,1888,0.865385,1005
22,8,13,983,1888,1.29808,1005
22,8,13,983,1888,1.73077,1005
22,8,13,983,1891,0,1005
22,8,13,983,1891,0.432692,1005
22,8,13,983,1891,0.865385,1005
22,8,13,983,1891,1.29808,1005
22,8,13,983,1891,1.73077,1005
22,8,13,983,1894,0,1005
22,8,13,983,1894,0.432692,1005
22,8,13,983,1894,0.865385,1005
22,8,13,983,1894,1.29808,1005
22,8,13,983,1894,1.73077,1005
22,8,13,983,1897,0,1005
22,8,13,983,1897,0.432692,1005
22,8,13,983,1897,0.865385,1005
22,8,13,983,1897,1.29808,1005
22,8,13,983,1897,1.73077,1005
22,8,13,983,1900,0,1005
22,8,13,983,1900,0.432692,1005
22,8,13,983,1900,0.865385,1005
22,8,13,983,1900,1.29808,1005
22,8,13,983,1900,1.73077,1005
22,8,13,984,1855,0,985.039
22,8,13,984,1855,0.432692,985.039
22,8,13,984,1855,0.865385,985.039
22,8,13,984,1855,1.29808,985.039
22,8,13,984,1855,1.73077,985.039
22,8,13,984,1858,0,987.148
22,8,13,984,1858,0.432692,987.148
22,8,13,984,1858,0.865385,987.148
22,8,13,984,1858,1.29808,987.148
22,8,13,984,1858,1.73077,987.148
22,8,13,984,1861,0,990.078
22,8,13,984,1861,0.432692,990.078
22,8,13,984,1861,0.865385,990.078
22,8,13,984,1861,1.29808,990.078
22,8,13,984,1861,1.73077,990.078
22,8,13,984,1864,0,993.008
22,8,13,984,1864,0.432692,993.008
22,8,13,984,1864,0.865385,993.008
22,8,13,984,1864,1.29808,993.008
22,8,13,984,1864,1.73077,993.008
22,8,13,984,1867,0,995.898
22,8,13,984,1867,0.432692,995.898
22,8,13,984,1867,0.865385,995.898
22,8,13,984,1867,1.29808,995.898
22,8,13,984,1867,1.73077,995.898
22,8,13,984,1870,0,998.828
22,8,13,984,1870,0.432692,998.828
22,8,13,984,1870,0.865385,998.828
22,8,13,984,1870,1.29808,998.828
22,8,13,984,1870,1.73077,998.828
22,8,13,984,1873,0,1001.76
22,8,13,984,1873,0.432692,1001.76
22,8,13,984,1873,0.865385,1001.76
22,8,13,984,1873,1.29808,1001.76
22,8,13,984,1873,1.73077,1001.76
22,8,13,984,1876,0,1004.69
22,8,13,984,1876,0.432692,1004.69
22,8,13,984,1876,0.865385,1004.69
22,8,13,984,1876,1.29808,1004.69
22,8,13,984,1876,1.73077,1004.69
22,8,13,984,1879,0,1005
22,8,13,984,1879,0.432692,1005
22,8,13,984,1879,0.865385,1005
22,8,13,984,1879,1.29808,1005
22,8,13,984,1879,1.73077,1005
22,8,13,984,1882,0,1005
22,8,13,984,1882,0.432692,1005
22,8,13,984,1882,0.865385,1005
22,8,13,984,1882,1.29808,1005
22,8,13,984,1882,1.73077,1005
22,8,13,984,1885,0,1005
22,8,13,984,1885,0.432692,1005
22,8,13,984,1885,0.865385,1005
22,8,13,984,1885,1.29808,1005
22,8,13,984,1885,1.73077,1005
22,8,13,984,1888,0,1005
22,8,13,984,1888,0.432692,1005
22,8,13,984,1888,0.865385,1005
22,8,13,984,1888,1.29808,1005
22,8,13,984,1888,1.73077,1005
22,8,13,984,1891,0,1005
22,8,13,984,1891,0.432692,1005
22,8,13,984,1891,0.865385,1005
22,8,13,984,1891,1.29808,1005
22,8,13,984,1891,1.73077,1005
22,8,13,984,1894,0,1005
22,8,13,984,1894,0.432692,1005
22,8,13,984,1894,0.865385,1005
22,8,13,984,1894,1.29808,1005
22,8,13,984,1894,1.73077,1005
22,8,13,984,1897,0,1005
22,8,13,984,1897,0.432692,1005
22,8,13,984,1897,0.865385,1005
22,8,13,984,1897,1.29808,1005
22,8,13,984,1897,1.73077,1005
22,8,13,984,1900,0,1005
22,8,13,984,1900,0.432692,1005
22,8,13,984,1900,0.865385,1005
22,8,13,984,1900,1.29808,1005
22,8,13,984,1900,1.73077,1005
22,8,13,985,1855,0,985.039
22,8,13,985,1855,0.432692,985.039
22,8,13,985,1855,0.865385,985.039
22,8,13,985,1855,1.29808,985.039
22,8,13,985,1855,1.73077,985.039
22,8,13,985,1858,0,987.148
22,8,13,985,1858,0.432692,987.148
22,8,13,985,1858,0.865385,987.148
22,8,13,985,1858,1.29808,987.148
22,8,13,985,1858,1.73077,987.148
22,8,13,985,1861,0,990.078
22,8,13,985,1861,0.432692,990.078
22,8,13,985,1861,0.865385,990.078
22,8,13,985,1861,1.29808,990.078
22,8,13,985,1861,1.73077,990.078
22,8,13,985,1864,0,993.008
22,8,13,985,1864,0.432692,993.008
22,8,13,985,1864,0.865385,993.008
22,8,13,985,1864,1.29808,993.008
22,8,13,985,1864,1.73077,993.008
22,8,13,985,1867,0,995.898
22,8,13,985,1867,0.432692,995.898
22,8,13,985,1867,0.865385,995.898
22,8,13,985,1867,1.29808,995.898
22,8,13,985,1867,1.73077,995.898
22,8,13,985,1870,0,998.828
22,8,13,985,1870,0.432692,998.828
22,8,13,985,1870,0.865385,998.828
22,8,13,985,1870,1.29808,998.828
22,8,13,985,1870,1.73077,998.828
22,8,13,985,1873,0,1001.76
22,8,13,985,1873,0.432692,1001.76
22,8,13,985,1873,0.865385,1001.76
22,8,13,985,1873,1.29808,1001.76
22,8,13,985,1873,1.73077,1001.76
22,8,13,985,1876,0,1004.69
22,8,13,985,1876,0.432692,1004.69
22,8,13,985,1876,0.865385,1004.69
22,8,13,985,1876,1.29808,1004.69
22,8,13,985,1876,1.73077,1004.69
22,8,13,985,1879,0,1005
22,8,13,985,1879,0.432692,1005
22,8,13,985,1879,0.865385,1005
22,8,13,985,1879,1.29808,1005
22,8,13,985,1879,1.73077,1005
22,8,13,985,1882,0,1005
22,8,13,985,1882,0.432692,1005
22,8,13,985,1882,0.865385,1005
22,8,13,985,1882,1.29808,1005
22,8,13,985,1882,1.73077,1005
22,8,13,985,1885,0,1005
22,8,13,985,1885,0.432692,1005
22,8,13,985,1885,0.865385,1005
22,8,13,985,1885,1.29808,1005
22,8,13,985,1885,1.73077,1005
22,8,13,985,1888,0,1005
22,8,13,985,1888,0.432692,1005
22,8,13,985,1888,0.865385,1005
22,8,13,985,1888,1.29808,1005
22,8,13,985,1888,1.73077,1005
22,8,13,985,1891,0,1005
22,8,13,985,1891,0.432692,1005
22,8,13,985,1891,0.865385,1005
22,8,13,985,1891,1.29808,1005
22,8,13,985,1891,1.73077,1005
22,8,13,985,1894,0,1005
22,8,13,985,1894,0.432692,1005
22,8,13,985,1894,0.865385,1005
22,8,13,985,1894,1.29808,1005
22,8,13,985,1894,1.73077,1005
22,8,13,985,1897,0,1005
22,8,13,985,1897,0.432692,1005
22,8,13,985,1897,0.865385,1005
22,8,13,985,1897,1.29808,1005
22,8,13,985,1897,1.73077,1005
22,8,13,985,1900,0,1005
22,8,13,985,1900,0.432692,1005
22,8,13,985,1900,0.865385,1005
22,8,13,985,1900,1.29808,1005
22,8,13,985,1900,1.73077,1005
22,8,13,986,1855,0,986
22,8,13,986,1855,0.432692,986
22,8,13,986,1855,0.865385,986
22,8,13,986,1855,1.29808,986
22,8,13,986,1855,1.73077,986
22,8,13,986,1858,0,987.148
22,8,13,986,1858,0.432692,987.148
22,8,13,986,1858,0.865385,987.148
22,8,13,986,1858,1.29808,987.148
22,8,13,986,1858,1.73077,987.148
22,8,13,986,1861,0,990.078
22,8,13,986,1861,0.432692,990.078
22,8,13,986,1861,0.865385,990.078
22,8,13,986,1861,1.29808,990.078
22,8,13,986,1861,1.73077,990.078
22,8,13,986,1864,0,993.008
22,8,13,986,1864,0.432692,993.008
22,8,13,986,1864,0.865385,993.008
22,8,13,986,1864,1.29808,993.008
22,8,13,986,1864,1.73077,993.008
22,8,13,986,1867,0,995.898
22,8,13,986,1867,0.432692,995.898
22,8,13,986,1867,0.865385,995.898
22,8,13,986,1867,1.29808,995.898
22,8,13,986,1867,1.73077,995.898
22,8,13,986,1870,0,998.828
22,8,13,986,1870,0.432692,998.828
22,8,13,986,1870,0.865385,998.828
22,8,13,986,1870,1.29808,998.828
22,8,13,986,1870,1.73077,998.828
22,8,13,986,1873,0,1001.76
22,8,13,986,1873,0.432692,1001.76
22,8,13,986,1873,0.865385,1001.76
22,8,13,986,1873,1.29808,1001.76
22,8,13,986,1873,1.73077,1001.76
22,8,13,986,1876,0,1004.69
22,8,13,986,1876,0.432692,1004.69
22,8,13,986,1876,0.865385,1004.69
22,8,13,986,1876,1.29808,1004.69
22,8,13,986,1876,1.73077,1004.69
22,8,13,986,1879,0,1005
22,8,13,986,1879,0.432692,1005
22,8,13,986,1879,0.865385,1005
22,8,13,986,1879,1.29808,1005
22,8,13,986,1879,1.73077,1005
22,8,13,986,1882,0,1005
22,8,13,986,1882,0.432692,1005
22,8,13,986,1882,0.865385,1005
22,8,13,986,1882,1.29808,1005
22,8,13,986,1882,1.73077,1005
22,8,13,986,1885,0,1005
22,8,13,986,1885,0.432692,1005
22,8,13,986,1885,0.865385,1005
22,8,13,986,1885,1.29808,1005
22,8,13,986,1885,1.73077,1005
22,8,13,986,1888,0,1005
22,8,13,986,1888,0.432692,1005
22,8,13,986,1888,0.865385,1005
22,8,13,986,1888,1.29808,1005
22,8,13,986,1888,1.73077,1005
22,8,13,986,1891,0,1005
22,8,13,986,1891,0.432692,1005
22,8,13,986,1891,0.865385,1005
22,8,13,986,1891,1.29808,1005
22,8,13,986,1891,1.73077,1005
22,8,13,986,1894,0,1005
22,8,13,986,1894,0.432692,1005
22,8,13,986,1894,0.865385,1005
22,8,13,986,1894,1.29808,1005
22,8,13,986,1894,1.73077,1005
22,8,13,986,1897,0,1005
22,8,13,986,1897,0.432692,1005
22,8,13,986,1897,0.865385,1005
22,8,13,986,1897,1.29808,1005
22,8,13,986,1897,1.73077,1005
22,8,13,986,1900,0,1005
22,8,13,986,1900,0.432692,1005
22,8,13,986,1900,0.865385,1005
22,8,13,986,1900,1.29808,1005
22,8,13,986,1900,1.73077,1005
22,8,13,987,1855,0,987
22,8,13,987,1855,0.432692,987
22,8,13,987,1855,0.865385,987
22,8,13,987,1855,1.29808,987
22,8,13,987,1855,1.73077,987
22,8,13,987,1858,0,987.148
22,8,13,987,1858,0.432692,987.148
22,8,13,987,1858,0.865385,987.148
22,8,13,987,1858,1.29808,987.148
22,8,13,987,1858,1.73077,987.148
22,8,13,987,1861,0,990.078
22,8,13,987,1861,0.432692,990.078
22,8,13,987,1861,0.865385,990.078
22,8,13,987,1861,1.29808,990.078
22,8,13,987,1861,1.73077,990.078
22,8,13,987,1864,0,993.008
22,8,13,987,1864,0.432692,993.008
22,8,13,987,1864,0.865385,993.008
22,8,13,987,1864,1.29808,993.008
22,8,13,987,1864,1.73077,993.008
22,8,13,987,1867,0,995.898
22,8,13,987,1867,0.432692,995.898
22,8,13,987,1867,0.865385,995.898
22,8,13,987,1867,1.29808,995.898
22,8,13,987,1867,1.73077,995.898
22,8,13,987,1870,0,998.828
22,8,13,987,1870,0.432692,998.828
22,8,13,987,1870,0.865385,998.828
22,8,13,987,1870,1.29808,998.828
22,8,13,987,1870,1.73077,998.828
22,8,13,987,1873,0,1001.76
22,8,13,987,1873,0.432692,1001.76
22,8,13,987,1873,0.865385,1001.76
22,8,13,987,1873,1.29808,1001.76
22,8,13,987,1873,1.73077,1001.76
22,8,13,987,1876,0,1004.69
22,8,13,987,1876,0.432692,1004.69
22,8,13,987,1876,0.865385,1004.69
22,8,13,987,1876,1.29808,1004.69
22,8,13,987,1876,1.73077,1004.69
22,8,13,987,1879,0,1005
22,8,13,987,1879,0.432692,1005
22,8,13,987,1879,0.865385,1005
22,8,13,987,1879,1.29808,1005
22,8,13,987,1879,1.73077,1005
22,8,13,987,1882,0,1005
22,8,13,987,1882,0.432692,1005
22,8,13,987,1882,0.865385,1005
22,8,13,987,1882,1.29808,1005
22,8,13,987,1882,1.73077,1005
22,8,13,987,1885,0,1005
22,8,13,987,1885,0.432692,1005
22,8,13,987,1885,0.865385,1005
22,8,13,987,1885,1.29808,1005
22,8,13,987,1885,1.73077,1005
22,8,13,987,1888,0,1005
22,8,13,987,1888,0.432692,1005
22,8,13,987,1888,0.865385,1005
22,8,13,987,1888,1.29808,1005
22,8,13,987,1888,1.73077,1005
22,8,13,987,1891,0,1005
22,8,13,987,1891,0.432692,1005
22,8,13,987,1891,0.865385,1005
22,8,13,987,1891,1.29808,1005
22,8,13,987,1891,1.73077,1005
22,8,13,987,1894,0,1005
22,8,13,987,1894,0.432692,1005
22,8,13,987,1894,0.865385,1005
22,8,13,987,1894,1.29808,1005
22,8,13,987,1894,1.73077,1005
22,8,13,987,1897,0,1005
22,8,13,987,1897,0.432692,1005
22,8,13,987,1897,0.865385,1005
22,8,13,987,1897,1.29808,1005
22,8,13,987,1897,1.73077,1005
22,8,13,987,1900,0,1005
22,8,13,987,1900,0.432692,1005
22,8,13,987,1900,0.865385,1005
22,8,13,987,1900,1.29808,1005
22,8,13,987,1900,1.73077,1005
22,8,13,988,1855,0,988
22,8,13,988,1855,0.432692,988
22,8,13,988,1855,0.865385,988
22,8,13,988,1855,1.29808,988
22,8,13,988,1855,1.73077,988
22,8,13,988,1858,0,988
22,8,13,988,1858,0.432692,988
22,8,13,988,1858,0.865385,988
22,8,13,988,1858,1.29808,988
22,8,13,988,1858,1.73077,988
22,8,13,988,1861,0,990.078
22,8,13,988,1861,0.432692,990.078
22,8,13,988,1861,0.865385,990.078
22,8,13,988,1861,1.29808,990.078
22,8,13,988,1861,1.73077,990.078
22,8,13,988,1864,0,993.008
22,8,13,988,1864,0.432692,993.008
22,8,13,988,1864,0.865385,993.008
22,8,13,988,1864,1.29808,993.008
22,8,13,988,1864,1.73077,993.008
22,8,13,988,1867,0,995.898
22,8,13,988,1867,0.432692,995.898
22,8,13,988,1867,0.865385,995.898
22,8,13,988,1867,1.29808,995.898
22,8,13,988,1867,1.73077,995.898
22,8,13,988,1870,0,998.828
22,8,13,988,1870,0.432692,998.828
22,8,13,988,1870,0.865385,998.828
22,8,13,988,1870,1.29808,998.828
22,8,13,988,1870,1.73077,998.828
22,8,13,988,1873,0,1001.76
22,8,13,988,1873,0.432692,1001.76
22,8,13,988,1873,0.865385,1001.76
22,8,13,988,1873,1.29808,1001.76
22,8,13,988,1873,1.73077,1001.76
22,8,13,988,1876,0,1004.69
22,8,13,988,1876,0.432692,1004.69
22,8,13,988,1876,0.865385,1004.69
22,8,13,988,1876,1.29808,1004.69
22,8,13,988,1876,1.73077,1004.69
22,8,13,988,1879,0,1005
22,8,13,988,1879,0.432692,1005
22,8,13,988,1879,0.865385,1005
22,8,13,988,1879,1.29808,1005
22,8,13,988,1879,1.73077,1005
22,8,13,988,1882,0,1005
22,8,13,988,1882,0.432692,1005
22,8,13,988,1882,0.865385,1005
22,8,13,988,1882,1.29808,1005
22,8,13,988,1882,1.73077,1005
22,8,13,988,1885,0,1005
22,8,13,988,1885,0.432692,1005
22,8,13,988,1885,0.865385,1005
22,8,13,988,1885,1.29808,1005
22,8,13,988,1885,1.73077,1005
22,8,13,988,1888,0,1005
22,8,13,988,1888,0.432692,1005
22,8,13,988,1888,0.865385,1005
22,8,13,988,1888,1.29808,1005
22,8,13,988,1888,1.73077,1005
22,8,13,988,1891,0,1005
22,8,13,988,1891,0.432692,1005
22,8,13,988,1891,0.865385,1005
22,8,13,988,1891,1.29808,1005
22,8,13,988,1891,1.73077,1005
22,8,13,988,1894,0,1005
22,8,13,988,1894,0.432692,1005
22,8,13,988,1894,0.865385,1005
22,8,13,988,1894,1.29808,1005
22,8,13,988,1894,1.73077,1005
22,8,13,988,1897,0,1005
22,8,13,988,1897,0.432692,1005
22,8,13,988,1897,0.865385,1005
22,8,13,988,1897,1.29808,1005
22,8,13,988,1897,1.73077,1005
22,8,13,988,1900,0,1005
22,8,13,988,1900,0.432692,1005
22,8,13,988,1900,0.865385,1005
22,8,13,988,1900,1.29808,1005
22,8,13,988,1900,1.73077,1005
22,8,13,989,1855,0,989
22,8,13,989,1855,0.432692,989
22,8,13,989,1855,0.865385,989
22,8,13,989,1855,1.29808,989
22,8,13,989,1855,1.73077,989
22,8,13,989,1858,0,989
22,8,13,989,1858,0.432692,989
22,8,13,989,1858,0.865385,989
22,8,13,989,1858,1.29808,989
22,8,13,989,1858,1.73077,989
22,8,13,989,1861,0,990.078
22,8,13,989,1861,0.432692,990.078
22,8,13,989,1861,0.865385,990.078
22,8,13,989,1861,1.29808,990.078
22,8,13,989,1861,1.73077,990.078
22,8,13,989,1864,0,993.008
22,8,13,989,1864,0.432692,993.008
22,8,13,989,1864,0.865385,993.008
22,8,13,989,1864,1.29808,993.008
22,8,13,989,1864,1.73077,993.008
22,8,13,989,1867,0,995.898
22,8,13,989,1867,0.432692,995.898
22,8,13,989,1867,0.865385,995.898
22,8,13,989,1867,1.29808,995.898
22,8,13,989,1867,1.73077,995.898
22,8,13,989,1870,0,998.828
22,8,13,989,1870,0.432692,998.828
22,8,13,989,1870,0.865385,998.828
22,8,13,989,1870,1.29808,998.828
22,8,13,989,1870,1.73077,998.828
22,8,13,989,1873,0,1001.76
22,8,13,989,1873,0.432692,1001.76
22,8,13,989,1873,0.865385,1001.76
22,8,13,989,1873,1.29808,1001.76
22,8,13,989,1873,1.73077,1001.76
22,8,13,989,1876,0,1004.69
22,8,13,989,1876,0.432692,1004.69
22,8,13,989,1876,0.865385,1004.69
22,8,13,989,1876,1.29808,1004.69
22,8,13,989,1876,1.73077,1004.69
22,8,13,989,1879,0,1005
22,8,13,989,1879,0.432692,1005
22,8,13,989,1879,0.865385,1005
22,8,13,989,1879,1.29808,1005
22,8,13,989,1879,1.73077,1005
22,8,13,989,1882,0,1005
22,8,13,989,1882,0.432692,1005
22,8,13,989,1882,0.865385,1005
22,8,13,989,1882,1.29808,1005
22,8,13,989,1882,1.73077,1005
22,8,13,989,1885,0,1005
22,8,13,989,1885,0.432692,1005
22,8,13,989,1885,0.865385,1005
22,8,13,989,1885,1.29808,1005
22,8,13,989,1885,1.73077,1005
22,8,13,989,1888,0,1005
22,8,13,989,1888,0.432692,1005
22,8,13,989,1888,0.865385,1005
22,8,13,989,1888,1.29808,1005
22,8,13,989,1888,1.73077,1005
22,8,13,989,1891,0,1005
22,8,13,989,1891,0.432692,1005
22,8,13,989,1891,0.865385,1005
22,8,13,989,1891,1.29808,1005
22,8,13,989,1891,1.73077,1005
22,8,13,989,1894,0,1005
22,8,13,989,1894,0.432692,1005
22,8,13,989,1894,0.865385,1005
22,8,13,989,1894,1.29808,1005
22,8,13,989,1894,1.73077,1005
22,8,13,989,1897,0,1005
22,8,13,989,1897,0.432692,1005
22,8,13,989,1897,0.865385,1005
22,8,13,989,1897,1.29808,1005
22,8,13,989,1897,1.73077,1005
22,8,13,989,1900,0,1005
22,8,13,989,1900,0.432692,1005
22,8,13,989,1900,0.865385,1005
22,8,13,989,1900,1.29808,1005
22,8,13,989,1900,1.73077,1005
22,8,13,990,1855,0,990
22,8,13,990,1855,0.432692,990
22,8,13,990,1855,0.865385,990
22,8,13,990,1855,1.29808,990
22,8,13,990,1855,1.73077,990
22,8,13,990,1858,0,990
22,8,13,990,1858,0.432692,990
22,8,13,990,1858,0.865385,990
22,8,13,990,1858,1.29808,990
22,8,13,990,1858,1.73077,990
22,8,13,990,1861,0,990.078
22,8,13,990,1861,0.432692,990.078
22,8,13,990,1861,0.865385,990.078
22,8,13,990,1861,1.29808,990.078
22,8,13,990,1861,1.73077,990.078
22,8,13,990,1864,0,993.008
22,8,13,990,1864,0.432692,993.008
22,8,13,990,1864,0.865385,993.008
22,8,13,990,1864,1.29808,993.008
22,8,13,990,1864,1.73077,993.008
22,8,13,990,1867,0,995.898
22,8,13,990,1867,0.432692,995.898
22,8,13,990,1867,0.865385,995.898
22,8,13,990,1867,1.29808,995.898
22,8,13,990,1867,1.73077,995.898
22,8,13,990,1870,0,998.828
22,8,13,990,1870,0.432692,998.828
22,8,13,990,1870,0.865385,998.828
22,8,13,990,1870,1.29808,998.828
22,8,13,990,1870,1.73077,998.828
22,8,13,990,1873,0,1001.76
22,8,13,990,1873,0.432692,1001.76
22,8,13,990,1873,0.865385,1001.76
22,8,13,990,1873,1.29808,1001.76
22,8,13,990,1873,1.73077,1001.76
22,8,13,990,1876,0,1004.69
22,8,13,990,1876,0.432692,1004.69
22,8,13,990,1876,0.865385,1004.69
22,8,13,990,1876,1.29808,1004.69
22,8,13,990,1876,1.73077,1004.69
22,8,13,990,1879,0,1005
22,8,13,990,1879,0.432692,1005
22,8,13,990,1879,0.865385,1005
22,8,13,990,1879,1.29808,1005
22,8,13,990,1879,1.73077,1005
22,8,13,990,1882,0,1005
22,8,13,990,1882,0.432692,1005
22,8,13,990,1882,0.865385,1005
22,8,13,990,1882,1.29808,1005
22,8,13,990,1882,1.73077,1005
22,8,13,990,1885,0,1005
22,8,13,990,1885,0.432692,1005
22,8,13,990,1885,0.865385,1005
22,8,13,990,1885,1.29808,1005
22,8,13,990,1885,1.73077,1005
22,8,13,990,1888,0,1005
22,8,13,990,1888,0.432692,1005
22,8,13,990,1888,0.865385,1005
22,8,13,990,1888,1.29808,1005
22,8,13,990,1888,1.73077,1005
22,8,13,990,1891,0,1005
22,8,13,990,1891,0.432692,1005
22,8,13,990,1891,0.865385,1005
22,8,13,990,1891,1.29808,1005
22,8,13,990,1891,1.73077,1005
22,8,13,990,1894,0,1005
22,8,13,990,1894,0.432692,1005
22,8,13,990,1894,0.865385,1005
22,8,13,990,1894,1.29808,1005
22,8,13,990,1894,1.73077,1005
22,8,13,990,1897,0,1005
22,8,13,990,1897,0.432692,1005
22,8,13,990,1897,0.865385,1005
22,8,13,990,1897,1.29808,1005
22,8,13,990,1897,1.73077,1005
22,8,13,990,1900,0,1005
22,8,13,990,1900,0.432692,1005
22,8,13,990,1900,0.865385,1005
22,8,13,990,1900,1.29808,1005
22,8,13,990,1900,1.73077,1005
22,8,13,991,1855,0,991
22,8,13,991,1855,0.432692,991
22,8,13,991,1855,0.865385,991
22,8,13,991,1855,1.29808,991
22,8,13,991,1855,1.73077,991
22,8,13,991,1858,0,991
22,8,13,991,1858,0.432692,991
22,8,13,991,1858,0.865385,991
22,8,13,991,1858,1.29808,991
22,8,13,991,1858,1.73077,991
22,8,13,991,1861,0,991
22,8,13,991,1861,0.432692,991
22,8,13,991,1861,0.865385,991
22,8,13,991,1861,1.29808,991
22,8,13,991,1861,1.73077,991
22,8,13,991,1864,0,993.008
22,8,13,991,1864,0.432692,993.008
22,8,13,991,1864,0.865385,993.008
22,8,13,991,1864,1.29808,993.008
22,8,13,991,1864,1.73077,993.008
22,8,13,991,1867,0,995.898
22,8,13,991,1867,0.432692,995.898
22,8,13,991,1867,0.865385,995.898
22,8,13,991,1867,1.29808,995.898
22,8,13,991,1867,1.73077,995.898
22,8,13,991,1870,0,998.828
22,8,13,991,1870,0.432692,998.828
22,8,13,991,1870,0.865385,998.828
22,8,13,991,1870,1.29808,998.828
22,8,13,991,1870,1.73077,998.828
22,8,13,991,1873,0,1001.76
22,8,13,991,1873,0.432692,1001.76
22,8,13,991,1873,0.865385,1001.76
22,8,13,991,1873,1.29808,1001.76
22,8,13,991,1873,1.73077,1001.76
22,8,13,991,1876,0,1004.69
22,8,13,991,1876,0.432692,1004.69
22,8,13,991,1876,0.865385,1004.69
22,8,13,991,1876,1.29808,1004.69
22,8,13,991,1876,1.73077,1004.69
22,8,13,991,1879,0,1005
22,8,13,991,1879,0.432692,1005
22,8,13,991,1879,0.865385,1005
22,8,13,991,1879,1.29808,1005
22,8,13,991,1879,1.73077,1005
22,8,13,991,1882,0,1005
22,8,13,991,1882,0.432692,1005
22,8,13,991,1882,0.865385,1005
22,8,13,991,1882,1.29808,1005
22,8,13,991,1882,1.73077,1005
22,8,13,991,1885,0,1005
22,8,13,991,1885,0.432692,1005
22,8,13,991,1885,0.865385,1005
22,8,13,991,1885,1.29808,1005
22,8,13,991,1885,1.73077,1005
22,8,13,991,1888,0,1005
22,8,13,991,1888,0.432692,1005
22,8,13,991,1888,0.865385,1005
22,8,13,991,1888,1.29808,1005
22,8,13,991,1888,1.73077,1005
22,8,13,991,1891,0,1005
22,8,13,991,1891,0.432692,1005
22,8,13,991,1891,0.865385,1005
22,8,13,991,1891,1.29808,1005
22,8,13,991,1891,1.73077,1005
22,8,13,991,1894,0,1005
22,8,13,991,1894,0.432692,1005
22,8,13,991,1894,0.865385,1005
22,8,13,991,1894,1.29808,1005
22,8,13,991,1894,1.73077,1005
22,8,13,991,1897,0,1005
22,8,13,991,1897,0.432692,1005
22,8,13,991,1897,0.865385,1005
22,8,13,991,1897,1.29808,1005
22,8,13,991,1897,1.73077,1005
22,8,13,991,1900,0,1005
22,8,13,991,1900,0.432692,1005
22,8,13,991,1900,0.865385,1005
22,8,13,991,1900,1.29808,1005
22,8,13,991,1900,1.73077,1005
22,8,13,992,1855,0,992
22,8,13,992,1855,0.432692,992
22,8,13,992,1855,0.865385,992
22,8,13,992,1855,1.29808,992
22,8,13,992,1855,1.73077,992
22,8,13,992,1858,0,992
22,8,13,992,1858,0.432692,992
22,8,13,992,1858,0.865385,992
22,8,13,992,1858,1.29808,992
22,8,13,992,1858,1.73077,992
22,8,13,992,1861,0,992
22,8,13,992,1861,0.432692,992
22,8,13,992,1861,0.865385,992
22,8,13,992,1861,1.29808,992
22,8,13,992,1861,1.73077,992
22,8,13,992,1864,0,993.008
22,8,13,992,1864,0.432692,993.008
22,8,13,992,1864,0.865385,993.008
22,8,13,992,1864,1.29808,993.008
22,8,13,992,1864,1.73077,993.008
22,8,13,992,1867,0,995.898
22,8,13,992,1867,0.432692,995.898
22,8,13,992,1867,0.865385,995.898
22,8,13,992,1867,1.29808,995.898
22,8,13,992,1867,1.73077,995.898
22,8,13,992,1870,0,998.828
22,8,13,992,1870,0.432692,998.828
22,8,13,992,1870,0.865385,998.828
22,8,13,992,1870,1.29808,998.828
22,8,13,992,1870,1.73077,998.828
22,8,13,992,1873,0,1001.76
22,8,13,992,1873,0.432692,1001.76
22,8,13,992,1873,0.865385,1001.76
22,8,13,992,1873,1.29808,1001.76
22,8,13,992,1873,1.73077,1001.76
22,8,13,992,1876,0,1004.69
22,8,13,992,1876,0.432692,1004.69
22,8,13,992,1876,0.865385,1004.69
22,8,13,992,1876,1.29808,1004.69
22,8,13,992,1876,1.73077,1004.69
22,8,13,992,1879,0,1005
22,8,13,992,1879,0.432692,1005
22,8,13,992,1879,0.865385,1005
22,8,13,992,1879,1.29808,1005
22,8,13,992,1879,1.73077,1005
22,8,13,992,1882,0,1005
22,8,13,992,1882,0.432692,1005
22,8,13,992,1882,0.865385,1005
22,8,13,992,1882,1.29808,1005
22,8,13,992,1882,1.73077,1005
22,8,13,992,1885,0,1005
22,8,13,992,1885,0.432692,1005
22,8,13,992,1885,0.865385,1005
22,8,13,992,1885,1.29808,1005
22,8,13,992,1885,1.73077,1005
22,8,13,992,1888,0,1005
22,8,13,992,1888,0.432692,1005
22,8,13,992,1888,0.865385,1005
22,8,13,992,1888,1.29808,1005
22,8,13,992,1888,1.73077,1005
22,8,13,992,1891,0,1005
22,8,13,992,1891,0.432692,1005
22,8,13,992,1891,0.865385,1005
22,8,13,992,1891,1.29808,1005
22,8,13,992,1891,1.73077,1005
22,8,13,992,1894,0,1005
22,8,13,992,1894,0.432692,1005
22,8,13,992,1894,0.865385,1005
22,8,13,992,1894,1.29808,1005
22,8,13,992,1894,1.73077,1005
22,8,13,992,1897,0,1005
22,8,13,992,1897,0.432692,1005
22,8,13,992,1897,0.865385,1005
22,8,13,992,1897,1.29808,1005
22,8,13,992,1897,1.73077,1005
22,8,13,992,1900,0,1005
22,8,13,992,1900,0.432692,1005
22,8,13,992,1900,0.865385,1005
22,8,13,992,1900,1.29808,1005
22,8,13,992,1900,1.73077,1005
22,8,13,993,1855,0,993
22,8,13,993,1855,0.432692,993
22,8,13,993,1855,0.865385,993
22,8,13,993,1855,1.29808,993
22,8,13,993,1855,1.73077,993
22,8,13,993,1858,0,993
22,8,13,993,1858,0.432692,993
22,8,13,993,1858,0.865385,993
22,8,13,993,1858,1.29808,993
22,8,13,993,1858,1.73077,993
22,8,13,993,1861,0,993
22,8,13,993,1861,0.432692,993
22,8,13,993,1861,0.865385,993
22,8,13,993,1861,1.29808,993
22,8,13,993,1861,1.73077,993
22,8,13,993,1864,0,993.008
22,8,13,993,1864,0.432692,993.008
22,8,13,993,1864,0.865385,993.008
22,8,13,993,1864,1.29808,993.008
22,8,13,993,1864,1.73077,993.008
22,8,13,993,1867,0,995.898
22,8,13,993,1867,0.432692,995.898
22,8,13,993,1867,0.865385,995.898
22,8,13,993,1867,1.29808,995.898
22,8,13,993,1867,1.73077,995.898
22,8,13,993,1870,0,998.828
22,8,13,993,1870,0.432692,998.828
22,8,13,993,1870,0.865385,998.828
22,8,13,993,1870,1.29808,998.828
22,8,13,993,1870,1.73077,998.828
22,8,13,993,1873,0,1001.76
22,8,13,993,1873,0.432692,1001.76
22,8,13,993,1873,0.865385,1001.76
22,8,13,993,1873,1.29808,1001.76
22,8,13,993,1873,1.73077,1001.76
22,8,13,993,1876,0,1004.69
22,8,13,993,1876,0.432692,1004.69
22,8,13,993,1876,0.865385,1004.69
22,8,13,993,1876,1.29808,1004.69
22,8,13,993,1876,1.73077,1004.69
22,8,13,993,1879,0,1005
22,8,13,993,1879,0.432692,1005
22,8,13,993,1879,0.865385,1005
22,8,13,993,1879,1.29808,1005
22,8,13,993,1879,1.73077,1005
22,8,13,993,1882,0,1005
22,8,13,993,1882,0.432692,1005
22,8,13,993,1882,0.865385,1005
22,8,13,993,1882,1.29808,1005
22,8,13,993,1882,1.73077,1005
22,8,13,993,1885,0,1005
22,8,13,993,1885,0.432692,1005
22,8,13,993,1885,0.865385,1005
22,8,13,993,1885,1.29808,1005
22,8,13,993,1885,1.73077,1005
22,8,13,993,1888,0,1005
22,8,13,993,1888,0.432692,1005
22,8,13,993,1888,0.865385,1005
22,8,13,993,1888,1.29808,1005
22,8,13,993,1888,1.73077,1005
22,8,13,993,1891,0,1005
22,8,13,993,1891,0.432692,1005
22,8,13,993,1891,0.865385,1005
22,8,13,993,1891,1.29808,1005
22,8,13,993,1891,1.73077,1005
22,8,13,993,1894,0,1005
22,8,13,993,1894,0.432692,1005
22,8,13,993,1894,0.865385,1005
22,8,13,993,1894,1.29808,1005
22,8,13,993,1894,1.73077,1005
22,8,13,993,1897,0,1005
22,8,13,993,1897,0.432692,1005
22,8,13,993,1897,0.865385,1005
22,8,13,993,1897,1.29808,1005
22,8,13,993,1897,1.73077,1005
22,8,13,993,1900,0,1005
22,8,13,993,1900,0.432692,1005
22,8,13,993,1900,0.865385,1005
22,8,13,993,1900,1.29808,1005
22,8,13,993,1900,1.73077,1005
22,8,13,994,1855,0,994
22,8,13,994,1855,0.432692,994
22,8,13,994,1855,0.865385,994
22,8,13,994,1855,1.29808,994
22,8,13,994,1855,1.73077,994
22,8,13,994,1858,0,994
22,8,13,994,1858,0.432692,994
22,8,13,994,1858,0.865385,994
22,8,13,994,1858,1.29808,994
22,8,13,994,1858,1.73077,994
22,8,13,994,1861,0,994
22,8,13,994,1861,0.432692,994
22,8,13,994,1861,0.865385,994
22,8,13,994,1861,1.29808,994
22,8,13,994,1861,1.73077,994
22,8,13,994,1864,0,994
22,8,13,994,1864,0.432692,994
22,8,13,994,1864,0.865385,994
22,8,13,994,1864,1.29808,994
22,8,13,994,1864,1.73077,994
22,8,13,994,1867,0,995.898
22,8,13,994,1867,0.432692,995.898
22,8,13,994,1867,0.865385,995.898
22,8,13,994,1867,1.29808,995.898
22,8,13,994,1867,1.73077,995.898
22,8,13,994,1870,0,998.828
22,8,13,994,1870,0.432692,998.828
22,8,13,994,1870,0.865385,998.828
22,8,13,994,1870,1.29808,998.828
22,8,13,994,1870,1.73077,998.828
22,8,13,994,1873,0,1001.76
22,8,13,994,1873,0.432692,1001.76
22,8,13,994,1873,0.865385,1001.76
22,8,13,994,1873,1.29808,1001.76
22,8,13,994,1873,1.73077,1001.76
22,8,13,994,1876,0,1004.69
22,8,13,994,1876,0.432692,1004.69
22,8,13,994,1876,0.865385,1004.69
22,8,13,994,1876,1.29808,1004.69
22,8,13,994,1876,1.73077,1004.69
22,8,13,994,1879,0,1005
22,8,13,994,1879,0.432692,1005
22,8,13,994,1879,0.865385,1005
22,8,13,994,1879,1.29808,1005
22,8,13,994,1879,1.73077,1005
22,8,13,994,1882,0,1005
22,8,13,994,1882,0.432692,1005
22,8,13,994,1882,0.865385,1005
22,8,13,994,1882,1.29808,1005
22,8,13,994,1882,1.73077,1005
22,8,13,994,1885,0,1005
22,8,13,994,1885,0.432692,1005
22,8,13,994,1885,0.865385,1005
22,8,13,994,1885,1.29808,1005
22,8,13,994,1885,1.73077,1005
22,8,13,994,1888,0,1005
22,8,13,994,1888,0.432692,1005
22,8,13,994,1888,0.865385,1005
22,8,13,994,1888,1.29808,1005
22,8,13,994,1888,1.73077,1005
22,8,13,994,1891,0,1005
22,8,13,994,1891,0.432692,1005
22,8,13,994,1891,0.865385,1005
22,8,13,994,1891,1.29808,1005
22,8,13,994,1891,1.73077,1005
22,8,13,994,1894,0,1005
22,8,13,994,1894,0.432692,1005
22,8,13,994,1894,0.865385,1005
22,8,13,994,1894,1.29808,1005
22,8,13,994,1894,1.73077,1005
22,8,13,994,1897,0,1005
22,8,13,994,1897,0.432692,1005
22,8,13,994,1897,0.865385,1005
22,8,13,994,1897,1.29808,1005
22,8,13,994,1897,1.73077,1005
22,8,13,994,1900,0,1005
22,8,13,994,1900,0.432692,1005
22,8,13,994,1900,0.865385,1005
22,8,13,994,1900,1.29808,1005
22,8,13,994,1900,1.73077,1005
22,8,13,995,1855,0,995
22,8,13,995,1855,0.432692,995
22,8,13,995,1855,0.865385,995
22,8,13,995,1855,1.29808,995
22,8,13,995,1855,1.73077,995
22,8,13,995,1858,0,995
22,8,13,995,1858,0.432692,995
22,8,13,995,1858,0.865385,995
22,8,13,995,1858,1.29808,995
22,8,13,995,1858,1.73077,995
22,8,13,995,1861,0,995
22,8,13,995,1861,0.432692,995
22,8,13,995,1861,0.865385,995
22,8,13,995,1861,1.29808,995
22,8,13,995,1861,1.73077,995
22,8,13,995,1864,0,995
22,8,13,995,1864,0.432692,995
22,8,13,995,1864,0.865385,995
22,8,13,995,1864,1.29808,995
22,8,13,995,1864,1.73077,995
22,8,13,995,1867,0,995.352
22,8,13,995,1867,0.432692,995.898
22,8,13,995,1867,0.865385,995.898
22,8,13,995,1867,1.29808,995.898
22,8,13,995,1867,1.73077,995.898
22,8,13,995,1870,0,998.281
22,8,13,995,1870,0.432692,998.828
22,8,13,995,1870,0.865385,998.828
22,8,13,995,1870,1.29808,998.828
22,8,13,995,1870,1.73077,998.828
22,8,13,995,1873,0,1001.21
22,8,13,995,1873,0.432692,1001.76
22,8,13,995,1873,0.865385,1001.76
22,8,13,995,1873,1.29808,1001.76
22,8,13,995,1873,1.73077,1001.76
22,8,13,995,1876,0,1004.14
22,8,13,995,1876,0.432692,1004.69
22,8,13,995,1876,0.865385,1004.69
22,8,13,995,1876,1.29808,1004.69
22,8,13,995,1876,1.73077,1004.69
22,8,13,995,1879,0,1005
22,8,13,995,1879,0.432692,1005
22,8,13,995,1879,0.865385,1005
22,8,13,995,1879,1.29808,1005
22,8,13,995,1879,1.73077,1005
22,8,13,995,1882,0,1005
22,8,13,995,1882,0.432692,1005
22,8,13,995,1882,0.865385,1005
22,8,13,995,1882,1.29808,1005
22,8,13,995,1882,1.73077,1005
22,8,13,995,1885,0,1005
22,8,13,995,1885,0.432692,1005
22,8,13,995,1885,0.865385,1005
22,8,13,995,1885,1.29808,1005
22,8,13,995,1885,1.73077,1005
22,8,13,995,1888,0,1005
22,8,13,995,1888,0.432692,1005
22,8,13,995,1888,0.865385,1005
22,8,13,995,1888,1.29808,1005
22,8,13,995,1888,1.73077,1005
22,8,13,995,1891,0,1005
22,8,13,995,1891,0.432692,1005
22,8,13,995,1891,0.865385,1005
22,8,13,995,1891,1.29808,1005
22,8,13,995,1891,1.73077,1005
22,8,13,995,1894,0,1005
22,8,13,995,1894,0.432692,1005
22,8,13,995,1894,0.865385,1005
22,8,13,995,1894,1.29808,1005
22,8,13,995,1894,1.73077,1005
22,8,13,995,1897,0,1005
22,8,13,995,1897,0.432692,1005
22,8,13,995,1897,0.865385,1005
22,8,13,995,1897,1.29808,1005
22,8,13,995,1897,1.73077,1005
22,8,13,995,1900,0,1005
22,8,13,995,1900,0.432692,1005
22,8,13,995,1900,0.865385,1005
22,8,13,995,1900,1.29808,1005
22,8,13,995,1900,1.73077,1005
22,8,13,996,1855,0,996
22,8,13,996,1855,0.432692,996
22,8,13,996,1855,0.865385,996
22,8,13,996,1855,1.29808,996
22,8,13,996,1855,1.73077,996
22,8,13,996,1858,0,996
22,8,13,996,1858,0.432692,996
22,8,13,996,1858,0.865385,996
22,8,13,996,1858,1.29808,996
22,8,13,996,1858,1.73077,996
22,8,13,996,1861,0,996
22,8,13,996,1861,0.432692,996
22,8,13,996,1861,0.865385,996
22,8,13,996,1861,1.29808,996
22,8,13,996,1861,1.73077,996
22,8,13,996,1864,0,996
22,8,13,996,1864,0.432692,996
22,8,13,996,1864,0.865385,996
22,8,13,996,1864,1.29808,996
22,8,13,996,1864,1.73077,996
22,8,13,996,1867,0,996
22,8,13,996,1867,0.432692,996
22,8,13,996,1867,0.865385,996
22,8,13,996,1867,1.29808,996
22,8,13,996,1867,1.73077,996
22,8,13,996,1870,0,998.281
22,8,13,996,1870,0.432692,998.281
22,8,13,996,1870,0.865385,998.281
22,8,13,996,1870,1.29808,998.828
22,8,13,996,1870,1.73077,998.828
22,8,13,996,1873,0,1001.21
22,8,13,996,1873,0.432692,1001.21
22,8,13,996,1873,0.865385,1001.21
22,8,13,996,1873,1.29808,1001.76
22,8,13,996,1873,1.73077,1001.76
22,8,13,996,1876,0,1004.14
22,8,13,996,1876,0.432692,1004.14
22,8,13,996,1876,0.865385,1004.14
22,8,13,996,1876,1.29808,1004.69
22,8,13,996,1876,1.73077,1004.69
22,8,13,996,1879,0,1005
22,8,13,996,1879,0.432692,1005
22,8,13,996,1879,0.865385,1005
22,8,13,996,1879,1.29808,1005
22,8,13,996,1879,1.73077,1005
22,8,13,996,1882,0,1005
22,8,13,996,1882,0.432692,1005
22,8,13,996,1882,0.865385,1005
22,8,13,996,1882,1.29808,1005
22,8,13,996,1882,1.73077,1005
22,8,13,996,1885,0,1005
22,8,13,996,1885,0.432692,1005
22,8,13,996,1885,0.865385,1005
22,8,13,996,1885,1.29808,1005
22,8,13,996,1885,1.73077,1005
22,8,13,996,1888,0,1005
22,8,13,996,1888,0.432692,1005
22,8,13,996,1888,0.865385,1005
22,8,13,996,1888,1.29808,1005
22,8,13,996,1888,1.73077,1005
22,8,13,996,1891,0,1005
22,8,13,996,1891,0.432692,1005
22,8,13,996,1891,0.865385,1005
22,8,13,996,1891,1.29808,1005
22,8,13,996,1891,1.73077,1005
22,8,13,996,1894,0,1005
22,8,13,996,1894,0.432692,1005
22,8,13,996,1894,0.865385,1005
22,8,13,996,1894,1.29808,1005
22,8,13,996,1894,1.73077,1005
22,8,13,996,1897,0,1005
22,8,13,996,1897,0.432692,1005
22,8,13,996,1897,0.865385,1005
22,8,13,996,1897,1.29808,1005
22,8,13,996,1897,1.73077,1005
22,8,13,996,1900,0,1005
22,8,13,996,1900,0.432692,1005
22,8,13,996,1900,0.865385,1005
22,8,13,996,1900,1.29808,1005
22,8,13,996,1900,1.73077,1005
22,8,13,997,1855,0,997
22,8,13,997,1855,0.432692,997
22,8,13,997,1855,0.865385,997
22,8,13,997,1855,1.29808,997
22,8,13,997,1855,1.73077,997
22,8,13,997,1858,0,997
22,8,13,997,1858,0.432692,997
22,8,13,997,1858,0.865385,997
22,8,13,997,1858,1.29808,997
22,8,13,997,1858,1.73077,997
22,8,13,997,1861,0,997
22,8,13,997,1861,0.432692,997
22,8,13,997,1861,0.865385,997
22,8,13,997,1861,1.29808,997
22,8,13,997,1861,1.73077,997
22,8,13,997,1864,0,997
22,8,13,997,1864,0.432692,997
22,8,13,997,1864,0.865385,997
22,8,13,997,1864,1.29808,997
22,8,13,997,1864,1.73077,997
22,8,13,997,1867,0,997
22,8,13,997,1867,0.432692,997
22,8,13,997,1867,0.865385,997
22,8,13,997,1867,1.29808,997
22,8,13,997,1867,1.73077,997
22,8,13,997,1870,0,998.281
22,8,13,997,1870,0.432692,998.281
22,8,13,997,1870,0.865385,998.281
22,8,13,997,1870,1.29808,998.281
22,8,13,997,1870,1.73077,998.281
22,8,13,997,1873,0,1001.21
22,8,13,997,1873,0.432692,1001.21
22,8,13,997,1873,0.865385,1001.21
22,8,13,997,1873,1.29808,1001.21
22,8,13,997,1873,1.73077,1001.21
22,8,13,997,1876,0,1004.14
22,8,13,997,1876,0.432692,1004.14
22,8,13,997,1876,0.865385,1004.14
22,8,13,997,1876,1.29808,1004.14
22,8,13,997,1876,1.73077,1004.14
22,8,13,997,1879,0,1005
22,8,13,997,1879,0.432692,1005
22,8,13,997,1879,0.865385,1005
22,8,13,997,1879,1.29808,1005
22,8,13,997,1879,1.73077,1005
22,8,13,997,1882,0,1005
22,8,13,997,1882,0.432692,1005
22,8,13,997,1882,0.865385,1005
22,8,13,997,1882,1.29808,1005
22,8,13,997,1882,1.73077,1005
22,8,13,997,1885,0,1005
22,8,13,997,1885,0.432692,1005
22,8,13,997,1885,0.865385,1005
22,8,13,997,1885,1.29808,1005
22,8,13,997,1885,1.73077,1005
22,8,13,997,1888,0,1005
22,8,13,997,1888,0.432692,1005
22,8,13,997,1888,0.865385,1005
22,8,13,997,1888,1.29808,1005
22,8,13,997,1888,1.73077,1005
22,8,13,997,1891,0,1005
22,8,13,997,1891,0.432692,1005
22,8,13,997,1891,0.865385,1005
22,8,13,997,1891,1.29808,1005
22,8,13,997,1891,1.73077,1005
22,8,13,997,1894,0,1005
22,8,13,997,1894,0.432692,1005
22,8,13,997,1894,0.865385,1005
22,8,13,997,1894,1.29808,1005
22,8,13,997,1894,1.73077,1005
22,8,13,997,1897,0,1005
22,8,13,997,1897,0.432692,1005
22,8,13,997,1897,0.865385,1005
22,8,13,997,1897,1.29808,1005
22,8,13,997,1897,1.73077,1005
22,8,13,997,1900,0,1005
22,8,13,997,1900,0.432692,1005
22,8,13,997,1900,0.865385,1005
22,8,13,997,1900,1.29808,1005
22,8,13,997,1900,1.73077,1005
22,8,13,998,1855,0,998
22,8,13,998,1855,0.432692,998
22,8,13,998,1855,0.865385,998
22,8,13,998,1855,1.29808,998
22,8,13,998,1855,1.73077,998
22,8,13,998,1858,0,998
22,8,13,998,1858,0.432692,998
22,8,13,998,1858,0.865385,998
22,8,13,998,1858,1.29808,998
22,8,13,998,1858,1.73077,998
22,8,13,998,1861,0,998
22,8,13,998,1861,0.432692,998
22,8,13,998,1861,0.865385,998
22,8,13,998,1861,1.29808,998
22,8,13,998,1861,1.73077,998
22,8,13,998,1864,0,998
22,8,13,998,1864,0.432692,998
22,8,13,998,1864,0.865385,998
22,8,13,998,1864,1.29808,998
22,8,13,998,1864,1.73077,998
22,8,13,998,1867,0,998
22,8,13,998,1867,0.432692,998
22,8,13,998,1867,0.865385,998
22,8,13,998,1867,1.29808,998
22,8,13,998,1867,1.73077,998
22,8,13,998,1870,0,998
22,8,13,998,1870,0.432692,998.281
22,8,13,998,1870,0.865385,998.281
22,8,13,998,1870,1.29808,998.281
22,8,13,998,1870,1.73077,998.281
22,8,13,998,1873,0,1000.31
22,8,13,998,1873,0.432692,1001.21
22,8,13,998,1873,0.865385,1001.21
22,8,13,998,1873,1.29808,1001.21
22,8,13,998,1873,1.73077,1001.21
22,8,13,998,1876,0,1003.24
22,8,13,998,1876,0.432692,1004.14
22,8,13,998,1876,0.865385,1004.14
22,8,13,998,1876,1.29808,1004.14
22,8,13,998,1876,1.73077,1004.14
22,8,13,998,1879,0,1005
22,8,13,998,1879,0.432692,1005
22,8,13,998,1879,0.865385,1005
22,8,13,998,1879,1.29808,1005
22,8,13,998,1879,1.73077,1005
22,8,13,998,1882,0,1005
22,8,13,998,1882,0.432692,1005
22,8,13,998,1882,0.865385,1005
22,8,13,998,1882,1.29808,1005
22,8,13,998,1882,1.73077,1005
22,8,13,998,1885,0,1005
22,8,13,998,1885,0.432692,1005
22,8,13,998,1885,0.865385,1005
22,8,13,998,1885,1.29808,1005
22,8,13,998,1885,1.73077,1005
22,8,13,998,1888,0,1005
22,8,13,998,1888,0.432692,1005
22,8,13,998,1888,0.865385,1005
22,8,13,998,1888,1.29808,1005
22,8,13,998,1888,1.73077,1005
22,8,13,998,1891,0,1005
22,8,13,998,1891,0.432692,1005
22,8,13,998,1891,0.865385,1005
22,8,13,998,1891,1.29808,1005
22,8,13,998,1891,1.73077,1005
22,8,13,998,1894,0,1005
22,8,13,998,1894,0.432692,1005
22,8,13,998,1894,0.865385,1005
22,8,13,998,1894,1.29808,1005
22,8,13,998,1894,1.73077,1005
22,8,13,998,1897,0,1005
22,8,13,998,1897,0.432692,1005
22,8,13,998,1897,0.865385,1005
22,8,13,998,1897,1.29808,1005
22,8,13,998,1897,1.73077,1005
22,8,13,998,1900,0,1005
22,8,13,998,1900,0.432692,1005
22,8,13,998,1900,0.865385,1005
22,8,13,998,1900,1.29808,1005
22,8,13,998,1900,1.73077,1005
22,8,13,999,1855,0,999
22,8,13,999,1855,0.432692,999
22,8,13,999,1855,0.865385,999
22,8,13,999,1855,1.29808,999
22,8,13,999,1855,1.73077,999
22,8,13,999,1858,0,999
22,8,13,999,1858,0.432692,999
22,8,13,999,1858,0.865385,999
22,8,13,999,1858,1.29808,999
22,8,13,999,1858,1.73077,999
22,8,13,999,1861,0,999
22,8,13,999,1861,0.432692,999
22,8,13,999,1861,0.865385,999
22,8,13,999,1861,1.29808,999
22,8,13,999,1861,1.73077,999
22,8,13,999,1864,0,999
22,8,13,999,1864,0.432692,999
22,8,13,999,1864,0.865385,999
22,8,13,999,1864,1.29808,999
22,8,13,999,1864,1.73077,999
22,8,13,999,1867,0,999
22,8,13,999,1867,0.432692,999
22,8,13,999,1867,0.865385,999
22,8,13,999,1867,1.29808,999
22,8,13,999,1867,1.73077,999
22,8,13,999,1870,0,999
22,8,13,999,1870,0.432692,999
22,8,13,999,1870,0.865385,999
22,8,13,999,1870,1.29808,999
22,8,13,999,1870,1.73077,999
22,8,13,999,1873,0,999
22,8,13,999,1873,0.432692,999
22,8,13,999,1873,0.865385,999
22,8,13,999,1873,1.29808,999
22,8,13,999,1873,1.73077,999
22,8,13,999,1876,0,999
22,8,13,999,1876,0.432692,999
22,8,13,999,1876,0.865385,999
22,8,13,999,1876,1.29808,999
22,8,13,999,1876,1.73077,999
22,8,13,999,1879,0,999
22,8,13,999,1879,0.432692,999
22,8,13,999,1879,0.865385,999
22,8,13,999,1879,1.29808,999
22,8,13,999,1879,1.73077,999
22,8,13,999,1882,0,999
22,8,13,999,1882,0.432692,999
22,8,13,999,1882,0.865385,999
22,8,13,999,1882,1.29808,999
22,8,13,999,1882,1.73077,999
22,8,13,999,1885,0,999
22,8,13,999,1885,0.432692,999
22,8,13,999,1885,0.865385,999
22,8,13,999,1885,1.29808,999
22,8,13,999,1885,1.73077,999
22,8,13,999,1888,0,999
22,8,13,999,1888,0.432692,999
22,8,13,999,1888,0.865385,999
22,8,13,999,1888,1.29808,999
22,8,13,999,1888,1.73077,999
22,8,13,999,1891,0,999.219
22,8,13,999,1891,0.432692,999.219
22,8,13,999,1891,0.865385,999.219
22,8,13,999,1891,1.29808,999.219
22,8,13,999,1891,1.73077,999.219
22,8,13,999,1894,0,1002.15
22,8,13,999,1894,0.432692,1002.15
22,8,13,999,1894,0.865385,1002.15
22,8,13,999,1894,1.29808,1002.15
22,8,13,999,1894,1.73077,1002.15
22,8,13,999,1897,0,1005
22,8,13,999,1897,0.432692,1005
22,8,13,999,1897,0.865385,1005
22,8,13,999,1897,1.29808,1005
22,8,13,999,1897,1.73077,1005
22,8,13,999,1900,0,1005
22,8,13,999,1900,0.432692,1005
22,8,13,999,1900,0.865385,1005
22,8,13,999,1900,1.29808,1005
22,8,13,999,1900,1.73077,1005
22,9,12,982,1864,0,985.039
22,9,12,982,1864,1.25,985.039
22,9,12,982,1864,2.5,985.039
22,9,12,982,1864,3.75,985.039
22,9,12,982,1864,5,985.039
22,9,12,982,1867,0,985.078
22,9,12,982,1867,1.25,985.078
22,9,12,982,1867,2.5,985.078
22,9,12,982,1867,3.75,985.078
22,9,12,982,1867,5,985.078
22,9,12,982,1870,0,987.969
22,9,12,982,1870,1.25,987.969
22,9,12,982,1870,2.5,987.969
22,9,12,982,1870,3.75,987.969
22,9,12,982,1870,5,987.969
22,9,12,982,1873,0,990.898
22,9,12,982,1873,1.25,990.898
22,9,12,982,1873,2.5,990.898
22,9,12,982,1873,3.75,990.898
22,9,12,982,1873,5,990.898
22,9,12,982,1876,0,993.789
22,9,12,982,1876,1.25,993.789
22,9,12,982,1876,2.5,993.789
22,9,12,982,1876,3.75,993.789
22,9,12,982,1876,5,993.789
22,9,12,982,1879,0,996.68
22,9,12,982,1879,1.25,996.68
22,9,12,982,1879,2.5,996.68
22,9,12,982,1879,3.75,996.68
22,9,12,982,1879,5,996.68
22,9,12,982,1882,0,999.609
22,9,12,982,1882,1.25,999.609
22,9,12,982,1882,2.5,999.609
22,9,12,982,1882,3.75,999.609
22,9,12,982,1882,5,999.609
22,9,12,982,1885,0,1002.5
22,9,12,982,1885,1.25,1002.5
22,9,12,982,1885,2.5,1002.5
22,9,12,982,1885,3.75,1002.5
22,9,12,982,1885,5,1002.5
22,9,12,982,1888,0,1005
22,9,12,982,1888,1.25,1005
22,9,12,982,1888,2.5,1005
22,9,12,982,1888,3.75,1005
22,9,12,982,1888,5,1005
22,9,12,982,1891,0,1005
22,9,12,982,1891,1.25,1005
22,9,12,982,1891,2.5,1005
22,9,12,982,1891,3.75,1005
22,9,12,982,1891,5,1005
22,9,12,982,1894,0,1005
22,9,12,982,1894,1.25,1005
22,9,12,982,1894,2.5,1005
22,9,12,982,1894,3.75,1005
22,9,12,982,1894,5,1005
22,9,12,982,1897,0,1005
22,9,12,982,1897,1.25,1005
22,9,12,982,1897,2.5,1005
22,9,12,982,1897,3.75,1005
22,9,12,982,1897,5,1005
22,9,12,982,1900,0,1005
22,9,12,982,1900,1.25,1005
22,9,12,982,1900,2.5,1005
22,9,12,982,1900,3.75,1005
22,9,12,982,1900,5,1005
22,9,12,983,1864,0,985.039
22,9,12,983,1864,1.25,985.039
22,9,12,983,1864,2.5,985.039
22,9,12,983,1864,3.75,985.039
22,9,12,983,1864,5,985.039
22,9,12,983,1867,0,985.078
22,9,12,983,1867,1.25,985.078
22,9,12,983,1867,2.5,985.078
22,9,12,983,1867,3.75,985.078
22,9,12,983,1867,5,985.078
22,9,12,983,1870,0,987.969
22,9,12,983,1870,1.25,987.969
22,9,12,983,1870,2.5,987.969
22,9,12,983,1870,3.75,987.969
22,9,12,983,1870,5,987.969
22,9,12,983,1873,0,990.898
22,9,12,983,1873,1.25,990.898
22,9,12,983,1873,2.5,990.898
22,9,12,983,1873,3.75,990.898
22,9,12,983,1873,5,990.898
22,9,12,983,1876,0,993.789
22,9,12,983,1876,1.25,993.789
22,9,12,983,1876,2.5,993.789
22,9,12,983,1876,3.75,993.789
22,9,12,983,1876,5,993.789
22,9,12,983,1879,0,996.68
22,9,12,983,1879,1.25,996.68
22,9,12,983,1879,2.5,996.68
22,9,12,983,1879,3.75,996.68
22,9,12,983,1879,5,996.68
22,9,12,983,1882,0,999.609
22,9,12,983,1882,1.25,999.609
22,9,12,983,1882,2.5,999.609
22,9,12,983,1882,3.75,999.609
22,9,12,983,1882,5,999.609
22,9,12,983,1885,0,1002.5
22,9,12,983,1885,1.25,1002.5
22,9,12,983,1885,2.5,1002.5
22,9,12,983,1885,3.75,1002.5
22,9,12,983,1885,5,1002.5
22,9,12,983,1888,0,1005
22,9,12,983,1888,1.25,1005
22,9,12,983,1888,2.5,1005
22,9,12,983,1888,3.75,1005
22,9,12,983,1888,5,1005
22,9,12,983,1891,0,1005
22,9,12,983,1891,1.25,1005
22,9,12,983,1891,2.5,1005
22,9,12,983,1891,3.75,1005
22,9,12,983,1891,5,1005
22,9,12,983,1894,0,1005
22,9,12,983,1894,1.25,1005
22,9,12,983,1894,2.5,1005
22,9,12,983,1894,3.75,1005
22,9,12,983,1894,5,1005
22,9,12,983,1897,0,1005
22,9,12,983,1897,1.25,1005
22,9,12,983,1897,2.5,1005
22,9,12,983,1897,3.75,1005
22,9,12,983,1897,5,1005
22,9,12,983,1900,0,1005
22,9,12,983,1900,1.25,1005
22,9,12,983,1900,2.5,1005
22,9,12,983,1900,3.75,1005
22,9,12,983,1900,5,1005
22,9,12,984,1864,0,985.039
22,9,12,984,1864,1.25,985.039
22,9,12,984,1864,2.5,985.039
22,9,12,984,1864,3.75,985.039
22,9,12,984,1864,5,985.039
22,9,12,984,1867,0,985.078
22,9,12,984,1867,1.25,985.078
22,9,12,984,1867,2.5,985.078
22,9,12,984,1867,3.75,985.078
22,9,12,984,1867,5,985.078
22,9,12,984,1870,0,987.969
22,9,12,984,1870,1.25,987.969
22,9,12,984,1870,2.5,987.969
22,9,12,984,1870,3.75,987.969
22,9,12,984,1870,5,987.969
22,9,12,984,1873,0,990.898
22,9,12,984,1873,1.25,990.898
22,9,12,984,1873,2.5,990.898
22,9,12,984,1873,3.75,990.898
22,9,12,984,1873,5,990.898
22,9,12,984,1876,0,993.789
22,9,12,984,1876,1.25,993.789
22,9,12,984,1876,2.5,993.789
22,9,12,984,1876,3.75,993.789
22,9,12,984,1876,5,993.789
22,9,12,984,1879,0,996.68
22,9,12,984,1879,1.25,996.68
22,9,12,984,1879,2.5,996.68
22,9,12,984,1879,3.75,996.68
22,9,12,984,1879,5,996.68
22,9,12,984,1882,0,999.609
22,9,12,984,1882,1.25,999.609
22,9,12,984,1882,2.5,999.609
22,9,12,984,1882,3.75,999.609
22,9,12,984,1882,5,999.609
22,9,12,984,1885,0,1002.5
22,9,12,984,1885,1.25,1002.5
22,9,12,984,1885,2.5,1002.5
22,9,12,984,1885,3.75,1002.5
22,9,12,984,1885,5,1002.5
22,9,12,984,1888,0,1005
22,9,12,984,1888,1.25,1005
22,9,12,984,1888,2.5,1005
22,9,12,984,1888,3.75,1005
22,9,12,984,1888,5,1005
22,9,12,984,1891,0,1005
22,9,12,984,1891,1.25,1005
22,9,12,984,1891,2.5,1005
22,9,12,984,1891,3.75,1005
22,9,12,984,1891,5,1005
22,9,12,984,1894,0,1005
22,9,12,984,1894,1.25,1005
22,9,12,984,1894,2.5,1005
22,9,12,984,1894,3.75,1005
22,9,12,984,1894,5,1005
22,9,12,984,1897,0,1005
22,9,12,984,1897,1.25,1005
22,9,12,984,1897,2.5,1005
22,9,12,984,1897,3.75,1005
22,9,12,984,1897,5,1005
22,9,12,984,1900,0,1005
22,9,12,984,1900,1.25,1005
22,9,12,984,1900,2.5,1005
22,9,12,984,1900,3.75,1005
22,9,12,984,1900,5,1005
22,9,12,985,1864,0,985.039
22,9,12,985,1864,1.25,985.039
22,9,12,985,1864,2.5,985.039
22,9,12,985,1864,3.75,985.039
22,9,12,985,1864,5,985.039
22,9,12,985,1867,0,985.078
22,9,12,985,1867,1.25,985.078
22,9,12,985,1867,2.5,985.078
22,9,12,985,1867,3.75,985.078
22,9,12,985,1867,5,985.078
22,9,12,985,1870,0,987.969
22,9,12,985,1870,1.25,987.969
22,9,12,985,1870,2.5,987.969
22,9,12,985,1870,3.75,987.969
22,9,12,985,1870,5,987.969
22,9,12,985,1873,0,990.898
22,9,12,985,1873,1.25,990.898
22,9,12,985,1873,2.5,990.898
22,9,12,985,1873,3.75,990.898
22,9,12,985,1873,5,990.898
22,9,12,985,1876,0,993.789
22,9,12,985,1876,1.25,993.789
22,9,12,985,1876,2.5,993.789
22,9,12,985,1876,3.75,993.789
22,9,12,985,1876,5,993.789
22,9,12,985,1879,0,996.68
22,9,12,985,1879,1.25,996.68
22,9,12,985,1879,2.5,996.68
22,9,12,985,1879,3.75,996.68
22,9,12,985,1879,5,996.68
22,9,12,985,1882,0,999.609
22,9,12,985,1882,1.25,999.609
22,9,12,985,1882,2.5,999.609
22,9,12,985,1882,3.75,999.609
22,9,12,985,1882,5,999.609
22,9,12,985,1885,0,1002.5
22,9,12,985,1885,1.25,1002.5
22,9,12,985,1885,2.5,1002.5
22,9,12,985,1885,3.75,1002.5
22,9,12,985,1885,5,1002.5
22,9,12,985,1888,0,1005
22,9,12,985,1888,1.25,1005
22,9,12,985,1888,2.5,1005
22,9,12,985,1888,3.75,1005
22,9,12,985,1888,5,1005
22,9,12,985,1891,0,1005
22,9,12,985,1891,1.25,1005
22,9,12,985,1891,2.5,1005
22,9,12,985,1891,3.75,1005
22,9,12,985,1891,5,1005
22,9,12,985,1894,0,1005
22,9,12,985,1894,1.25,1005
22,9,12,985,1894,2.5,1005
22,9,12,985,1894,3.75,1005
22,9,12,985,1894,5,1005
22,9,12,985,1897,0,1005
22,9,12,985,1897,1.25,1005
22,9,12,985,1897,2.5,1005
22,9,12,985,1897,3.75,1005
22,9,12,985,1897,5,1005
22,9,12,985,1900,0,1005
22,9,12,985,1900,1.25,1005
22,9,12,985,1900,2.5,1005
22,9,12,985,1900,3.75,1005
22,9,12,985,1900,5,1005
22,9,12,986,1864,0,986
22,9,12,986,1864,1.25,986
22,9,12,986,1864,2.5,986
22,9,12,986,1864,3.75,986
22,9,12,986,1864,5,986
22,9,12,986,1867,0,986
22,9,12,986,1867,1.25,986
22,9,12,986,1867,2.5,986
22,9,12,986,1867,3.75,986
22,9,12,986,1867,5,986
22,9,12,986,1870,0,987.969
22,9,12,986,1870,1.25,987.969
22,9,12,986,1870,2.5,987.969
22,9,12,986,1870,3.75,987.969
22,9,12,986,1870,5,987.969
22,9,12,986,1873,0,990.898
22,9,12,986,1873,1.25,990.898
22,9,12,986,1873,2.5,990.898
22,9,12,986,1873,3.75,990.898
22,9,12,986,1873,5,990.898
22,9,12,986,1876,0,993.789
22,9,12,986,1876,1.25,993.789
22,9,12,986,1876,2.5,993.789
22,9,12,986,1876,3.75,993.789
22,9,12,986,1876,5,993.789
22,9,12,986,1879,0,996.68
22,9,12,986,1879,1.25,996.68
22,9,12,986,1879,2.5,996.68
22,9,12,986,1879,3.75,996.68
22,9,12,986,1879,5,996.68
22,9,12,986,1882,0,999.609
22,9,12,986,1882,1.25,999.609
22,9,12,986,1882,2.5,999.609
22,9,12,986,1882,3.75,999.609
22,9,12,986,1882,5,999.609
22,9,12,986,1885,0,1002.5
22,9,12,986,1885,1.25,1002.5
22,9,12,986,1885,2.5,1002.5
22,9,12,986,1885,3.75,1002.5
22,9,12,986,1885,5,1002.5
22,9,12,986,1888,0,1005
22,9,12,986,1888,1.25,1005
22,9,12,986,1888,2.5,1005
22,9,12,986,1888,3.75,1005
22,9,12,986,1888,5,1005
22,9,12,986,1891,0,1005
22,9,12,986,1891,1.25,1005
22,9,12,986,1891,2.5,1005
22,9,12,986,1891,3.75,1005
22,9,12,986,1891,5,1005
22,9,12,986,1894,0,1005
22,9,12,986,1894,1.25,1005
22,9,12,986,1894,2.5,1005
22,9,12,986,1894,3.75,1005
22,9,12,986,1894,5,1005
22,9,12,986,1897,0,1005
22,9,12,986,1897,1.25,1005
22,9,12,986,1897,2.5,1005
22,9,12,986,1897,3.75,1005
22,9,12,986,1897,5,1005
22,9,12,986,1900,0,1005
22,9,12,986,1900,1.25,1005
22,9,12,986,1900,2.5,1005
22,9,12,986,1900,3.75,1005
22,9,12,986,1900,5,1005
22,9,12,987,1864,0,987
22,9,12,987,1864,1.25,987
22,9,12,987,1864,2.5,987
22,9,12,987,1864,3.75,987
22,9,12,987,1864,5,987
22,9,12,987,1867,0,987
22,9,12,987,1867,1.25,987
22,9,12,987,1867,2.5,987
22,9,12,987,1867,3.75,987
22,9,12,987,1867,5,987
22,9,12,987,1870,0,987.969
22,9,12,987,1870,1.25,987.969
22,9,12,987,1870,2.5,987.969
22,9,12,987,1870,3.75,987.969
22,9,12,987,1870,5,987.969
22,9,12,987,1873,0,990.898
22,9,12,987,1873,1.25,990.898
22,9,12,987,1873,2.5,990.898
22,9,12,987,1873,3.75,990.898
22,9,12,987,1873,5,990.898
22,9,12,987,1876,0,993.789
22,9,12,987,1876,1.25,993.789
22,9,12,987,1876,2.5,993.789
22,9,12,987,1876,3.75,993.789
22,9,12,987,1876,5,993.789
22,9,12,987,1879,0,996.68
22,9,12,987,1879,1.25,996.68
22,9,12,987,1879,2.5,996.68
22,9,12,987,1879,3.75,996.68
22,9,12,987,1879,5,996.68
22,9,12,987,1882,0,999.609
22,9,12,987,1882,1.25,999.609
22,9,12,987,1882,2.5,999.609
22,9,12,987,1882,3.75,999.609
22,9,12,987,1882,5,999.609
22,9,12,987,1885,0,1002.5
22,9,12,987,1885,1.25,1002.5
22,9,12,987,1885,2.5,1002.5
22,9,12,987,1885,3.75,1002.5
22,9,12,987,1885,5,1002.5
22,9,12,987,1888,0,1005
22,9,12,987,1888,1.25,1005
22,9,12,987,1888,2.5,1005
22,9,12,987,1888,3.75,1005
22,9,12,987,1888,5,1005
22,9,12,987,1891,0,1005
22,9,12,987,1891,1.25,1005
22,9,12,987,1891,2.5,1005
22,9,12,987,1891,3.75,1005
22,9,12,987,1891,5,1005
22,9,12,987,1894,0,1005
22,9,12,987,1894,1.25,1005
22,9,12,987,1894,2.5,1005
22,9,12,987,1894,3.75,1005
22,9,12,987,1894,5,1005
22,9,12,987,1897,0,1005
22,9,12,987,1897,1.25,1005
22,9,12,987,1897,2.5,1005
22,9,12,987,1897,3.75,1005
22,9,12,987,1897,5,1005
22,9,12,987,1900,0,1005
22,9,12,987,1900,1.25,1005
22,9,12,987,1900,2.5,1005
22,9,12,987,1900,3.75,1005
22,9,12,987,1900,5,1005
22,9,12,988,1864,0,988
22,9,12,988,1864,1.25,988
22,9,12,988,1864,2.5,988
22,9,12,988,1864,3.75,988
22,9,12,988,1864,5,988
22,9,12,988,1867,0,988
22,9,12,988,1867,1.25,988
22,9,12,988,1867,2.5,988
22,9,12,988,1867,3.75,988
22,9,12,988,1867,5,988
22,9,12,988,1870,0,988
22,9,12,988,1870,1.25,988
22,9,12,988,1870,2.5,988
22,9,12,988,1870,3.75,988
22,9,12,988,1870,5,988
22,9,12,988,1873,0,990.898
22,9,12,988,1873,1.25,990.898
22,9,12,988,1873,2.5,990.898
22,9,12,988,1873,3.75,990.898
22,9,12,988,1873,5,990.898
22,9,12,988,1876,0,993.789
22,9,12,988,1876,1.25,993.789
22,9,12,988,1876,2.5,993.789
22,9,12,988,1876,3.75,993.789
22,9,12,988,1876,5,993.789
22,9,12,988,1879,0,996.68
22,9,12,988,1879,1.25,996.68
22,9,12,988,1879,2.5,996.68
22,9,12,988,1879,3.75,996.68
22,9,12,988,1879,5,996.68
22,9,12,988,1882,0,999.609
22,9,12,988,1882,1.25,999.609
22,9,12,988,1882,2.5,999.609
22,9,12,988,1882,3.75,999.609
22,9,12,988,1882,5,999.609
22,9,12,988,1885,0,1002.5
22,9,12,988,1885,1.25,1002.5
22,9,12,988,1885,2.5,1002.5
22,9,12,988,1885,3.75,1002.5
22,9,12,988,1885,5,1002.5
22,9,12,988,1888,0,1005
22,9,12,988,1888,1.25,1005
22,9,12,988,1888,2.5,1005
22,9,12,988,1888,3.75,1005
22,9,12,988,1888,5,1005
22,9,12,988,1891,0,1005
22,9,12,988,1891,1.25,1005
22,9,12,988,1891,2.5,1005
22,9,12,988,1891,3.75,1005
22,9,12,988,1891,5,1005
22,9,12,988,1894,0,1005
22,9,12,988,1894,1.25,1005
22,9,12,988,1894,2.5,1005
22,9,12,988,1894,3.75,1005
22,9,12,988,1894,5,1005
22,9,12,988,1897,0,1005
22,9,12,988,1897,1.25,1005
22,9,12,988,1897,2.5,1005
22,9,12,988,1897,3.75,1005
22,9,12,988,1897,5,1005
22,9,12,988,1900,0,1005
22,9,12,988,1900,1.25,1005
22,9,12,988,1900,2.5,1005
22,9,12,988,1900,3.75,1005
22,9,12,988,1900,5,1005
22,9,12,989,1864,0,989
22,9,12,989,1864,1.25,989
22,9,12,989,1864,2.5,989
22,9,12,989,1864,3.75,989
22,9,12,989,1864,5,989
22,9,12,989,1867,0,989
22,9,12,989,1867,1.25,989
22,9,12,989,1867,2.5,989
22,9,12,989,1867,3.75,989
22,9,12,989,1867,5,989
22,9,12,989,1870,0,989
22,9,12,989,1870,1.25,989
22,9,12,989,1870,2.5,989
22,9,12,989,1870,3.75,989
22,9,12,989,1870,5,989
22,9,12,989,1873,0,990.898
22,9,12,989,1873,1.25,990.898
22,9,12,989,1873,2.5,990.898
22,9,12,989,1873,3.75,990.898
22,9,12,989,1873,5,990.898
22,9,12,989,1876,0,993.789
22,9,12,989,1876,1.25,993.789
22,9,12,989,1876,2.5,993.789
22,9,12,989,1876,3.75,993.789
22,9,12,989,1876,5,993.789
22,9,12,989,1879,0,996.68
22,9,12,989,1879,1.25,996.68
22,9,12,989,1879,2.5,996.68
22,9,12,989,1879,3.75,996.68
22,9,12,989,1879,5,996.68
22,9,12,989,1882,0,999.609
22,9,12,989,1882,1.25,999.609
22,9,12,989,1882,2.5,999.609
22,9,12,989,1882,3.75,999.609
22,9,12,989,1882,5,999.609
22,9,12,989,1885,0,1002.5
22,9,12,989,1885,1.25,1002.5
22,9,12,989,1885,2.5,1002.5
22,9,12,989,1885,3.75,1002.5
22,9,12,989,1885,5,1002.5
22,9,12,989,1888,0,1005
22,9,12,989,1888,1.25,1005
22,9,12,989,1888,2.5,1005
22,9,12,989,1888,3.75,1005
22,9,12,989,1888,5,1005
22,9,12,989,1891,0,1005
22,9,12,989,1891,1.25,1005
22,9,12,989,1891,2.5,1005
22,9,12,989,1891,3.75,1005
22,9,12,989,1891,5,1005
22,9,12,989,1894,0,1005
22,9,12,989,1894,1.25,1005
22,9,12,989,1894,2.5,1005
22,9,12,989,1894,3.75,1005
22,9,12,989,1894,5,1005
22,9,12,989,1897,0,1005
22,9,12,989,1897,1.25,1005
22,9,12,989,1897,2.5,1005
22,9,12,989,1897,3.75,1005
22,9,12,989,1897,5,1005
22,9,12,989,1900,0,1005
22,9,12,989,1900,1.25,1005
22,9,12,989,1900,2.5,1005
22,9,12,989,1900,3.75,1005
22,9,12,989,1900,5,1005
22,9,12,990,1864,0,990
22,9,12,990,1864,1.25,990
22,9,12,990,1864,2.5,990
22,9,12,990,1864,3.75,990
22,9,12,990,1864,5,990
22,9,12,990,1867,0,990
22,9,12,990,1867,1.25,990
22,9,12,990,1867,2.5,990
22,9,12,990,1867,3.75,990
22,9,12,990,1867,5,990
22,9,12,990,1870,0,990
22,9,12,990,1870,1.25,990
22,9,12,990,1870,2.5,990
22,9,12,990,1870,3.75,990
22,9,12,990,1870,5,990
22,9,12,990,1873,0,990.898
22,9,12,990,1873,1.25,990.898
22,9,12,990,1873,2.5,990.898
22,9,12,990,1873,3.75,990.898
22,9,12,990,1873,5,990.898
22,9,12,990,1876,0,993.789
22,9,12,990,1876,1.25,993.789
22,9,12,990,1876,2.5,993.789
22,9,12,990,1876,3.75,993.789
22,9,12,990,1876,5,993.789
22,9,12,990,1879,0,996.68
22,9,12,990,1879,1.25,996.68
22,9,12,990,1879,2.5,996.68
22,9,12,990,1879,3.75,996.68
22,9,12,990,1879,5,996.68
22,9,12,990,1882,0,999.609
22,9,12,990,1882,1.25,999.609
22,9,12,990,1882,2.5,999.609
22,9,12,990,1882,3.75,999.609
22,9,12,990,1882,5,999.609
22,9,12,990,1885,0,1002.5
22,9,12,990,1885,1.25,1002.5
22,9,12,990,1885,2.5,1002.5
22,9,12,990,1885,3.75,1002.5
22,9,12,990,1885,5,1002.5
22,9,12,990,1888,0,1005
22,9,12,990,1888,1.25,1005
22,9,12,990,1888,2.5,1005
22,9,12,990,1888,3.75,1005
22,9,12,990,1888,5,1005
22,9,12,990,1891,0,1005
22,9,12,990,1891,1.25,1005
22,9,12,990,1891,2.5,1005
22,9,12,990,1891,3.75,1005
22,9,12,990,1891,5,1005
22,9,12,990,1894,0,1005
22,9,12,990,1894,1.25,1005
22,9,12,990,1894,2.5,1005
22,9,12,990,1894,3.75,1005
22,9,12,990,1894,5,1005
22,9,12,990,1897,0,1005
22,9,12,990,1897,1.25,1005
22,9,12,990,1897,2.5,1005
22,9,12,990,1897,3.75,1005
22,9,12,990,1897,5,1005
22,9,12,990,1900,0,1005
22,9,12,990,1900,1.25,1005
22,9,12,990,1900,2.5,1005
22,9,12,990,1900,3.75,1005
22,9,12,990,1900,5,1005
22,9,12,991,1864,0,991
22,9,12,991,1864,1.25,991
22,9,12,991,1864,2.5,991
22,9,12,991,1864,3.75,991
22,9,12,991,1864,5,991
22,9,12,991,1867,0,991
22,9,12,991,1867,1.25,991
22,9,12,991,1867,2.5,991
22,9,12,991,1867,3.75,991
22,9,12,991,1867,5,991
22,9,12,991,1870,0,991
22,9,12,991,1870,1.25,991
22,9,12,991,1870,2.5,991
22,9,12,991,1870,3.75,991
22,9,12,991,1870,5,991
22,9,12,991,1873,0,991
22,9,12,991,1873,1.25,991
22,9,12,991,1873,2.5,991
22,9,12,991,1873,3.75,991
22,9,12,991,1873,5,991
22,9,12,991,1876,0,993.789
22,9,12,991,1876,1.25,993.789
22,9,12,991,1876,2.5,993.789
22,9,12,991,1876,3.75,993.789
22,9,12,991,1876,5,993.789
22,9,12,991,1879,0,996.68
22,9,12,991,1879,1.25,996.68
22,9,12,991,1879,2.5,996.68
22,9,12,991,1879,3.75,996.68
22,9,12,991,1879,5,996.68
22,9,12,991,1882,0,999.609
22,9,12,991,1882,1.25,999.609
22,9,12,991,1882,2.5,999.609
22,9,12,991,1882,3.75,999.609
22,9,12,991,1882,5,999.609
22,9,12,991,1885,0,1002.5
22,9,12,991,1885,1.25,1002.5
22,9,12,991,1885,2.5,1002.5
22,9,12,991,1885,3.75,1002.5
22,9,12,991,1885,5,1002.5
22,9,12,991,1888,0,1005
22,9,12,991,1888,1.25,1005
22,9,12,991,1888,2.5,1005
22,9,12,991,1888,3.75,1005
22,9,12,991,1888,5,1005
22,9,12,991,1891,0,1005
22,9,12,991,1891,1.25,1005
22,9,12,991,1891,2.5,1005
22,9,12,991,1891,3.75,1005
22,9,12,991,1891,5,1005
22,9,12,991,1894,0,1005
22,9,12,991,1894,1.25,1005
22,9,12,991,1894,2.5,1005
22,9,12,991,1894,3.75,1005
22,9,12,991,1894,5,1005
22,9,12,991,1897,0,1005
22,9,12,991,1897,1.25,1005
22,9,12,991,1897,2.5,1005
22,9,12,991,1897,3.75,1005
22,9,12,991,1897,5,1005
22,9,12,991,1900,0,1005
22,9,12,991,1900,1.25,1005
22,9,12,991,1900,2.5,1005
22,9,12,991,1900,3.75,1005
22,9,12,991,1900,5,1005
22,9,12,992,1864,0,992
22,9,12,992,1864,1.25,992
22,9,12,992,1864,2.5,992
22,9,12,992,1864,3.75,992
22,9,12,992,1864,5,992
22,9,12,992,1867,0,992
22,9,12,992,1867,1.25,992
22,9,12,992,1867,2.5,992
22,9,12,992,1867,3.75,992
22,9,12,992,1867,5,992
22,9,12,992,1870,0,992
22,9,12,992,1870,1.25,992
22,9,12,992,1870,2.5,992
22,9,12,992,1870,3.75,992
22,9,12,992,1870,5,992
22,9,12,992,1873,0,992
22,9,12,992,1873,1.25,992
22,9,12,992,1873,2.5,992
22,9,12,992,1873,3.75,992
22,9,12,992,1873,5,992
22,9,12,992,1876,0,993.789
22,9,12,992,1876,1.25,993.789
22,9,12,992,1876,2.5,993.789
22,9,12,992,1876,3.75,993.789
22,9,12,992,1876,5,993.789
22,9,12,992,1879,0,996.68
22,9,12,992,1879,1.25,996.68
22,9,12,992,1879,2.5,996.68
22,9,12,992,1879,3.75,996.68
22,9,12,992,1879,5,996.68
22,9,12,992,1882,0,999.609
22,9,12,992,1882,1.25,999.609
22,9,12,992,1882,2.5,999.609
22,9,12,992,1882,3.75,999.609
22,9,12,992,1882,5,999.609
22,9,12,992,1885,0,1002.5
22,9,12,992,1885,1.25,1002.5
22,9,12,992,1885,2.5,1002.5
22,9,12,992,1885,3.75,1002.5
22,9,12,992,1885,5,1002.5
22,9,12,992,1888,0,1005
22,9,12,992,1888,1.25,1005
22,9,12,992,1888,2.5,1005
22,9,12,992,1888,3.75,1005
22,9,12,992,1888,5,1005
22,9,12,992,1891,0,1005
22,9,12,992,1891,1.25,1005
22,9,12,992,1891,2.5,1005
22,9,12,992,1891,3.75,1005
22,9,12,992,1891,5,1005
22,9,12,992,1894,0,1005
22,9,12,992,1894,1.25,1005
22,9,12,992,1894,2.5,1005
22,9,12,992,1894,3.75,1005
22,9,12,992,1894,5,1005
22,9,12,992,1897,0,1005
22,9,12,992,1897,1.25,1005
22,9,12,992,1897,2.5,1005
22,9,12,992,1897,3.75,1005
22,9,12,992,1897,5,1005
22,9,12,992,1900,0,1005
22,9,12,992,1900,1.25,1005
22,9,12,992,1900,2.5,1005
22,9,12,992,1900,3.75,1005
22,9,12,992,1900,5,1005
22,9,12,993,1864,0,993
22,9,12,993,1864,1.25,993
22,9,12,993,1864,2.5,993
22,9,12,993,1864,3.75,993
22,9,12,993,1864,5,993
22,9,12,993,1867,0,993
22,9,12,993,1867,1.25,993
22,9,12,993,1867,2.5,993
22,9,12,993,1867,3.75,993
22,9,12,993,1867,5,993
22,9,12,993,1870,0,993
22,9,12,993,1870,1.25,993
22,9,12,993,1870,2.5,993
22,9,12,993,1870,3.75,993
22,9,12,993,1870,5,993
22,9,12,993,1873,0,993
22,9,12,993,1873,1.25,993
22,9,12,993,1873,2.5,993
22,9,12,993,1873,3.75,993
22,9,12,993,1873,5,993
22,9,12,993,1876,0,993.789
22,9,12,993,1876,1.25,993.789
22,9,12,993,1876,2.5,993.789
22,9,12,993,1876,3.75,993.789
22,9,12,993,1876,5,993.789
22,9,12,993,1879,0,996.68
22,9,12,993,1879,1.25,996.68
22,9,12,993,1879,2.5,996.68
22,9,12,993,1879,3.75,996.68
22,9,12,993,1879,5,996.68
22,9,12,993,1882,0,999.609
22,9,12,993,1882,1.25,999.609
22,9,12,993,1882,2.5,999.609
22,9,12,993,1882,3.75,999.609
22,9,12,993,1882,5,999.609
22,9,12,993,1885,0,1002.5
22,9,12,993,1885,1.25,1002.5
22,9,12,993,1885,2.5,1002.5
22,9,12,993,1885,3.75,1002.5
22,9,12,993,1885,5,1002.5
22,9,12,993,1888,0,1005
22,9,12,993,1888,1.25,1005
22,9,12,993,1888,2.5,1005
22,9,12,993,1888,3.75,1005
22,9,12,993,1888,5,1005
22,9,12,993,1891,0,1005
22,9,12,993,1891,1.25,1005
22,9,12,993,1891,2.5,1005
22,9,12,993,1891,3.75,1005
22,9,12,993,1891,5,1005
22,9,12,993,1894,0,1005
22,9,12,993,1894,1.25,1005
22,9,12,993,1894,2.5,1005
22,9,12,993,1894,3.75,1005
22,9,12,993,1894,5,1005
22,9,12,993,1897,0,1005
22,9,12,993,1897,1.25,1005
22,9,12,993,1897,2.5,1005
22,9,12,993,1897,3.75,1005
22,9,12,993,1897,5,1005
22,9,12,993,1900,0,1005
22,9,12,993,1900,1.25,1005
22,9,12,993,1900,2.5,1005
22,9,12,993,1900,3.75,1005
22,9,12,993,1900,5,1005
22,9,12,994,1864,0,994
22,9,12,994,1864,1.25,994
22,9,12,994,1864,2.5,994
22,9,12,994,1864,3.75,994
22,9,12,994,1864,5,994
22,9,12,994,1867,0,994
22,9,12,994,1867,1.25,994
22,9,12,994,1867,2.5,994
22,9,12,994,1867,3.75,994
22,9,12,994,1867,5,994
22,9,12,994,1870,0,994
22,9,12,994,1870,1.25,994
22,9,12,994,1870,2.5,994
22,9,12,994,1870,3.75,994
22,9,12,994,1870,5,994
22,9,12,994,1873,0,994
22,9,12,994,1873,1.25,994
22,9,12,994,1873,2.5,994
22,9,12,994,1873,3.75,994
22,9,12,994,1873,5,994
22,9,12,994,1876,0,994
22,9,12,994,1876,1.25,994
22,9,12,994,1876,2.5,994
22,9,12,994,1876,3.75,994
22,9,12,994,1876,5,994
22,9,12,994,1879,0,996.68
22,9,12,994,1879,1.25,996.68
22,9,12,994,1879,2.5,996.68
22,9,12,994,1879,3.75,996.68
22,9,12,994,1879,5,996.68
22,9,12,994,1882,0,999.609
22,9,12,994,1882,1.25,999.609
22,9,12,994,1882,2.5,999.609
22,9,12,994,1882,3.75,999.609
22,9,12,994,1882,5,999.609
22,9,12,994,1885,0,1002.5
22,9,12,994,1885,1.25,1002.5
22,9,12,994,1885,2.5,1002.5
22,9,12,994,1885,3.75,1002.5
22,9,12,994,1885,5,1002.5
22,9,12,994,1888,0,1005
22,9,12,994,1888,1.25,1005
22,9,12,994,1888,2.5,1005
22,9,12,994,1888,3.75,1005
22,9,12,994,1888,5,1005
22,9,12,994,1891,0,1005
22,9,12,994,1891,1.25,1005
22,9,12,994,1891,2.5,1005
22,9,12,994,1891,3.75,1005
22,9,12,994,1891,5,1005
22,9,12,994,1894,0,1005
22,9,12,994,1894,1.25,1005
22,9,12,994,1894,2.5,1005
22,9,12,994,1894,3.75,1005
22,9,12,994,1894,5,1005
22,9,12,994,1897,0,1005
22,9,12,994,1897,1.25,1005
22,9,12,994,1897,2.5,1005
22,9,12,994,1897,3.75,1005
22,9,12,994,1897,5,1005
22,9,12,994,1900,0,1005
22,9,12,994,1900,1.25,1005
22,9,12,994,1900,2.5,1005
22,9,12,994,1900,3.75,1005
22,9,12,994,1900,5,1005
22,9,12,995,1864,0,995
22,9,12,995,1864,1.25,995
22,9,12,995,1864,2.5,995
22,9,12,995,1864,3.75,995
22,9,12,995,1864,5,995
22,9,12,995,1867,0,995
22,9,12,995,1867,1.25,995
22,9,12,995,1867,2.5,995
22,9,12,995,1867,3.75,995
22,9,12,995,1867,5,995
22,9,12,995,1870,0,995
22,9,12,995,1870,1.25,995
22,9,12,995,1870,2.5,995
22,9,12,995,1870,3.75,995
22,9,12,995,1870,5,995
22,9,12,995,1873,0,995
22,9,12,995,1873,1.25,995
22,9,12,995,1873,2.5,995
22,9,12,995,1873,3.75,995
22,9,12,995,1873,5,995
22,9,12,995,1876,0,995
22,9,12,995,1876,1.25,995
22,9,12,995,1876,2.5,995
22,9,12,995,1876,3.75,995
22,9,12,995,1876,5,995
22,9,12,995,1879,0,996.68
22,9,12,995,1879,1.25,996.68
22,9,12,995,1879,2.5,996.68
22,9,12,995,1879,3.75,996.68
22,9,12,995,1879,5,996.68
22,9,12,995,1882,0,999.609
22,9,12,995,1882,1.25,999.609
22,9,12,995,1882,2.5,999.609
22,9,12,995,1882,3.75,999.609
22,9,12,995,1882,5,999.609
22,9,12,995,1885,0,1002.5
22,9,12,995,1885,1.25,1002.5
22,9,12,995,1885,2.5,1002.5
22,9,12,995,1885,3.75,1002.5
22,9,12,995,1885,5,1002.5
22,9,12,995,1888,0,1005
22,9,12,995,1888,1.25,1005
22,9,12,995,1888,2.5,1005
22,9,12,995,1888,3.75,1005
22,9,12,995,1888,5,1005
22,9,12,995,1891,0,1005
22,9,12,995,1891,1.25,1005
22,9,12,995,1891,2.5,1005
22,9,12,995,1891,3.75,1005
22,9,12,995,1891,5,1005
22,9,12,995,1894,0,1005
22,9,12,995,1894,1.25,1005
22,9,12,995,1894,2.5,1005
22,9,12,995,1894,3.75,1005
22,9,12,995,1894,5,1005
22,9,12,995,1897,0,1005
22,9,12,995,1897,1.25,1005
22,9,12,995,1897,2.5,1005
22,9,12,995,1897,3.75,1005
22,9,12,995,1897,5,1005
22,9,12,995,1900,0,1005
22,9,12,995,1900,1.25,1005
22,9,12,995,1900,2.5,1005
22,9,12,995,1900,3.75,1005
22,9,12,995,1900,5,1005
22,9,12,996,1864,0,996
22,9,12,996,1864,1.25,996
22,9,12,996,1864,2.5,996
22,9,12,996,1864,3.75,996
22,9,12,996,1864,5,996
22,9,12,996,1867,0,996
22,9,12,996,1867,1.25,996
22,9,12,996,1867,2.5,996
22,9,12,996,1867,3.75,996
22,9,12,996,1867,5,996
22,9,12,996,1870,0,996
22,9,12,996,1870,1.25,996
22,9,12,996,1870,2.5,996
22,9,12,996,1870,3.75,996
22,9,12,996,1870,5,996
22,9,12,996,1873,0,996
22,9,12,996,1873,1.25,996
22,9,12,996,1873,2.5,996
22,9,12,996,1873,3.75,996
22,9,12,996,1873,5,996
22,9,12,996,1876,0,996
22,9,12,996,1876,1.25,996
22,9,12,996,1876,2.5,996
22,9,12,996,1876,3.75,996
22,9,12,996,1876,5,996
22,9,12,996,1879,0,996.68
22,9,12,996,1879,1.25,996.68
22,9,12,996,1879,2.5,996.68
22,9,12,996,1879,3.75,996.68
22,9,12,996,1879,5,996.68
22,9,12,996,1882,0,999.609
22,9,12,996,1882,1.25,999.609
22,9,12,996,1882,2.5,999.609
22,9,12,996,1882,3.75,999.609
22,9,12,996,1882,5,999.609
22,9,12,996,1885,0,1002.5
22,9,12,996,1885,1.25,1002.5
22,9,12,996,1885,2.5,1002.5
22,9,12,996,1885,3.75,1002.5
22,9,12,996,1885,5,1002.5
22,9,12,996,1888,0,1005
22,9,12,996,1888,1.25,1005
22,9,12,996,1888,2.5,1005
22,9,12,996,1888,3.75,1005
22,9,12,996,1888,5,1005
22,9,12,996,1891,0,1005
22,9,12,996,1891,1.25,1005
22,9,12,996,1891,2.5,1005
22,9,12,996,1891,3.75,1005
22,9,12,996,1891,5,1005
22,9,12,996,1894,0,1005
22,9,12,996,1894,1.25,1005
22,9,12,996,1894,2.5,1005
22,9,12,996,1894,3.75,1005
22,9,12,996,1894,5,1005
22,9,12,996,1897,0,1005
22,9,12,996,1897,1.25,1005
22,9,12,996,1897,2.5,1005
22,9,12,996,1897,3.75,1005
22,9,12,996,1897,5,1005
22,9,12,996,1900,0,1005
22,9,12,996,1900,1.25,1005
22,9,12,996,1900,2.5,1005
22,9,12,996,1900,3.75,1005
22,9,12,996,1900,5,1005
22,9,12,997,1864,0,997
22,9,12,997,1864,1.25,997
22,9,12,997,1864,2.5,997
22,9,12,997,1864,3.75,997
22,9,12,997,1864,5,997
22,9,12,997,1867,0,997
22,9,12,997,1867,1.25,997
22,9,12,997,1867,2.5,997
22,9,12,997,1867,3.75,997
22,9,12,997,1867,5,997
22,9,12,997,1870,0,997
22,9,12,997,1870,1.25,997
22,9,12,997,1870,2.5,997
22,9,12,997,1870,3.75,997
22,9,12,997,1870,5,997
22,9,12,997,1873,0,997
22,9,12,997,1873,1.25,997
22,9,12,997,1873,2.5,997
22,9,12,997,1873,3.75,997
22,9,12,997,1873,5,997
22,9,12,997,1876,0,997
22,9,12,997,1876,1.25,997
22,9,12,997,1876,2.5,997
22,9,12,997,1876,3.75,997
22,9,12,997,1876,5,997
22,9,12,997,1879,0,997
22,9,12,997,1879,1.25,997
22,9,12,997,1879,2.5,997
22,9,12,997,1879,3.75,997
22,9,12,997,1879,5,997
22,9,12,997,1882,0,999.609
22,9,12,997,1882,1.25,999.609
22,9,12,997,1882,2.5,999.609
22,9,12,997,1882,3.75,999.609
22,9,12,997,1882,5,999.609
22,9,12,997,1885,0,1002.5
22,9,12,997,1885,1.25,1002.5
22,9,12,997,1885,2.5,1002.5
22,9,12,997,1885,3.75,1002.5
22,9,12,997,1885,5,1002.5
22,9,12,997,1888,0,1005
22,9,12,997,1888,1.25,1005
22,9,12,997,1888,2.5,1005
22,9,12,997,1888,3.75,1005
22,9,12,997,1888,5,1005
22,9,12,997,1891,0,1005
22,9,12,997,1891,1.25,1005
22,9,12,997,1891,2.5,1005
22,9,12,997,1891,3.75,1005
22,9,12,997,1891,5,1005
22,9,12,997,1894,0,1005
22,9,12,997,1894,1.25,1005
22,9,12,997,1894,2.5,1005
22,9,12,997,1894,3.75,1005
22,9,12,997,1894,5,1005
22,9,12,997,1897,0,1005
22,9,12,997,1897,1.25,1005
22,9,12,997,1897,2.5,1005
22,9,12,997,1897,3.75,1005
22,9,12,997,1897,5,1005
22,9,12,997,1900,0,1005
22,9,12,997,1900,1.25,1005
22,9,12,997,1900,2.5,1005
22,9,12,997,1900,3.75,1005
22,9,12,997,1900,5,1005
22,9,12,998,1864,0,998
22,9,12,998,1864,1.25,998
22,9,12,998,1864,2.5,998
22,9,12,998,1864,3.75,998
22,9,12,998,1864,5,998
22,9,12,998,1867,0,998
22,9,12,998,1867,1.25,998
22,9,12,998,1867,2.5,998
22,9,12,998,1867,3.75,998
22,9,12,998,1867,5,998
22,9,12,998,1870,0,998
22,9,12,998,1870,1.25,998
22,9,12,998,1870,2.5,998
22,9,12,998,1870,3.75,998
22,9,12,998,1870,5,998
22,9,12,998,1873,0,998
22,9,12,998,1873,1.25,998
22,9,12,998,1873,2.5,998
22,9,12,998,1873,3.75,998
22,9,12,998,1873,5,998
22,9,12,998,1876,0,998
22,9,12,998,1876,1.25,998
22,9,12,998,1876,2.5,998
22,9,12,998,1876,3.75,998
22,9,12,998,1876,5,998
22,9,12,998,1879,0,998
22,9,12,998,1879,1.25,998
22,9,12,998,1879,2.5,998
22,9,12,998,1879,3.75,998
22,9,12,998,1879,5,998
22,9,12,998,1882,0,999.609
22,9,12,998,1882,1.25,999.609
22,9,12,998,1882,2.5,999.609
22,9,12,998,1882,3.75,999.609
22,9,12,998,1882,5,999.609
22,9,12,998,1885,0,1002.5
22,9,12,998,1885,1.25,1002.5
22,9,12,998,1885,2.5,1002.5
22,9,12,998,1885,3.75,1002.5
22,9,12,998,1885,5,1002.5
22,9,12,998,1888,0,1005
22,9,12,998,1888,1.25,1005
22,9,12,998,1888,2.5,1005
22,9,12,998,1888,3.75,1005
22,9,12,998,1888,5,1005
22,9,12,998,1891,0,1005
22,9,12,998,1891,1.25,1005
22,9,12,998,1891,2.5,1005
22,9,12,998,1891,3.75,1005
22,9,12,998,1891,5,1005
22,9,12,998,1894,0,1005
22,9,12,998,1894,1.25,1005
22,9,12,998,1894,2.5,1005
22,9,12,998,1894,3.75,1005
22,9,12,998,1894,5,1005
22,9,12,998,1897,0,1005
22,9,12,998,1897,1.25,1005
22,9,12,998,1897,2.5,1005
22,9,12,998,1897,3.75,1005
22,9,12,998,1897,5,1005
22,9,12,998,1900,0,1005
22,9,12,998,1900,1.25,1005
22,9,12,998,1900,2.5,1005
22,9,12,998,1900,3.75,1005
22,9,12,998,1900,5,1005
22,9,12,999,1864,0,999
22,9,12,999,1864,1.25,999
22,9,12,999,1864,2.5,999
22,9,12,999,1864,3.75,999
22,9,12,999,1864,5,999
22,9,12,999,1867,0,999
22,9,12,999,1867,1.25,999
22,9,12,999,1867,2.5,999
22,9,12,999,1867,3.75,999
22,9,12,999,1867,5,999
22,9,12,999,1870,0,999
22,9,12,999,1870,1.25,999
22,9,12,999,1870,2.5,999
22,9,12,999,1870,3.75,999
22,9,12,999,1870,5,999
22,9,12,999,1873,0,999
22,9,12,999,1873,1.25,999
22,9,12,999,1873,2.5,999
22,9,12,999,1873,3.75,999
22,9,12,999,1873,5,999
22,9,12,999,1876,0,999
22,9,12,999,1876,1.25,999
22,9,12,999,1876,2.5,999
22,9,12,999,1876,3.75,999
22,9,12,999,1876,5,999
22,9,12,999,1879,0,999
22,9,12,999,1879,1.25,999
22,9,12,999,1879,2.5,999
22,9,12,999,1879,3.75,999
22,9,12,999,1879,5,999
22,9,12,999,1882,0,999.609
22,9,12,999,1882,1.25,999.609
22,9,12,999,1882,2.5,999.609
22,9,12,999,1882,3.75,999.609
22,9,12,999,1882,5,999.609
22,9,12,999,1885,0,1002.5
22,9,12,999,1885,1.25,1002.5
22,9,12,999,1885,2.5,1002.5
22,9,12,999,1885,3.75,1002.5
22,9,12,999,1885,5,1002.5
22,9,12,999,1888,0,1005
22,9,12,999,1888,1.25,1005
22,9,12,999,1888,2.5,1005
22,9,12,999,1888,3.75,1005
22,9,12,999,1888,5,1005
22,9,12,999,1891,0,1005
22,9,12,999,1891,1.25,1005
22,9,12,999,1891,2.5,1005
22,9,12,999,1891,3.75,1005
22,9,12,999,1891,5,1005
22,9,12,999,1894,0,1005
22,9,12,999,1894,1.25,1005
22,9,12,999,1894,2.5,1005
22,9,12,999,1894,3.75,1005
22,9,12,999,1894,5,1005
22,9,12,999,1897,0,1005
22,9,12,999,1897,1.25,1005
22,9,12,999,1897,2.5,1005
22,9,12,999,1897,3.75,1005
22,9,12,999,1897,5,1005
22,9,12,999,1900,0,1005
22,9,12,999,1900,1.25,1005
22,9,12,999,1900,2.5,1005
22,9,12,999,1900,3.75,1005
22,9,12,999,1900,5,1005
