endpoint,kind,date,original_bill,alternative_bill_same_trajectory,bill_increase,no_return_shadow_policy_bill
free,q2,2025-02-01,24719.059512919477,24719.059512919477,0.0,24719.059512919477
free,q2,2025-02-02,57257.918170130564,57257.918170130564,0.0,57257.918170130564
free,q2,2025-02-03,56025.30456404348,56025.30456404348,0.0,56025.30456404348
free,q2,2025-02-04,55851.80305681804,55851.80305681804,0.0,55851.80305681804
free,q2,2025-02-05,55099.2417147477,55099.2417147477,0.0,55099.2417147477
free,q2,2025-02-06,57163.206316065145,57163.206316065145,0.0,57163.206316065145
free,q2,2025-02-07,22281.8241824595,22281.8241824595,0.0,22281.8241824595
free,q2,2025-02-08,20369.71350255766,20369.71350255766,0.0,20369.71350255766
free,q2,2025-02-09,55484.55958769821,55484.55958769821,0.0,55484.55958769821
free,q2,2025-02-10,54105.51664430571,54105.51664430571,0.0,54105.51664430571
free,q2,2025-02-11,53232.23367924897,53232.23367924897,0.0,53232.23367924897
free,q2,2025-02-12,52711.32753286449,52711.32753286449,0.0,52711.32753286449
free,q2,2025-02-13,51400.68082699117,51400.68082699117,0.0,51400.68082699117
free,q2,2025-02-14,18959.408955718023,18959.408955718023,0.0,18959.408955718023
free,q2,2025-02-15,19152.29889324467,19152.29889324467,0.0,19152.29889324467
free,q2,2025-02-16,50429.013652966554,50429.013652966554,0.0,50429.013652966554
free,q2,2025-02-17,50008.94360664979,50008.94360664979,0.0,50008.94360664979
free,q2,2025-02-18,48645.0455784913,48645.0455784913,0.0,48645.0455784913
free,q2,2025-02-19,48314.5375675854,48314.5375675854,0.0,48314.5375675854
free,q2,2025-02-20,48626.97976061047,48626.97976061047,0.0,48626.97976061047
free,q2,2025-02-21,18085.198467765673,18085.198467765673,0.0,18085.198467765673
free,q2,2025-02-22,19070.198847308955,19070.198847308955,0.0,19070.198847308955
free,q2,2025-02-23,47242.84867587064,47242.84867587064,0.0,47242.84867587064
free,q2,2025-02-24,48116.1744931461,48116.1744931461,0.0,48116.1744931461
free,q2,2025-02-25,46906.2152252604,46906.2152252604,0.0,46906.2152252604
free,q2,2025-02-26,46980.99599641771,46980.99599641771,0.0,46980.99599641771
free,q2,2025-02-27,44012.805949557485,44012.805949557485,0.0,44012.805949557485
free,q2,2025-02-28,17501.731991662513,17501.731991662513,0.0,17501.731991662513
free,q2,2025-03-01,18532.020735386366,18532.020735386366,0.0,18532.020735386366
free,q2,2025-03-02,60674.49514847352,60674.49514847352,0.0,60674.49514847352
free,q2,2025-03-03,55861.49854121808,55861.49854121808,0.0,55861.49854121808
free,q2,2025-03-04,46159.90630114573,46159.90630114573,0.0,46159.90630114573
free,q2,2025-03-05,47637.23019302447,47637.23019302447,0.0,47637.23019302447
free,q2,2025-03-06,46406.15173943514,46406.15173943514,0.0,46406.15173943514
free,q2,2025-03-07,16786.1002490937,16786.1002490937,0.0,16786.1002490937
free,q2,2025-03-08,18187.000987933734,18187.000987933734,0.0,18187.000987933734
free,q2,2025-03-09,44909.64680571543,44909.64680571543,0.0,44909.64680571543
free,q2,2025-03-10,45867.983496164845,45867.983496164845,0.0,45867.983496164845
free,q2,2025-03-11,43679.63527249769,43679.63527249769,0.0,43679.63527249769
free,q2,2025-03-12,43286.46476273553,43286.46476273553,0.0,43286.46476273553
free,q2,2025-03-13,48419.40241048546,48419.40241048546,0.0,48419.40241048546
free,q2,2025-03-14,15816.38410959101,15816.38410959101,0.0,15816.38410959101
free,q2,2025-03-15,17614.98536692784,17614.98536692784,0.0,17614.98536692784
free,q2,2025-03-16,42517.783638549896,42517.783638549896,0.0,42517.783638549896
free,q2,2025-03-17,43112.27227060588,43112.27227060588,0.0,43112.27227060588
free,q2,2025-03-18,41636.99534776772,41636.99534776772,0.0,41636.99534776772
free,q2,2025-03-19,40942.389532472385,40942.389532472385,0.0,40942.389532472385
free,q2,2025-03-20,40779.74321101731,40779.74321101731,0.0,40779.74321101731
free,q2,2025-03-21,15841.910252134587,15841.910252134587,0.0,15841.910252134587
free,q2,2025-03-22,17888.65449778607,17888.65449778607,0.0,17888.65449778607
free,q2,2025-03-23,40550.20779688722,40550.20779688722,0.0,40550.20779688722
free,q2,2025-03-24,39482.72147737141,39482.72147737141,0.0,39482.72147737141
free,q2,2025-03-25,39968.043273421266,39968.043273421266,0.0,39968.043273421266
free,q2,2025-03-26,39690.787258559794,39690.787258559794,0.0,39690.787258559794
free,q2,2025-03-27,37929.00056874957,37929.00056874957,0.0,37929.00056874957
free,q2,2025-03-28,15120.176906789176,15120.176906789176,0.0,15120.176906789176
free,q2,2025-03-29,16737.191985536378,16737.191985536378,0.0,16737.191985536378
free,q2,2025-03-30,38685.979786102296,38685.979786102296,0.0,38685.979786102296
free,q2,2025-03-31,37738.5252483954,37738.5252483954,0.0,37738.5252483954
free,q2,2025-04-01,41577.37702142737,41577.37702142737,0.0,41577.37702142737
free,q2,2025-04-02,47003.76215615,47003.76215615,0.0,47003.76215615
free,q2,2025-04-03,36840.04989408123,36840.04989408123,0.0,36840.04989408123
free,q2,2025-04-04,14448.815752868337,14448.815752868337,0.0,14448.815752868337
free,q2,2025-04-05,16757.187360393604,16757.187360393604,0.0,16757.187360393604
free,q2,2025-04-06,36565.060108309124,36565.060108309124,0.0,36565.060108309124
free,q2,2025-04-07,38125.678442803866,38125.678442803866,0.0,38125.678442803866
free,q2,2025-04-08,38575.001285286315,38575.001285286315,0.0,38575.001285286315
free,q2,2025-04-09,39919.50773766921,39919.50773766921,0.0,39919.50773766921
free,q2,2025-04-10,33983.77926356063,33983.77926356063,0.0,33983.77926356063
free,q2,2025-04-11,13625.721805853309,13625.721805853309,0.0,13625.721805853309
free,q2,2025-04-12,16646.43077495769,16646.43077495769,0.0,16646.43077495769
free,q2,2025-04-13,36839.2793419422,36839.2793419422,0.0,36839.2793419422
free,q2,2025-04-14,36030.072738770235,36030.072738770235,0.0,36030.072738770235
free,q2,2025-04-15,36216.075701875074,36216.075701875074,0.0,36216.075701875074
free,q2,2025-04-16,37088.74831801445,37088.74831801445,0.0,37088.74831801445
free,q2,2025-04-17,33457.91804998458,33457.91804998458,0.0,33457.91804998458
free,q2,2025-04-18,13377.376648395935,13377.376648395935,0.0,13377.376648395935
free,q2,2025-04-19,15793.384073425994,15793.384073425994,0.0,15793.384073425994
free,q2,2025-04-20,35876.74575058404,35876.74575058404,0.0,35876.74575058404
free,q2,2025-04-21,35677.689022294,35677.689022294,0.0,35677.689022294
free,q2,2025-04-22,34867.096488941424,34867.096488941424,0.0,34867.096488941424
free,q2,2025-04-23,35269.79249434204,35269.79249434204,0.0,35269.79249434204
free,q2,2025-04-24,31920.570602299933,31920.570602299933,0.0,31920.570602299933
free,q2,2025-04-25,12559.141097736861,12559.141097736861,0.0,12559.141097736861
free,q2,2025-04-26,18405.672619189296,18405.672619189296,0.0,18405.672619189296
free,q2,2025-04-27,37394.01132472495,37394.01132472495,0.0,37394.01132472495
free,q2,2025-04-28,50473.9658035114,50473.9658035114,0.0,50473.9658035114
free,q2,2025-04-29,34638.23119445748,34638.23119445748,0.0,34638.23119445748
free,q2,2025-04-30,35428.77378835276,35428.77378835276,0.0,35428.77378835276
free,q2,2025-05-01,41088.41821394526,41088.41821394526,0.0,41088.41821394526
free,q2,2025-05-02,26413.882016618256,26413.882016618256,0.0,26413.882016618256
free,q2,2025-05-03,22141.548352964805,22141.548352964805,0.0,22141.548352964805
free,q2,2025-05-04,43545.569698058076,43545.569698058076,0.0,43545.569698058076
free,q2,2025-05-05,43732.95150548586,43732.95150548586,0.0,43732.95150548586
free,q2,2025-05-06,41638.52226631572,41638.52226631572,0.0,41638.52226631572
free,q2,2025-05-07,47281.86422841262,47281.86422841262,0.0,47281.86422841262
free,q2,2025-05-08,38106.42363234416,38106.42363234416,0.0,38106.42363234416
free,q2,2025-05-09,16505.946484608103,16505.946484608103,0.0,16505.946484608103
free,q2,2025-05-10,17982.728909206067,17982.728909206067,0.0,17982.728909206067
free,q2,2025-05-11,37803.9067737205,37803.9067737205,0.0,37803.9067737205
free,q2,2025-05-12,40580.96360674889,40580.96360674889,0.0,40580.96360674889
free,q2,2025-05-13,41928.10729023888,41928.10729023888,0.0,41928.10729023888
free,q2,2025-05-14,39972.04281941191,39972.04281941191,0.0,39972.04281941191
free,q2,2025-05-15,34296.99290932737,34296.99290932737,0.0,34296.99290932737
free,q2,2025-05-16,16345.353280913136,16345.353280913136,0.0,16345.353280913136
free,q2,2025-05-17,18922.317903903415,18922.317903903415,0.0,18922.317903903415
free,q2,2025-05-18,39598.555786375575,39598.555786375575,0.0,39598.555786375575
free,q2,2025-05-19,37351.1404465824,37351.1404465824,0.0,37351.1404465824
free,q2,2025-05-20,38632.721336450675,38632.721336450675,0.0,38632.721336450675
free,q2,2025-05-21,38980.65986218405,38980.65986218405,0.0,38980.65986218405
free,q2,2025-05-22,35929.85569898099,35929.85569898099,0.0,35929.85569898099
free,q2,2025-05-23,13989.383460636887,13989.383460636887,0.0,13989.383460636887
free,q2,2025-05-24,17608.845524967484,17608.845524967484,0.0,17608.845524967484
free,q2,2025-05-25,36534.06441913714,36534.06441913714,0.0,36534.06441913714
free,q2,2025-05-26,42193.87838334914,42193.87838334914,0.0,42193.87838334914
free,q2,2025-05-27,40411.199725792736,40411.199725792736,0.0,40411.199725792736
free,q2,2025-05-28,36473.065303437965,36473.065303437965,0.0,36473.065303437965
free,q2,2025-05-29,33893.60930651557,33893.60930651557,0.0,33893.60930651557
free,q2,2025-05-30,16082.306933800584,16082.306933800584,0.0,16082.306933800584
free,q2,2025-05-31,18661.695382772214,18661.695382772214,0.0,18661.695382772214
free,q2,2025-06-01,81346.25360837516,81346.25360837516,0.0,81346.25360837516
free,q2,2025-06-02,78097.66764450769,78097.66764450769,0.0,78097.66764450769
free,q2,2025-06-03,66550.31440399747,66550.31440399747,0.0,66550.31440399747
free,q2,2025-06-04,62246.86213134734,62246.86213134734,0.0,62246.86213134734
free,q2,2025-06-05,60912.5383999595,60912.5383999595,0.0,60912.5383999595
free,q2,2025-06-06,41629.98305666065,41629.98305666065,0.0,41629.98305666065
free,q2,2025-06-07,39056.06432573131,39056.06432573131,0.0,39056.06432573131
free,q2,2025-06-08,59299.20050478683,59299.20050478683,0.0,59299.20050478683
free,q2,2025-06-09,55879.4374995983,55879.4374995983,0.0,55879.4374995983
free,q2,2025-06-10,51046.54444073796,51046.54444073796,0.0,51046.54444073796
free,q2,2025-06-11,55153.23466116034,55153.23466116034,0.0,55153.23466116034
free,q2,2025-06-12,54864.464290478856,54864.464290478856,0.0,54864.464290478856
free,q2,2025-06-13,26418.892579138912,26418.892579138912,0.0,26418.892579138912
free,q2,2025-06-14,27830.609183281565,27830.609183281565,0.0,27830.609183281565
free,q2,2025-06-15,51799.45781947363,51799.45781947363,0.0,51799.45781947363
free,q2,2025-06-16,56676.214976843155,56676.214976843155,0.0,56676.214976843155
free,q2,2025-06-17,59053.135776879826,59053.135776879826,0.0,59053.135776879826
free,q2,2025-06-18,58528.2976650047,58528.2976650047,0.0,58528.2976650047
free,q2,2025-06-19,48924.02347791837,48924.02347791837,0.0,48924.02347791837
free,q2,2025-06-20,21363.09158145697,21363.09158145697,0.0,21363.09158145697
free,q2,2025-06-21,28888.198870329452,28888.198870329452,0.0,28888.198870329452
free,q2,2025-06-22,56363.180835402716,56363.180835402716,0.0,56363.180835402716
free,q2,2025-06-23,49150.50725517124,49150.50725517124,0.0,49150.50725517124
free,q2,2025-06-24,57001.08768848115,57001.08768848115,0.0,57001.08768848115
free,q2,2025-06-25,48391.851190981855,48391.851190981855,0.0,48391.851190981855
free,q2,2025-06-26,55742.83371863137,55742.83371863137,0.0,55742.83371863137
free,q2,2025-06-27,22860.137182879516,22860.137182879516,0.0,22860.137182879516
free,q2,2025-06-28,21385.218568079486,21385.218568079486,0.0,21385.218568079486
free,q2,2025-06-29,48602.60866868283,48602.60866868283,0.0,48602.60866868283
free,q2,2025-06-30,54243.0797906018,54243.0797906018,0.0,54243.0797906018
free,q2,2025-07-01,59944.94638360853,59944.94638360853,0.0,59944.94638360853
free,q2,2025-07-02,57779.12074898954,57779.12074898954,0.0,57779.12074898954
free,q2,2025-07-03,68630.53118175219,68630.53118175219,0.0,68630.53118175219
free,q2,2025-07-04,34541.96482655901,34541.96482655901,0.0,34541.96482655901
free,q2,2025-07-05,36565.62882229624,36565.62882229624,0.0,36565.62882229624
free,q2,2025-07-06,70750.05074017188,70750.05074017188,0.0,70750.05074017188
free,q2,2025-07-07,67286.7450455341,67286.7450455341,0.0,67286.7450455341
free,q2,2025-07-08,58440.044427507135,58440.044427507135,0.0,58440.044427507135
free,q2,2025-07-09,56974.1563503153,56974.1563503153,0.0,56974.1563503153
free,q2,2025-07-10,52298.53314663513,52298.53314663513,0.0,52298.53314663513
free,q2,2025-07-11,26535.62316407521,26535.62316407521,0.0,26535.62316407521
free,q2,2025-07-12,32855.288869406584,32855.288869406584,0.0,32855.288869406584
free,q2,2025-07-13,57823.46271237625,57823.46271237625,0.0,57823.46271237625
free,q2,2025-07-14,57943.600761570175,57943.600761570175,0.0,57943.600761570175
free,q2,2025-07-15,52020.256218672854,52020.256218672854,0.0,52020.256218672854
free,q2,2025-07-16,55519.11327400258,55519.11327400258,0.0,55519.11327400258
free,q2,2025-07-17,52803.38722069055,52803.38722069055,0.0,52803.38722069055
free,q2,2025-07-18,28698.656416636644,28698.656416636644,0.0,28698.656416636644
free,q2,2025-07-19,28218.695846988812,28218.695846988812,0.0,28218.695846988812
free,q2,2025-07-20,51656.85315481135,51656.85315481135,0.0,51656.85315481135
free,q2,2025-07-21,56106.351843622964,56106.351843622964,0.0,56106.351843622964
free,q2,2025-07-22,55107.746262136185,55107.746262136185,0.0,55107.746262136185
free,q2,2025-07-23,53576.13211791153,53576.13211791153,0.0,53576.13211791153
free,q2,2025-07-24,49718.8742167193,49718.8742167193,0.0,49718.8742167193
free,q2,2025-07-25,25292.91209141894,25292.91209141894,0.0,25292.91209141894
free,q2,2025-07-26,32177.79987942461,32177.79987942461,0.0,32177.79987942461
free,q2,2025-07-27,56891.30060952685,56891.30060952685,0.0,56891.30060952685
free,q2,2025-07-28,54093.326194964626,54093.326194964626,0.0,54093.326194964626
free,q2,2025-07-29,53924.13628325429,53924.13628325429,0.0,53924.13628325429
free,q2,2025-07-30,57452.05519373054,57452.05519373054,0.0,57452.05519373054
free,q2,2025-07-31,54860.01523276136,54860.01523276136,0.0,54860.01523276136
free,q2,2025-08-01,28303.947395796364,28303.947395796364,0.0,28303.947395796364
free,q2,2025-08-02,27359.5095252294,27359.5095252294,0.0,27359.5095252294
free,q2,2025-08-03,51193.19377529371,51193.19377529371,0.0,51193.19377529371
free,q2,2025-08-04,51425.86166753774,51425.86166753774,0.0,51425.86166753774
free,q2,2025-08-05,49938.720232760505,49938.720232760505,0.0,49938.720232760505
free,q2,2025-08-06,48641.126196083555,48641.126196083555,0.0,48641.126196083555
free,q2,2025-08-07,45222.22149036224,45222.22149036224,0.0,45222.22149036224
free,q2,2025-08-08,24421.437788534524,24421.437788534524,0.0,24421.437788534524
free,q2,2025-08-09,25292.650713478753,25292.650713478753,0.0,25292.650713478753
free,q2,2025-08-10,46519.182157291165,46519.182157291165,0.0,46519.182157291165
free,q2,2025-08-11,46794.769072760275,46794.769072760275,0.0,46794.769072760275
free,q2,2025-08-12,49087.57921823278,49087.57921823278,0.0,49087.57921823278
free,q2,2025-08-13,46538.19753380706,46538.19753380706,0.0,46538.19753380706
free,q2,2025-08-14,43732.49015443715,43732.49015443715,0.0,43732.49015443715
free,q2,2025-08-15,23428.180236591375,23428.180236591375,0.0,23428.180236591375
free,q2,2025-08-16,26163.20898087028,26163.20898087028,0.0,26163.20898087028
free,q2,2025-08-17,47119.86519806132,47119.86519806132,0.0,47119.86519806132
free,q2,2025-08-18,45706.81393305995,45706.81393305995,0.0,45706.81393305995
free,q2,2025-08-19,46139.735846107134,46139.735846107134,0.0,46139.735846107134
free,q2,2025-08-20,56123.13924025041,56123.13924025041,0.0,56123.13924025041
free,q2,2025-08-21,44829.24332541988,44829.24332541988,0.0,44829.24332541988
free,q2,2025-08-22,25983.343971938273,25983.343971938273,0.0,25983.343971938273
free,q2,2025-08-23,26053.21223170146,26053.21223170146,0.0,26053.21223170146
free,q2,2025-08-24,46493.73470280822,46493.73470280822,0.0,46493.73470280822
free,q2,2025-08-25,50353.11287308995,50353.11287308995,0.0,50353.11287308995
free,q2,2025-08-26,47665.96777074785,47665.96777074785,0.0,47665.96777074785
free,q2,2025-08-27,49182.434397681995,49182.434397681995,0.0,49182.434397681995
free,q2,2025-08-28,52374.19842628197,52374.19842628197,0.0,52374.19842628197
free,q2,2025-08-29,25918.10816515187,25918.10816515187,0.0,25918.10816515187
free,q2,2025-08-30,26471.855707353567,26471.855707353567,0.0,26471.855707353567
free,q2,2025-08-31,49080.75467494236,49080.75467494236,0.0,49080.75467494236
free,q2,2025-09-01,48964.542679330145,48964.542679330145,0.0,48964.542679330145
free,q2,2025-09-02,47015.55509135485,47015.55509135485,0.0,47015.55509135485
free,q2,2025-09-03,46427.97949294669,46427.97949294669,0.0,46427.97949294669
free,q2,2025-09-04,46360.62698051789,46360.62698051789,0.0,46360.62698051789
free,q2,2025-09-05,22306.721205944836,22306.721205944836,0.0,22306.721205944836
free,q2,2025-09-06,26261.376896086374,26261.376896086374,0.0,26261.376896086374
free,q2,2025-09-07,46144.73832744459,46144.73832744459,0.0,46144.73832744459
free,q2,2025-09-08,43850.53164619081,43850.53164619081,0.0,43850.53164619081
free,q2,2025-09-09,40389.62539946655,40389.62539946655,0.0,40389.62539946655
free,q2,2025-09-10,49208.38925294703,49208.38925294703,0.0,49208.38925294703
free,q2,2025-09-11,37058.962054884425,37058.962054884425,0.0,37058.962054884425
free,q2,2025-09-12,18242.41700173186,18242.41700173186,0.0,18242.41700173186
free,q2,2025-09-13,19718.69810063435,19718.69810063435,0.0,19718.69810063435
free,q2,2025-09-14,40801.05449240807,40801.05449240807,0.0,40801.05449240807
free,q2,2025-09-15,40591.92133647603,40591.92133647603,0.0,40591.92133647603
free,q2,2025-09-16,40645.01038300182,40645.01038300182,0.0,40645.01038300182
free,q2,2025-09-17,41950.498593978235,41950.498593978235,0.0,41950.498593978235
free,q2,2025-09-18,39542.28281796302,39542.28281796302,0.0,39542.28281796302
free,q2,2025-09-19,18315.82656314684,18315.82656314684,0.0,18315.82656314684
free,q2,2025-09-20,21221.260403369823,21221.260403369823,0.0,21221.260403369823
free,q2,2025-09-21,43520.11108097635,43520.11108097635,0.0,43520.11108097635
free,q2,2025-09-22,41734.472256393,41734.472256393,0.0,41734.472256393
free,q2,2025-09-23,44591.62552505582,44591.62552505582,0.0,44591.62552505582
free,q2,2025-09-24,42954.32523117754,42954.32523117754,0.0,42954.32523117754
free,q2,2025-09-25,42346.52151161633,42346.52151161633,0.0,42346.52151161633
free,q2,2025-09-26,18641.62339273269,18641.62339273269,0.0,18641.62339273269
free,q2,2025-09-27,26984.598817514016,26984.598817514016,0.0,26984.598817514016
free,q2,2025-09-28,43972.61810219825,43972.61810219825,0.0,43972.61810219825
free,q2,2025-09-29,44289.3020492862,44289.3020492862,0.0,44289.3020492862
free,q2,2025-09-30,45697.48426966195,45697.48426966195,0.0,45697.48426966195
free,q2,2025-10-01,44664.28970811651,44664.28970811651,0.0,44664.28970811651
free,q2,2025-10-02,40767.44562898339,40767.44562898339,0.0,40767.44562898339
free,q2,2025-10-03,17237.674083016005,17237.674083016005,0.0,17237.674083016005
free,q2,2025-10-04,20463.775736222695,20463.775736222695,0.0,20463.775736222695
free,q2,2025-10-05,43032.99926355149,43032.99926355149,0.0,43032.99926355149
free,q2,2025-10-06,41245.89156046528,41245.89156046528,0.0,41245.89156046528
free,q2,2025-10-07,42611.17212049832,42611.17212049832,0.0,42611.17212049832
free,q2,2025-10-08,39260.60055739114,39260.60055739114,0.0,39260.60055739114
free,q2,2025-10-09,38556.75538795735,38556.75538795735,0.0,38556.75538795735
free,q2,2025-10-10,16405.69442233165,16405.69442233165,0.0,16405.69442233165
free,q2,2025-10-11,18041.219345859005,18041.219345859005,0.0,18041.219345859005
free,q2,2025-10-12,39782.03816418571,39782.03816418571,0.0,39782.03816418571
free,q2,2025-10-13,40790.311982532396,40790.311982532396,0.0,40790.311982532396
free,q2,2025-10-14,41297.10115633752,41297.10115633752,0.0,41297.10115633752
free,q2,2025-10-15,41009.908671395635,41009.908671395635,0.0,41009.908671395635
free,q2,2025-10-16,45583.64995124943,45583.64995124943,0.0,45583.64995124943
free,q2,2025-10-17,17392.08501061036,17392.08501061036,0.0,17392.08501061036
free,q2,2025-10-18,18444.331537468483,18444.331537468483,0.0,18444.331537468483
free,q2,2025-10-19,46548.51453695506,46548.51453695506,0.0,46548.51453695506
free,q2,2025-10-20,45518.9465902395,45518.9465902395,0.0,45518.9465902395
free,q2,2025-10-21,44688.506479214,44688.506479214,0.0,44688.506479214
free,q2,2025-10-22,47255.96542905454,47255.96542905454,0.0,47255.96542905454
free,q2,2025-10-23,43875.94993695592,43875.94993695592,0.0,43875.94993695592
free,q2,2025-10-24,17077.431620432923,17077.431620432923,0.0,17077.431620432923
free,q2,2025-10-25,19318.383181447916,19318.383181447916,0.0,19318.383181447916
free,q2,2025-10-26,46673.24025627036,46673.24025627036,0.0,46673.24025627036
free,q2,2025-10-27,45709.34855078223,45709.34855078223,0.0,45709.34855078223
free,q2,2025-10-28,44681.481129039516,44681.481129039516,0.0,44681.481129039516
free,q2,2025-10-29,47720.32838003003,47720.32838003003,0.0,47720.32838003003
free,q2,2025-10-30,44267.39619452297,44267.39619452297,0.0,44267.39619452297
free,q2,2025-10-31,18164.98293875973,18164.98293875973,0.0,18164.98293875973
free,q2,2025-11-01,19107.49324268996,19107.49324268996,0.0,19107.49324268996
free,q2,2025-11-02,46776.87171145528,46776.87171145528,0.0,46776.87171145528
free,q2,2025-11-03,47243.26697256086,47243.26697256086,0.0,47243.26697256086
free,q2,2025-11-04,47691.53172725714,47691.53172725714,0.0,47691.53172725714
free,q2,2025-11-05,48885.36787776004,48885.36787776004,0.0,48885.36787776004
free,q2,2025-11-06,51152.191531016986,51152.191531016986,0.0,51152.191531016986
free,q2,2025-11-07,19363.267602783664,19363.267602783664,0.0,19363.267602783664
free,q2,2025-11-08,19361.08950766547,19361.08950766547,0.0,19361.08950766547
free,q2,2025-11-09,49867.6789027951,49867.6789027951,0.0,49867.6789027951
free,q2,2025-11-10,50076.428108120956,50076.428108120956,0.0,50076.428108120956
free,q2,2025-11-11,49334.87785856376,49334.87785856376,0.0,49334.87785856376
free,q2,2025-11-12,49666.070155030124,49666.070155030124,0.0,49666.070155030124
free,q2,2025-11-13,51007.91356759455,51007.91356759455,0.0,51007.91356759455
free,q2,2025-11-14,19039.887664954185,19039.887664954185,0.0,19039.887664954185
free,q2,2025-11-15,19152.746079746736,19152.746079746736,0.0,19152.746079746736
free,q2,2025-11-16,50631.02722628882,50631.02722628882,0.0,50631.02722628882
free,q2,2025-11-17,52613.44906876382,52613.44906876382,0.0,52613.44906876382
free,q2,2025-11-18,51929.88380898919,51929.88380898919,0.0,51929.88380898919
free,q2,2025-11-19,50773.41883707992,50773.41883707992,0.0,50773.41883707992
free,q2,2025-11-20,52102.21125254771,52102.21125254771,0.0,52102.21125254771
free,q2,2025-11-21,20115.84149597658,20115.84149597658,0.0,20115.84149597658
free,q2,2025-11-22,19913.46129379153,19913.46129379153,0.0,19913.46129379153
free,q2,2025-11-23,52818.67864726047,52818.67864726047,0.0,52818.67864726047
free,q2,2025-11-24,51749.0994643522,51749.0994643522,0.0,51749.0994643522
free,q2,2025-11-25,53322.251774253375,53322.251774253375,0.0,53322.251774253375
free,q2,2025-11-26,53265.92820958222,53265.92820958222,0.0,53265.92820958222
free,q2,2025-11-27,52933.93615530907,52933.93615530907,0.0,52933.93615530907
free,q2,2025-11-28,19883.857935995726,19883.857935995726,0.0,19883.857935995726
free,q2,2025-11-29,21720.61413096165,21720.61413096165,0.0,21720.61413096165
free,q2,2025-11-30,54661.2739358912,54661.2739358912,0.0,54661.2739358912
free,q2,2025-12-01,74904.25051757025,74904.25051757025,0.0,74904.25051757025
free,q2,2025-12-02,84619.56881078574,84619.56881078574,0.0,84619.56881078574
free,q2,2025-12-03,71342.91732228859,71342.91732228859,0.0,71342.91732228859
free,q2,2025-12-04,70645.75990985389,70645.75990985389,0.0,70645.75990985389
free,q2,2025-12-05,29154.5515350473,29154.5515350473,0.0,29154.5515350473
free,q2,2025-12-06,31642.671170843525,31642.671170843525,0.0,31642.671170843525
free,q2,2025-12-07,68279.07922595089,68279.07922595089,0.0,68279.07922595089
free,q2,2025-12-08,65468.43083375339,65468.43083375339,0.0,65468.43083375339
free,q2,2025-12-09,65290.81589157863,65290.81589157863,0.0,65290.81589157863
free,q2,2025-12-10,62342.60418130377,62342.60418130377,0.0,62342.60418130377
free,q2,2025-12-11,62974.88190006722,62974.88190006722,0.0,62974.88190006722
free,q2,2025-12-12,28713.89215456994,28713.89215456994,0.0,28713.89215456994
free,q2,2025-12-13,29934.800954175902,29934.800954175902,0.0,29934.800954175902
free,q2,2025-12-14,65477.28483487156,65477.28483487156,0.0,65477.28483487156
free,q2,2025-12-15,62457.61004571118,62457.61004571118,0.0,62457.61004571118
free,q2,2025-12-16,65315.69941657209,65315.69941657209,0.0,65315.69941657209
free,q2,2025-12-17,66081.92414421184,66081.92414421184,0.0,66081.92414421184
free,q2,2025-12-18,64321.377512462765,64321.377512462765,0.0,64321.377512462765
free,q2,2025-12-19,27233.042616718027,27233.042616718027,0.0,27233.042616718027
free,q2,2025-12-20,27370.619386450297,27370.619386450297,0.0,27370.619386450297
free,q2,2025-12-21,65624.74936722562,65624.74936722562,0.0,65624.74936722562
free,q2,2025-12-22,64567.741111597425,64567.741111597425,0.0,64567.741111597425
free,q2,2025-12-23,62857.995043551826,62857.995043551826,0.0,62857.995043551826
free,q2,2025-12-24,62134.465579468626,62134.465579468626,0.0,62134.465579468626
free,q2,2025-12-25,63535.9225053287,63535.9225053287,0.0,63535.9225053287
free,q2,2025-12-26,29419.46446708725,29419.46446708725,0.0,29419.46446708725
free,q2,2025-12-27,28758.22504852577,28758.22504852577,0.0,28758.22504852577
free,q2,2025-12-28,63190.2481877974,63190.2481877974,0.0,63190.2481877974
free,q2,2025-12-29,62675.54820193285,62675.54820193285,0.0,62675.54820193285
free,q2,2025-12-30,64729.28930682723,64729.28930682723,0.0,64729.28930682723
free,q2,2025-12-31,61037.74085507849,61037.74085507849,0.0,61037.74085507849
free,q3,2025-02-01,25061.315363129674,28114.8669607686,3053.5515976389233,26588.091161949134
free,q3,2025-02-02,56495.873248289776,61200.35857248226,4704.485324192492,58848.11591038601
free,q3,2025-02-03,56960.26660804189,61876.14503283353,4915.878424791626,59418.20582043771
free,q3,2025-02-04,59582.60426851739,65094.57870048619,5511.974431968808,62338.59148450178
free,q3,2025-02-05,55603.63605770032,57800.7466596495,2197.1106019491795,56702.191358674914
free,q3,2025-02-06,57654.05122056157,63538.981890827126,5884.930670265567,60596.51655569435
free,q3,2025-02-07,22871.05320393016,25847.670522015334,2976.6173180851715,24359.36186297275
free,q3,2025-02-08,19873.440848164704,19884.726890127276,11.286041962570266,19879.08386914599
free,q3,2025-02-09,55363.63556396292,57026.46870971286,1662.8331457499423,56195.05213683789
free,q3,2025-02-10,52009.803301689695,55964.06600190801,3954.2627002183176,53986.93465179885
free,q3,2025-02-11,52428.21839275008,55388.77616693738,2960.557774187297,53908.49727984373
free,q3,2025-02-12,51545.361681042166,54057.9907494723,2512.629068430143,52801.676215257234
free,q3,2025-02-13,49700.93043904001,52802.88121792714,3101.950778887136,51251.90582848357
free,q3,2025-02-14,19676.151243743123,19812.224611559537,136.07336781641612,19744.18792765133
free,q3,2025-02-15,19643.138072344067,20172.61159086319,529.473518519123,19907.87483160363
free,q3,2025-02-16,52827.69962066136,57534.67319790183,4706.973577240464,55181.186409281596
free,q3,2025-02-17,50723.97035064979,56728.04642935934,6004.076078709554,53726.00839000457
free,q3,2025-02-18,48787.14184939653,48788.78390376427,1.6420543677351978,48787.96287658041
free,q3,2025-02-19,49470.13823559152,49527.39538810577,57.257152514255495,49498.76681184865
free,q3,2025-02-20,48450.46698809857,50869.29825288836,2418.831264789795,49659.882620493474
free,q3,2025-02-21,18187.908816999236,18258.008528765797,70.09971176655891,18222.958672882516
free,q3,2025-02-22,19269.678005565773,19443.299494532228,173.6214889664566,19356.488750049
free,q3,2025-02-23,48360.87115831193,50616.46745334678,2255.5962950348453,49488.66930582935
free,q3,2025-02-24,46997.46483165723,47832.048104334586,834.5832726773626,47414.7564679959
free,q3,2025-02-25,47001.27150807952,52255.20280463703,5253.931296557519,49628.23715635827
free,q3,2025-02-26,46561.51402211211,46660.343713547205,98.829691435097,46610.92886782966
free,q3,2025-02-27,44437.06555062451,44450.38209053151,13.316539906993967,44443.723820578016
free,q3,2025-02-28,17538.13559908332,17789.698302479188,251.56270339586524,17663.916950781255
free,q3,2025-03-01,20665.073505930974,21882.93142990626,1217.8579239752878,21274.002467918617
free,q3,2025-03-02,50494.01787718423,52821.51407971738,2327.496202533148,51657.76597845081
free,q3,2025-03-03,50100.80055531296,52349.93681284135,2249.1362575283897,51225.368684077155
free,q3,2025-03-04,47423.706622814796,47717.531503432256,293.82488061746005,47570.61906312352
free,q3,2025-03-05,49032.9080693119,54615.7185294168,5582.810460104898,51824.313299364345
free,q3,2025-03-06,44520.33547921425,46125.97731415257,1605.641834938317,45323.156396683415
free,q3,2025-03-07,16994.26853509996,17747.930489314353,753.6619542143942,17371.099512207154
free,q3,2025-03-08,18563.4355351028,18563.4355351028,1.1368683772161603e-13,18563.4355351028
free,q3,2025-03-09,44378.2688547265,47207.84838207105,2829.579527344553,45793.058618398776
free,q3,2025-03-10,45399.714240201734,45456.79630942918,57.08206922744432,45428.255274815456
free,q3,2025-03-11,43035.179756483965,43038.551557169994,3.3718006860308947,43036.86565682698
free,q3,2025-03-12,43639.97432485917,45613.63152230649,1973.6571974473127,44626.80292358283
free,q3,2025-03-13,44690.13377020809,45881.72274442509,1191.588974217006,45285.928257316584
free,q3,2025-03-14,16353.50234718422,16353.575250382042,0.0729031978227681,16353.538798783131
free,q3,2025-03-15,18149.75991502477,18154.451843461597,4.6919284368304375,18152.105879243183
free,q3,2025-03-16,44314.276993692416,45208.65588912946,894.3788954370411,44761.46644141094
free,q3,2025-03-17,40094.97639351686,42168.74788803998,2073.7714945231187,41131.86214077842
free,q3,2025-03-18,44005.567892364445,49692.18396971644,5686.616077351993,46848.87593104044
free,q3,2025-03-19,41034.480096148065,41034.480096148065,0.0,41034.480096148065
free,q3,2025-03-20,41031.60181094053,42801.818325940025,1770.2165149994896,41916.710068440276
free,q3,2025-03-21,15458.749725268528,15623.969691303693,165.21996603516493,15541.35970828611
free,q3,2025-03-22,18660.57994071426,18665.72221844004,5.142277725783401,18663.15107957715
free,q3,2025-03-23,42431.540278755594,47107.7217655104,4676.181486754815,44769.631022133
free,q3,2025-03-24,40195.94844517171,41961.10384346661,1765.155398294906,41078.526144319156
free,q3,2025-03-25,43387.33813214231,47688.619127535305,4301.280995393006,45537.9786298388
free,q3,2025-03-26,39697.4552481705,42770.97446852207,3073.5192203515653,41234.21485834629
free,q3,2025-03-27,37796.60755395042,39736.50133537322,1939.8937814227897,38766.55444466182
free,q3,2025-03-28,15782.505606435761,15964.298093222762,181.7924867870021,15873.401849829263
free,q3,2025-03-29,17168.963826151157,17173.29536608482,4.331539933667386,17171.12959611799
free,q3,2025-03-30,39103.210394178765,43767.46686348783,4664.25646930907,41435.3386288333
free,q3,2025-03-31,37210.338996167964,37580.86320782988,370.524211661921,37395.601101998924
free,q3,2025-04-01,41359.11006429662,41592.61673979579,233.50667549917074,41475.863402046205
free,q3,2025-04-02,41459.40295478355,42865.11257724056,1405.709622457008,42162.25776601205
free,q3,2025-04-03,38814.24176720009,42187.41637847734,3373.1746112772507,40500.829072838715
free,q3,2025-04-04,14269.6415445582,14270.372576102902,0.7310315447019775,14270.007060330552
free,q3,2025-04-05,17126.329951145715,17129.428708616677,3.0987574709609476,17127.879329881194
free,q3,2025-04-06,38038.748067936605,40129.01446129628,2090.2663933596796,39083.881264616444
free,q3,2025-04-07,35788.87675779763,36304.41515413621,515.5383963385812,36046.645955966924
free,q3,2025-04-08,39259.70174473477,43710.51904502556,4450.817300290795,41485.11039488017
free,q3,2025-04-09,40306.17004149628,42799.90404952041,2493.734008024124,41553.03704550835
free,q3,2025-04-10,35045.09357572114,36184.52480676088,1139.4312310397356,35614.80919124102
free,q3,2025-04-11,13493.856395935156,13493.856395935156,0.0,13493.856395935156
free,q3,2025-04-12,16878.40233863119,17420.934115882977,542.5317772517888,17149.668227257087
free,q3,2025-04-13,36802.84618062223,39345.22776850969,2542.381587887461,38074.03697456596
free,q3,2025-04-14,37068.61280189386,41948.19997139764,4879.587169503779,39508.40638664576
free,q3,2025-04-15,34661.31735872866,35522.910742742104,861.5933840134503,35092.11405073538
free,q3,2025-04-16,37378.01405597477,38289.92457981825,911.910523843485,37833.96931789651
free,q3,2025-04-17,32848.41305112316,33658.68376321606,810.2707120929038,33253.54840716961
free,q3,2025-04-18,13545.575526261431,13660.203235547931,114.62770928649924,13602.889380904682
free,q3,2025-04-19,15793.26283351441,15799.570567066381,6.307733551967544,15796.416700290396
free,q3,2025-04-20,36031.59172739896,37210.8857330338,1179.2940056348375,36621.238730216384
free,q3,2025-04-21,34084.69683093898,36325.685592088455,2240.9887611494764,35205.191211513724
free,q3,2025-04-22,34614.42960917074,34925.40437328171,310.9747641109704,34769.916991226215
free,q3,2025-04-23,34310.94482764081,34332.92361266004,21.97878501922496,34321.934220150426
free,q3,2025-04-24,31405.042191507793,32404.672382526707,999.630191018915,31904.85728701725
free,q3,2025-04-25,12726.032986404862,13062.419702973752,336.38671656889255,12894.226344689307
free,q3,2025-04-26,15930.293849437337,15930.363752804695,0.06990336735645997,15930.328801121015
free,q3,2025-04-27,34269.81299415782,35093.48974977454,823.676755616721,34681.65137196618
free,q3,2025-04-28,38303.70249887326,40165.6426860939,1861.940187220648,39234.67259248358
free,q3,2025-04-29,34491.4104383044,36037.1648879131,1545.754449608703,35264.28766310876
free,q3,2025-04-30,32699.62176176525,33341.36552458825,641.743762822992,33020.49364317675
free,q3,2025-05-01,38539.32861336629,39537.52290518169,998.1942918153997,39038.42575927399
free,q3,2025-05-02,21183.60238223025,21187.931900596155,4.329518365904107,21185.767141413202
free,q3,2025-05-03,22489.103604895157,22489.103604895157,0.0,22489.103604895157
free,q3,2025-05-04,40617.988713031664,44500.9666405507,3882.9779275190317,42559.47767679118
free,q3,2025-05-05,41357.325717063686,43746.74695224021,2389.42123517653,42552.036334651944
free,q3,2025-05-06,40562.72101292981,41207.345964103966,644.624951174161,40885.03348851689
free,q3,2025-05-07,41894.48741120642,41909.699915790676,15.212504584255953,41902.09366349855
free,q3,2025-05-08,37869.949518661786,40999.764394961014,3129.814876299225,39434.8569568114
free,q3,2025-05-09,15959.651729214198,15970.048286426781,10.396557212584185,15964.850007820489
free,q3,2025-05-10,18149.43796374457,18149.43796374457,0.0,18149.43796374457
free,q3,2025-05-11,37806.17133197275,38456.66516096361,650.4938289908612,38131.41824646818
free,q3,2025-05-12,36819.95287232807,37310.29210740821,490.33923508014567,37065.12248986814
free,q3,2025-05-13,39489.54255318859,43545.93145445487,4056.3889012662767,41517.737003821734
free,q3,2025-05-14,39279.89281688178,43353.05675300909,4073.1639361273133,41316.47478494544
free,q3,2025-05-15,35801.33040921362,38316.57219752796,2515.241788314341,37058.951303370784
free,q3,2025-05-16,15528.220781760134,15698.962273086752,170.74149132662006,15613.591527423443
free,q3,2025-05-17,18618.901200384025,19093.74985919954,474.84865881550934,18856.325529791782
free,q3,2025-05-18,39721.345416168646,43795.88797177691,4074.542555608264,41758.61669397278
free,q3,2025-05-19,36083.832239598516,37428.253630273146,1344.4213906746322,36756.04293493583
free,q3,2025-05-20,36558.204535922225,36886.96153205971,328.75699613747946,36722.583033990966
free,q3,2025-05-21,36645.0675618987,36952.887887855264,307.82032595657586,36798.97772487698
free,q3,2025-05-22,34287.59813270711,36032.436758949814,1744.8386262427066,35160.01744582847
free,q3,2025-05-23,14904.44593463917,14904.44593463917,0.0,14904.44593463917
free,q3,2025-05-24,18278.64736060021,18542.00442549263,263.3570648924169,18410.32589304642
free,q3,2025-05-25,35392.42670790479,36752.23981582654,1359.8131079217465,36072.33326186567
free,q3,2025-05-26,38256.76595211301,38784.8057823182,528.0398302051861,38520.78586721561
free,q3,2025-05-27,35561.5995498589,36130.179471133655,568.5799212747487,35845.88951049629
free,q3,2025-05-28,37442.32457440193,39585.535262926234,2143.2106885243006,38513.929918664086
free,q3,2025-05-29,34760.024696506174,35553.864984964806,793.8402884586299,35156.94484073549
free,q3,2025-05-30,16010.832616913547,16037.242905172781,26.410288259235564,16024.037761043164
free,q3,2025-05-31,19436.549882789688,20406.034095717318,969.4842129276317,19921.291989253503
free,q3,2025-06-01,56679.98561787329,62238.00483115442,5558.019213281146,59458.995224513856
free,q3,2025-06-02,55556.50478626228,60665.43624175508,5108.9314554928005,58110.97051400868
free,q3,2025-06-03,51725.84263311494,52713.191858555496,987.3492254405418,52219.51724583521
free,q3,2025-06-04,51820.352490586134,59134.4715277388,7314.1190371526645,55477.412009162465
free,q3,2025-06-05,49607.51914227669,50602.6243005273,995.1051582506091,50105.071721402
free,q3,2025-06-06,27190.768141900182,28495.52572088509,1304.7575789849063,27843.14693139264
free,q3,2025-06-07,28343.896574841172,28641.94790404785,298.05132920667916,28492.922239444513
free,q3,2025-06-08,49398.536452811066,52933.814312290255,3535.277859479188,51166.17538255066
free,q3,2025-06-09,52867.05376425431,57493.75643197576,4626.702667721439,55180.405098115036
free,q3,2025-06-10,50653.16835924702,52546.6906258759,1893.5222666288823,51599.92949256145
free,q3,2025-06-11,55137.340723967376,56607.15546056624,1469.814736598875,55872.248092266804
free,q3,2025-06-12,49837.61452239523,51252.05281367269,1414.4382912774595,50544.833668033956
free,q3,2025-06-13,23009.32878670627,23449.49368828779,440.16490158151714,23229.41123749703
free,q3,2025-06-14,25726.96270153675,27082.450094735257,1355.4873931985053,26404.706398136004
free,q3,2025-06-15,49463.882683260854,50460.52042888092,996.6377456200701,49962.20155607088
free,q3,2025-06-16,51288.40041847995,51629.60324423634,341.2028257563918,51459.001831358146
free,q3,2025-06-17,53293.55960069179,53903.90402868259,610.3444279907906,53598.7318146872
free,q3,2025-06-18,52652.85556169532,55979.921001233975,3327.0654395386555,54316.38828146466
free,q3,2025-06-19,47448.13324661432,50901.11179408427,3452.978547469952,49174.622520349294
free,q3,2025-06-20,21364.29616154966,21821.646098643865,457.3499370942048,21592.97113009676
free,q3,2025-06-21,25206.740795950158,25618.852725748962,412.11192979880354,25412.79676084956
free,q3,2025-06-22,47208.50999831794,49368.76785329376,2160.2578549758177,48288.63892580585
free,q3,2025-06-23,47444.26887664773,48687.87084900451,1243.6019723567783,48066.069862826116
free,q3,2025-06-24,54935.058331242864,58336.20566328192,3401.1473320390573,56635.631997262404
free,q3,2025-06-25,49691.37190831717,51373.934663378495,1682.5627550613249,50532.65328584783
free,q3,2025-06-26,47595.29959398124,49095.76625838222,1500.4666644009753,48345.53292618173
free,q3,2025-06-27,21536.925336127268,23164.337343772888,1627.412007645616,22350.631339950076
free,q3,2025-06-28,22711.478366365962,22750.841241740796,39.36287537483768,22731.15980405338
free,q3,2025-06-29,48204.55907627353,48337.02437646786,132.46530019432834,48270.79172637069
free,q3,2025-06-30,50363.25157343286,51786.76490936827,1423.5133359354113,51075.00824140056
free,q3,2025-07-01,62038.23713397305,62038.23713397305,1.1368683772161603e-13,62038.23713397305
free,q3,2025-07-02,55784.40088622377,55784.40088622377,0.0,55784.40088622377
free,q3,2025-07-03,57792.17933333139,58376.09282328637,583.9134899549812,58084.13607830889
free,q3,2025-07-04,30987.324679028643,30987.324679028643,0.0,30987.324679028643
free,q3,2025-07-05,35645.74291507127,35645.74291507127,0.0,35645.74291507127
free,q3,2025-07-06,60130.9215885079,60382.606922337334,251.68533382944065,60256.76425542262
free,q3,2025-07-07,56917.37060942536,57066.824825041054,149.45421561570288,56992.097717233206
free,q3,2025-07-08,57782.07316922092,62125.04434657952,4342.971177358606,59953.55875790023
free,q3,2025-07-09,56403.54335266099,59282.76601488037,2879.2226622193753,57843.15468377068
free,q3,2025-07-10,50837.62526348827,54265.3465859248,3427.7213224365314,52551.48592470653
free,q3,2025-07-11,27264.11971880207,28120.00901385172,855.8892950496512,27692.064366326893
free,q3,2025-07-12,31428.489575940886,31851.96514349385,423.4755675529568,31640.22735971737
free,q3,2025-07-13,54041.84112587365,60802.54303725713,6760.701911383469,57422.19208156539
free,q3,2025-07-14,55075.30031360593,59674.94216030033,4599.641846694397,57375.12123695313
free,q3,2025-07-15,53090.37093915682,59105.16199160599,6014.7910524491745,56097.766465381406
free,q3,2025-07-16,55185.346760138316,58395.39282352149,3210.0460633831776,56790.3697918299
free,q3,2025-07-17,51523.460348237364,54341.34056693455,2817.880218697189,52932.40045758596
free,q3,2025-07-18,28874.33993905579,30549.386740960443,1675.0468019046502,29711.863340008116
free,q3,2025-07-19,31397.326112392664,33715.41615179451,2318.0900394018436,32556.371132093584
free,q3,2025-07-20,52466.252151802386,55878.35953072292,3412.1073789205257,54172.305841262656
free,q3,2025-07-21,57432.99000641533,60813.575839473095,3380.5858330577703,59123.282922944214
free,q3,2025-07-22,55030.2693413198,56000.758535340894,970.489194021086,55515.51393833035
free,q3,2025-07-23,56649.544521564276,63982.335149326296,7332.790627762027,60315.93983544529
free,q3,2025-07-24,54690.9379270948,62840.58935229498,8149.651425200181,58765.76363969488
free,q3,2025-07-25,24987.390639590092,25593.972668301358,606.5820287112628,25290.68165394572
free,q3,2025-07-26,30267.056824723764,31018.72372147026,751.6668967465022,30642.89027309702
free,q3,2025-07-27,54515.24769629327,58736.294641805405,4221.046945512149,56625.771169049345
free,q3,2025-07-28,54195.9678722865,56013.02696799244,1817.0590957059512,55104.497420139465
free,q3,2025-07-29,56003.24877498201,57194.21682320462,1190.968048222618,56598.732799093304
free,q3,2025-07-30,56576.990765076414,57256.70167612624,679.7109110498368,56916.84622060133
free,q3,2025-07-31,50263.701628437695,50777.750209318416,514.048580880722,50520.72591887806
free,q3,2025-08-01,27100.331616057818,28120.576303956295,1020.2446878984739,27610.453960007057
free,q3,2025-08-02,29622.82769139852,31590.876274222614,1968.0485828240908,30606.851982810567
free,q3,2025-08-03,45761.01936657403,47204.11528841565,1443.0959218416197,46482.567327494835
free,q3,2025-08-04,47568.945233157356,49972.26045666744,2403.3152235100824,48770.6028449124
free,q3,2025-08-05,46796.16473535987,48319.1530726448,1522.9883372849363,47557.65890400233
free,q3,2025-08-06,50418.17997133345,56153.56984619719,5735.389874863741,53285.87490876532
free,q3,2025-08-07,46339.689606568456,52056.013331117036,5716.323724548577,49197.85146884274
free,q3,2025-08-08,24143.12420613404,24848.231376543623,705.107170409582,24495.677791338832
free,q3,2025-08-09,25976.348792198987,26123.632424096402,147.28363189741412,26049.990608147695
free,q3,2025-08-10,47804.4774707233,51775.01400989575,3970.5365391724376,49789.74574030952
free,q3,2025-08-11,47958.66222468599,49369.4953317904,1410.8331071044106,48664.07877823821
free,q3,2025-08-12,49138.18910141779,50871.337776422035,1733.148675004239,50004.763438919916
free,q3,2025-08-13,46003.17939703385,46003.17939703385,0.0,46003.17939703385
free,q3,2025-08-14,44699.17231240461,46913.504000125315,2214.331687720708,45806.33815626496
free,q3,2025-08-15,24679.052806012183,26451.372625788164,1772.3198197759802,25565.212715900176
free,q3,2025-08-16,28239.689372636632,30563.03087961619,2323.3415069795597,29401.360126126412
free,q3,2025-08-17,46773.30531106302,48185.54058346927,1412.235272406252,47479.42294726614
free,q3,2025-08-18,46294.738945743964,48244.547785928924,1949.8088401849595,47269.64336583644
free,q3,2025-08-19,46882.36692189773,48303.4890857905,1421.1221638927657,47592.92800384412
free,q3,2025-08-20,50339.80750679842,54111.84210864176,3772.034601843344,52225.824807720084
free,q3,2025-08-21,45039.58780896675,46796.77890523223,1757.1910962654727,45918.18335709949
free,q3,2025-08-22,24549.8886049024,24935.752751526325,385.8641466239229,24742.82067821436
free,q3,2025-08-23,26767.30598134694,26777.178738961145,9.872757614203579,26772.242360154047
free,q3,2025-08-24,47401.29374302378,48855.94952078242,1454.6557777586372,48128.621631903094
free,q3,2025-08-25,55928.71902191406,68724.64849024703,12795.929468332972,62326.683756080536
free,q3,2025-08-26,47105.47559016789,48071.231277060564,965.755686892666,47588.35343361422
free,q3,2025-08-27,48741.61405478392,49539.24788002482,797.6338252409058,49140.430967404376
free,q3,2025-08-28,47490.51954921738,47499.42681734911,8.907268131729893,47494.97318328325
free,q3,2025-08-29,26028.56315872188,26695.330756003823,666.7675972819446,26361.946957362852
free,q3,2025-08-30,27185.074915557714,28182.271332014017,997.1964164563035,27683.67312378587
free,q3,2025-08-31,47587.76308391262,47975.50283374096,387.73974982833715,47781.6329588268
free,q3,2025-09-01,46531.6653130572,52961.52313709914,6429.857824041935,49746.59422507817
free,q3,2025-09-02,45380.8174788459,48043.723377132876,2662.9058982869756,46712.27042798938
free,q3,2025-09-03,46136.019825963565,52066.42050397996,5930.400678016397,49101.22016497177
free,q3,2025-09-04,43735.43607195415,48349.030407512786,4613.594335558633,46042.23323973347
free,q3,2025-09-05,22114.049197806817,24868.571583089146,2754.5223852823324,23491.31039044798
free,q3,2025-09-06,25647.990117810004,28063.946975293515,2415.9568574835075,26855.968546551758
free,q3,2025-09-07,44924.3471155774,48847.20404290741,3922.8569273300136,46885.7755792424
free,q3,2025-09-08,40721.966187625294,42443.785753797325,1721.8195661720276,41582.875970711306
free,q3,2025-09-09,39183.39684692853,39196.686004514035,13.289157585506018,39190.04142572128
free,q3,2025-09-10,41517.5262990632,42127.811861808776,610.2855627455766,41822.66908043599
free,q3,2025-09-11,39010.860128792025,45709.239251562714,6698.379122770694,42360.04969017737
free,q3,2025-09-12,18714.454624181642,19065.844602983198,351.389978801559,18890.14961358242
free,q3,2025-09-13,20767.660338297643,20778.654851941472,10.994513643829123,20773.157595119555
free,q3,2025-09-14,43388.44434278807,46702.29279202025,3313.848449232177,45045.36856740416
free,q3,2025-09-15,38593.19077743223,38749.696749635565,156.5059722033373,38671.4437635339
free,q3,2025-09-16,42855.02529736279,47050.26711363377,4195.241816270984,44952.64620549827
free,q3,2025-09-17,43098.21170935432,47519.575309744796,4421.363600390475,45308.89350954956
free,q3,2025-09-18,39048.07210306257,39053.08357350383,5.01147044125787,39050.5778382832
free,q3,2025-09-19,18437.84188018533,18643.012941199682,205.17106101435277,18540.427410692508
free,q3,2025-09-20,20664.333939942517,20915.664461299453,251.33052135693998,20789.999200620987
free,q3,2025-09-21,41962.24941089844,44611.91473816005,2649.66532726161,43287.082074529244
free,q3,2025-09-22,44486.51924262853,50994.507718608824,6507.988475980292,47740.513480618676
free,q3,2025-09-23,43196.45827580866,45074.635744226645,1878.1774684179807,44135.54701001765
free,q3,2025-09-24,42178.32475381645,42206.416662090276,28.091908273827244,42192.37070795336
free,q3,2025-09-25,41492.58693343213,42882.74460340536,1390.1576699732288,42187.66576841874
free,q3,2025-09-26,19133.48079136582,21062.059431384794,1928.578640018976,20097.770111375306
free,q3,2025-09-27,21156.293608309225,21182.9254569529,26.6318486436773,21169.60953263106
free,q3,2025-09-28,43693.96664012842,43742.93602732835,48.969387199927006,43718.451333728386
free,q3,2025-09-29,45419.361359043825,49571.293568363195,4151.932209319371,47495.327463703514
free,q3,2025-09-30,46455.055994414375,47123.76777428927,668.7117798748893,46789.41188435182
free,q3,2025-10-01,41183.28026043203,44962.49729219832,3779.217031766282,43072.88877631518
free,q3,2025-10-02,41383.971145777825,49031.79545778255,7647.824312004727,45207.88330178019
free,q3,2025-10-03,16944.376552117927,17031.255682771545,86.87913065361853,16987.816117444738
free,q3,2025-10-04,21010.600098799256,22498.150998625253,1487.5508998259975,21754.375548712254
free,q3,2025-10-05,43252.66309071016,50630.77366210081,7378.110571390653,46941.71837640548
free,q3,2025-10-06,40385.28066904626,40430.08820524693,44.80753620067031,40407.6844371466
free,q3,2025-10-07,42567.13750751449,43782.120346232055,1214.9828387175633,43174.628926873265
free,q3,2025-10-08,39418.604195267755,42058.66409650234,2640.059901234581,40738.63414588505
free,q3,2025-10-09,40240.028010644186,47996.56817893268,7756.540168288495,44118.29809478843
free,q3,2025-10-10,17034.615651724926,17354.50151202781,319.8858603028849,17194.558581876365
free,q3,2025-10-11,17981.757485410053,18019.36295463852,37.60546922846756,18000.560220024287
free,q3,2025-10-12,41649.346270032096,43867.81183901762,2218.4655689855194,42758.57905452485
free,q3,2025-10-13,40914.59615290591,45588.61654599816,4674.020393092245,43251.606349452035
free,q3,2025-10-14,42985.050175477,46314.09261233096,3329.0424368539652,44649.571393903985
free,q3,2025-10-15,43841.85478901579,48313.38796621618,4471.533177200384,46077.621377615986
free,q3,2025-10-16,41378.65009497588,41384.81349314457,6.163398168693868,41381.73179406022
free,q3,2025-10-17,17062.219058843984,17149.077930868087,86.85887202410146,17105.648494856036
free,q3,2025-10-18,18637.034027238034,19614.144484998596,977.1104577605612,19125.589256118314
free,q3,2025-10-19,45183.156126583184,48068.22037124384,2885.0642446606576,46625.68824891351
free,q3,2025-10-20,44794.728943803406,46342.0729892979,1547.344045494496,45568.40096655065
free,q3,2025-10-21,45398.363460419874,45895.31616882539,496.95270840551836,45646.83981462263
free,q3,2025-10-22,44294.84567621256,44880.897050117506,586.0513739049454,44587.87136316503
free,q3,2025-10-23,46615.18055311416,56063.54420708587,9448.363653971703,51339.362380100014
free,q3,2025-10-24,17391.46224946515,17392.295748988436,0.8334995232872302,17391.878999226792
free,q3,2025-10-25,19200.302618215625,19231.73826758039,31.435649364767766,19216.020442898007
free,q3,2025-10-26,47117.520125266106,53898.7766036064,6781.2564783402995,50508.14836443626
free,q3,2025-10-27,44000.840678003304,44561.59872117879,560.7580431754817,44281.21969959105
free,q3,2025-10-28,45516.4625947476,45850.413351768504,333.9507570209045,45683.43797325806
free,q3,2025-10-29,47758.078382212785,48663.54019242773,905.4618102149409,48210.80928732026
free,q3,2025-10-30,43535.27860804006,43785.78652946736,250.50792142729878,43660.53256875371
free,q3,2025-10-31,18655.830184317514,19069.7291450285,413.89896071098553,18862.779664673006
free,q3,2025-11-01,19883.07088033473,20483.618276966765,600.5473966320326,20183.34457865075
free,q3,2025-11-02,48179.27530143595,48790.58444808239,611.3091466464392,48484.92987475917
free,q3,2025-11-03,48599.61644551929,50609.180989403045,2009.5645438837591,49604.39871746117
free,q3,2025-11-04,46958.88033568274,48994.75290166358,2035.8725659808388,47976.81661867317
free,q3,2025-11-05,49216.71299892274,53051.594667256475,3834.8816683337363,51134.1538330896
free,q3,2025-11-06,48687.47509479954,49313.11630103759,625.64120623805,49000.29569791857
free,q3,2025-11-07,18713.723339478256,18714.720692817,0.997353338744233,18714.22201614763
free,q3,2025-11-08,19464.11066911953,19680.748636778724,216.6379676591959,19572.429652949126
free,q3,2025-11-09,48802.90390659739,49562.33228676974,759.4283801723452,49182.61809668357
free,q3,2025-11-10,52404.832486424,54172.270714720165,1767.4382282961626,53288.551600572086
free,q3,2025-11-11,51264.37993125065,55234.28447846999,3969.9045472193393,53249.33220486032
free,q3,2025-11-12,49885.58024572413,51534.77640186497,1649.196156140843,50710.17832379455
free,q3,2025-11-13,50756.63355595363,51351.766672153564,595.1331161999303,51054.2001140536
free,q3,2025-11-14,19478.772854226456,19482.492858144327,3.7200039178698034,19480.63285618539
free,q3,2025-11-15,21881.03202749144,23874.10349730042,1993.0714698089796,22877.56776239593
free,q3,2025-11-16,50741.25574418575,50777.791954284054,36.536210098309496,50759.5238492349
free,q3,2025-11-17,51049.93589506894,51218.17984951076,168.24395444181857,51134.05787228985
free,q3,2025-11-18,50846.812661219505,51169.26338643143,322.4507252119139,51008.03802382547
free,q3,2025-11-19,53102.410202354935,53733.66100594557,631.2508035906369,53418.03560415025
free,q3,2025-11-20,51037.48055203626,51329.37451415889,291.89396212263466,51183.42753309757
free,q3,2025-11-21,19610.165472596,19612.235110966394,2.0696383703914307,19611.200291781195
free,q3,2025-11-22,21599.334103336107,23474.017698185566,1874.6835948494584,22536.675900760838
free,q3,2025-11-23,52263.63776269968,53234.53014340621,970.89238070654,52749.08395305295
free,q3,2025-11-24,50481.962813469494,51048.90423355359,566.9414200840881,50765.43352351154
free,q3,2025-11-25,55338.21800092593,60602.29886572777,5264.080864801835,57970.25843332685
free,q3,2025-11-26,54297.64392434983,56218.480494576244,1920.8365702264095,55258.06220946304
free,q3,2025-11-27,51871.976212452064,52902.078878026616,1030.102665574552,52387.02754523935
free,q3,2025-11-28,20431.922325427622,21213.96070385924,782.0383784316186,20822.94151464343
free,q3,2025-11-29,23521.25967089853,26276.41669214178,2755.15702124325,24898.838181520154
free,q3,2025-11-30,54795.71188906532,55276.235702770675,480.5238137053441,55035.973795918006
free,q3,2025-12-01,69666.69308072902,70452.5751655593,785.882084830286,70059.63412314416
free,q3,2025-12-02,70776.47577403668,72599.9775837519,1823.5018097152188,71688.22667889428
free,q3,2025-12-03,65497.370012149964,65497.370012149964,0.0,65497.370012149964
free,q3,2025-12-04,69304.11329142388,71263.58629650428,1959.473005080406,70283.84979396407
free,q3,2025-12-05,28069.162973255847,28369.99999828622,300.83702503037216,28219.581485771032
free,q3,2025-12-06,27013.20640984093,27015.658739956787,2.452330115857677,27014.43257489886
free,q3,2025-12-07,67777.91754224958,69107.51099629569,1329.5934540460967,68442.71426927263
free,q3,2025-12-08,64974.544539955736,66909.7304749706,1935.1859350148475,65942.13750746317
free,q3,2025-12-09,64056.429097192784,66986.71957411009,2930.2904769173047,65521.57433565143
free,q3,2025-12-10,60820.60672568093,61060.743402246066,240.1366765651369,60940.67506396351
free,q3,2025-12-11,62106.47450472377,65528.42905135565,3421.9545466318787,63817.45177803971
free,q3,2025-12-12,28419.95865464156,29350.91433092461,930.9556762830512,28885.436492783083
free,q3,2025-12-13,27734.568764387193,29383.012433127507,1648.443668740313,28558.790598757354
free,q3,2025-12-14,62960.91175417993,63074.189335896386,113.27758171646153,63017.55054503816
free,q3,2025-12-15,61501.70012205346,61593.3035778421,91.60345578864542,61547.50184994779
free,q3,2025-12-16,63920.25619358318,66928.66480531952,3008.408611736348,65424.46049945136
free,q3,2025-12-17,63444.45858231961,67344.67499210904,3900.216409789419,65394.566787214324
free,q3,2025-12-18,61754.25392633972,63078.618485349056,1324.3645590093479,62416.436205844395
free,q3,2025-12-19,25804.975073185822,27216.15399350861,1411.1789203227922,26510.564533347217
free,q3,2025-12-20,26708.942968335272,29069.656612248196,2360.7136439129226,27889.299790291734
free,q3,2025-12-21,63656.05184387216,64988.318363681945,1332.266519809789,64322.185103777054
free,q3,2025-12-22,62273.43144814449,62648.63390351589,375.20245537141045,62461.03267583018
free,q3,2025-12-23,62234.02094661975,65069.5000885622,2835.4791419424473,63651.76051759097
free,q3,2025-12-24,60894.34055756488,61697.32837249161,802.9878149267234,61295.83446502825
free,q3,2025-12-25,61220.281673573874,61773.47563907695,553.1939655030656,61496.87865632541
free,q3,2025-12-26,27232.661303732617,28024.678224613344,792.0169208807246,27628.66976417298
free,q3,2025-12-27,26833.592357254507,27847.130718173423,1013.5383609189207,27340.361537713965
free,q3,2025-12-28,60063.46665686034,61595.032074213945,1531.565417353595,60829.24936553715
free,q3,2025-12-29,61146.19076345912,62130.883114726996,984.6923512678748,61638.53693909306
free,q3,2025-12-30,61472.35950299172,64330.612146800784,2858.252643809064,62901.48582489625
free,q3,2025-12-31,60065.48976944952,61457.41593881397,1391.926169364457,60761.45285413174
free,q4_2,2025-02-01,20727.984810575872,20727.984810575872,0.0,20727.984810575872
free,q4_2,2025-02-02,62825.4041354161,62825.4041354161,0.0,62825.4041354161
free,q4_2,2025-02-03,62677.14913023214,62677.14913023214,0.0,62677.14913023214
free,q4_2,2025-02-04,62538.90396717376,62538.90396717376,0.0,62538.90396717376
free,q4_2,2025-02-05,62759.96557713092,62759.96557713092,0.0,62759.96557713092
free,q4_2,2025-02-06,62871.90255291005,62871.90255291005,0.0,62871.90255291005
free,q4_2,2025-02-07,19416.85873724556,19416.85873724556,0.0,19416.85873724556
free,q4_2,2025-02-08,17673.354657762466,17673.354657762466,0.0,17673.354657762466
free,q4_2,2025-02-09,59926.2692774347,59926.2692774347,0.0,59926.2692774347
free,q4_2,2025-02-10,59706.89007897841,59706.89007897841,0.0,59706.89007897841
free,q4_2,2025-02-11,57897.17522010132,57897.17522010132,0.0,57897.17522010132
free,q4_2,2025-02-12,58414.88515756516,58414.88515756516,0.0,58414.88515756516
free,q4_2,2025-02-13,53584.54302754221,53584.54302754221,0.0,53584.54302754221
free,q4_2,2025-02-14,16430.902944534217,16430.902944534217,0.0,16430.902944534217
free,q4_2,2025-02-15,17930.309222265205,17930.309222265205,0.0,17930.309222265205
free,q4_2,2025-02-16,53576.002029651725,53576.002029651725,0.0,53576.002029651725
free,q4_2,2025-02-17,54360.184598340886,54360.184598340886,0.0,54360.184598340886
free,q4_2,2025-02-18,51335.70238392519,51335.70238392519,0.0,51335.70238392519
free,q4_2,2025-02-19,53550.20914272802,53550.20914272802,0.0,53550.20914272802
free,q4_2,2025-02-20,51864.32501604645,51864.32501604645,0.0,51864.32501604645
free,q4_2,2025-02-21,16274.139477527697,16274.139477527697,0.0,16274.139477527697
free,q4_2,2025-02-22,16907.48224832483,16907.48224832483,0.0,16907.48224832483
free,q4_2,2025-02-23,49117.42526521848,49117.42526521848,0.0,49117.42526521848
free,q4_2,2025-02-24,51253.31832455574,51253.31832455574,0.0,51253.31832455574
free,q4_2,2025-02-25,50727.12604667646,50727.12604667646,0.0,50727.12604667646
free,q4_2,2025-02-26,50275.69088489954,50275.69088489954,0.0,50275.69088489954
free,q4_2,2025-02-27,45379.0591869842,45379.0591869842,0.0,45379.0591869842
free,q4_2,2025-02-28,14587.58158958839,14587.58158958839,0.0,14587.58158958839
free,q4_2,2025-03-01,16404.71183997424,16404.71183997424,0.0,16404.71183997424
free,q4_2,2025-03-02,64371.07133751121,64371.07133751121,0.0,64371.07133751121
free,q4_2,2025-03-03,60947.95984500396,60947.95984500396,0.0,60947.95984500396
free,q4_2,2025-03-04,48979.12452263868,48979.12452263868,0.0,48979.12452263868
free,q4_2,2025-03-05,51719.83585277895,51719.83585277895,0.0,51719.83585277895
free,q4_2,2025-03-06,46524.86679893911,46524.86679893911,0.0,46524.86679893911
free,q4_2,2025-03-07,15254.089971920705,15254.089971920705,0.0,15254.089971920705
free,q4_2,2025-03-08,14818.8609400925,14818.8609400925,0.0,14818.8609400925
free,q4_2,2025-03-09,45137.20332422309,45137.20332422309,0.0,45137.20332422309
free,q4_2,2025-03-10,49323.743714512566,49323.743714512566,0.0,49323.743714512566
free,q4_2,2025-03-11,44724.4159528562,44724.4159528562,0.0,44724.4159528562
free,q4_2,2025-03-12,45796.158153921766,45796.158153921766,0.0,45796.158153921766
free,q4_2,2025-03-13,50421.760266347126,50421.760266347126,0.0,50421.760266347126
free,q4_2,2025-03-14,13723.586688866118,13723.586688866118,0.0,13723.586688866118
free,q4_2,2025-03-15,14934.202445886865,14934.202445886865,0.0,14934.202445886865
free,q4_2,2025-03-16,42588.64174696749,42588.64174696749,0.0,42588.64174696749
free,q4_2,2025-03-17,42148.77138738883,42148.77138738883,0.0,42148.77138738883
free,q4_2,2025-03-18,43998.6378634499,43998.6378634499,0.0,43998.6378634499
free,q4_2,2025-03-19,41488.80603298445,41488.80603298445,0.0,41488.80603298445
free,q4_2,2025-03-20,42399.63278681639,42399.63278681639,0.0,42399.63278681639
free,q4_2,2025-03-21,13684.970353149341,13684.970353149341,0.0,13684.970353149341
free,q4_2,2025-03-22,14759.9738070387,14759.9738070387,0.0,14759.9738070387
free,q4_2,2025-03-23,38969.94275606956,38969.94275606956,0.0,38969.94275606956
free,q4_2,2025-03-24,40926.249267422674,40926.249267422674,0.0,40926.249267422674
free,q4_2,2025-03-25,40436.11891078478,40436.11891078478,0.0,40436.11891078478
free,q4_2,2025-03-26,40096.94221443214,40096.94221443214,0.0,40096.94221443214
free,q4_2,2025-03-27,39601.65095004635,39601.65095004635,0.0,39601.65095004635
free,q4_2,2025-03-28,13310.139412517816,13310.139412517816,0.0,13310.139412517816
free,q4_2,2025-03-29,13277.04258013861,13277.04258013861,0.0,13277.04258013861
free,q4_2,2025-03-30,36196.22290591272,36196.22290591272,0.0,36196.22290591272
free,q4_2,2025-03-31,38737.19265623533,38737.19265623533,0.0,38737.19265623533
free,q4_2,2025-04-01,43143.12405537641,43143.12405537641,0.0,43143.12405537641
free,q4_2,2025-04-02,47946.01570833953,47946.01570833953,0.0,47946.01570833953
free,q4_2,2025-04-03,37568.46563555884,37568.46563555884,0.0,37568.46563555884
free,q4_2,2025-04-04,12262.413595549977,12262.413595549977,0.0,12262.413595549977
free,q4_2,2025-04-05,14075.718311165441,14075.718311165441,0.0,14075.718311165441
free,q4_2,2025-04-06,35993.48118437632,35993.48118437632,0.0,35993.48118437632
free,q4_2,2025-04-07,37610.344764952315,37610.344764952315,0.0,37610.344764952315
free,q4_2,2025-04-08,39565.77210396489,39565.77210396489,0.0,39565.77210396489
free,q4_2,2025-04-09,41049.56807555542,41049.56807555542,0.0,41049.56807555542
free,q4_2,2025-04-10,34090.22513815774,34090.22513815774,0.0,34090.22513815774
free,q4_2,2025-04-11,11889.205483446643,11889.205483446643,0.0,11889.205483446643
free,q4_2,2025-04-12,13276.510511771117,13276.510511771117,0.0,13276.510511771117
free,q4_2,2025-04-13,35378.98395782857,35378.98395782857,0.0,35378.98395782857
free,q4_2,2025-04-14,35177.7539410462,35177.7539410462,0.0,35177.7539410462
free,q4_2,2025-04-15,36600.24020968994,36600.24020968994,0.0,36600.24020968994
free,q4_2,2025-04-16,37146.23257692574,37146.23257692574,0.0,37146.23257692574
free,q4_2,2025-04-17,35208.01314943873,35208.01314943873,0.0,35208.01314943873
free,q4_2,2025-04-18,11464.194371765585,11464.194371765585,0.0,11464.194371765585
free,q4_2,2025-04-19,12896.303691037214,12896.303691037214,0.0,12896.303691037214
free,q4_2,2025-04-20,34269.8180020365,34269.8180020365,0.0,34269.8180020365
free,q4_2,2025-04-21,35276.97960960355,35276.97960960355,0.0,35276.97960960355
free,q4_2,2025-04-22,36531.720976219076,36531.720976219076,0.0,36531.720976219076
free,q4_2,2025-04-23,35203.34529611663,35203.34529611663,0.0,35203.34529611663
free,q4_2,2025-04-24,32340.886433455304,32340.886433455304,0.0,32340.886433455304
free,q4_2,2025-04-25,11816.421587098728,11816.421587098728,0.0,11816.421587098728
free,q4_2,2025-04-26,14010.76449579192,14010.76449579192,0.0,14010.76449579192
free,q4_2,2025-04-27,34628.806011644236,34628.806011644236,0.0,34628.806011644236
free,q4_2,2025-04-28,52131.794550153376,52131.794550153376,0.0,52131.794550153376
free,q4_2,2025-04-29,33225.33206182673,33225.33206182673,0.0,33225.33206182673
free,q4_2,2025-04-30,36287.81255690488,36287.81255690488,0.0,36287.81255690488
free,q4_2,2025-05-01,43944.43780679013,43944.43780679013,0.0,43944.43780679013
free,q4_2,2025-05-02,22006.6060335265,22006.6060335265,0.0,22006.6060335265
free,q4_2,2025-05-03,17552.53825130782,17552.53825130782,0.0,17552.53825130782
free,q4_2,2025-05-04,44143.37364652703,44143.37364652703,0.0,44143.37364652703
free,q4_2,2025-05-05,43348.215820559715,43348.215820559715,0.0,43348.215820559715
free,q4_2,2025-05-06,47723.77321970723,47723.77321970723,0.0,47723.77321970723
free,q4_2,2025-05-07,49089.1628750103,49089.1628750103,0.0,49089.1628750103
free,q4_2,2025-05-08,40083.62414657588,40083.62414657588,0.0,40083.62414657588
free,q4_2,2025-05-09,13648.363113923675,13648.363113923675,0.0,13648.363113923675
free,q4_2,2025-05-10,15518.297488654149,15518.297488654149,0.0,15518.297488654149
free,q4_2,2025-05-11,36141.27010704242,36141.27010704242,0.0,36141.27010704242
free,q4_2,2025-05-12,42453.19646821879,42453.19646821879,0.0,42453.19646821879
free,q4_2,2025-05-13,42511.64357030917,42511.64357030917,0.0,42511.64357030917
free,q4_2,2025-05-14,40945.34643641441,40945.34643641441,0.0,40945.34643641441
free,q4_2,2025-05-15,35964.99961870782,35964.99961870782,0.0,35964.99961870782
free,q4_2,2025-05-16,13817.659108422029,13817.659108422029,0.0,13817.659108422029
free,q4_2,2025-05-17,16001.927980136448,16001.927980136448,0.0,16001.927980136448
free,q4_2,2025-05-18,37569.8076642003,37569.8076642003,0.0,37569.8076642003
free,q4_2,2025-05-19,37218.72207292683,37218.72207292683,0.0,37218.72207292683
free,q4_2,2025-05-20,39518.09044547718,39518.09044547718,0.0,39518.09044547718
free,q4_2,2025-05-21,39142.459089397256,39142.459089397256,0.0,39142.459089397256
free,q4_2,2025-05-22,38572.92856349841,38572.92856349841,0.0,38572.92856349841
free,q4_2,2025-05-23,11418.758696232522,11418.758696232522,0.0,11418.758696232522
free,q4_2,2025-05-24,14995.385349102777,14995.385349102777,0.0,14995.385349102777
free,q4_2,2025-05-25,33825.63551056972,33825.63551056972,0.0,33825.63551056972
free,q4_2,2025-05-26,41928.89526827242,41928.89526827242,0.0,41928.89526827242
free,q4_2,2025-05-27,39603.59255758695,39603.59255758695,0.0,39603.59255758695
free,q4_2,2025-05-28,36932.67307101846,36932.67307101846,0.0,36932.67307101846
free,q4_2,2025-05-29,35807.84197320478,35807.84197320478,0.0,35807.84197320478
free,q4_2,2025-05-30,14117.086908688463,14117.086908688463,0.0,14117.086908688463
free,q4_2,2025-05-31,14948.676928556662,14948.676928556662,0.0,14948.676928556662
free,q4_2,2025-06-01,90644.75832345558,90644.75832345558,0.0,90644.75832345558
free,q4_2,2025-06-02,86436.32943350567,86436.32943350567,0.0,86436.32943350567
free,q4_2,2025-06-03,60788.096035844865,60788.096035844865,0.0,60788.096035844865
free,q4_2,2025-06-04,61044.125741944226,61044.125741944226,0.0,61044.125741944226
free,q4_2,2025-06-05,67121.25115579247,67121.25115579247,0.0,67121.25115579247
free,q4_2,2025-06-06,37669.90426998268,37669.90426998268,0.0,37669.90426998268
free,q4_2,2025-06-07,34496.16742961979,34496.16742961979,0.0,34496.16742961979
free,q4_2,2025-06-08,60878.42539905287,60878.42539905287,0.0,60878.42539905287
free,q4_2,2025-06-09,62535.71871901762,62535.71871901762,0.0,62535.71871901762
free,q4_2,2025-06-10,55184.434379830476,55184.434379830476,0.0,55184.434379830476
free,q4_2,2025-06-11,58207.70979300157,58207.70979300157,0.0,58207.70979300157
free,q4_2,2025-06-12,63408.53709674213,63408.53709674213,0.0,63408.53709674213
free,q4_2,2025-06-13,24332.142878720668,24332.142878720668,0.0,24332.142878720668
free,q4_2,2025-06-14,24976.395308311152,24976.395308311152,0.0,24976.395308311152
free,q4_2,2025-06-15,54486.96964570194,54486.96964570194,0.0,54486.96964570194
free,q4_2,2025-06-16,63470.640220890724,63470.640220890724,0.0,63470.640220890724
free,q4_2,2025-06-17,66047.53917532043,66047.53917532043,0.0,66047.53917532043
free,q4_2,2025-06-18,63970.3705745482,63970.3705745482,0.0,63970.3705745482
free,q4_2,2025-06-19,55384.84436983388,55384.84436983388,0.0,55384.84436983388
free,q4_2,2025-06-20,19297.48792219282,19297.48792219282,0.0,19297.48792219282
free,q4_2,2025-06-21,25513.513030171813,25513.513030171813,0.0,25513.513030171813
free,q4_2,2025-06-22,58961.50030599327,58961.50030599327,0.0,58961.50030599327
free,q4_2,2025-06-23,54145.00876944618,54145.00876944618,0.0,54145.00876944618
free,q4_2,2025-06-24,59450.983417729505,59450.983417729505,0.0,59450.983417729505
free,q4_2,2025-06-25,52686.67564844787,52686.67564844787,0.0,52686.67564844787
free,q4_2,2025-06-26,62088.98184916648,62088.98184916648,0.0,62088.98184916648
free,q4_2,2025-06-27,19934.239036650735,19934.239036650735,0.0,19934.239036650735
free,q4_2,2025-06-28,19631.137667982526,19631.137667982526,0.0,19631.137667982526
free,q4_2,2025-06-29,50741.75681787761,50741.75681787761,0.0,50741.75681787761
free,q4_2,2025-06-30,59147.26347548469,59147.26347548469,0.0,59147.26347548469
free,q4_2,2025-07-01,69905.48593182079,69905.48593182079,0.0,69905.48593182079
free,q4_2,2025-07-02,66742.34755231661,66742.34755231661,0.0,66742.34755231661
free,q4_2,2025-07-03,82863.10896780695,82863.10896780695,0.0,82863.10896780695
free,q4_2,2025-07-04,34422.089073313924,34422.089073313924,0.0,34422.089073313924
free,q4_2,2025-07-05,35875.4836225177,35875.4836225177,0.0,35875.4836225177
free,q4_2,2025-07-06,82643.4853146255,82643.4853146255,0.0,82643.4853146255
free,q4_2,2025-07-07,83782.64773901306,83782.64773901306,0.0,83782.64773901306
free,q4_2,2025-07-08,69319.65999714691,69319.65999714691,0.0,69319.65999714691
free,q4_2,2025-07-09,66264.91618027518,66264.91618027518,0.0,66264.91618027518
free,q4_2,2025-07-10,64802.56949980649,64802.56949980649,0.0,64802.56949980649
free,q4_2,2025-07-11,27828.451593375266,27828.451593375266,0.0,27828.451593375266
free,q4_2,2025-07-12,31914.857608480674,31914.857608480674,0.0,31914.857608480674
free,q4_2,2025-07-13,64246.28231755417,64246.28231755417,0.0,64246.28231755417
free,q4_2,2025-07-14,67554.882550112,67554.882550112,0.0,67554.882550112
free,q4_2,2025-07-15,60764.319379247776,60764.319379247776,0.0,60764.319379247776
free,q4_2,2025-07-16,66455.25834999028,66455.25834999028,0.0,66455.25834999028
free,q4_2,2025-07-17,64540.716658947356,64540.716658947356,0.0,64540.716658947356
free,q4_2,2025-07-18,28254.69046529318,28254.69046529318,0.0,28254.69046529318
free,q4_2,2025-07-19,26202.98671028274,26202.98671028274,0.0,26202.98671028274
free,q4_2,2025-07-20,59948.679545487124,59948.679545487124,0.0,59948.679545487124
free,q4_2,2025-07-21,66682.93050425813,66682.93050425813,0.0,66682.93050425813
free,q4_2,2025-07-22,65293.52930249311,65293.52930249311,0.0,65293.52930249311
free,q4_2,2025-07-23,61583.425538596595,61583.425538596595,0.0,61583.425538596595
free,q4_2,2025-07-24,61538.837784968346,61538.837784968346,0.0,61538.837784968346
free,q4_2,2025-07-25,24935.76374323436,24935.76374323436,0.0,24935.76374323436
free,q4_2,2025-07-26,31776.329833526535,31776.329833526535,0.0,31776.329833526535
free,q4_2,2025-07-27,61216.76852916366,61216.76852916366,0.0,61216.76852916366
free,q4_2,2025-07-28,61605.91427465137,61605.91427465137,0.0,61605.91427465137
free,q4_2,2025-07-29,62621.55683900288,62621.55683900288,0.0,62621.55683900288
free,q4_2,2025-07-30,69280.58261348725,69280.58261348725,0.0,69280.58261348725
free,q4_2,2025-07-31,66066.45736873543,66066.45736873543,0.0,66066.45736873543
free,q4_2,2025-08-01,27636.797870216156,27636.797870216156,0.0,27636.797870216156
free,q4_2,2025-08-02,26256.707723955195,26256.707723955195,0.0,26256.707723955195
free,q4_2,2025-08-03,56044.17654016907,56044.17654016907,0.0,56044.17654016907
free,q4_2,2025-08-04,59972.32980622325,59972.32980622325,0.0,59972.32980622325
free,q4_2,2025-08-05,57931.61662225037,57931.61662225037,0.0,57931.61662225037
free,q4_2,2025-08-06,55955.10416057891,55955.10416057891,0.0,55955.10416057891
free,q4_2,2025-08-07,54658.33508876754,54658.33508876754,0.0,54658.33508876754
free,q4_2,2025-08-08,23720.447612002536,23720.447612002536,0.0,23720.447612002536
free,q4_2,2025-08-09,24650.55558850777,24650.55558850777,0.0,24650.55558850777
free,q4_2,2025-08-10,51735.668764693866,51735.668764693866,0.0,51735.668764693866
free,q4_2,2025-08-11,52554.57844324636,52554.57844324636,0.0,52554.57844324636
free,q4_2,2025-08-12,56658.55086313948,56658.55086313948,0.0,56658.55086313948
free,q4_2,2025-08-13,54515.54599557331,54515.54599557331,0.0,54515.54599557331
free,q4_2,2025-08-14,52567.413745563754,52567.413745563754,0.0,52567.413745563754
free,q4_2,2025-08-15,22368.713873707537,22368.713873707537,0.0,22368.713873707537
free,q4_2,2025-08-16,24893.092896355287,24893.092896355287,0.0,24893.092896355287
free,q4_2,2025-08-17,51428.57552691443,51428.57552691443,0.0,51428.57552691443
free,q4_2,2025-08-18,53450.94733419399,53450.94733419399,0.0,53450.94733419399
free,q4_2,2025-08-19,53853.90649769014,53853.90649769014,0.0,53853.90649769014
free,q4_2,2025-08-20,63732.41703148786,63732.41703148786,0.0,63732.41703148786
free,q4_2,2025-08-21,53104.52780427602,53104.52780427602,0.0,53104.52780427602
free,q4_2,2025-08-22,25240.084640200104,25240.084640200104,0.0,25240.084640200104
free,q4_2,2025-08-23,25589.24218776716,25589.24218776716,0.0,25589.24218776716
free,q4_2,2025-08-24,52511.94893445066,52511.94893445066,0.0,52511.94893445066
free,q4_2,2025-08-25,56757.536999078984,56757.536999078984,0.0,56757.536999078984
free,q4_2,2025-08-26,53569.76309304748,53569.76309304748,0.0,53569.76309304748
free,q4_2,2025-08-27,56410.90262183646,56410.90262183646,0.0,56410.90262183646
free,q4_2,2025-08-28,60053.50225406667,60053.50225406667,0.0,60053.50225406667
free,q4_2,2025-08-29,25074.799787385164,25074.799787385164,0.0,25074.799787385164
free,q4_2,2025-08-30,26243.555319539264,26243.555319539264,0.0,26243.555319539264
free,q4_2,2025-08-31,52693.269410578345,52693.269410578345,0.0,52693.269410578345
free,q4_2,2025-09-01,49888.87197809921,49888.87197809921,0.0,49888.87197809921
free,q4_2,2025-09-02,47662.23125199825,47662.23125199825,0.0,47662.23125199825
free,q4_2,2025-09-03,48689.37622618733,48689.37622618733,0.0,48689.37622618733
free,q4_2,2025-09-04,49870.71590539247,49870.71590539247,0.0,49870.71590539247
free,q4_2,2025-09-05,19144.420699693514,19144.420699693514,0.0,19144.420699693514
free,q4_2,2025-09-06,21587.992744522642,21587.992744522642,0.0,21587.992744522642
free,q4_2,2025-09-07,45403.54867897085,45403.54867897085,0.0,45403.54867897085
free,q4_2,2025-09-08,46273.210883824955,46273.210883824955,0.0,46273.210883824955
free,q4_2,2025-09-09,42977.74399079129,42977.74399079129,0.0,42977.74399079129
free,q4_2,2025-09-10,49672.39301137474,49672.39301137474,0.0,49672.39301137474
free,q4_2,2025-09-11,40491.897103480456,40491.897103480456,0.0,40491.897103480456
free,q4_2,2025-09-12,15978.037276605875,15978.037276605875,0.0,15978.037276605875
free,q4_2,2025-09-13,17213.429198364614,17213.429198364614,0.0,17213.429198364614
free,q4_2,2025-09-14,39986.854887756694,39986.854887756694,0.0,39986.854887756694
free,q4_2,2025-09-15,42504.58234442555,42504.58234442555,0.0,42504.58234442555
free,q4_2,2025-09-16,42643.822568196316,42643.822568196316,0.0,42643.822568196316
free,q4_2,2025-09-17,45450.501348211954,45450.501348211954,0.0,45450.501348211954
free,q4_2,2025-09-18,40793.681504363245,40793.681504363245,0.0,40793.681504363245
free,q4_2,2025-09-19,15769.775266810142,15769.775266810142,0.0,15769.775266810142
free,q4_2,2025-09-20,18495.039904561345,18495.039904561345,0.0,18495.039904561345
free,q4_2,2025-09-21,44358.60861518768,44358.60861518768,0.0,44358.60861518768
free,q4_2,2025-09-22,43403.95667207841,43403.95667207841,0.0,43403.95667207841
free,q4_2,2025-09-23,46115.59605392079,46115.59605392079,0.0,46115.59605392079
free,q4_2,2025-09-24,44632.97293457663,44632.97293457663,0.0,44632.97293457663
free,q4_2,2025-09-25,45464.20275594319,45464.20275594319,0.0,45464.20275594319
free,q4_2,2025-09-26,15893.292892996178,15893.292892996178,0.0,15893.292892996178
free,q4_2,2025-09-27,23998.16824307895,23998.16824307895,0.0,23998.16824307895
free,q4_2,2025-09-28,44189.92886008517,44189.92886008517,0.0,44189.92886008517
free,q4_2,2025-09-29,45716.25341784823,45716.25341784823,0.0,45716.25341784823
free,q4_2,2025-09-30,48846.10414136603,48846.10414136603,0.0,48846.10414136603
free,q4_2,2025-10-01,44810.35948508392,44810.35948508392,0.0,44810.35948508392
free,q4_2,2025-10-02,41446.54308658029,41446.54308658029,0.0,41446.54308658029
free,q4_2,2025-10-03,14302.980450210329,14302.980450210329,0.0,14302.980450210329
free,q4_2,2025-10-04,16381.765015311774,16381.765015311774,0.0,16381.765015311774
free,q4_2,2025-10-05,41249.78297834926,41249.78297834926,0.0,41249.78297834926
free,q4_2,2025-10-06,41945.43270032281,41945.43270032281,0.0,41945.43270032281
free,q4_2,2025-10-07,44646.002753124325,44646.002753124325,0.0,44646.002753124325
free,q4_2,2025-10-08,41663.05440784562,41663.05440784562,0.0,41663.05440784562
free,q4_2,2025-10-09,38796.88000436021,38796.88000436021,0.0,38796.88000436021
free,q4_2,2025-10-10,14217.018903644734,14217.018903644734,0.0,14217.018903644734
free,q4_2,2025-10-11,15428.385205508548,15428.385205508548,0.0,15428.385205508548
free,q4_2,2025-10-12,39536.46927786141,39536.46927786141,0.0,39536.46927786141
free,q4_2,2025-10-13,41328.977785860596,41328.977785860596,0.0,41328.977785860596
free,q4_2,2025-10-14,42103.9640529271,42103.9640529271,0.0,42103.9640529271
free,q4_2,2025-10-15,42195.239501450575,42195.239501450575,0.0,42195.239501450575
free,q4_2,2025-10-16,46753.72806920347,46753.72806920347,0.0,46753.72806920347
free,q4_2,2025-10-17,15831.546006161821,15831.546006161821,0.0,15831.546006161821
free,q4_2,2025-10-18,14437.457114688488,14437.457114688488,0.0,14437.457114688488
free,q4_2,2025-10-19,47386.019244745155,47386.019244745155,0.0,47386.019244745155
free,q4_2,2025-10-20,48490.05894361277,48490.05894361277,0.0,48490.05894361277
free,q4_2,2025-10-21,46836.757014970804,46836.757014970804,0.0,46836.757014970804
free,q4_2,2025-10-22,49256.04040908592,49256.04040908592,0.0,49256.04040908592
free,q4_2,2025-10-23,43924.46140337288,43924.46140337288,0.0,43924.46140337288
free,q4_2,2025-10-24,14386.201345217425,14386.201345217425,0.0,14386.201345217425
free,q4_2,2025-10-25,17113.185028861997,17113.185028861997,0.0,17113.185028861997
free,q4_2,2025-10-26,46958.6987131286,46958.6987131286,0.0,46958.6987131286
free,q4_2,2025-10-27,47386.84235927723,47386.84235927723,0.0,47386.84235927723
free,q4_2,2025-10-28,46956.567233492926,46956.567233492926,0.0,46956.567233492926
free,q4_2,2025-10-29,51201.5280207965,51201.5280207965,0.0,51201.5280207965
free,q4_2,2025-10-30,45998.649895311624,45998.649895311624,0.0,45998.649895311624
free,q4_2,2025-10-31,17143.23315143117,17143.23315143117,0.0,17143.23315143117
free,q4_2,2025-11-01,14819.98670616523,14819.98670616523,0.0,14819.98670616523
free,q4_2,2025-11-02,47741.045630600536,47741.045630600536,0.0,47741.045630600536
free,q4_2,2025-11-03,50934.44794143227,50934.44794143227,0.0,50934.44794143227
free,q4_2,2025-11-04,49899.76206219568,49899.76206219568,0.0,49899.76206219568
free,q4_2,2025-11-05,54202.723972072956,54202.723972072956,0.0,54202.723972072956
free,q4_2,2025-11-06,53751.59890561725,53751.59890561725,0.0,53751.59890561725
free,q4_2,2025-11-07,16504.730034687153,16504.730034687153,0.0,16504.730034687153
free,q4_2,2025-11-08,17328.273848876313,17328.273848876313,0.0,17328.273848876313
free,q4_2,2025-11-09,51940.358039787556,51940.358039787556,0.0,51940.358039787556
free,q4_2,2025-11-10,53865.06891482704,53865.06891482704,0.0,53865.06891482704
free,q4_2,2025-11-11,52594.04424289576,52594.04424289576,0.0,52594.04424289576
free,q4_2,2025-11-12,53884.94383184222,53884.94383184222,0.0,53884.94383184222
free,q4_2,2025-11-13,54563.78602710363,54563.78602710363,0.0,54563.78602710363
free,q4_2,2025-11-14,16591.196725470338,16591.196725470338,0.0,16591.196725470338
free,q4_2,2025-11-15,16551.00663394011,16551.00663394011,0.0,16551.00663394011
free,q4_2,2025-11-16,53967.85361905248,53967.85361905248,0.0,53967.85361905248
free,q4_2,2025-11-17,57574.06440748379,57574.06440748379,0.0,57574.06440748379
free,q4_2,2025-11-18,56723.71110324412,56723.71110324412,0.0,56723.71110324412
free,q4_2,2025-11-19,56940.18182663318,56940.18182663318,0.0,56940.18182663318
free,q4_2,2025-11-20,53900.85688353615,53900.85688353615,0.0,53900.85688353615
free,q4_2,2025-11-21,18416.09732291828,18416.09732291828,0.0,18416.09732291828
free,q4_2,2025-11-22,17524.022558050092,17524.022558050092,0.0,17524.022558050092
free,q4_2,2025-11-23,56316.89080488576,56316.89080488576,0.0,56316.89080488576
free,q4_2,2025-11-24,55783.51731328829,55783.51731328829,0.0,55783.51731328829
free,q4_2,2025-11-25,58799.68680386443,58799.68680386443,0.0,58799.68680386443
free,q4_2,2025-11-26,57627.76641034176,57627.76641034176,0.0,57627.76641034176
free,q4_2,2025-11-27,57801.553225859614,57801.553225859614,0.0,57801.553225859614
free,q4_2,2025-11-28,16744.616238895924,16744.616238895924,0.0,16744.616238895924
free,q4_2,2025-11-29,18802.54032889877,18802.54032889877,0.0,18802.54032889877
free,q4_2,2025-11-30,59362.25309362444,59362.25309362444,0.0,59362.25309362444
free,q4_2,2025-12-01,90320.96295120561,90320.96295120561,0.0,90320.96295120561
free,q4_2,2025-12-02,103545.22191647606,103545.22191647606,0.0,103545.22191647606
free,q4_2,2025-12-03,86073.57059400174,86073.57059400174,0.0,86073.57059400174
free,q4_2,2025-12-04,82619.54433426888,82619.54433426888,0.0,82619.54433426888
free,q4_2,2025-12-05,27261.39548816515,27261.39548816515,0.0,27261.39548816515
free,q4_2,2025-12-06,30141.147147259006,30141.147147259006,0.0,30141.147147259006
free,q4_2,2025-12-07,81071.06274707343,81071.06274707343,0.0,81071.06274707343
free,q4_2,2025-12-08,75882.77373124941,75882.77373124941,0.0,75882.77373124941
free,q4_2,2025-12-09,75290.52562426926,75290.52562426926,0.0,75290.52562426926
free,q4_2,2025-12-10,74945.68105421362,74945.68105421362,0.0,74945.68105421362
free,q4_2,2025-12-11,70711.27850895816,70711.27850895816,0.0,70711.27850895816
free,q4_2,2025-12-12,27971.359492915923,27971.359492915923,0.0,27971.359492915923
free,q4_2,2025-12-13,27887.478360797606,27887.478360797606,0.0,27887.478360797606
free,q4_2,2025-12-14,76110.30654868152,76110.30654868152,0.0,76110.30654868152
free,q4_2,2025-12-15,75211.80967828703,75211.80967828703,0.0,75211.80967828703
free,q4_2,2025-12-16,77578.84467936869,77578.84467936869,0.0,77578.84467936869
free,q4_2,2025-12-17,77051.71415869182,77051.71415869182,0.0,77051.71415869182
free,q4_2,2025-12-18,73502.94323284214,73502.94323284214,0.0,73502.94323284214
free,q4_2,2025-12-19,26759.863040724376,26759.863040724376,0.0,26759.863040724376
free,q4_2,2025-12-20,24929.076779714866,24929.076779714866,0.0,24929.076779714866
free,q4_2,2025-12-21,75920.52298477499,75920.52298477499,0.0,75920.52298477499
free,q4_2,2025-12-22,76759.04636172518,76759.04636172518,0.0,76759.04636172518
free,q4_2,2025-12-23,74814.6945389533,74814.6945389533,0.0,74814.6945389533
free,q4_2,2025-12-24,73633.74413899796,73633.74413899796,0.0,73633.74413899796
free,q4_2,2025-12-25,71212.6088320182,71212.6088320182,0.0,71212.6088320182
free,q4_2,2025-12-26,28504.267427321527,28504.267427321527,0.0,28504.267427321527
free,q4_2,2025-12-27,26779.61964931606,26779.61964931606,0.0,26779.61964931606
free,q4_2,2025-12-28,72851.97924053171,72851.97924053171,0.0,72851.97924053171
free,q4_2,2025-12-29,73870.37131629206,73870.37131629206,0.0,73870.37131629206
free,q4_2,2025-12-30,74822.90995634766,74822.90995634766,0.0,74822.90995634766
free,q4_2,2025-12-31,73094.40332895264,73094.40332895264,0.0,73094.40332895264
free,q4_3,2025-02-01,20866.872237886364,23967.58746022917,3100.715222342803,22417.229849057767
free,q4_3,2025-02-02,61846.66983119196,67463.61912213653,5616.949290944571,64655.144476664245
free,q4_3,2025-02-03,63986.34640511639,69856.04464350152,5869.698238385136,66921.19552430895
free,q4_3,2025-02-04,66916.82205923522,73498.6612199954,6581.839160760176,70207.7416396153
free,q4_3,2025-02-05,63600.26571882317,66160.17561380868,2559.9098949854915,64880.22066631592
free,q4_3,2025-02-06,63439.320372771836,70538.83559727603,7099.515224504206,66989.07798502393
free,q4_3,2025-02-07,20235.873857918086,22536.16679586208,2300.292937943992,21386.02032689008
free,q4_3,2025-02-08,17260.755423793293,17260.755423793293,0.0,17260.755423793293
free,q4_3,2025-02-09,60147.39353480625,62113.27062690424,1965.8770920979887,61130.332080855245
free,q4_3,2025-02-10,57252.61632607424,61754.73885917512,4502.122533100886,59503.67759262468
free,q4_3,2025-02-11,58400.37130320928,62066.30760892491,3665.9363057156356,60233.339456067086
free,q4_3,2025-02-12,57216.06891453073,59988.364827248995,2772.2959127182594,58602.21687088987
free,q4_3,2025-02-13,51498.76316845731,55164.72395592854,3665.960787471232,53331.74356219293
free,q4_3,2025-02-14,17281.51043444963,17738.918937354545,457.4085029049187,17510.214685902087
free,q4_3,2025-02-15,18305.365810662566,19227.3382564856,921.9724458230332,18766.352033574083
free,q4_3,2025-02-16,56231.33595069761,61605.01294517102,5373.6769944734,58918.17444793432
free,q4_3,2025-02-17,54527.2837250577,61220.79694715056,6693.513222092863,57874.040336104124
free,q4_3,2025-02-18,51533.04353334301,51553.58019281358,20.536659470575273,51543.31186307829
free,q4_3,2025-02-19,53942.21743660295,54287.74522822739,345.5277916244419,54114.98133241517
free,q4_3,2025-02-20,51699.30561827199,54513.03402982797,2813.728411555984,53106.16982404998
free,q4_3,2025-02-21,16495.188374907695,16693.093426133873,197.90505122617958,16594.140900520782
free,q4_3,2025-02-22,17011.59992835242,17147.130233827498,135.53030547507308,17079.36508108996
free,q4_3,2025-02-23,50850.37126766583,53788.03558732402,2937.664319658198,52319.20342749493
free,q4_3,2025-02-24,50047.549239443906,51085.132975426764,1037.583735982865,50566.341107435335
free,q4_3,2025-02-25,50762.65113324103,56592.07355699202,5829.422423751,53677.36234511653
free,q4_3,2025-02-26,49795.926418028495,49992.146042980225,196.2196249517263,49894.03623050435
free,q4_3,2025-02-27,45612.74654146221,45617.13231094244,4.385769480228532,45614.93942620233
free,q4_3,2025-02-28,14621.025693449352,14806.244332275593,185.2186388262411,14713.635012862473
free,q4_3,2025-03-01,17667.876713180496,19176.88354137381,1509.0068281933104,18422.380127277152
free,q4_3,2025-03-02,52455.526421856805,55468.22859992855,3012.7021780717514,53961.87751089268
free,q4_3,2025-03-03,54217.08931259067,56897.52567494463,2680.436362353954,55557.30749376766
free,q4_3,2025-03-04,49708.191237461586,49864.88769200473,156.6964545431455,49786.539464733156
free,q4_3,2025-03-05,52796.34292053344,59529.922093187844,6733.579172654407,56163.13250686064
free,q4_3,2025-03-06,44883.487278356115,46616.55212771254,1733.0648493564217,45750.019703034326
free,q4_3,2025-03-07,15384.386483043007,15950.419939912226,566.0334568692203,15667.403211477616
free,q4_3,2025-03-08,15187.115228578175,15187.115228578177,1.1368683772161603e-13,15187.115228578177
free,q4_3,2025-03-09,44115.41959177108,47602.695310077914,3487.275718306828,45859.057450924505
free,q4_3,2025-03-10,49194.95608621372,49260.942385312985,65.98629909926478,49227.94923576336
free,q4_3,2025-03-11,44441.25876508764,44442.32343118865,1.064666101013927,44441.79109813814
free,q4_3,2025-03-12,46069.48242875435,48122.571690648205,2053.089261893845,47096.02705970128
free,q4_3,2025-03-13,46960.03983334564,48546.41646131997,1586.3766279743227,47753.228147332804
free,q4_3,2025-03-14,14276.304311056007,14277.146449089887,0.8421380338795075,14276.725380072947
free,q4_3,2025-03-15,15163.57216949126,15167.686096289939,4.113926798680268,15165.629132890599
free,q4_3,2025-03-16,44803.64741797367,46003.9367112679,1200.289293294227,45403.79206462079
free,q4_3,2025-03-17,39110.710611313974,40894.031995579586,1783.3213842656066,40002.37130344677
free,q4_3,2025-03-18,46316.841695157476,52038.62332417788,5721.78162902041,49177.73250966768
free,q4_3,2025-03-19,41427.81995623724,41428.423186519976,0.6032302827387639,41428.12157137861
free,q4_3,2025-03-20,42369.443201248374,44043.484756632584,1674.0415553842179,43206.463978940475
free,q4_3,2025-03-21,13605.740798095127,13734.681453092675,128.9406549975501,13670.211125593902
free,q4_3,2025-03-22,15114.928611379122,15121.228807135945,6.3001957568247065,15118.078709257536
free,q4_3,2025-03-23,41012.31878746523,45394.133017380955,4381.814229915734,43203.22590242309
free,q4_3,2025-03-24,41735.31569948888,43621.65772214134,1886.3420226524595,42678.48671081511
free,q4_3,2025-03-25,44131.18892010854,48691.475545087786,4560.286624979239,46411.332232598164
free,q4_3,2025-03-26,39831.567575211026,42890.856622736144,3059.2890475251206,41361.212098973585
free,q4_3,2025-03-27,39275.04956334186,41238.68131901212,1963.6317556702547,40256.86544117699
free,q4_3,2025-03-28,13662.597786951523,13975.98032216419,313.3825352126687,13819.289054557856
free,q4_3,2025-03-29,13626.100243166984,13627.076819137445,0.9765759704595212,13626.588531152214
free,q4_3,2025-03-30,36745.13957017333,41316.36505907915,4571.225488905819,39030.75231462624
free,q4_3,2025-03-31,37643.28559110356,37841.435883178056,198.1502920744988,37742.36073714081
free,q4_3,2025-04-01,42660.63439539561,43003.63550748488,343.0011120892729,42832.13495144024
free,q4_3,2025-04-02,42504.67960733323,44203.22293852987,1698.5433311966328,43353.95127293155
free,q4_3,2025-04-03,40115.245241707074,43579.01239339141,3463.7671516843307,41847.128817549245
free,q4_3,2025-04-04,12121.55486965039,12122.127403993958,0.5725343435673835,12121.841136822173
free,q4_3,2025-04-05,14154.926558671166,14157.019447700965,2.0928890297979024,14155.973003186065
free,q4_3,2025-04-06,37551.10884837184,39847.64036598902,2296.531517617179,38699.374607180434
free,q4_3,2025-04-07,35343.54956868112,35766.1684455034,422.6188768222793,35554.85900709226
free,q4_3,2025-04-08,40084.67855978519,44324.2296701495,4239.551110364311,42204.454114967346
free,q4_3,2025-04-09,41112.07410259913,43452.28470127155,2340.2105986724123,42282.17940193534
free,q4_3,2025-04-10,35578.86302430123,36517.29957983414,938.4365555329088,36048.08130206769
free,q4_3,2025-04-11,11744.487665715771,11747.13269817955,2.6450324637792164,11745.81018194766
free,q4_3,2025-04-12,13428.032077106187,13810.007087167696,381.97501006151015,13619.01958213694
free,q4_3,2025-04-13,35312.87769833852,37956.83766134894,2643.9599630104194,36634.85767984373
free,q4_3,2025-04-14,36301.943673497044,40926.974981209205,4625.031307712154,38614.45932735312
free,q4_3,2025-04-15,35120.68651382184,35828.759555455574,708.0730416337381,35474.72303463871
free,q4_3,2025-04-16,37312.317553692905,38221.51913791339,909.2015842204851,37766.91834580315
free,q4_3,2025-04-17,34706.27203126729,35690.21228243252,983.9402511652346,35198.242156849905
free,q4_3,2025-04-18,11490.484951172293,11855.548342443164,365.0633912708693,11673.01664680773
free,q4_3,2025-04-19,12978.763775599315,12979.27104111447,0.5072655151565755,12979.017408356893
free,q4_3,2025-04-20,34190.7828813339,35540.10722783298,1349.3243464990821,34865.44505458344
free,q4_3,2025-04-21,33933.06767140541,35969.50707180842,2036.4394004030014,34951.287371606915
free,q4_3,2025-04-22,36007.751736726,36248.018490184026,240.26675345801925,36127.88511345502
free,q4_3,2025-04-23,34429.140394267786,34447.65694207222,18.51654780443795,34438.398668170004
free,q4_3,2025-04-24,31790.96818709345,32974.84613068721,1183.8779435937586,32382.90715889033
free,q4_3,2025-04-25,11927.680052585274,12172.191777394219,244.51172480894274,12049.935914989746
free,q4_3,2025-04-26,11664.968274293344,11664.968274293344,0.0,11664.968274293344
free,q4_3,2025-04-27,31802.012409712843,32578.16489174754,776.1524820346965,32190.08865073019
free,q4_3,2025-04-28,40577.34203624365,42530.31372854142,1952.97169229777,41553.827882392536
free,q4_3,2025-04-29,33196.98033480377,34459.56805380485,1262.5877190010774,33828.27419430431
free,q4_3,2025-04-30,33407.76327128535,33858.73860645417,450.9753351688142,33633.250938869765
free,q4_3,2025-05-01,41530.53090995915,42590.780473639104,1060.2495636799642,42060.655691799126
free,q4_3,2025-05-02,18398.29015453851,18401.12228468345,2.8321301449400664,18399.70621961098
free,q4_3,2025-05-03,17584.972698676553,17584.972698676553,0.0,17584.972698676553
free,q4_3,2025-05-04,41378.178658703,45639.27382101529,4261.09516231229,43508.72623985914
free,q4_3,2025-05-05,40639.47335917555,42997.47080755798,2357.9974483824276,41818.47208336677
free,q4_3,2025-05-06,42790.5691044245,43674.81987169008,884.2507672655794,43232.694488057285
free,q4_3,2025-05-07,43495.49852126526,43506.456554845885,10.95803358062086,43500.97753805557
free,q4_3,2025-05-08,40015.62340062282,43282.15259851221,3266.52919788939,41648.88799956752
free,q4_3,2025-05-09,13213.283748028338,13230.191149608978,16.90740158063857,13221.737448818658
free,q4_3,2025-05-10,15814.910405075552,15814.910405075552,0.0,15814.910405075552
free,q4_3,2025-05-11,36089.588550589644,36585.99110396701,496.40255337737267,36337.78982727833
free,q4_3,2025-05-12,38616.272035299284,39591.562326807056,975.2902915077767,39103.91718105317
free,q4_3,2025-05-13,39886.60097567413,44212.10785174822,4325.506876074081,42049.354413711175
free,q4_3,2025-05-14,39905.695297520375,43754.95073621833,3849.2554386979527,41830.323016869355
free,q4_3,2025-05-15,38015.368515857146,40294.5480652118,2279.179549354658,39154.95829053447
free,q4_3,2025-05-16,13272.044314381568,13454.284356775284,182.24004239371482,13363.164335578425
free,q4_3,2025-05-17,15753.721713917883,16078.654003212137,324.9322892942534,15916.18785856501
free,q4_3,2025-05-18,37388.67075660468,41527.12257008176,4138.451813477079,39457.89666334322
free,q4_3,2025-05-19,36595.56201505243,37147.15500141546,551.5929863630377,36871.35850823395
free,q4_3,2025-05-20,37757.979084649196,38050.38163857913,292.40255392993186,37904.18036161416
free,q4_3,2025-05-21,37015.44170547285,37458.26380838454,442.8221029116936,37236.85275692869
free,q4_3,2025-05-22,36536.03418656532,38254.38286038673,1718.3486738214197,37395.20852347603
free,q4_3,2025-05-23,12123.942343483031,12123.942343483031,0.0,12123.942343483031
free,q4_3,2025-05-24,15340.773682785875,15511.186303163648,170.41262037777116,15425.979992974764
free,q4_3,2025-05-25,33248.41393189666,34096.70125212168,848.2873202250142,33672.557592009165
free,q4_3,2025-05-26,39460.90196881688,39924.50281003101,463.60084121412666,39692.70238942394
free,q4_3,2025-05-27,35046.78133770448,35639.670689792634,592.8893520881522,35343.22601374856
free,q4_3,2025-05-28,38649.005461516565,40946.797145653836,2297.7916841372717,39797.9013035852
free,q4_3,2025-05-29,37644.16671623979,38304.785869049556,660.6191528097554,37974.47629264467
free,q4_3,2025-05-30,13948.208954855954,13992.006450205856,43.79749534990158,13970.107702530906
free,q4_3,2025-05-31,15630.563728778749,16174.17200582698,543.6082770482313,15902.367867302864
free,q4_3,2025-06-01,59680.30688066661,65231.33565710348,5551.028776436876,62455.82126888505
free,q4_3,2025-06-02,61054.09400447712,66684.19977361159,5630.105769134466,63869.146889044365
free,q4_3,2025-06-03,54216.333165915465,55082.901190595774,866.5680246803095,54649.61717825562
free,q4_3,2025-06-04,56747.39575650501,64959.40536831162,8212.00961180661,60853.40056240832
free,q4_3,2025-06-05,57613.30009397706,58733.34980584424,1120.0497118671772,58173.324949910646
free,q4_3,2025-06-06,26513.441114738118,27944.363497246537,1430.9223825084146,27228.902305992327
free,q4_3,2025-06-07,26422.667588476434,28335.67696207414,1913.0093735977048,27379.172275275287
free,q4_3,2025-06-08,50705.53624705331,54701.79243991375,3996.2561928604373,52703.66434348352
free,q4_3,2025-06-09,59458.92204871207,64472.454205907554,5013.532157195472,61965.68812730981
free,q4_3,2025-06-10,55342.84288030237,57339.64188221424,1996.7990019118592,56341.24238125831
free,q4_3,2025-06-11,59296.63572131559,60123.52970010291,826.8939787873138,59710.082710709255
free,q4_3,2025-06-12,57880.92691044068,59177.49953311927,1296.5726226785941,58529.213221779966
free,q4_3,2025-06-13,21032.827109160302,21491.147962317722,458.32085315741836,21261.987535739012
free,q4_3,2025-06-14,22958.92179071866,24237.670359875734,1278.7485691570714,23598.296075297196
free,q4_3,2025-06-15,52093.72262324902,52906.792863879,813.0702406299836,52500.25774356401
free,q4_3,2025-06-16,57197.64936651698,57559.76923126008,362.1198647430969,57378.70929888853
free,q4_3,2025-06-17,60689.20907489763,61661.24135436844,972.0322794708106,61175.22521463303
free,q4_3,2025-06-18,57534.183654575696,60749.026010044894,3214.842355469197,59141.60483231029
free,q4_3,2025-06-19,54487.502283683556,57957.729198419824,3470.2269147362513,56222.61574105169
free,q4_3,2025-06-20,19054.62995025432,19364.167129164,309.5371789096803,19209.39853970916
free,q4_3,2025-06-21,21833.05262875802,22197.18264929429,364.13002053626445,22015.117639026157
free,q4_3,2025-06-22,50499.33648491269,52860.159051663344,2360.822566750653,51679.747768288005
free,q4_3,2025-06-23,52088.72866738737,53484.5074296446,1395.7787622572296,52786.61804851598
free,q4_3,2025-06-24,60839.3222480276,64728.70187045256,3889.3796224249645,62784.01205924009
free,q4_3,2025-06-25,54076.661998326825,55392.40255107722,1315.740552750404,54734.532274702025
free,q4_3,2025-06-26,53487.20223777977,54945.53305097887,1458.330813199093,54216.36764437932
free,q4_3,2025-06-27,18770.25203835485,19873.722323046277,1103.4702846914272,19321.987180700562
free,q4_3,2025-06-28,20189.04124347363,20275.949178159062,86.90793468543035,20232.495210816345
free,q4_3,2025-06-29,50522.25307441764,50684.63501592855,162.38194151090755,50603.44404517309
free,q4_3,2025-06-30,54045.48080189176,55388.89069282096,1343.4098909292022,54717.18574735636
free,q4_3,2025-07-01,69729.92187638034,69735.18583321573,5.263956835391127,69732.55385479804
free,q4_3,2025-07-02,67013.23908854302,67013.23908854302,0.0,67013.23908854302
free,q4_3,2025-07-03,71465.79121726242,72161.36867799608,695.5774607336775,71813.57994762924
free,q4_3,2025-07-04,30327.001452720728,30327.001452720728,0.0,30327.001452720728
free,q4_3,2025-07-05,32366.05113559841,32366.05113559841,2.2737367544323206e-13,32366.05113559841
free,q4_3,2025-07-06,69139.43458538993,69344.1689042896,204.73431889966264,69241.80174483976
free,q4_3,2025-07-07,67707.3227866766,68035.82812461088,328.5053379342725,67871.57545564373
free,q4_3,2025-07-08,66988.08844887232,71890.01904542102,4901.930596548712,69439.05374714667
free,q4_3,2025-07-09,64812.81978836472,68084.5231136854,3271.703325320673,66448.67145102506
free,q4_3,2025-07-10,63371.690235723225,67289.71222274477,3918.021987021548,65330.70122923399
free,q4_3,2025-07-11,28391.836351055146,29413.276840126724,1021.4404890715757,28902.556595590937
free,q4_3,2025-07-12,30796.17131481582,31279.11943872052,482.9481239047014,31037.645376768174
free,q4_3,2025-07-13,59813.50650425081,67113.50815934334,7300.001655092532,63463.507331797075
free,q4_3,2025-07-14,64106.333574237666,68675.24723717445,4568.913662936771,66390.79040570607
free,q4_3,2025-07-15,62123.13351981217,69140.91222719257,7017.7787073803975,65632.02287350237
free,q4_3,2025-07-16,65768.05035044189,69737.23922993249,3969.1888794906004,67752.6447901872
free,q4_3,2025-07-17,62952.6513088805,66144.25225377138,3191.6009448908967,64548.45178132595
free,q4_3,2025-07-18,27695.229482727198,29068.929795835647,1373.700313108451,28382.079639281423
free,q4_3,2025-07-19,28681.89501759503,30743.744053013914,2061.84903541888,29712.819535304472
free,q4_3,2025-07-20,61247.97340391558,65148.009918473675,3900.036514558084,63197.99166119463
free,q4_3,2025-07-21,66951.26263397059,70892.84180349772,3941.5791695271246,68922.05221873416
free,q4_3,2025-07-22,65993.12464190398,67427.57983527196,1434.4551933679613,66710.35223858798
free,q4_3,2025-07-23,65260.68866554918,73597.06062200923,8336.371956460043,69428.87464377921
free,q4_3,2025-07-24,67109.28852545533,76705.04992857605,9595.761403120712,71907.16922701568
free,q4_3,2025-07-25,24295.756613595557,24901.060889469998,605.304275874441,24598.408751532777
free,q4_3,2025-07-26,30441.181176261292,31159.5334296914,718.3522534301122,30800.35730297635
free,q4_3,2025-07-27,60650.27976284124,65350.24955220598,4699.96978936475,63000.26465752361
free,q4_3,2025-07-28,63677.27165615992,65794.14249933232,2116.8708431723903,64735.70707774612
free,q4_3,2025-07-29,64712.99529687228,66248.43971985305,1535.444422980759,65480.717508362664
free,q4_3,2025-07-30,68640.11299431356,69418.20671739432,778.0937230807679,69029.15985585394
free,q4_3,2025-07-31,60927.27686921967,61671.17444028075,743.8975710610894,61299.225654750204
free,q4_3,2025-08-01,26555.56969972596,27328.06210439668,772.4924046707192,26941.815902061317
free,q4_3,2025-08-02,27627.533205474178,29413.291322947647,1785.758117473471,28520.41226421091
free,q4_3,2025-08-03,50795.02260438079,52592.28196187453,1797.2593574937266,51693.65228312767
free,q4_3,2025-08-04,55623.06121439632,58311.66323346108,2688.6020190647596,56967.36222392869
free,q4_3,2025-08-05,54874.423022225885,56488.04816062496,1613.6251383990777,55681.23559142542
free,q4_3,2025-08-06,58257.34447703006,64835.524162982125,6578.17968595206,61546.4343200061
free,q4_3,2025-08-07,55920.07563197063,61564.75485807638,5644.679226105754,58742.4152450235
free,q4_3,2025-08-08,23569.190222985926,24237.98804702382,668.7978240378909,23903.589135004873
free,q4_3,2025-08-09,24983.137179307796,25119.908761536437,136.77158222863864,25051.52297042212
free,q4_3,2025-08-10,53219.20577228506,57806.70506463827,4587.4992923532045,55512.95541846167
free,q4_3,2025-08-11,53981.555846026575,55687.12307990588,1705.5672338793106,54834.33946296622
free,q4_3,2025-08-12,56407.044850780265,58205.542240641174,1798.4973898609117,57306.29354571072
free,q4_3,2025-08-13,53977.320989364685,53977.320989364685,0.0,53977.320989364685
free,q4_3,2025-08-14,53323.362091724804,55953.53203851859,2630.1699467937897,54638.4470651217
free,q4_3,2025-08-15,23275.300234735336,24805.242412054235,1529.9421773188958,24040.271323394787
free,q4_3,2025-08-16,26391.698321326832,28228.841885212416,1837.1435638855892,27310.27010326962
free,q4_3,2025-08-17,51313.016560247925,52014.86197012034,701.8454098724162,51663.93926518414
free,q4_3,2025-08-18,54519.441630210815,56566.08065808364,2046.63902787283,55542.76114414723
free,q4_3,2025-08-19,54076.426058800935,55731.75716787597,1655.3311090750312,54904.09161333846
free,q4_3,2025-08-20,58355.9003695202,62370.31961914801,4014.419249627808,60363.10999433411
free,q4_3,2025-08-21,53608.899110592596,55529.54629448816,1920.6471838955674,54569.22270254038
free,q4_3,2025-08-22,23685.0428107275,24008.019524567724,322.9767138402217,23846.531167647612
free,q4_3,2025-08-23,26004.79742971655,26018.292148433226,13.494718716673617,26011.544789074884
free,q4_3,2025-08-24,53342.47439254314,55052.21186405697,1709.737471513837,54197.343128300054
free,q4_3,2025-08-25,63162.504497368835,76924.43151111866,13761.927013749812,70043.46800424374
free,q4_3,2025-08-26,53518.05338359505,54520.901386250196,1002.8480026551499,54019.477384922626
free,q4_3,2025-08-27,55347.634656786904,56208.38584606729,860.7511892803874,55778.0102514271
free,q4_3,2025-08-28,56588.21150780136,56671.03256263137,82.82105483002039,56629.622035216365
free,q4_3,2025-08-29,25230.803296486716,25819.524663578937,588.7213670922185,25525.163980032827
free,q4_3,2025-08-30,27023.948321257118,27950.02288278883,926.0745615317152,27486.985602022974
free,q4_3,2025-08-31,50744.58325349468,51531.24418013546,786.6609266407822,51137.91371681506
free,q4_3,2025-09-01,47328.03929676222,53325.852009703114,5997.812712940895,50326.94565323267
free,q4_3,2025-09-02,45694.762623363145,48156.745752730385,2461.9831293672432,46925.75418804676
free,q4_3,2025-09-03,48584.925405530754,54758.91287733901,6173.987471808254,51671.9191414349
free,q4_3,2025-09-04,47048.21242501809,51852.479613815674,4804.267188797578,49450.34601941689
free,q4_3,2025-09-05,18930.90318951081,21196.007890733286,2265.104701222477,20063.45554012205
free,q4_3,2025-09-06,20719.153936460916,22859.896487794784,2140.742551333868,21789.525212127846
free,q4_3,2025-09-07,44466.59658762747,48519.803141008226,4053.2065533807568,46493.199864317845
free,q4_3,2025-09-08,44401.121320967104,45939.81506732606,1538.6937463589593,45170.46819414658
free,q4_3,2025-09-09,41336.6326376957,41338.139795403826,1.507157708123259,41337.38621654977
free,q4_3,2025-09-10,41884.78240061876,42837.78394785644,953.0015472376847,42361.2831742376
free,q4_3,2025-09-11,42244.06543625677,48561.56201642315,6317.496580166387,45402.81372633996
free,q4_3,2025-09-12,16407.83762334257,16659.57527576696,251.73765242439092,16533.706449554767
free,q4_3,2025-09-13,17848.66950120597,17860.072987837182,11.403486631210853,17854.37124452158
free,q4_3,2025-09-14,42439.0480435312,45731.874909668295,3292.8268661370967,44085.46147659975
free,q4_3,2025-09-15,41001.367877796554,41207.35536707019,205.9874892736372,41104.36162243337
free,q4_3,2025-09-16,44687.93969060653,49165.38265961902,4477.44296901249,46926.66117511278
free,q4_3,2025-09-17,46563.449535453736,50899.631079870975,4336.181544417241,48731.54030766236
free,q4_3,2025-09-18,39960.710754591535,39962.331991260035,1.621236668499023,39961.52137292578
free,q4_3,2025-09-19,15887.039906378966,16023.087889801325,136.04798342235605,15955.063898090146
free,q4_3,2025-09-20,18130.93967977231,18334.868584581625,203.92890480931578,18232.90413217697
free,q4_3,2025-09-21,42540.555942513856,45422.49309636533,2881.937153851479,43981.52451943959
free,q4_3,2025-09-22,45781.440246566926,52734.6335870255,6953.193340458576,49258.036916796205
free,q4_3,2025-09-23,45213.48340773338,47248.56771408043,2035.0843063470534,46231.0255609069
free,q4_3,2025-09-24,43930.055581135086,43930.34788996182,0.2923088267340596,43930.20173554846
free,q4_3,2025-09-25,44992.6506421108,46336.88010208486,1344.2294599740562,45664.76537209783
free,q4_3,2025-09-26,16151.64536731529,17536.43431914074,1384.7889518254503,16844.039843228013
free,q4_3,2025-09-27,18954.519852223915,19028.486532735616,73.96668051170414,18991.503192479766
free,q4_3,2025-09-28,44214.47630437514,44281.09583832271,66.6195339475787,44247.78607134893
free,q4_3,2025-09-29,46569.994530293116,50859.240099724855,4289.245569431745,48714.61731500899
free,q4_3,2025-09-30,50133.36754735412,51236.397258149664,1103.0297107955294,50684.882402751886
free,q4_3,2025-10-01,41492.317110939475,44539.0261329126,3046.7090219731263,43015.67162192604
free,q4_3,2025-10-02,42323.72127726898,49745.55443365487,7421.833156385887,46034.63785546193
free,q4_3,2025-10-03,14450.19766608889,14560.206805253638,110.00913916474735,14505.202235671262
free,q4_3,2025-10-04,16828.93803214355,17928.039114337596,1099.1010821940465,17378.48857324057
free,q4_3,2025-10-05,41338.38887757789,48117.36557975223,6778.976702174332,44727.877228665064
free,q4_3,2025-10-06,41318.389749074515,41347.68680771961,29.297058645103107,41333.03827839706
free,q4_3,2025-10-07,44477.446556475275,45999.411567458534,1521.9650109832664,45238.429061966905
free,q4_3,2025-10-08,41270.210879394086,43965.926427778904,2695.7155483848182,42618.068653586495
free,q4_3,2025-10-09,40579.44078284985,48155.79905194825,7576.358269098395,44367.619917399046
free,q4_3,2025-10-10,14812.211345473173,15050.828764193551,238.6174187203789,14931.520054833361
free,q4_3,2025-10-11,15327.1802630091,15359.635450741618,32.455187732517224,15343.40785687536
free,q4_3,2025-10-12,41364.205882660186,44175.270200775754,2811.06431811557,42769.73804171797
free,q4_3,2025-10-13,41254.98148706815,45501.70385568978,4246.722368621637,43378.34267137897
free,q4_3,2025-10-14,43786.0434136473,47220.25197804015,3434.208564392854,45503.14769584373
free,q4_3,2025-10-15,45086.053640323524,49687.54707584841,4601.493435524885,47386.800358085966
free,q4_3,2025-10-16,42413.89856818164,42429.47309979961,15.574531617963185,42421.68583399063
free,q4_3,2025-10-17,15527.204589857694,15740.37954210902,213.17495225132672,15633.792065983356
free,q4_3,2025-10-18,14618.477352440697,15347.147603653497,728.6702512128003,14982.812478047097
free,q4_3,2025-10-19,46300.17660980635,49762.72091908014,3462.5443092737864,48031.448764443245
free,q4_3,2025-10-20,47886.6122877643,49543.29375582533,1656.6814680610369,48714.95302179482
free,q4_3,2025-10-21,47574.11222716918,48227.59484303789,653.4826158687175,47900.85353510353
free,q4_3,2025-10-22,46402.913257111904,47070.77800732758,667.8647502156655,46736.845632219745
free,q4_3,2025-10-23,47008.26908360024,56745.679266485095,9737.410182884858,51876.97417504266
free,q4_3,2025-10-24,14591.339928085064,14591.535400437419,0.19547235235324933,14591.43766426124
free,q4_3,2025-10-25,16895.10505331093,16933.702978666064,38.59792535513131,16914.404015988497
free,q4_3,2025-10-26,47360.61218152252,54634.63738391797,7274.025202395447,50997.624782720246
free,q4_3,2025-10-27,45738.9147463548,46396.151199615444,657.2364532606438,46067.53297298512
free,q4_3,2025-10-28,47491.61214411838,47911.139608582555,419.52746446417797,47701.37587635046
free,q4_3,2025-10-29,50978.24597490358,51875.16579521494,896.9198203113601,51426.70588505925
free,q4_3,2025-10-30,45022.41726905742,45356.36497286201,333.94770380458846,45189.39112095971
free,q4_3,2025-10-31,17526.916421383845,18093.78782539782,566.8714040139732,17810.352123390832
free,q4_3,2025-11-01,15431.578019081775,15883.488540731028,451.9105216492534,15657.533279906402
free,q4_3,2025-11-02,49113.56603485007,49506.16909866805,392.60306381797557,49309.86756675906
free,q4_3,2025-11-03,52232.80977035717,54518.36782963469,2285.5580592775145,53375.58879999593
free,q4_3,2025-11-04,49357.369213868915,51531.37762950726,2174.0084156383505,50444.373421688084
free,q4_3,2025-11-05,54408.078332115154,58857.23768229326,4449.159350178112,56632.658007204205
free,q4_3,2025-11-06,50611.86703050469,51285.226515521266,673.3594850165755,50948.54677301298
free,q4_3,2025-11-07,15873.10841601654,15874.96662889201,1.8582128754716223,15874.037522454275
free,q4_3,2025-11-08,17404.33690071167,17616.39466109941,212.05776038773962,17510.365780905537
free,q4_3,2025-11-09,50842.90847590064,51504.917865525684,662.0093896250565,51173.91317071316
free,q4_3,2025-11-10,56355.809331279335,58532.660091423226,2176.8507601438896,57444.23471135128
free,q4_3,2025-11-11,54757.27440964217,59171.534805324045,4414.260395681871,56964.404607483106
free,q4_3,2025-11-12,53732.152901131005,55586.420909833985,1854.268008702983,54659.28690548249
free,q4_3,2025-11-13,54345.20343119922,55107.95950769348,762.75607649427,54726.58146944635
free,q4_3,2025-11-14,17127.9492261042,17170.56727007637,42.618043972171165,17149.258248090286
free,q4_3,2025-11-15,18686.72130631582,20313.416463261616,1626.6951569457979,19500.06888478872
free,q4_3,2025-11-16,53905.72063754043,54067.43210560903,161.71146806859775,53986.57637157473
free,q4_3,2025-11-17,56146.467968834055,56465.81396562801,319.3459967939592,56306.14096723104
free,q4_3,2025-11-18,55335.33904836592,55634.64843543276,299.30938706684253,55484.993741899336
free,q4_3,2025-11-19,59921.61972513527,60904.243412982425,982.6236878471484,60412.93156905884
free,q4_3,2025-11-20,52374.78236615045,52687.652348085394,312.86998193493673,52531.21735711793
free,q4_3,2025-11-21,18434.115125397497,18436.831443895277,2.7163184977791044,18435.47328464639
free,q4_3,2025-11-22,18551.394281741683,20451.255824458985,1899.8615427173036,19501.325053100336
free,q4_3,2025-11-23,55807.387150782946,57224.88589547445,1417.4987446915052,56516.1365231287
free,q4_3,2025-11-24,54160.34252956846,54512.952809295646,352.610279727186,54336.647669432044
free,q4_3,2025-11-25,61139.43071240229,67576.76029079843,6437.329578396148,64358.09550160036
free,q4_3,2025-11-26,59027.61015491697,61346.2066673165,2318.5965123995443,60186.90841111674
free,q4_3,2025-11-27,56725.18125905862,57911.60752003587,1186.426260977254,57318.39438954725
free,q4_3,2025-11-28,17282.28017851551,17787.577698888555,505.2975203730422,17534.928938702033
free,q4_3,2025-11-29,20817.079291761096,23032.799861912732,2215.720570151637,21924.939576836914
free,q4_3,2025-11-30,59688.65187216147,60344.59161595514,655.9397437936691,60016.621744058306
free,q4_3,2025-12-01,81174.0147391973,81997.21493510259,823.2001959052925,81585.61483714994
free,q4_3,2025-12-02,85566.70947069325,87839.05526359865,2272.3457929054002,86702.88236714594
free,q4_3,2025-12-03,78332.83530428266,78332.83530428266,4.547473508864641e-13,78332.83530428266
free,q4_3,2025-12-04,80138.22452856848,82401.31418159837,2263.0896530298824,81269.76935508344
free,q4_3,2025-12-05,26549.94513888843,27305.17521124574,755.2300723573093,26927.560175067083
free,q4_3,2025-12-06,26085.715278245298,26086.575211914766,0.859933669465903,26086.14524508003
free,q4_3,2025-12-07,80725.3857504739,83029.43134298341,2304.0455925095184,81877.40854672866
free,q4_3,2025-12-08,75376.32179473844,77898.93348843828,2522.611693699846,76637.62764158836
free,q4_3,2025-12-09,73750.45483025607,77727.30957748774,3976.8547472316654,75738.88220387191
free,q4_3,2025-12-10,73160.53496080425,73449.7590636334,289.2241028291641,73305.14701221882
free,q4_3,2025-12-11,69577.12633389363,73809.60608785201,4232.479753958378,71693.3662108728
free,q4_3,2025-12-12,27357.60131024787,28553.19191826275,1195.5906080148816,27955.39661425531
free,q4_3,2025-12-13,25949.615334570855,27419.074438275937,1469.4591037050818,26684.344886423394
free,q4_3,2025-12-14,72387.23528926991,72772.70138409149,385.46609482156555,72579.9683366807
free,q4_3,2025-12-15,74033.5591823603,74236.67367396537,203.1144916050638,74135.11642816284
free,q4_3,2025-12-16,75981.45644817108,79299.81434339628,3318.3578952251924,77640.63539578368
free,q4_3,2025-12-17,73141.30980592598,78460.54460090896,5319.234794982996,75800.92720341746
free,q4_3,2025-12-18,70499.17398781121,72782.51208309381,2283.338095282595,71640.8430354525
free,q4_3,2025-12-19,24889.501821572372,26229.05665278266,1339.5548312102887,25559.279237177514
free,q4_3,2025-12-20,23927.115527737806,25945.3765935709,2018.2610658330948,24936.24606065435
free,q4_3,2025-12-21,73838.35809313454,75534.97411509903,1696.6160219644858,74686.66610411678
free,q4_3,2025-12-22,73280.43201312849,73704.2211293015,423.78911617300486,73492.326571215
free,q4_3,2025-12-23,73702.58189763439,77574.87013127407,3872.2882336396833,75638.72601445422
free,q4_3,2025-12-24,71649.33488520476,72839.01213797601,1189.6772527712478,72244.17351159039
free,q4_3,2025-12-25,67832.47887995801,68628.3883220935,795.9094421354787,68230.43360102575
free,q4_3,2025-12-26,26215.239583076993,27108.14814084269,892.9085577656989,26661.69386195984
free,q4_3,2025-12-27,24287.691794889448,25302.589039959683,1014.8972450702331,24795.14041742457
free,q4_3,2025-12-28,68511.04103085786,70201.46221016362,1690.4211793057748,69356.25162051074
free,q4_3,2025-12-29,72033.77936984446,73481.53937507705,1447.760005232588,72757.65937246075
free,q4_3,2025-12-30,70557.2340964298,74210.5103925933,3653.27629616349,72383.87224451154
free,q4_3,2025-12-31,71708.3557199719,73882.1319759828,2173.776256010893,72795.24384797737
fixed6000,q2,2025-02-01,24719.059512919477,24719.059512919477,0.0,24719.059512919477
fixed6000,q2,2025-02-02,57257.918170130564,57257.918170130564,0.0,57257.918170130564
fixed6000,q2,2025-02-03,56025.30456404348,56025.30456404348,0.0,56025.30456404348
fixed6000,q2,2025-02-04,55851.80305681804,55851.80305681804,0.0,55851.80305681804
fixed6000,q2,2025-02-05,55099.2417147477,55099.2417147477,0.0,55099.2417147477
fixed6000,q2,2025-02-06,57163.206316065145,57163.206316065145,0.0,57163.206316065145
fixed6000,q2,2025-02-07,22281.8241824595,22281.8241824595,0.0,22281.8241824595
fixed6000,q2,2025-02-08,20369.71350255766,20369.71350255766,0.0,20369.71350255766
fixed6000,q2,2025-02-09,55484.55958769821,55484.55958769821,0.0,55484.55958769821
fixed6000,q2,2025-02-10,54105.51664430571,54105.51664430571,0.0,54105.51664430571
fixed6000,q2,2025-02-11,53232.23367924897,53232.23367924897,0.0,53232.23367924897
fixed6000,q2,2025-02-12,52711.32753286449,52711.32753286449,0.0,52711.32753286449
fixed6000,q2,2025-02-13,51400.68082699117,51400.68082699117,0.0,51400.68082699117
fixed6000,q2,2025-02-14,18959.408955718023,18959.408955718023,0.0,18959.408955718023
fixed6000,q2,2025-02-15,19152.29889324467,19152.29889324467,0.0,19152.29889324467
fixed6000,q2,2025-02-16,50429.013652966554,50429.013652966554,0.0,50429.013652966554
fixed6000,q2,2025-02-17,50008.94360664979,50008.94360664979,0.0,50008.94360664979
fixed6000,q2,2025-02-18,48645.0455784913,48645.0455784913,0.0,48645.0455784913
fixed6000,q2,2025-02-19,48314.5375675854,48314.5375675854,0.0,48314.5375675854
fixed6000,q2,2025-02-20,48626.97976061047,48626.97976061047,0.0,48626.97976061047
fixed6000,q2,2025-02-21,18085.198467765673,18085.198467765673,0.0,18085.198467765673
fixed6000,q2,2025-02-22,19070.198847308955,19070.198847308955,0.0,19070.198847308955
fixed6000,q2,2025-02-23,47242.84867587064,47242.84867587064,0.0,47242.84867587064
fixed6000,q2,2025-02-24,48116.1744931461,48116.1744931461,0.0,48116.1744931461
fixed6000,q2,2025-02-25,46906.2152252604,46906.2152252604,0.0,46906.2152252604
fixed6000,q2,2025-02-26,46980.99599641771,46980.99599641771,0.0,46980.99599641771
fixed6000,q2,2025-02-27,44012.805949557485,44012.805949557485,0.0,44012.805949557485
fixed6000,q2,2025-02-28,17501.731991662513,17501.731991662513,0.0,17501.731991662513
fixed6000,q2,2025-03-01,18532.020735386366,18532.020735386366,0.0,18532.020735386366
fixed6000,q2,2025-03-02,60674.49514847352,60674.49514847352,0.0,60674.49514847352
fixed6000,q2,2025-03-03,55861.49854121808,55861.49854121808,0.0,55861.49854121808
fixed6000,q2,2025-03-04,46159.90630114573,46159.90630114573,0.0,46159.90630114573
fixed6000,q2,2025-03-05,47637.23019302447,47637.23019302447,0.0,47637.23019302447
fixed6000,q2,2025-03-06,46406.15173943514,46406.15173943514,0.0,46406.15173943514
fixed6000,q2,2025-03-07,16786.1002490937,16786.1002490937,0.0,16786.1002490937
fixed6000,q2,2025-03-08,18187.000987933734,18187.000987933734,0.0,18187.000987933734
fixed6000,q2,2025-03-09,44909.64680571543,44909.64680571543,0.0,44909.64680571543
fixed6000,q2,2025-03-10,45867.983496164845,45867.983496164845,0.0,45867.983496164845
fixed6000,q2,2025-03-11,43679.63527249769,43679.63527249769,0.0,43679.63527249769
fixed6000,q2,2025-03-12,43286.46476273553,43286.46476273553,0.0,43286.46476273553
fixed6000,q2,2025-03-13,48419.40241048546,48419.40241048546,0.0,48419.40241048546
fixed6000,q2,2025-03-14,15816.38410959101,15816.38410959101,0.0,15816.38410959101
fixed6000,q2,2025-03-15,17614.98536692784,17614.98536692784,0.0,17614.98536692784
fixed6000,q2,2025-03-16,42517.783638549896,42517.783638549896,0.0,42517.783638549896
fixed6000,q2,2025-03-17,43112.27227060588,43112.27227060588,0.0,43112.27227060588
fixed6000,q2,2025-03-18,41636.99534776772,41636.99534776772,0.0,41636.99534776772
fixed6000,q2,2025-03-19,40942.389532472385,40942.389532472385,0.0,40942.389532472385
fixed6000,q2,2025-03-20,40779.74321101731,40779.74321101731,0.0,40779.74321101731
fixed6000,q2,2025-03-21,15841.910252134587,15841.910252134587,0.0,15841.910252134587
fixed6000,q2,2025-03-22,17888.65449778607,17888.65449778607,0.0,17888.65449778607
fixed6000,q2,2025-03-23,40550.20779688722,40550.20779688722,0.0,40550.20779688722
fixed6000,q2,2025-03-24,39482.72147737141,39482.72147737141,0.0,39482.72147737141
fixed6000,q2,2025-03-25,39968.043273421266,39968.043273421266,0.0,39968.043273421266
fixed6000,q2,2025-03-26,39690.787258559794,39690.787258559794,0.0,39690.787258559794
fixed6000,q2,2025-03-27,37929.00056874957,37929.00056874957,0.0,37929.00056874957
fixed6000,q2,2025-03-28,15120.176906789176,15120.176906789176,0.0,15120.176906789176
fixed6000,q2,2025-03-29,16737.191985536378,16737.191985536378,0.0,16737.191985536378
fixed6000,q2,2025-03-30,38685.979786102296,38685.979786102296,0.0,38685.979786102296
fixed6000,q2,2025-03-31,37738.5252483954,37738.5252483954,0.0,37738.5252483954
fixed6000,q2,2025-04-01,41577.37702142737,41577.37702142737,0.0,41577.37702142737
fixed6000,q2,2025-04-02,47003.76215615,47003.76215615,0.0,47003.76215615
fixed6000,q2,2025-04-03,36840.04989408123,36840.04989408123,0.0,36840.04989408123
fixed6000,q2,2025-04-04,14448.815752868337,14448.815752868337,0.0,14448.815752868337
fixed6000,q2,2025-04-05,16757.187360393604,16757.187360393604,0.0,16757.187360393604
fixed6000,q2,2025-04-06,36565.060108309124,36565.060108309124,0.0,36565.060108309124
fixed6000,q2,2025-04-07,38125.678442803866,38125.678442803866,0.0,38125.678442803866
fixed6000,q2,2025-04-08,38575.001285286315,38575.001285286315,0.0,38575.001285286315
fixed6000,q2,2025-04-09,39919.50773766921,39919.50773766921,0.0,39919.50773766921
fixed6000,q2,2025-04-10,33983.77926356063,33983.77926356063,0.0,33983.77926356063
fixed6000,q2,2025-04-11,13625.721805853309,13625.721805853309,0.0,13625.721805853309
fixed6000,q2,2025-04-12,16646.43077495769,16646.43077495769,0.0,16646.43077495769
fixed6000,q2,2025-04-13,36839.2793419422,36839.2793419422,0.0,36839.2793419422
fixed6000,q2,2025-04-14,36030.072738770235,36030.072738770235,0.0,36030.072738770235
fixed6000,q2,2025-04-15,36216.075701875074,36216.075701875074,0.0,36216.075701875074
fixed6000,q2,2025-04-16,37088.74831801445,37088.74831801445,0.0,37088.74831801445
fixed6000,q2,2025-04-17,33457.91804998458,33457.91804998458,0.0,33457.91804998458
fixed6000,q2,2025-04-18,13377.376648395935,13377.376648395935,0.0,13377.376648395935
fixed6000,q2,2025-04-19,15793.384073425994,15793.384073425994,0.0,15793.384073425994
fixed6000,q2,2025-04-20,35876.74575058404,35876.74575058404,0.0,35876.74575058404
fixed6000,q2,2025-04-21,35677.689022294,35677.689022294,0.0,35677.689022294
fixed6000,q2,2025-04-22,34867.096488941424,34867.096488941424,0.0,34867.096488941424
fixed6000,q2,2025-04-23,35269.79249434204,35269.79249434204,0.0,35269.79249434204
fixed6000,q2,2025-04-24,31920.570602299933,31920.570602299933,0.0,31920.570602299933
fixed6000,q2,2025-04-25,12559.141097736861,12559.141097736861,0.0,12559.141097736861
fixed6000,q2,2025-04-26,18405.672619189296,18405.672619189296,0.0,18405.672619189296
fixed6000,q2,2025-04-27,37394.01132472495,37394.01132472495,0.0,37394.01132472495
fixed6000,q2,2025-04-28,50473.9658035114,50473.9658035114,0.0,50473.9658035114
fixed6000,q2,2025-04-29,34638.23119445748,34638.23119445748,0.0,34638.23119445748
fixed6000,q2,2025-04-30,35428.77378835276,35428.77378835276,0.0,35428.77378835276
fixed6000,q2,2025-05-01,41088.41821394526,41088.41821394526,0.0,41088.41821394526
fixed6000,q2,2025-05-02,26413.882016618256,26413.882016618256,0.0,26413.882016618256
fixed6000,q2,2025-05-03,22141.548352964805,22141.548352964805,0.0,22141.548352964805
fixed6000,q2,2025-05-04,43545.569698058076,43545.569698058076,0.0,43545.569698058076
fixed6000,q2,2025-05-05,43732.95150548586,43732.95150548586,0.0,43732.95150548586
fixed6000,q2,2025-05-06,41638.52226631572,41638.52226631572,0.0,41638.52226631572
fixed6000,q2,2025-05-07,47281.86422841262,47281.86422841262,0.0,47281.86422841262
fixed6000,q2,2025-05-08,38106.42363234416,38106.42363234416,0.0,38106.42363234416
fixed6000,q2,2025-05-09,16505.946484608103,16505.946484608103,0.0,16505.946484608103
fixed6000,q2,2025-05-10,17982.728909206067,17982.728909206067,0.0,17982.728909206067
fixed6000,q2,2025-05-11,37803.9067737205,37803.9067737205,0.0,37803.9067737205
fixed6000,q2,2025-05-12,40580.96360674889,40580.96360674889,0.0,40580.96360674889
fixed6000,q2,2025-05-13,41928.10729023888,41928.10729023888,0.0,41928.10729023888
fixed6000,q2,2025-05-14,39972.04281941191,39972.04281941191,0.0,39972.04281941191
fixed6000,q2,2025-05-15,34296.99290932737,34296.99290932737,0.0,34296.99290932737
fixed6000,q2,2025-05-16,16345.353280913136,16345.353280913136,0.0,16345.353280913136
fixed6000,q2,2025-05-17,18922.317903903415,18922.317903903415,0.0,18922.317903903415
fixed6000,q2,2025-05-18,39598.555786375575,39598.555786375575,0.0,39598.555786375575
fixed6000,q2,2025-05-19,37351.1404465824,37351.1404465824,0.0,37351.1404465824
fixed6000,q2,2025-05-20,38632.721336450675,38632.721336450675,0.0,38632.721336450675
fixed6000,q2,2025-05-21,38980.65986218405,38980.65986218405,0.0,38980.65986218405
fixed6000,q2,2025-05-22,35929.85569898099,35929.85569898099,0.0,35929.85569898099
fixed6000,q2,2025-05-23,13989.383460636887,13989.383460636887,0.0,13989.383460636887
fixed6000,q2,2025-05-24,17608.845524967484,17608.845524967484,0.0,17608.845524967484
fixed6000,q2,2025-05-25,36534.06441913714,36534.06441913714,0.0,36534.06441913714
fixed6000,q2,2025-05-26,42193.87838334914,42193.87838334914,0.0,42193.87838334914
fixed6000,q2,2025-05-27,40411.199725792736,40411.199725792736,0.0,40411.199725792736
fixed6000,q2,2025-05-28,36473.065303437965,36473.065303437965,0.0,36473.065303437965
fixed6000,q2,2025-05-29,33893.60930651557,33893.60930651557,0.0,33893.60930651557
fixed6000,q2,2025-05-30,16082.306933800584,16082.306933800584,0.0,16082.306933800584
fixed6000,q2,2025-05-31,18661.695382772214,18661.695382772214,0.0,18661.695382772214
fixed6000,q2,2025-06-01,81346.25360837516,81346.25360837516,0.0,81346.25360837516
fixed6000,q2,2025-06-02,78097.66764450769,78097.66764450769,0.0,78097.66764450769
fixed6000,q2,2025-06-03,66550.31440399747,66550.31440399747,0.0,66550.31440399747
fixed6000,q2,2025-06-04,62246.86213134734,62246.86213134734,0.0,62246.86213134734
fixed6000,q2,2025-06-05,60912.5383999595,60912.5383999595,0.0,60912.5383999595
fixed6000,q2,2025-06-06,41629.98305666065,41629.98305666065,0.0,41629.98305666065
fixed6000,q2,2025-06-07,39056.06432573131,39056.06432573131,0.0,39056.06432573131
fixed6000,q2,2025-06-08,59299.20050478683,59299.20050478683,0.0,59299.20050478683
fixed6000,q2,2025-06-09,55879.4374995983,55879.4374995983,0.0,55879.4374995983
fixed6000,q2,2025-06-10,51046.54444073796,51046.54444073796,0.0,51046.54444073796
fixed6000,q2,2025-06-11,55153.23466116034,55153.23466116034,0.0,55153.23466116034
fixed6000,q2,2025-06-12,54864.464290478856,54864.464290478856,0.0,54864.464290478856
fixed6000,q2,2025-06-13,26418.892579138912,26418.892579138912,0.0,26418.892579138912
fixed6000,q2,2025-06-14,27830.609183281565,27830.609183281565,0.0,27830.609183281565
fixed6000,q2,2025-06-15,51799.45781947363,51799.45781947363,0.0,51799.45781947363
fixed6000,q2,2025-06-16,56676.214976843155,56676.214976843155,0.0,56676.214976843155
fixed6000,q2,2025-06-17,59053.135776879826,59053.135776879826,0.0,59053.135776879826
fixed6000,q2,2025-06-18,58528.2976650047,58528.2976650047,0.0,58528.2976650047
fixed6000,q2,2025-06-19,48924.02347791837,48924.02347791837,0.0,48924.02347791837
fixed6000,q2,2025-06-20,21363.09158145697,21363.09158145697,0.0,21363.09158145697
fixed6000,q2,2025-06-21,28888.198870329452,28888.198870329452,0.0,28888.198870329452
fixed6000,q2,2025-06-22,56363.180835402716,56363.180835402716,0.0,56363.180835402716
fixed6000,q2,2025-06-23,49150.50725517124,49150.50725517124,0.0,49150.50725517124
fixed6000,q2,2025-06-24,57001.08768848115,57001.08768848115,0.0,57001.08768848115
fixed6000,q2,2025-06-25,48391.851190981855,48391.851190981855,0.0,48391.851190981855
fixed6000,q2,2025-06-26,55742.83371863137,55742.83371863137,0.0,55742.83371863137
fixed6000,q2,2025-06-27,22860.137182879516,22860.137182879516,0.0,22860.137182879516
fixed6000,q2,2025-06-28,21385.218568079486,21385.218568079486,0.0,21385.218568079486
fixed6000,q2,2025-06-29,48602.60866868283,48602.60866868283,0.0,48602.60866868283
fixed6000,q2,2025-06-30,54243.0797906018,54243.0797906018,0.0,54243.0797906018
fixed6000,q2,2025-07-01,59944.94638360853,59944.94638360853,0.0,59944.94638360853
fixed6000,q2,2025-07-02,57779.12074898954,57779.12074898954,0.0,57779.12074898954
fixed6000,q2,2025-07-03,68630.53118175219,68630.53118175219,0.0,68630.53118175219
fixed6000,q2,2025-07-04,34541.96482655901,34541.96482655901,0.0,34541.96482655901
fixed6000,q2,2025-07-05,36565.62882229624,36565.62882229624,0.0,36565.62882229624
fixed6000,q2,2025-07-06,70750.05074017188,70750.05074017188,0.0,70750.05074017188
fixed6000,q2,2025-07-07,67286.7450455341,67286.7450455341,0.0,67286.7450455341
fixed6000,q2,2025-07-08,58440.044427507135,58440.044427507135,0.0,58440.044427507135
fixed6000,q2,2025-07-09,56974.1563503153,56974.1563503153,0.0,56974.1563503153
fixed6000,q2,2025-07-10,52298.53314663513,52298.53314663513,0.0,52298.53314663513
fixed6000,q2,2025-07-11,26535.62316407521,26535.62316407521,0.0,26535.62316407521
fixed6000,q2,2025-07-12,32855.288869406584,32855.288869406584,0.0,32855.288869406584
fixed6000,q2,2025-07-13,57823.46271237625,57823.46271237625,0.0,57823.46271237625
fixed6000,q2,2025-07-14,57943.600761570175,57943.600761570175,0.0,57943.600761570175
fixed6000,q2,2025-07-15,52020.256218672854,52020.256218672854,0.0,52020.256218672854
fixed6000,q2,2025-07-16,55519.11327400258,55519.11327400258,0.0,55519.11327400258
fixed6000,q2,2025-07-17,52803.38722069055,52803.38722069055,0.0,52803.38722069055
fixed6000,q2,2025-07-18,28698.656416636644,28698.656416636644,0.0,28698.656416636644
fixed6000,q2,2025-07-19,28218.695846988812,28218.695846988812,0.0,28218.695846988812
fixed6000,q2,2025-07-20,51656.85315481135,51656.85315481135,0.0,51656.85315481135
fixed6000,q2,2025-07-21,56106.351843622964,56106.351843622964,0.0,56106.351843622964
fixed6000,q2,2025-07-22,55107.746262136185,55107.746262136185,0.0,55107.746262136185
fixed6000,q2,2025-07-23,53576.13211791153,53576.13211791153,0.0,53576.13211791153
fixed6000,q2,2025-07-24,49718.8742167193,49718.8742167193,0.0,49718.8742167193
fixed6000,q2,2025-07-25,25292.91209141894,25292.91209141894,0.0,25292.91209141894
fixed6000,q2,2025-07-26,32177.79987942461,32177.79987942461,0.0,32177.79987942461
fixed6000,q2,2025-07-27,56891.30060952685,56891.30060952685,0.0,56891.30060952685
fixed6000,q2,2025-07-28,54093.326194964626,54093.326194964626,0.0,54093.326194964626
fixed6000,q2,2025-07-29,53924.13628325429,53924.13628325429,0.0,53924.13628325429
fixed6000,q2,2025-07-30,57452.05519373054,57452.05519373054,0.0,57452.05519373054
fixed6000,q2,2025-07-31,54860.01523276136,54860.01523276136,0.0,54860.01523276136
fixed6000,q2,2025-08-01,28303.947395796364,28303.947395796364,0.0,28303.947395796364
fixed6000,q2,2025-08-02,27359.5095252294,27359.5095252294,0.0,27359.5095252294
fixed6000,q2,2025-08-03,51193.19377529371,51193.19377529371,0.0,51193.19377529371
fixed6000,q2,2025-08-04,51425.86166753774,51425.86166753774,0.0,51425.86166753774
fixed6000,q2,2025-08-05,49938.720232760505,49938.720232760505,0.0,49938.720232760505
fixed6000,q2,2025-08-06,48641.126196083555,48641.126196083555,0.0,48641.126196083555
fixed6000,q2,2025-08-07,45222.22149036224,45222.22149036224,0.0,45222.22149036224
fixed6000,q2,2025-08-08,24421.437788534524,24421.437788534524,0.0,24421.437788534524
fixed6000,q2,2025-08-09,25292.650713478753,25292.650713478753,0.0,25292.650713478753
fixed6000,q2,2025-08-10,46519.182157291165,46519.182157291165,0.0,46519.182157291165
fixed6000,q2,2025-08-11,46794.769072760275,46794.769072760275,0.0,46794.769072760275
fixed6000,q2,2025-08-12,49087.57921823278,49087.57921823278,0.0,49087.57921823278
fixed6000,q2,2025-08-13,46538.19753380706,46538.19753380706,0.0,46538.19753380706
fixed6000,q2,2025-08-14,43732.49015443715,43732.49015443715,0.0,43732.49015443715
fixed6000,q2,2025-08-15,23428.180236591375,23428.180236591375,0.0,23428.180236591375
fixed6000,q2,2025-08-16,26163.20898087028,26163.20898087028,0.0,26163.20898087028
fixed6000,q2,2025-08-17,47119.86519806132,47119.86519806132,0.0,47119.86519806132
fixed6000,q2,2025-08-18,45706.81393305995,45706.81393305995,0.0,45706.81393305995
fixed6000,q2,2025-08-19,46139.735846107134,46139.735846107134,0.0,46139.735846107134
fixed6000,q2,2025-08-20,56123.13924025041,56123.13924025041,0.0,56123.13924025041
fixed6000,q2,2025-08-21,44829.24332541988,44829.24332541988,0.0,44829.24332541988
fixed6000,q2,2025-08-22,25983.343971938273,25983.343971938273,0.0,25983.343971938273
fixed6000,q2,2025-08-23,26053.21223170146,26053.21223170146,0.0,26053.21223170146
fixed6000,q2,2025-08-24,46493.73470280822,46493.73470280822,0.0,46493.73470280822
fixed6000,q2,2025-08-25,50353.11287308995,50353.11287308995,0.0,50353.11287308995
fixed6000,q2,2025-08-26,47665.96777074785,47665.96777074785,0.0,47665.96777074785
fixed6000,q2,2025-08-27,49182.434397681995,49182.434397681995,0.0,49182.434397681995
fixed6000,q2,2025-08-28,52374.19842628197,52374.19842628197,0.0,52374.19842628197
fixed6000,q2,2025-08-29,25918.10816515187,25918.10816515187,0.0,25918.10816515187
fixed6000,q2,2025-08-30,26471.855707353567,26471.855707353567,0.0,26471.855707353567
fixed6000,q2,2025-08-31,49080.75467494236,49080.75467494236,0.0,49080.75467494236
fixed6000,q2,2025-09-01,48964.542679330145,48964.542679330145,0.0,48964.542679330145
fixed6000,q2,2025-09-02,47015.55509135485,47015.55509135485,0.0,47015.55509135485
fixed6000,q2,2025-09-03,46427.97949294669,46427.97949294669,0.0,46427.97949294669
fixed6000,q2,2025-09-04,46360.62698051789,46360.62698051789,0.0,46360.62698051789
fixed6000,q2,2025-09-05,22306.721205944836,22306.721205944836,0.0,22306.721205944836
fixed6000,q2,2025-09-06,26261.376896086374,26261.376896086374,0.0,26261.376896086374
fixed6000,q2,2025-09-07,46144.73832744459,46144.73832744459,0.0,46144.73832744459
fixed6000,q2,2025-09-08,43850.53164619081,43850.53164619081,0.0,43850.53164619081
fixed6000,q2,2025-09-09,40389.62539946655,40389.62539946655,0.0,40389.62539946655
fixed6000,q2,2025-09-10,49208.38925294703,49208.38925294703,0.0,49208.38925294703
fixed6000,q2,2025-09-11,37058.962054884425,37058.962054884425,0.0,37058.962054884425
fixed6000,q2,2025-09-12,18242.41700173186,18242.41700173186,0.0,18242.41700173186
fixed6000,q2,2025-09-13,19718.69810063435,19718.69810063435,0.0,19718.69810063435
fixed6000,q2,2025-09-14,40801.05449240807,40801.05449240807,0.0,40801.05449240807
fixed6000,q2,2025-09-15,40591.92133647603,40591.92133647603,0.0,40591.92133647603
fixed6000,q2,2025-09-16,40645.01038300182,40645.01038300182,0.0,40645.01038300182
fixed6000,q2,2025-09-17,41950.498593978235,41950.498593978235,0.0,41950.498593978235
fixed6000,q2,2025-09-18,39542.28281796302,39542.28281796302,0.0,39542.28281796302
fixed6000,q2,2025-09-19,18315.82656314684,18315.82656314684,0.0,18315.82656314684
fixed6000,q2,2025-09-20,21221.260403369823,21221.260403369823,0.0,21221.260403369823
fixed6000,q2,2025-09-21,43520.11108097635,43520.11108097635,0.0,43520.11108097635
fixed6000,q2,2025-09-22,41734.472256393,41734.472256393,0.0,41734.472256393
fixed6000,q2,2025-09-23,44591.62552505582,44591.62552505582,0.0,44591.62552505582
fixed6000,q2,2025-09-24,42954.32523117754,42954.32523117754,0.0,42954.32523117754
fixed6000,q2,2025-09-25,42346.52151161633,42346.52151161633,0.0,42346.52151161633
fixed6000,q2,2025-09-26,18641.62339273269,18641.62339273269,0.0,18641.62339273269
fixed6000,q2,2025-09-27,26984.598817514016,26984.598817514016,0.0,26984.598817514016
fixed6000,q2,2025-09-28,43972.61810219825,43972.61810219825,0.0,43972.61810219825
fixed6000,q2,2025-09-29,44289.3020492862,44289.3020492862,0.0,44289.3020492862
fixed6000,q2,2025-09-30,45697.48426966195,45697.48426966195,0.0,45697.48426966195
fixed6000,q2,2025-10-01,44664.28970811651,44664.28970811651,0.0,44664.28970811651
fixed6000,q2,2025-10-02,40767.44562898339,40767.44562898339,0.0,40767.44562898339
fixed6000,q2,2025-10-03,17237.674083016005,17237.674083016005,0.0,17237.674083016005
fixed6000,q2,2025-10-04,20463.775736222695,20463.775736222695,0.0,20463.775736222695
fixed6000,q2,2025-10-05,43032.99926355149,43032.99926355149,0.0,43032.99926355149
fixed6000,q2,2025-10-06,41245.89156046528,41245.89156046528,0.0,41245.89156046528
fixed6000,q2,2025-10-07,42611.17212049832,42611.17212049832,0.0,42611.17212049832
fixed6000,q2,2025-10-08,39260.60055739114,39260.60055739114,0.0,39260.60055739114
fixed6000,q2,2025-10-09,38556.75538795735,38556.75538795735,0.0,38556.75538795735
fixed6000,q2,2025-10-10,16405.69442233165,16405.69442233165,0.0,16405.69442233165
fixed6000,q2,2025-10-11,18041.219345859005,18041.219345859005,0.0,18041.219345859005
fixed6000,q2,2025-10-12,39782.03816418571,39782.03816418571,0.0,39782.03816418571
fixed6000,q2,2025-10-13,40790.311982532396,40790.311982532396,0.0,40790.311982532396
fixed6000,q2,2025-10-14,41297.10115633752,41297.10115633752,0.0,41297.10115633752
fixed6000,q2,2025-10-15,41009.908671395635,41009.908671395635,0.0,41009.908671395635
fixed6000,q2,2025-10-16,45583.64995124943,45583.64995124943,0.0,45583.64995124943
fixed6000,q2,2025-10-17,17392.08501061036,17392.08501061036,0.0,17392.08501061036
fixed6000,q2,2025-10-18,18444.331537468483,18444.331537468483,0.0,18444.331537468483
fixed6000,q2,2025-10-19,46548.51453695506,46548.51453695506,0.0,46548.51453695506
fixed6000,q2,2025-10-20,45518.9465902395,45518.9465902395,0.0,45518.9465902395
fixed6000,q2,2025-10-21,44688.506479214,44688.506479214,0.0,44688.506479214
fixed6000,q2,2025-10-22,47255.96542905454,47255.96542905454,0.0,47255.96542905454
fixed6000,q2,2025-10-23,43875.94993695592,43875.94993695592,0.0,43875.94993695592
fixed6000,q2,2025-10-24,17077.431620432923,17077.431620432923,0.0,17077.431620432923
fixed6000,q2,2025-10-25,19318.383181447916,19318.383181447916,0.0,19318.383181447916
fixed6000,q2,2025-10-26,46673.24025627036,46673.24025627036,0.0,46673.24025627036
fixed6000,q2,2025-10-27,45709.34855078223,45709.34855078223,0.0,45709.34855078223
fixed6000,q2,2025-10-28,44681.481129039516,44681.481129039516,0.0,44681.481129039516
fixed6000,q2,2025-10-29,47720.32838003003,47720.32838003003,0.0,47720.32838003003
fixed6000,q2,2025-10-30,44267.39619452297,44267.39619452297,0.0,44267.39619452297
fixed6000,q2,2025-10-31,18164.98293875973,18164.98293875973,0.0,18164.98293875973
fixed6000,q2,2025-11-01,19107.49324268996,19107.49324268996,0.0,19107.49324268996
fixed6000,q2,2025-11-02,46776.87171145528,46776.87171145528,0.0,46776.87171145528
fixed6000,q2,2025-11-03,47243.26697256086,47243.26697256086,0.0,47243.26697256086
fixed6000,q2,2025-11-04,47691.53172725714,47691.53172725714,0.0,47691.53172725714
fixed6000,q2,2025-11-05,48885.36787776004,48885.36787776004,0.0,48885.36787776004
fixed6000,q2,2025-11-06,51152.191531016986,51152.191531016986,0.0,51152.191531016986
fixed6000,q2,2025-11-07,19363.267602783664,19363.267602783664,0.0,19363.267602783664
fixed6000,q2,2025-11-08,19361.08950766547,19361.08950766547,0.0,19361.08950766547
fixed6000,q2,2025-11-09,49867.6789027951,49867.6789027951,0.0,49867.6789027951
fixed6000,q2,2025-11-10,50076.428108120956,50076.428108120956,0.0,50076.428108120956
fixed6000,q2,2025-11-11,49334.87785856376,49334.87785856376,0.0,49334.87785856376
fixed6000,q2,2025-11-12,49666.070155030124,49666.070155030124,0.0,49666.070155030124
fixed6000,q2,2025-11-13,51007.91356759455,51007.91356759455,0.0,51007.91356759455
fixed6000,q2,2025-11-14,19039.887664954185,19039.887664954185,0.0,19039.887664954185
fixed6000,q2,2025-11-15,19152.746079746736,19152.746079746736,0.0,19152.746079746736
fixed6000,q2,2025-11-16,50631.02722628882,50631.02722628882,0.0,50631.02722628882
fixed6000,q2,2025-11-17,52613.44906876382,52613.44906876382,0.0,52613.44906876382
fixed6000,q2,2025-11-18,51929.88380898919,51929.88380898919,0.0,51929.88380898919
fixed6000,q2,2025-11-19,50773.41883707992,50773.41883707992,0.0,50773.41883707992
fixed6000,q2,2025-11-20,52102.21125254771,52102.21125254771,0.0,52102.21125254771
fixed6000,q2,2025-11-21,20115.84149597658,20115.84149597658,0.0,20115.84149597658
fixed6000,q2,2025-11-22,19913.46129379153,19913.46129379153,0.0,19913.46129379153
fixed6000,q2,2025-11-23,52818.67864726047,52818.67864726047,0.0,52818.67864726047
fixed6000,q2,2025-11-24,51749.0994643522,51749.0994643522,0.0,51749.0994643522
fixed6000,q2,2025-11-25,53322.251774253375,53322.251774253375,0.0,53322.251774253375
fixed6000,q2,2025-11-26,53265.92820958222,53265.92820958222,0.0,53265.92820958222
fixed6000,q2,2025-11-27,52933.93615530907,52933.93615530907,0.0,52933.93615530907
fixed6000,q2,2025-11-28,19883.857935995726,19883.857935995726,0.0,19883.857935995726
fixed6000,q2,2025-11-29,21720.61413096165,21720.61413096165,0.0,21720.61413096165
fixed6000,q2,2025-11-30,54661.2739358912,54661.2739358912,0.0,54661.2739358912
fixed6000,q2,2025-12-01,74904.25051757025,74904.25051757025,0.0,74904.25051757025
fixed6000,q2,2025-12-02,84619.56881078574,84619.56881078574,0.0,84619.56881078574
fixed6000,q2,2025-12-03,71342.91732228859,71342.91732228859,0.0,71342.91732228859
fixed6000,q2,2025-12-04,70645.75990985389,70645.75990985389,0.0,70645.75990985389
fixed6000,q2,2025-12-05,29154.5515350473,29154.5515350473,0.0,29154.5515350473
fixed6000,q2,2025-12-06,31642.671170843525,31642.671170843525,0.0,31642.671170843525
fixed6000,q2,2025-12-07,68279.07922595089,68279.07922595089,0.0,68279.07922595089
fixed6000,q2,2025-12-08,65468.43083375339,65468.43083375339,0.0,65468.43083375339
fixed6000,q2,2025-12-09,65290.81589157863,65290.81589157863,0.0,65290.81589157863
fixed6000,q2,2025-12-10,62342.60418130377,62342.60418130377,0.0,62342.60418130377
fixed6000,q2,2025-12-11,62974.88190006722,62974.88190006722,0.0,62974.88190006722
fixed6000,q2,2025-12-12,28713.89215456994,28713.89215456994,0.0,28713.89215456994
fixed6000,q2,2025-12-13,29934.800954175902,29934.800954175902,0.0,29934.800954175902
fixed6000,q2,2025-12-14,65477.28483487156,65477.28483487156,0.0,65477.28483487156
fixed6000,q2,2025-12-15,62457.61004571118,62457.61004571118,0.0,62457.61004571118
fixed6000,q2,2025-12-16,65315.69941657209,65315.69941657209,0.0,65315.69941657209
fixed6000,q2,2025-12-17,66081.92414421184,66081.92414421184,0.0,66081.92414421184
fixed6000,q2,2025-12-18,64321.377512462765,64321.377512462765,0.0,64321.377512462765
fixed6000,q2,2025-12-19,27233.042616718027,27233.042616718027,0.0,27233.042616718027
fixed6000,q2,2025-12-20,27370.619386450297,27370.619386450297,0.0,27370.619386450297
fixed6000,q2,2025-12-21,65624.74936722562,65624.74936722562,0.0,65624.74936722562
fixed6000,q2,2025-12-22,64567.741111597425,64567.741111597425,0.0,64567.741111597425
fixed6000,q2,2025-12-23,62857.995043551826,62857.995043551826,0.0,62857.995043551826
fixed6000,q2,2025-12-24,62134.465579468626,62134.465579468626,0.0,62134.465579468626
fixed6000,q2,2025-12-25,63535.9225053287,63535.9225053287,0.0,63535.9225053287
fixed6000,q2,2025-12-26,29419.46446708725,29419.46446708725,0.0,29419.46446708725
fixed6000,q2,2025-12-27,28758.22504852577,28758.22504852577,0.0,28758.22504852577
fixed6000,q2,2025-12-28,63190.2481877974,63190.2481877974,0.0,63190.2481877974
fixed6000,q2,2025-12-29,62675.54820193285,62675.54820193285,0.0,62675.54820193285
fixed6000,q2,2025-12-30,64725.043967065656,64725.043967065656,0.0,64725.043967065656
fixed6000,q2,2025-12-31,63531.52791057029,63531.52791057029,0.0,63531.52791057029
fixed6000,q3,2025-02-01,25061.315363129674,28114.8669607686,3053.5515976389233,26588.091161949134
fixed6000,q3,2025-02-02,56495.873248289776,61200.35857248226,4704.485324192492,58848.11591038601
fixed6000,q3,2025-02-03,56960.26660804189,61876.14503283353,4915.878424791626,59418.20582043771
fixed6000,q3,2025-02-04,59582.60426851739,65094.57870048619,5511.974431968808,62338.59148450178
fixed6000,q3,2025-02-05,55603.63605770032,57800.7466596495,2197.1106019491795,56702.191358674914
fixed6000,q3,2025-02-06,57654.05122056157,63538.981890827126,5884.930670265567,60596.51655569435
fixed6000,q3,2025-02-07,22871.05320393016,25847.670522015334,2976.6173180851715,24359.36186297275
fixed6000,q3,2025-02-08,19873.440848164704,19884.726890127276,11.286041962570266,19879.08386914599
fixed6000,q3,2025-02-09,55363.63556396292,57026.46870971286,1662.8331457499423,56195.05213683789
fixed6000,q3,2025-02-10,52009.803301689695,55964.06600190801,3954.2627002183176,53986.93465179885
fixed6000,q3,2025-02-11,52428.21839275008,55388.77616693738,2960.557774187297,53908.49727984373
fixed6000,q3,2025-02-12,51545.361681042166,54057.9907494723,2512.629068430143,52801.676215257234
fixed6000,q3,2025-02-13,49700.93043904001,52802.88121792714,3101.950778887136,51251.90582848357
fixed6000,q3,2025-02-14,19676.151243743123,19812.224611559537,136.07336781641612,19744.18792765133
fixed6000,q3,2025-02-15,19643.138072344067,20172.61159086319,529.473518519123,19907.87483160363
fixed6000,q3,2025-02-16,52827.69962066136,57534.67319790183,4706.973577240464,55181.186409281596
fixed6000,q3,2025-02-17,50723.97035064979,56728.04642935934,6004.076078709554,53726.00839000457
fixed6000,q3,2025-02-18,48787.14184939653,48788.78390376427,1.6420543677351978,48787.96287658041
fixed6000,q3,2025-02-19,49470.13823559152,49527.39538810577,57.257152514255495,49498.76681184865
fixed6000,q3,2025-02-20,48450.46698809857,50869.29825288836,2418.831264789795,49659.882620493474
fixed6000,q3,2025-02-21,18187.908816999236,18258.008528765797,70.09971176655891,18222.958672882516
fixed6000,q3,2025-02-22,19269.678005565773,19443.299494532228,173.6214889664566,19356.488750049
fixed6000,q3,2025-02-23,48360.87115831193,50616.46745334678,2255.5962950348453,49488.66930582935
fixed6000,q3,2025-02-24,46997.46483165723,47832.048104334586,834.5832726773626,47414.7564679959
fixed6000,q3,2025-02-25,47001.27150807952,52255.20280463703,5253.931296557519,49628.23715635827
fixed6000,q3,2025-02-26,46561.51402211211,46660.343713547205,98.829691435097,46610.92886782966
fixed6000,q3,2025-02-27,44437.06555062451,44450.38209053151,13.316539906993967,44443.723820578016
fixed6000,q3,2025-02-28,17538.13559908332,17789.698302479188,251.56270339586524,17663.916950781255
fixed6000,q3,2025-03-01,20665.073505930974,21882.93142990626,1217.8579239752878,21274.002467918617
fixed6000,q3,2025-03-02,50494.01787718423,52821.51407971738,2327.496202533148,51657.76597845081
fixed6000,q3,2025-03-03,50100.80055531296,52349.93681284135,2249.1362575283897,51225.368684077155
fixed6000,q3,2025-03-04,47423.706622814796,47717.531503432256,293.82488061746005,47570.61906312352
fixed6000,q3,2025-03-05,49032.9080693119,54615.7185294168,5582.810460104898,51824.313299364345
fixed6000,q3,2025-03-06,44520.33547921425,46125.97731415257,1605.641834938317,45323.156396683415
fixed6000,q3,2025-03-07,16994.26853509996,17747.930489314353,753.6619542143942,17371.099512207154
fixed6000,q3,2025-03-08,18563.4355351028,18563.4355351028,1.1368683772161603e-13,18563.4355351028
fixed6000,q3,2025-03-09,44378.2688547265,47207.84838207105,2829.579527344553,45793.058618398776
fixed6000,q3,2025-03-10,45399.714240201734,45456.79630942918,57.08206922744432,45428.255274815456
fixed6000,q3,2025-03-11,43035.179756483965,43038.551557169994,3.3718006860308947,43036.86565682698
fixed6000,q3,2025-03-12,43639.97432485917,45613.63152230649,1973.6571974473127,44626.80292358283
fixed6000,q3,2025-03-13,44690.13377020809,45881.72274442509,1191.588974217006,45285.928257316584
fixed6000,q3,2025-03-14,16353.50234718422,16353.575250382042,0.0729031978227681,16353.538798783131
fixed6000,q3,2025-03-15,18149.75991502477,18154.451843461597,4.6919284368304375,18152.105879243183
fixed6000,q3,2025-03-16,44314.276993692416,45208.65588912946,894.3788954370411,44761.46644141094
fixed6000,q3,2025-03-17,40094.97639351686,42168.74788803998,2073.7714945231187,41131.86214077842
fixed6000,q3,2025-03-18,44005.567892364445,49692.18396971644,5686.616077351993,46848.87593104044
fixed6000,q3,2025-03-19,41034.480096148065,41034.480096148065,0.0,41034.480096148065
fixed6000,q3,2025-03-20,41031.60181094053,42801.818325940025,1770.2165149994896,41916.710068440276
fixed6000,q3,2025-03-21,15458.749725268528,15623.969691303693,165.21996603516493,15541.35970828611
fixed6000,q3,2025-03-22,18660.57994071426,18665.72221844004,5.142277725783401,18663.15107957715
fixed6000,q3,2025-03-23,42431.540278755594,47107.7217655104,4676.181486754815,44769.631022133
fixed6000,q3,2025-03-24,40195.94844517171,41961.10384346661,1765.155398294906,41078.526144319156
fixed6000,q3,2025-03-25,43387.33813214231,47688.619127535305,4301.280995393006,45537.9786298388
fixed6000,q3,2025-03-26,39697.4552481705,42770.97446852207,3073.5192203515653,41234.21485834629
fixed6000,q3,2025-03-27,37796.60755395042,39736.50133537322,1939.8937814227897,38766.55444466182
fixed6000,q3,2025-03-28,15782.505606435761,15964.298093222762,181.7924867870021,15873.401849829263
fixed6000,q3,2025-03-29,17168.963826151157,17173.29536608482,4.331539933667386,17171.12959611799
fixed6000,q3,2025-03-30,39103.210394178765,43767.46686348783,4664.25646930907,41435.3386288333
fixed6000,q3,2025-03-31,37210.338996167964,37580.86320782988,370.524211661921,37395.601101998924
fixed6000,q3,2025-04-01,41359.11006429662,41592.61673979579,233.50667549917074,41475.863402046205
fixed6000,q3,2025-04-02,41459.40295478355,42865.11257724056,1405.709622457008,42162.25776601205
fixed6000,q3,2025-04-03,38814.24176720009,42187.41637847734,3373.1746112772507,40500.829072838715
fixed6000,q3,2025-04-04,14269.6415445582,14270.372576102902,0.7310315447019775,14270.007060330552
fixed6000,q3,2025-04-05,17126.329951145715,17129.428708616677,3.0987574709609476,17127.879329881194
fixed6000,q3,2025-04-06,38038.748067936605,40129.01446129628,2090.2663933596796,39083.881264616444
fixed6000,q3,2025-04-07,35788.87675779763,36304.41515413621,515.5383963385812,36046.645955966924
fixed6000,q3,2025-04-08,39259.70174473477,43710.51904502556,4450.817300290795,41485.11039488017
fixed6000,q3,2025-04-09,40306.17004149628,42799.90404952041,2493.734008024124,41553.03704550835
fixed6000,q3,2025-04-10,35045.09357572114,36184.52480676088,1139.4312310397356,35614.80919124102
fixed6000,q3,2025-04-11,13493.856395935156,13493.856395935156,0.0,13493.856395935156
fixed6000,q3,2025-04-12,16878.40233863119,17420.934115882977,542.5317772517888,17149.668227257087
fixed6000,q3,2025-04-13,36802.84618062223,39345.22776850969,2542.381587887461,38074.03697456596
fixed6000,q3,2025-04-14,37068.61280189386,41948.19997139764,4879.587169503779,39508.40638664576
fixed6000,q3,2025-04-15,34661.31735872866,35522.910742742104,861.5933840134503,35092.11405073538
fixed6000,q3,2025-04-16,37378.01405597477,38289.92457981825,911.910523843485,37833.96931789651
fixed6000,q3,2025-04-17,32848.41305112316,33658.68376321606,810.2707120929038,33253.54840716961
fixed6000,q3,2025-04-18,13545.575526261431,13660.203235547931,114.62770928649924,13602.889380904682
fixed6000,q3,2025-04-19,15793.26283351441,15799.570567066381,6.307733551967544,15796.416700290396
fixed6000,q3,2025-04-20,36031.59172739896,37210.8857330338,1179.2940056348375,36621.238730216384
fixed6000,q3,2025-04-21,34084.69683093898,36325.685592088455,2240.9887611494764,35205.191211513724
fixed6000,q3,2025-04-22,34614.42960917074,34925.40437328171,310.9747641109704,34769.916991226215
fixed6000,q3,2025-04-23,34310.94482764081,34332.92361266004,21.97878501922496,34321.934220150426
fixed6000,q3,2025-04-24,31405.042191507793,32404.672382526707,999.630191018915,31904.85728701725
fixed6000,q3,2025-04-25,12726.032986404862,13062.419702973752,336.38671656889255,12894.226344689307
fixed6000,q3,2025-04-26,15930.293849437337,15930.363752804695,0.06990336735645997,15930.328801121015
fixed6000,q3,2025-04-27,34269.81299415782,35093.48974977454,823.676755616721,34681.65137196618
fixed6000,q3,2025-04-28,38303.70249887326,40165.6426860939,1861.940187220648,39234.67259248358
fixed6000,q3,2025-04-29,34491.4104383044,36037.1648879131,1545.754449608703,35264.28766310876
fixed6000,q3,2025-04-30,32699.62176176525,33341.36552458825,641.743762822992,33020.49364317675
fixed6000,q3,2025-05-01,38539.32861336629,39537.52290518169,998.1942918153997,39038.42575927399
fixed6000,q3,2025-05-02,21183.60238223025,21187.931900596155,4.329518365904107,21185.767141413202
fixed6000,q3,2025-05-03,22489.103604895157,22489.103604895157,0.0,22489.103604895157
fixed6000,q3,2025-05-04,40617.988713031664,44500.9666405507,3882.9779275190317,42559.47767679118
fixed6000,q3,2025-05-05,41357.325717063686,43746.74695224021,2389.42123517653,42552.036334651944
fixed6000,q3,2025-05-06,40562.72101292981,41207.345964103966,644.624951174161,40885.03348851689
fixed6000,q3,2025-05-07,41894.48741120642,41909.699915790676,15.212504584255953,41902.09366349855
fixed6000,q3,2025-05-08,37869.949518661786,40999.764394961014,3129.814876299225,39434.8569568114
fixed6000,q3,2025-05-09,15959.651729214198,15970.048286426781,10.396557212584185,15964.850007820489
fixed6000,q3,2025-05-10,18149.43796374457,18149.43796374457,0.0,18149.43796374457
fixed6000,q3,2025-05-11,37806.17133197275,38456.66516096361,650.4938289908612,38131.41824646818
fixed6000,q3,2025-05-12,36819.95287232807,37310.29210740821,490.33923508014567,37065.12248986814
fixed6000,q3,2025-05-13,39489.54255318859,43545.93145445487,4056.3889012662767,41517.737003821734
fixed6000,q3,2025-05-14,39279.89281688178,43353.05675300909,4073.1639361273133,41316.47478494544
fixed6000,q3,2025-05-15,35801.33040921362,38316.57219752796,2515.241788314341,37058.951303370784
fixed6000,q3,2025-05-16,15528.220781760134,15698.962273086752,170.74149132662006,15613.591527423443
fixed6000,q3,2025-05-17,18618.901200384025,19093.74985919954,474.84865881550934,18856.325529791782
fixed6000,q3,2025-05-18,39721.345416168646,43795.88797177691,4074.542555608264,41758.61669397278
fixed6000,q3,2025-05-19,36083.832239598516,37428.253630273146,1344.4213906746322,36756.04293493583
fixed6000,q3,2025-05-20,36558.204535922225,36886.96153205971,328.75699613747946,36722.583033990966
fixed6000,q3,2025-05-21,36645.0675618987,36952.887887855264,307.82032595657586,36798.97772487698
fixed6000,q3,2025-05-22,34287.59813270711,36032.436758949814,1744.8386262427066,35160.01744582847
fixed6000,q3,2025-05-23,14904.44593463917,14904.44593463917,0.0,14904.44593463917
fixed6000,q3,2025-05-24,18278.64736060021,18542.00442549263,263.3570648924169,18410.32589304642
fixed6000,q3,2025-05-25,35392.42670790479,36752.23981582654,1359.8131079217465,36072.33326186567
fixed6000,q3,2025-05-26,38256.76595211301,38784.8057823182,528.0398302051861,38520.78586721561
fixed6000,q3,2025-05-27,35561.5995498589,36130.179471133655,568.5799212747487,35845.88951049629
fixed6000,q3,2025-05-28,37442.32457440193,39585.535262926234,2143.2106885243006,38513.929918664086
fixed6000,q3,2025-05-29,34760.024696506174,35553.864984964806,793.8402884586299,35156.94484073549
fixed6000,q3,2025-05-30,16010.832616913547,16037.242905172781,26.410288259235564,16024.037761043164
fixed6000,q3,2025-05-31,19436.549882789688,20406.034095717318,969.4842129276317,19921.291989253503
fixed6000,q3,2025-06-01,56679.98561787329,62238.00483115442,5558.019213281146,59458.995224513856
fixed6000,q3,2025-06-02,55556.50478626228,60665.43624175508,5108.9314554928005,58110.97051400868
fixed6000,q3,2025-06-03,51725.84263311494,52713.191858555496,987.3492254405418,52219.51724583521
fixed6000,q3,2025-06-04,51820.352490586134,59134.4715277388,7314.1190371526645,55477.412009162465
fixed6000,q3,2025-06-05,49607.51914227669,50602.6243005273,995.1051582506091,50105.071721402
fixed6000,q3,2025-06-06,27190.768141900182,28495.52572088509,1304.7575789849063,27843.14693139264
fixed6000,q3,2025-06-07,28343.896574841172,28641.94790404785,298.05132920667916,28492.922239444513
fixed6000,q3,2025-06-08,49398.536452811066,52933.814312290255,3535.277859479188,51166.17538255066
fixed6000,q3,2025-06-09,52867.05376425431,57493.75643197576,4626.702667721439,55180.405098115036
fixed6000,q3,2025-06-10,50653.16835924702,52546.6906258759,1893.5222666288823,51599.92949256145
fixed6000,q3,2025-06-11,55137.340723967376,56607.15546056624,1469.814736598875,55872.248092266804
fixed6000,q3,2025-06-12,49837.61452239523,51252.05281367269,1414.4382912774595,50544.833668033956
fixed6000,q3,2025-06-13,23009.32878670627,23449.49368828779,440.16490158151714,23229.41123749703
fixed6000,q3,2025-06-14,25726.96270153675,27082.450094735257,1355.4873931985053,26404.706398136004
fixed6000,q3,2025-06-15,49463.882683260854,50460.52042888092,996.6377456200701,49962.20155607088
fixed6000,q3,2025-06-16,51288.40041847995,51629.60324423634,341.2028257563918,51459.001831358146
fixed6000,q3,2025-06-17,53293.55960069179,53903.90402868259,610.3444279907906,53598.7318146872
fixed6000,q3,2025-06-18,52652.85556169532,55979.921001233975,3327.0654395386555,54316.38828146466
fixed6000,q3,2025-06-19,47448.13324661432,50901.11179408427,3452.978547469952,49174.622520349294
fixed6000,q3,2025-06-20,21364.29616154966,21821.646098643865,457.3499370942048,21592.97113009676
fixed6000,q3,2025-06-21,25206.740795950158,25618.852725748962,412.11192979880354,25412.79676084956
fixed6000,q3,2025-06-22,47208.50999831794,49368.76785329376,2160.2578549758177,48288.63892580585
fixed6000,q3,2025-06-23,47444.26887664773,48687.87084900451,1243.6019723567783,48066.069862826116
fixed6000,q3,2025-06-24,54935.058331242864,58336.20566328192,3401.1473320390573,56635.631997262404
fixed6000,q3,2025-06-25,49691.37190831717,51373.934663378495,1682.5627550613249,50532.65328584783
fixed6000,q3,2025-06-26,47595.29959398124,49095.76625838222,1500.4666644009753,48345.53292618173
fixed6000,q3,2025-06-27,21536.925336127268,23164.337343772888,1627.412007645616,22350.631339950076
fixed6000,q3,2025-06-28,22711.478366365962,22750.841241740796,39.36287537483768,22731.15980405338
fixed6000,q3,2025-06-29,48204.55907627353,48337.02437646786,132.46530019432834,48270.79172637069
fixed6000,q3,2025-06-30,50363.25157343286,51786.76490936827,1423.5133359354113,51075.00824140056
fixed6000,q3,2025-07-01,62038.23713397305,62038.23713397305,1.1368683772161603e-13,62038.23713397305
fixed6000,q3,2025-07-02,55784.40088622377,55784.40088622377,0.0,55784.40088622377
fixed6000,q3,2025-07-03,57792.17933333139,58376.09282328637,583.9134899549812,58084.13607830889
fixed6000,q3,2025-07-04,30987.324679028643,30987.324679028643,0.0,30987.324679028643
fixed6000,q3,2025-07-05,35645.74291507127,35645.74291507127,0.0,35645.74291507127
fixed6000,q3,2025-07-06,60130.9215885079,60382.606922337334,251.68533382944065,60256.76425542262
fixed6000,q3,2025-07-07,56917.37060942536,57066.824825041054,149.45421561570288,56992.097717233206
fixed6000,q3,2025-07-08,57782.07316922092,62125.04434657952,4342.971177358606,59953.55875790023
fixed6000,q3,2025-07-09,56403.54335266099,59282.76601488037,2879.2226622193753,57843.15468377068
fixed6000,q3,2025-07-10,50837.62526348827,54265.3465859248,3427.7213224365314,52551.48592470653
fixed6000,q3,2025-07-11,27264.11971880207,28120.00901385172,855.8892950496512,27692.064366326893
fixed6000,q3,2025-07-12,31428.489575940886,31851.96514349385,423.4755675529568,31640.22735971737
fixed6000,q3,2025-07-13,54041.84112587365,60802.54303725713,6760.701911383469,57422.19208156539
fixed6000,q3,2025-07-14,55075.30031360593,59674.94216030033,4599.641846694397,57375.12123695313
fixed6000,q3,2025-07-15,53090.37093915682,59105.16199160599,6014.7910524491745,56097.766465381406
fixed6000,q3,2025-07-16,55185.346760138316,58395.39282352149,3210.0460633831776,56790.3697918299
fixed6000,q3,2025-07-17,51523.460348237364,54341.34056693455,2817.880218697189,52932.40045758596
fixed6000,q3,2025-07-18,28874.33993905579,30549.386740960443,1675.0468019046502,29711.863340008116
fixed6000,q3,2025-07-19,31397.326112392664,33715.41615179451,2318.0900394018436,32556.371132093584
fixed6000,q3,2025-07-20,52466.252151802386,55878.35953072292,3412.1073789205257,54172.305841262656
fixed6000,q3,2025-07-21,57432.99000641533,60813.575839473095,3380.5858330577703,59123.282922944214
fixed6000,q3,2025-07-22,55030.2693413198,56000.758535340894,970.489194021086,55515.51393833035
fixed6000,q3,2025-07-23,56649.544521564276,63982.335149326296,7332.790627762027,60315.93983544529
fixed6000,q3,2025-07-24,54690.9379270948,62840.58935229498,8149.651425200181,58765.76363969488
fixed6000,q3,2025-07-25,24987.390639590092,25593.972668301358,606.5820287112628,25290.68165394572
fixed6000,q3,2025-07-26,30267.056824723764,31018.72372147026,751.6668967465022,30642.89027309702
fixed6000,q3,2025-07-27,54515.24769629327,58736.294641805405,4221.046945512149,56625.771169049345
fixed6000,q3,2025-07-28,54195.9678722865,56013.02696799244,1817.0590957059512,55104.497420139465
fixed6000,q3,2025-07-29,56003.24877498201,57194.21682320462,1190.968048222618,56598.732799093304
fixed6000,q3,2025-07-30,56576.990765076414,57256.70167612624,679.7109110498368,56916.84622060133
fixed6000,q3,2025-07-31,50263.701628437695,50777.750209318416,514.048580880722,50520.72591887806
fixed6000,q3,2025-08-01,27100.331616057818,28120.576303956295,1020.2446878984739,27610.453960007057
fixed6000,q3,2025-08-02,29622.82769139852,31590.876274222614,1968.0485828240908,30606.851982810567
fixed6000,q3,2025-08-03,45761.01936657403,47204.11528841565,1443.0959218416197,46482.567327494835
fixed6000,q3,2025-08-04,47568.945233157356,49972.26045666744,2403.3152235100824,48770.6028449124
fixed6000,q3,2025-08-05,46796.16473535987,48319.1530726448,1522.9883372849363,47557.65890400233
fixed6000,q3,2025-08-06,50418.17997133345,56153.56984619719,5735.389874863741,53285.87490876532
fixed6000,q3,2025-08-07,46339.689606568456,52056.013331117036,5716.323724548577,49197.85146884274
fixed6000,q3,2025-08-08,24143.12420613404,24848.231376543623,705.107170409582,24495.677791338832
fixed6000,q3,2025-08-09,25976.348792198987,26123.632424096402,147.28363189741412,26049.990608147695
fixed6000,q3,2025-08-10,47804.4774707233,51775.01400989575,3970.5365391724376,49789.74574030952
fixed6000,q3,2025-08-11,47958.66222468599,49369.4953317904,1410.8331071044106,48664.07877823821
fixed6000,q3,2025-08-12,49138.18910141779,50871.337776422035,1733.148675004239,50004.763438919916
fixed6000,q3,2025-08-13,46003.17939703385,46003.17939703385,0.0,46003.17939703385
fixed6000,q3,2025-08-14,44699.17231240461,46913.504000125315,2214.331687720708,45806.33815626496
fixed6000,q3,2025-08-15,24679.052806012183,26451.372625788164,1772.3198197759802,25565.212715900176
fixed6000,q3,2025-08-16,28239.689372636632,30563.03087961619,2323.3415069795597,29401.360126126412
fixed6000,q3,2025-08-17,46773.30531106302,48185.54058346927,1412.235272406252,47479.42294726614
fixed6000,q3,2025-08-18,46294.738945743964,48244.547785928924,1949.8088401849595,47269.64336583644
fixed6000,q3,2025-08-19,46882.36692189773,48303.4890857905,1421.1221638927657,47592.92800384412
fixed6000,q3,2025-08-20,50339.80750679842,54111.84210864176,3772.034601843344,52225.824807720084
fixed6000,q3,2025-08-21,45039.58780896675,46796.77890523223,1757.1910962654727,45918.18335709949
fixed6000,q3,2025-08-22,24549.8886049024,24935.752751526325,385.8641466239229,24742.82067821436
fixed6000,q3,2025-08-23,26767.30598134694,26777.178738961145,9.872757614203579,26772.242360154047
fixed6000,q3,2025-08-24,47401.29374302378,48855.94952078242,1454.6557777586372,48128.621631903094
fixed6000,q3,2025-08-25,55928.71902191406,68724.64849024703,12795.929468332972,62326.683756080536
fixed6000,q3,2025-08-26,47105.47559016789,48071.231277060564,965.755686892666,47588.35343361422
fixed6000,q3,2025-08-27,48741.61405478392,49539.24788002482,797.6338252409058,49140.430967404376
fixed6000,q3,2025-08-28,47490.51954921738,47499.42681734911,8.907268131729893,47494.97318328325
fixed6000,q3,2025-08-29,26028.56315872188,26695.330756003823,666.7675972819446,26361.946957362852
fixed6000,q3,2025-08-30,27185.074915557714,28182.271332014017,997.1964164563035,27683.67312378587
fixed6000,q3,2025-08-31,47587.76308391262,47975.50283374096,387.73974982833715,47781.6329588268
fixed6000,q3,2025-09-01,46531.6653130572,52961.52313709914,6429.857824041935,49746.59422507817
fixed6000,q3,2025-09-02,45380.8174788459,48043.723377132876,2662.9058982869756,46712.27042798938
fixed6000,q3,2025-09-03,46136.019825963565,52066.42050397996,5930.400678016397,49101.22016497177
fixed6000,q3,2025-09-04,43735.43607195415,48349.030407512786,4613.594335558633,46042.23323973347
fixed6000,q3,2025-09-05,22114.049197806817,24868.571583089146,2754.5223852823324,23491.31039044798
fixed6000,q3,2025-09-06,25647.990117810004,28063.946975293515,2415.9568574835075,26855.968546551758
fixed6000,q3,2025-09-07,44924.3471155774,48847.20404290741,3922.8569273300136,46885.7755792424
fixed6000,q3,2025-09-08,40721.966187625294,42443.785753797325,1721.8195661720276,41582.875970711306
fixed6000,q3,2025-09-09,39183.39684692853,39196.686004514035,13.289157585506018,39190.04142572128
fixed6000,q3,2025-09-10,41517.5262990632,42127.811861808776,610.2855627455766,41822.66908043599
fixed6000,q3,2025-09-11,39010.860128792025,45709.239251562714,6698.379122770694,42360.04969017737
fixed6000,q3,2025-09-12,18714.454624181642,19065.844602983198,351.389978801559,18890.14961358242
fixed6000,q3,2025-09-13,20767.660338297643,20778.654851941472,10.994513643829123,20773.157595119555
fixed6000,q3,2025-09-14,43388.44434278807,46702.29279202025,3313.848449232177,45045.36856740416
fixed6000,q3,2025-09-15,38593.19077743223,38749.696749635565,156.5059722033373,38671.4437635339
fixed6000,q3,2025-09-16,42855.02529736279,47050.26711363377,4195.241816270984,44952.64620549827
fixed6000,q3,2025-09-17,43098.21170935432,47519.575309744796,4421.363600390475,45308.89350954956
fixed6000,q3,2025-09-18,39048.07210306257,39053.08357350383,5.01147044125787,39050.5778382832
fixed6000,q3,2025-09-19,18437.84188018533,18643.012941199682,205.17106101435277,18540.427410692508
fixed6000,q3,2025-09-20,20664.333939942517,20915.664461299453,251.33052135693998,20789.999200620987
fixed6000,q3,2025-09-21,41962.24941089844,44611.91473816005,2649.66532726161,43287.082074529244
fixed6000,q3,2025-09-22,44486.51924262853,50994.507718608824,6507.988475980292,47740.513480618676
fixed6000,q3,2025-09-23,43196.45827580866,45074.635744226645,1878.1774684179807,44135.54701001765
fixed6000,q3,2025-09-24,42178.32475381645,42206.416662090276,28.091908273827244,42192.37070795336
fixed6000,q3,2025-09-25,41492.58693343213,42882.74460340536,1390.1576699732288,42187.66576841874
fixed6000,q3,2025-09-26,19133.48079136582,21062.059431384794,1928.578640018976,20097.770111375306
fixed6000,q3,2025-09-27,21156.293608309225,21182.9254569529,26.6318486436773,21169.60953263106
fixed6000,q3,2025-09-28,43693.96664012842,43742.93602732835,48.969387199927006,43718.451333728386
fixed6000,q3,2025-09-29,45419.361359043825,49571.293568363195,4151.932209319371,47495.327463703514
fixed6000,q3,2025-09-30,46455.055994414375,47123.76777428927,668.7117798748893,46789.41188435182
fixed6000,q3,2025-10-01,41183.28026043203,44962.49729219832,3779.217031766282,43072.88877631518
fixed6000,q3,2025-10-02,41383.971145777825,49031.79545778255,7647.824312004727,45207.88330178019
fixed6000,q3,2025-10-03,16944.376552117927,17031.255682771545,86.87913065361853,16987.816117444738
fixed6000,q3,2025-10-04,21010.600098799256,22498.150998625253,1487.5508998259975,21754.375548712254
fixed6000,q3,2025-10-05,43252.66309071016,50630.77366210081,7378.110571390653,46941.71837640548
fixed6000,q3,2025-10-06,40385.28066904626,40430.08820524693,44.80753620067031,40407.6844371466
fixed6000,q3,2025-10-07,42567.13750751449,43782.120346232055,1214.9828387175633,43174.628926873265
fixed6000,q3,2025-10-08,39418.604195267755,42058.66409650234,2640.059901234581,40738.63414588505
fixed6000,q3,2025-10-09,40240.028010644186,47996.56817893268,7756.540168288495,44118.29809478843
fixed6000,q3,2025-10-10,17034.615651724926,17354.50151202781,319.8858603028849,17194.558581876365
fixed6000,q3,2025-10-11,17981.757485410053,18019.36295463852,37.60546922846756,18000.560220024287
fixed6000,q3,2025-10-12,41649.346270032096,43867.81183901762,2218.4655689855194,42758.57905452485
fixed6000,q3,2025-10-13,40914.59615290591,45588.61654599816,4674.020393092245,43251.606349452035
fixed6000,q3,2025-10-14,42985.050175477,46314.09261233096,3329.0424368539652,44649.571393903985
fixed6000,q3,2025-10-15,43841.85478901579,48313.38796621618,4471.533177200384,46077.621377615986
fixed6000,q3,2025-10-16,41378.65009497588,41384.81349314457,6.163398168693868,41381.73179406022
fixed6000,q3,2025-10-17,17062.219058843984,17149.077930868087,86.85887202410146,17105.648494856036
fixed6000,q3,2025-10-18,18637.034027238034,19614.144484998596,977.1104577605612,19125.589256118314
fixed6000,q3,2025-10-19,45183.156126583184,48068.22037124384,2885.0642446606576,46625.68824891351
fixed6000,q3,2025-10-20,44794.728943803406,46342.0729892979,1547.344045494496,45568.40096655065
fixed6000,q3,2025-10-21,45398.363460419874,45895.31616882539,496.95270840551836,45646.83981462263
fixed6000,q3,2025-10-22,44294.84567621256,44880.897050117506,586.0513739049454,44587.87136316503
fixed6000,q3,2025-10-23,46615.18055311416,56063.54420708587,9448.363653971703,51339.362380100014
fixed6000,q3,2025-10-24,17391.46224946515,17392.295748988436,0.8334995232872302,17391.878999226792
fixed6000,q3,2025-10-25,19200.302618215625,19231.73826758039,31.435649364767766,19216.020442898007
fixed6000,q3,2025-10-26,47117.520125266106,53898.7766036064,6781.2564783402995,50508.14836443626
fixed6000,q3,2025-10-27,44000.840678003304,44561.59872117879,560.7580431754817,44281.21969959105
fixed6000,q3,2025-10-28,45516.4625947476,45850.413351768504,333.9507570209045,45683.43797325806
fixed6000,q3,2025-10-29,47758.078382212785,48663.54019242773,905.4618102149409,48210.80928732026
fixed6000,q3,2025-10-30,43535.27860804006,43785.78652946736,250.50792142729878,43660.53256875371
fixed6000,q3,2025-10-31,18655.830184317514,19069.7291450285,413.89896071098553,18862.779664673006
fixed6000,q3,2025-11-01,19883.07088033473,20483.618276966765,600.5473966320326,20183.34457865075
fixed6000,q3,2025-11-02,48179.27530143595,48790.58444808239,611.3091466464392,48484.92987475917
fixed6000,q3,2025-11-03,48599.61644551929,50609.180989403045,2009.5645438837591,49604.39871746117
fixed6000,q3,2025-11-04,46958.88033568274,48994.75290166358,2035.8725659808388,47976.81661867317
fixed6000,q3,2025-11-05,49216.71299892274,53051.594667256475,3834.8816683337363,51134.1538330896
fixed6000,q3,2025-11-06,48687.47509479954,49313.11630103759,625.64120623805,49000.29569791857
fixed6000,q3,2025-11-07,18713.723339478256,18714.720692817,0.997353338744233,18714.22201614763
fixed6000,q3,2025-11-08,19464.11066911953,19680.748636778724,216.6379676591959,19572.429652949126
fixed6000,q3,2025-11-09,48802.90390659739,49562.33228676974,759.4283801723452,49182.61809668357
fixed6000,q3,2025-11-10,52404.832486424,54172.270714720165,1767.4382282961626,53288.551600572086
fixed6000,q3,2025-11-11,51264.37993125065,55234.28447846999,3969.9045472193393,53249.33220486032
fixed6000,q3,2025-11-12,49885.58024572413,51534.77640186497,1649.196156140843,50710.17832379455
fixed6000,q3,2025-11-13,50756.63355595363,51351.766672153564,595.1331161999303,51054.2001140536
fixed6000,q3,2025-11-14,19478.772854226456,19482.492858144327,3.7200039178698034,19480.63285618539
fixed6000,q3,2025-11-15,21881.03202749144,23874.10349730042,1993.0714698089796,22877.56776239593
fixed6000,q3,2025-11-16,50741.25574418575,50777.791954284054,36.536210098309496,50759.5238492349
fixed6000,q3,2025-11-17,51049.93589506894,51218.17984951076,168.24395444181857,51134.05787228985
fixed6000,q3,2025-11-18,50846.812661219505,51169.26338643143,322.4507252119139,51008.03802382547
fixed6000,q3,2025-11-19,53102.410202354935,53733.66100594557,631.2508035906369,53418.03560415025
fixed6000,q3,2025-11-20,51037.48055203626,51329.37451415889,291.89396212263466,51183.42753309757
fixed6000,q3,2025-11-21,19610.165472596,19612.235110966394,2.0696383703914307,19611.200291781195
fixed6000,q3,2025-11-22,21599.334103336107,23474.017698185566,1874.6835948494584,22536.675900760838
fixed6000,q3,2025-11-23,52263.63776269968,53234.53014340621,970.89238070654,52749.08395305295
fixed6000,q3,2025-11-24,50481.962813469494,51048.90423355359,566.9414200840881,50765.43352351154
fixed6000,q3,2025-11-25,55338.21800092593,60602.29886572777,5264.080864801835,57970.25843332685
fixed6000,q3,2025-11-26,54297.64392434983,56218.480494576244,1920.8365702264095,55258.06220946304
fixed6000,q3,2025-11-27,51871.976212452064,52902.078878026616,1030.102665574552,52387.02754523935
fixed6000,q3,2025-11-28,20431.922325427622,21213.96070385924,782.0383784316186,20822.94151464343
fixed6000,q3,2025-11-29,23521.25967089853,26276.41669214178,2755.15702124325,24898.838181520154
fixed6000,q3,2025-11-30,54795.71188906532,55276.235702770675,480.5238137053441,55035.973795918006
fixed6000,q3,2025-12-01,69666.69308072902,70452.5751655593,785.882084830286,70059.63412314416
fixed6000,q3,2025-12-02,70776.47577403668,72599.9775837519,1823.5018097152188,71688.22667889428
fixed6000,q3,2025-12-03,65497.370012149964,65497.370012149964,0.0,65497.370012149964
fixed6000,q3,2025-12-04,69304.11329142388,71263.58629650428,1959.473005080406,70283.84979396407
fixed6000,q3,2025-12-05,28069.162973255847,28369.99999828622,300.83702503037216,28219.581485771032
fixed6000,q3,2025-12-06,27013.20640984093,27015.658739956787,2.452330115857677,27014.43257489886
fixed6000,q3,2025-12-07,67777.91754224958,69107.51099629569,1329.5934540460967,68442.71426927263
fixed6000,q3,2025-12-08,64974.544539955736,66909.7304749706,1935.1859350148475,65942.13750746317
fixed6000,q3,2025-12-09,64056.429097192784,66986.71957411009,2930.2904769173047,65521.57433565143
fixed6000,q3,2025-12-10,60820.60672568093,61060.743402246066,240.1366765651369,60940.67506396351
fixed6000,q3,2025-12-11,62106.47450472377,65528.42905135565,3421.9545466318787,63817.45177803971
fixed6000,q3,2025-12-12,28419.95865464156,29350.91433092461,930.9556762830512,28885.436492783083
fixed6000,q3,2025-12-13,27734.568764387193,29383.012433127507,1648.443668740313,28558.790598757354
fixed6000,q3,2025-12-14,62960.91175417993,63074.189335896386,113.27758171646153,63017.55054503816
fixed6000,q3,2025-12-15,61501.70012205346,61593.3035778421,91.60345578864542,61547.50184994779
fixed6000,q3,2025-12-16,63920.25619358318,66928.66480531952,3008.408611736348,65424.46049945136
fixed6000,q3,2025-12-17,63444.45858231961,67344.67499210904,3900.216409789419,65394.566787214324
fixed6000,q3,2025-12-18,61754.25392633972,63078.618485349056,1324.3645590093479,62416.436205844395
fixed6000,q3,2025-12-19,25804.975073185822,27216.15399350861,1411.1789203227922,26510.564533347217
fixed6000,q3,2025-12-20,26708.942968335272,29069.656612248196,2360.7136439129226,27889.299790291734
fixed6000,q3,2025-12-21,63656.05184387216,64988.318363681945,1332.266519809789,64322.185103777054
fixed6000,q3,2025-12-22,62273.43144814449,62648.63390351589,375.20245537141045,62461.03267583018
fixed6000,q3,2025-12-23,62234.02094661975,65069.5000885622,2835.4791419424473,63651.76051759097
fixed6000,q3,2025-12-24,60894.34055756488,61697.32837249161,802.9878149267234,61295.83446502825
fixed6000,q3,2025-12-25,61220.281673573874,61773.47563907695,553.1939655030656,61496.87865632541
fixed6000,q3,2025-12-26,27232.661303732617,28024.678224613344,792.0169208807246,27628.66976417298
fixed6000,q3,2025-12-27,26833.592357254507,27847.130718173423,1013.5383609189207,27340.361537713965
fixed6000,q3,2025-12-28,60063.46665686034,61595.032074213945,1531.565417353595,60829.24936553715
fixed6000,q3,2025-12-29,61146.19076345912,62130.883114726996,984.6923512678748,61638.53693909306
fixed6000,q3,2025-12-30,61485.8554380166,64345.14233864177,2859.2869006251617,62915.498888329195
fixed6000,q3,2025-12-31,62725.33508686844,63829.94844847098,1104.6133616025309,63277.64176766972
fixed6000,q4_2,2025-02-01,20727.984810575872,20727.984810575872,0.0,20727.984810575872
fixed6000,q4_2,2025-02-02,62825.4041354161,62825.4041354161,0.0,62825.4041354161
fixed6000,q4_2,2025-02-03,62677.14913023214,62677.14913023214,0.0,62677.14913023214
fixed6000,q4_2,2025-02-04,62538.90396717376,62538.90396717376,0.0,62538.90396717376
fixed6000,q4_2,2025-02-05,62759.96557713092,62759.96557713092,0.0,62759.96557713092
fixed6000,q4_2,2025-02-06,62871.90255291005,62871.90255291005,0.0,62871.90255291005
fixed6000,q4_2,2025-02-07,19416.85873724556,19416.85873724556,0.0,19416.85873724556
fixed6000,q4_2,2025-02-08,17673.354657762466,17673.354657762466,0.0,17673.354657762466
fixed6000,q4_2,2025-02-09,59926.2692774347,59926.2692774347,0.0,59926.2692774347
fixed6000,q4_2,2025-02-10,59706.89007897841,59706.89007897841,0.0,59706.89007897841
fixed6000,q4_2,2025-02-11,57897.17522010132,57897.17522010132,0.0,57897.17522010132
fixed6000,q4_2,2025-02-12,58414.88515756516,58414.88515756516,0.0,58414.88515756516
fixed6000,q4_2,2025-02-13,53584.54302754221,53584.54302754221,0.0,53584.54302754221
fixed6000,q4_2,2025-02-14,16430.902944534217,16430.902944534217,0.0,16430.902944534217
fixed6000,q4_2,2025-02-15,17930.309222265205,17930.309222265205,0.0,17930.309222265205
fixed6000,q4_2,2025-02-16,53576.002029651725,53576.002029651725,0.0,53576.002029651725
fixed6000,q4_2,2025-02-17,54360.184598340886,54360.184598340886,0.0,54360.184598340886
fixed6000,q4_2,2025-02-18,51335.70238392519,51335.70238392519,0.0,51335.70238392519
fixed6000,q4_2,2025-02-19,53550.20914272802,53550.20914272802,0.0,53550.20914272802
fixed6000,q4_2,2025-02-20,51864.32501604645,51864.32501604645,0.0,51864.32501604645
fixed6000,q4_2,2025-02-21,16274.139477527697,16274.139477527697,0.0,16274.139477527697
fixed6000,q4_2,2025-02-22,16907.48224832483,16907.48224832483,0.0,16907.48224832483
fixed6000,q4_2,2025-02-23,49117.42526521848,49117.42526521848,0.0,49117.42526521848
fixed6000,q4_2,2025-02-24,51253.31832455574,51253.31832455574,0.0,51253.31832455574
fixed6000,q4_2,2025-02-25,50727.12604667646,50727.12604667646,0.0,50727.12604667646
fixed6000,q4_2,2025-02-26,50275.69088489954,50275.69088489954,0.0,50275.69088489954
fixed6000,q4_2,2025-02-27,45379.0591869842,45379.0591869842,0.0,45379.0591869842
fixed6000,q4_2,2025-02-28,14587.58158958839,14587.58158958839,0.0,14587.58158958839
fixed6000,q4_2,2025-03-01,16404.71183997424,16404.71183997424,0.0,16404.71183997424
fixed6000,q4_2,2025-03-02,64371.07133751121,64371.07133751121,0.0,64371.07133751121
fixed6000,q4_2,2025-03-03,60947.95984500396,60947.95984500396,0.0,60947.95984500396
fixed6000,q4_2,2025-03-04,48979.12452263868,48979.12452263868,0.0,48979.12452263868
fixed6000,q4_2,2025-03-05,51719.83585277895,51719.83585277895,0.0,51719.83585277895
fixed6000,q4_2,2025-03-06,46524.86679893911,46524.86679893911,0.0,46524.86679893911
fixed6000,q4_2,2025-03-07,15254.089971920705,15254.089971920705,0.0,15254.089971920705
fixed6000,q4_2,2025-03-08,14818.8609400925,14818.8609400925,0.0,14818.8609400925
fixed6000,q4_2,2025-03-09,45137.20332422309,45137.20332422309,0.0,45137.20332422309
fixed6000,q4_2,2025-03-10,49323.743714512566,49323.743714512566,0.0,49323.743714512566
fixed6000,q4_2,2025-03-11,44724.4159528562,44724.4159528562,0.0,44724.4159528562
fixed6000,q4_2,2025-03-12,45796.158153921766,45796.158153921766,0.0,45796.158153921766
fixed6000,q4_2,2025-03-13,50421.760266347126,50421.760266347126,0.0,50421.760266347126
fixed6000,q4_2,2025-03-14,13723.586688866118,13723.586688866118,0.0,13723.586688866118
fixed6000,q4_2,2025-03-15,14934.202445886865,14934.202445886865,0.0,14934.202445886865
fixed6000,q4_2,2025-03-16,42588.64174696749,42588.64174696749,0.0,42588.64174696749
fixed6000,q4_2,2025-03-17,42148.77138738883,42148.77138738883,0.0,42148.77138738883
fixed6000,q4_2,2025-03-18,43998.6378634499,43998.6378634499,0.0,43998.6378634499
fixed6000,q4_2,2025-03-19,41488.80603298445,41488.80603298445,0.0,41488.80603298445
fixed6000,q4_2,2025-03-20,42399.63278681639,42399.63278681639,0.0,42399.63278681639
fixed6000,q4_2,2025-03-21,13684.970353149341,13684.970353149341,0.0,13684.970353149341
fixed6000,q4_2,2025-03-22,14759.9738070387,14759.9738070387,0.0,14759.9738070387
fixed6000,q4_2,2025-03-23,38969.94275606956,38969.94275606956,0.0,38969.94275606956
fixed6000,q4_2,2025-03-24,40926.249267422674,40926.249267422674,0.0,40926.249267422674
fixed6000,q4_2,2025-03-25,40436.11891078478,40436.11891078478,0.0,40436.11891078478
fixed6000,q4_2,2025-03-26,40096.94221443214,40096.94221443214,0.0,40096.94221443214
fixed6000,q4_2,2025-03-27,39601.65095004635,39601.65095004635,0.0,39601.65095004635
fixed6000,q4_2,2025-03-28,13310.139412517816,13310.139412517816,0.0,13310.139412517816
fixed6000,q4_2,2025-03-29,13277.04258013861,13277.04258013861,0.0,13277.04258013861
fixed6000,q4_2,2025-03-30,36196.22290591272,36196.22290591272,0.0,36196.22290591272
fixed6000,q4_2,2025-03-31,38737.19265623533,38737.19265623533,0.0,38737.19265623533
fixed6000,q4_2,2025-04-01,43143.12405537641,43143.12405537641,0.0,43143.12405537641
fixed6000,q4_2,2025-04-02,47946.01570833953,47946.01570833953,0.0,47946.01570833953
fixed6000,q4_2,2025-04-03,37568.46563555884,37568.46563555884,0.0,37568.46563555884
fixed6000,q4_2,2025-04-04,12262.413595549977,12262.413595549977,0.0,12262.413595549977
fixed6000,q4_2,2025-04-05,14075.718311165441,14075.718311165441,0.0,14075.718311165441
fixed6000,q4_2,2025-04-06,35993.48118437632,35993.48118437632,0.0,35993.48118437632
fixed6000,q4_2,2025-04-07,37610.344764952315,37610.344764952315,0.0,37610.344764952315
fixed6000,q4_2,2025-04-08,39565.77210396489,39565.77210396489,0.0,39565.77210396489
fixed6000,q4_2,2025-04-09,41049.56807555542,41049.56807555542,0.0,41049.56807555542
fixed6000,q4_2,2025-04-10,34090.22513815774,34090.22513815774,0.0,34090.22513815774
fixed6000,q4_2,2025-04-11,11889.205483446643,11889.205483446643,0.0,11889.205483446643
fixed6000,q4_2,2025-04-12,13276.510511771117,13276.510511771117,0.0,13276.510511771117
fixed6000,q4_2,2025-04-13,35378.98395782857,35378.98395782857,0.0,35378.98395782857
fixed6000,q4_2,2025-04-14,35177.7539410462,35177.7539410462,0.0,35177.7539410462
fixed6000,q4_2,2025-04-15,36600.24020968994,36600.24020968994,0.0,36600.24020968994
fixed6000,q4_2,2025-04-16,37146.23257692574,37146.23257692574,0.0,37146.23257692574
fixed6000,q4_2,2025-04-17,35208.01314943873,35208.01314943873,0.0,35208.01314943873
fixed6000,q4_2,2025-04-18,11464.194371765585,11464.194371765585,0.0,11464.194371765585
fixed6000,q4_2,2025-04-19,12896.303691037214,12896.303691037214,0.0,12896.303691037214
fixed6000,q4_2,2025-04-20,34269.8180020365,34269.8180020365,0.0,34269.8180020365
fixed6000,q4_2,2025-04-21,35276.97960960355,35276.97960960355,0.0,35276.97960960355
fixed6000,q4_2,2025-04-22,36531.720976219076,36531.720976219076,0.0,36531.720976219076
fixed6000,q4_2,2025-04-23,35203.34529611663,35203.34529611663,0.0,35203.34529611663
fixed6000,q4_2,2025-04-24,32340.886433455304,32340.886433455304,0.0,32340.886433455304
fixed6000,q4_2,2025-04-25,11816.421587098728,11816.421587098728,0.0,11816.421587098728
fixed6000,q4_2,2025-04-26,14010.76449579192,14010.76449579192,0.0,14010.76449579192
fixed6000,q4_2,2025-04-27,34628.806011644236,34628.806011644236,0.0,34628.806011644236
fixed6000,q4_2,2025-04-28,52131.794550153376,52131.794550153376,0.0,52131.794550153376
fixed6000,q4_2,2025-04-29,33225.33206182673,33225.33206182673,0.0,33225.33206182673
fixed6000,q4_2,2025-04-30,36287.81255690488,36287.81255690488,0.0,36287.81255690488
fixed6000,q4_2,2025-05-01,43944.43780679013,43944.43780679013,0.0,43944.43780679013
fixed6000,q4_2,2025-05-02,22006.6060335265,22006.6060335265,0.0,22006.6060335265
fixed6000,q4_2,2025-05-03,17552.53825130782,17552.53825130782,0.0,17552.53825130782
fixed6000,q4_2,2025-05-04,44143.37364652703,44143.37364652703,0.0,44143.37364652703
fixed6000,q4_2,2025-05-05,43348.215820559715,43348.215820559715,0.0,43348.215820559715
fixed6000,q4_2,2025-05-06,47723.77321970723,47723.77321970723,0.0,47723.77321970723
fixed6000,q4_2,2025-05-07,49089.1628750103,49089.1628750103,0.0,49089.1628750103
fixed6000,q4_2,2025-05-08,40083.62414657588,40083.62414657588,0.0,40083.62414657588
fixed6000,q4_2,2025-05-09,13648.363113923675,13648.363113923675,0.0,13648.363113923675
fixed6000,q4_2,2025-05-10,15518.297488654149,15518.297488654149,0.0,15518.297488654149
fixed6000,q4_2,2025-05-11,36141.27010704242,36141.27010704242,0.0,36141.27010704242
fixed6000,q4_2,2025-05-12,42453.19646821879,42453.19646821879,0.0,42453.19646821879
fixed6000,q4_2,2025-05-13,42511.64357030917,42511.64357030917,0.0,42511.64357030917
fixed6000,q4_2,2025-05-14,40945.34643641441,40945.34643641441,0.0,40945.34643641441
fixed6000,q4_2,2025-05-15,35964.99961870782,35964.99961870782,0.0,35964.99961870782
fixed6000,q4_2,2025-05-16,13817.659108422029,13817.659108422029,0.0,13817.659108422029
fixed6000,q4_2,2025-05-17,16001.927980136448,16001.927980136448,0.0,16001.927980136448
fixed6000,q4_2,2025-05-18,37569.8076642003,37569.8076642003,0.0,37569.8076642003
fixed6000,q4_2,2025-05-19,37218.72207292683,37218.72207292683,0.0,37218.72207292683
fixed6000,q4_2,2025-05-20,39518.09044547718,39518.09044547718,0.0,39518.09044547718
fixed6000,q4_2,2025-05-21,39142.459089397256,39142.459089397256,0.0,39142.459089397256
fixed6000,q4_2,2025-05-22,38572.92856349841,38572.92856349841,0.0,38572.92856349841
fixed6000,q4_2,2025-05-23,11418.758696232522,11418.758696232522,0.0,11418.758696232522
fixed6000,q4_2,2025-05-24,14995.385349102777,14995.385349102777,0.0,14995.385349102777
fixed6000,q4_2,2025-05-25,33825.63551056972,33825.63551056972,0.0,33825.63551056972
fixed6000,q4_2,2025-05-26,41928.89526827242,41928.89526827242,0.0,41928.89526827242
fixed6000,q4_2,2025-05-27,39603.59255758695,39603.59255758695,0.0,39603.59255758695
fixed6000,q4_2,2025-05-28,36932.67307101846,36932.67307101846,0.0,36932.67307101846
fixed6000,q4_2,2025-05-29,35807.84197320478,35807.84197320478,0.0,35807.84197320478
fixed6000,q4_2,2025-05-30,14117.086908688463,14117.086908688463,0.0,14117.086908688463
fixed6000,q4_2,2025-05-31,14948.676928556662,14948.676928556662,0.0,14948.676928556662
fixed6000,q4_2,2025-06-01,90644.75832345558,90644.75832345558,0.0,90644.75832345558
fixed6000,q4_2,2025-06-02,86436.32943350567,86436.32943350567,0.0,86436.32943350567
fixed6000,q4_2,2025-06-03,60788.096035844865,60788.096035844865,0.0,60788.096035844865
fixed6000,q4_2,2025-06-04,61044.125741944226,61044.125741944226,0.0,61044.125741944226
fixed6000,q4_2,2025-06-05,67121.25115579247,67121.25115579247,0.0,67121.25115579247
fixed6000,q4_2,2025-06-06,37669.90426998268,37669.90426998268,0.0,37669.90426998268
fixed6000,q4_2,2025-06-07,34496.16742961979,34496.16742961979,0.0,34496.16742961979
fixed6000,q4_2,2025-06-08,60878.42539905287,60878.42539905287,0.0,60878.42539905287
fixed6000,q4_2,2025-06-09,62535.71871901762,62535.71871901762,0.0,62535.71871901762
fixed6000,q4_2,2025-06-10,55184.434379830476,55184.434379830476,0.0,55184.434379830476
fixed6000,q4_2,2025-06-11,58207.70979300157,58207.70979300157,0.0,58207.70979300157
fixed6000,q4_2,2025-06-12,63408.53709674213,63408.53709674213,0.0,63408.53709674213
fixed6000,q4_2,2025-06-13,24332.142878720668,24332.142878720668,0.0,24332.142878720668
fixed6000,q4_2,2025-06-14,24976.395308311152,24976.395308311152,0.0,24976.395308311152
fixed6000,q4_2,2025-06-15,54486.96964570194,54486.96964570194,0.0,54486.96964570194
fixed6000,q4_2,2025-06-16,63470.640220890724,63470.640220890724,0.0,63470.640220890724
fixed6000,q4_2,2025-06-17,66047.53917532043,66047.53917532043,0.0,66047.53917532043
fixed6000,q4_2,2025-06-18,63970.3705745482,63970.3705745482,0.0,63970.3705745482
fixed6000,q4_2,2025-06-19,55384.84436983388,55384.84436983388,0.0,55384.84436983388
fixed6000,q4_2,2025-06-20,19297.48792219282,19297.48792219282,0.0,19297.48792219282
fixed6000,q4_2,2025-06-21,25513.513030171813,25513.513030171813,0.0,25513.513030171813
fixed6000,q4_2,2025-06-22,58961.50030599327,58961.50030599327,0.0,58961.50030599327
fixed6000,q4_2,2025-06-23,54145.00876944618,54145.00876944618,0.0,54145.00876944618
fixed6000,q4_2,2025-06-24,59450.983417729505,59450.983417729505,0.0,59450.983417729505
fixed6000,q4_2,2025-06-25,52686.67564844787,52686.67564844787,0.0,52686.67564844787
fixed6000,q4_2,2025-06-26,62088.98184916648,62088.98184916648,0.0,62088.98184916648
fixed6000,q4_2,2025-06-27,19934.239036650735,19934.239036650735,0.0,19934.239036650735
fixed6000,q4_2,2025-06-28,19631.137667982526,19631.137667982526,0.0,19631.137667982526
fixed6000,q4_2,2025-06-29,50741.75681787761,50741.75681787761,0.0,50741.75681787761
fixed6000,q4_2,2025-06-30,59147.26347548469,59147.26347548469,0.0,59147.26347548469
fixed6000,q4_2,2025-07-01,69905.48593182079,69905.48593182079,0.0,69905.48593182079
fixed6000,q4_2,2025-07-02,66742.34755231661,66742.34755231661,0.0,66742.34755231661
fixed6000,q4_2,2025-07-03,82863.10896780695,82863.10896780695,0.0,82863.10896780695
fixed6000,q4_2,2025-07-04,34422.089073313924,34422.089073313924,0.0,34422.089073313924
fixed6000,q4_2,2025-07-05,35875.4836225177,35875.4836225177,0.0,35875.4836225177
fixed6000,q4_2,2025-07-06,82643.4853146255,82643.4853146255,0.0,82643.4853146255
fixed6000,q4_2,2025-07-07,83782.64773901306,83782.64773901306,0.0,83782.64773901306
fixed6000,q4_2,2025-07-08,69319.65999714691,69319.65999714691,0.0,69319.65999714691
fixed6000,q4_2,2025-07-09,66264.91618027518,66264.91618027518,0.0,66264.91618027518
fixed6000,q4_2,2025-07-10,64802.56949980649,64802.56949980649,0.0,64802.56949980649
fixed6000,q4_2,2025-07-11,27828.451593375266,27828.451593375266,0.0,27828.451593375266
fixed6000,q4_2,2025-07-12,31914.857608480674,31914.857608480674,0.0,31914.857608480674
fixed6000,q4_2,2025-07-13,64246.28231755417,64246.28231755417,0.0,64246.28231755417
fixed6000,q4_2,2025-07-14,67554.882550112,67554.882550112,0.0,67554.882550112
fixed6000,q4_2,2025-07-15,60764.319379247776,60764.319379247776,0.0,60764.319379247776
fixed6000,q4_2,2025-07-16,66455.25834999028,66455.25834999028,0.0,66455.25834999028
fixed6000,q4_2,2025-07-17,64540.716658947356,64540.716658947356,0.0,64540.716658947356
fixed6000,q4_2,2025-07-18,28254.69046529318,28254.69046529318,0.0,28254.69046529318
fixed6000,q4_2,2025-07-19,26202.98671028274,26202.98671028274,0.0,26202.98671028274
fixed6000,q4_2,2025-07-20,59948.679545487124,59948.679545487124,0.0,59948.679545487124
fixed6000,q4_2,2025-07-21,66682.93050425813,66682.93050425813,0.0,66682.93050425813
fixed6000,q4_2,2025-07-22,65293.52930249311,65293.52930249311,0.0,65293.52930249311
fixed6000,q4_2,2025-07-23,61583.425538596595,61583.425538596595,0.0,61583.425538596595
fixed6000,q4_2,2025-07-24,61538.837784968346,61538.837784968346,0.0,61538.837784968346
fixed6000,q4_2,2025-07-25,24935.76374323436,24935.76374323436,0.0,24935.76374323436
fixed6000,q4_2,2025-07-26,31776.329833526535,31776.329833526535,0.0,31776.329833526535
fixed6000,q4_2,2025-07-27,61216.76852916366,61216.76852916366,0.0,61216.76852916366
fixed6000,q4_2,2025-07-28,61605.91427465137,61605.91427465137,0.0,61605.91427465137
fixed6000,q4_2,2025-07-29,62621.55683900288,62621.55683900288,0.0,62621.55683900288
fixed6000,q4_2,2025-07-30,69280.58261348725,69280.58261348725,0.0,69280.58261348725
fixed6000,q4_2,2025-07-31,66066.45736873543,66066.45736873543,0.0,66066.45736873543
fixed6000,q4_2,2025-08-01,27636.797870216156,27636.797870216156,0.0,27636.797870216156
fixed6000,q4_2,2025-08-02,26256.707723955195,26256.707723955195,0.0,26256.707723955195
fixed6000,q4_2,2025-08-03,56044.17654016907,56044.17654016907,0.0,56044.17654016907
fixed6000,q4_2,2025-08-04,59972.32980622325,59972.32980622325,0.0,59972.32980622325
fixed6000,q4_2,2025-08-05,57931.61662225037,57931.61662225037,0.0,57931.61662225037
fixed6000,q4_2,2025-08-06,55955.10416057891,55955.10416057891,0.0,55955.10416057891
fixed6000,q4_2,2025-08-07,54658.33508876754,54658.33508876754,0.0,54658.33508876754
fixed6000,q4_2,2025-08-08,23720.447612002536,23720.447612002536,0.0,23720.447612002536
fixed6000,q4_2,2025-08-09,24650.55558850777,24650.55558850777,0.0,24650.55558850777
fixed6000,q4_2,2025-08-10,51735.668764693866,51735.668764693866,0.0,51735.668764693866
fixed6000,q4_2,2025-08-11,52554.57844324636,52554.57844324636,0.0,52554.57844324636
fixed6000,q4_2,2025-08-12,56658.55086313948,56658.55086313948,0.0,56658.55086313948
fixed6000,q4_2,2025-08-13,54515.54599557331,54515.54599557331,0.0,54515.54599557331
fixed6000,q4_2,2025-08-14,52567.413745563754,52567.413745563754,0.0,52567.413745563754
fixed6000,q4_2,2025-08-15,22368.713873707537,22368.713873707537,0.0,22368.713873707537
fixed6000,q4_2,2025-08-16,24893.092896355287,24893.092896355287,0.0,24893.092896355287
fixed6000,q4_2,2025-08-17,51428.57552691443,51428.57552691443,0.0,51428.57552691443
fixed6000,q4_2,2025-08-18,53450.94733419399,53450.94733419399,0.0,53450.94733419399
fixed6000,q4_2,2025-08-19,53853.90649769014,53853.90649769014,0.0,53853.90649769014
fixed6000,q4_2,2025-08-20,63732.41703148786,63732.41703148786,0.0,63732.41703148786
fixed6000,q4_2,2025-08-21,53104.52780427602,53104.52780427602,0.0,53104.52780427602
fixed6000,q4_2,2025-08-22,25240.084640200104,25240.084640200104,0.0,25240.084640200104
fixed6000,q4_2,2025-08-23,25589.24218776716,25589.24218776716,0.0,25589.24218776716
fixed6000,q4_2,2025-08-24,52511.94893445066,52511.94893445066,0.0,52511.94893445066
fixed6000,q4_2,2025-08-25,56757.536999078984,56757.536999078984,0.0,56757.536999078984
fixed6000,q4_2,2025-08-26,53569.76309304748,53569.76309304748,0.0,53569.76309304748
fixed6000,q4_2,2025-08-27,56410.90262183646,56410.90262183646,0.0,56410.90262183646
fixed6000,q4_2,2025-08-28,60053.50225406667,60053.50225406667,0.0,60053.50225406667
fixed6000,q4_2,2025-08-29,25074.799787385164,25074.799787385164,0.0,25074.799787385164
fixed6000,q4_2,2025-08-30,26243.555319539264,26243.555319539264,0.0,26243.555319539264
fixed6000,q4_2,2025-08-31,52693.269410578345,52693.269410578345,0.0,52693.269410578345
fixed6000,q4_2,2025-09-01,49888.87197809921,49888.87197809921,0.0,49888.87197809921
fixed6000,q4_2,2025-09-02,47662.23125199825,47662.23125199825,0.0,47662.23125199825
fixed6000,q4_2,2025-09-03,48689.37622618733,48689.37622618733,0.0,48689.37622618733
fixed6000,q4_2,2025-09-04,49870.71590539247,49870.71590539247,0.0,49870.71590539247
fixed6000,q4_2,2025-09-05,19144.420699693514,19144.420699693514,0.0,19144.420699693514
fixed6000,q4_2,2025-09-06,21587.992744522642,21587.992744522642,0.0,21587.992744522642
fixed6000,q4_2,2025-09-07,45403.54867897085,45403.54867897085,0.0,45403.54867897085
fixed6000,q4_2,2025-09-08,46273.210883824955,46273.210883824955,0.0,46273.210883824955
fixed6000,q4_2,2025-09-09,42977.74399079129,42977.74399079129,0.0,42977.74399079129
fixed6000,q4_2,2025-09-10,49672.39301137474,49672.39301137474,0.0,49672.39301137474
fixed6000,q4_2,2025-09-11,40491.897103480456,40491.897103480456,0.0,40491.897103480456
fixed6000,q4_2,2025-09-12,15978.037276605875,15978.037276605875,0.0,15978.037276605875
fixed6000,q4_2,2025-09-13,17213.429198364614,17213.429198364614,0.0,17213.429198364614
fixed6000,q4_2,2025-09-14,39986.854887756694,39986.854887756694,0.0,39986.854887756694
fixed6000,q4_2,2025-09-15,42504.58234442555,42504.58234442555,0.0,42504.58234442555
fixed6000,q4_2,2025-09-16,42643.822568196316,42643.822568196316,0.0,42643.822568196316
fixed6000,q4_2,2025-09-17,45450.501348211954,45450.501348211954,0.0,45450.501348211954
fixed6000,q4_2,2025-09-18,40793.681504363245,40793.681504363245,0.0,40793.681504363245
fixed6000,q4_2,2025-09-19,15769.775266810142,15769.775266810142,0.0,15769.775266810142
fixed6000,q4_2,2025-09-20,18495.039904561345,18495.039904561345,0.0,18495.039904561345
fixed6000,q4_2,2025-09-21,44358.60861518768,44358.60861518768,0.0,44358.60861518768
fixed6000,q4_2,2025-09-22,43403.95667207841,43403.95667207841,0.0,43403.95667207841
fixed6000,q4_2,2025-09-23,46115.59605392079,46115.59605392079,0.0,46115.59605392079
fixed6000,q4_2,2025-09-24,44632.97293457663,44632.97293457663,0.0,44632.97293457663
fixed6000,q4_2,2025-09-25,45464.20275594319,45464.20275594319,0.0,45464.20275594319
fixed6000,q4_2,2025-09-26,15893.292892996178,15893.292892996178,0.0,15893.292892996178
fixed6000,q4_2,2025-09-27,23998.16824307895,23998.16824307895,0.0,23998.16824307895
fixed6000,q4_2,2025-09-28,44189.92886008517,44189.92886008517,0.0,44189.92886008517
fixed6000,q4_2,2025-09-29,45716.25341784823,45716.25341784823,0.0,45716.25341784823
fixed6000,q4_2,2025-09-30,48846.10414136603,48846.10414136603,0.0,48846.10414136603
fixed6000,q4_2,2025-10-01,44810.35948508392,44810.35948508392,0.0,44810.35948508392
fixed6000,q4_2,2025-10-02,41446.54308658029,41446.54308658029,0.0,41446.54308658029
fixed6000,q4_2,2025-10-03,14302.980450210329,14302.980450210329,0.0,14302.980450210329
fixed6000,q4_2,2025-10-04,16381.765015311774,16381.765015311774,0.0,16381.765015311774
fixed6000,q4_2,2025-10-05,41249.78297834926,41249.78297834926,0.0,41249.78297834926
fixed6000,q4_2,2025-10-06,41945.43270032281,41945.43270032281,0.0,41945.43270032281
fixed6000,q4_2,2025-10-07,44646.002753124325,44646.002753124325,0.0,44646.002753124325
fixed6000,q4_2,2025-10-08,41663.05440784562,41663.05440784562,0.0,41663.05440784562
fixed6000,q4_2,2025-10-09,38796.88000436021,38796.88000436021,0.0,38796.88000436021
fixed6000,q4_2,2025-10-10,14217.018903644734,14217.018903644734,0.0,14217.018903644734
fixed6000,q4_2,2025-10-11,15428.385205508548,15428.385205508548,0.0,15428.385205508548
fixed6000,q4_2,2025-10-12,39536.46927786141,39536.46927786141,0.0,39536.46927786141
fixed6000,q4_2,2025-10-13,41328.977785860596,41328.977785860596,0.0,41328.977785860596
fixed6000,q4_2,2025-10-14,42103.9640529271,42103.9640529271,0.0,42103.9640529271
fixed6000,q4_2,2025-10-15,42195.239501450575,42195.239501450575,0.0,42195.239501450575
fixed6000,q4_2,2025-10-16,46753.72806920347,46753.72806920347,0.0,46753.72806920347
fixed6000,q4_2,2025-10-17,15831.546006161821,15831.546006161821,0.0,15831.546006161821
fixed6000,q4_2,2025-10-18,14437.457114688488,14437.457114688488,0.0,14437.457114688488
fixed6000,q4_2,2025-10-19,47386.019244745155,47386.019244745155,0.0,47386.019244745155
fixed6000,q4_2,2025-10-20,48490.05894361277,48490.05894361277,0.0,48490.05894361277
fixed6000,q4_2,2025-10-21,46836.757014970804,46836.757014970804,0.0,46836.757014970804
fixed6000,q4_2,2025-10-22,49256.04040908592,49256.04040908592,0.0,49256.04040908592
fixed6000,q4_2,2025-10-23,43924.46140337288,43924.46140337288,0.0,43924.46140337288
fixed6000,q4_2,2025-10-24,14386.201345217425,14386.201345217425,0.0,14386.201345217425
fixed6000,q4_2,2025-10-25,17113.185028861997,17113.185028861997,0.0,17113.185028861997
fixed6000,q4_2,2025-10-26,46958.6987131286,46958.6987131286,0.0,46958.6987131286
fixed6000,q4_2,2025-10-27,47386.84235927723,47386.84235927723,0.0,47386.84235927723
fixed6000,q4_2,2025-10-28,46956.567233492926,46956.567233492926,0.0,46956.567233492926
fixed6000,q4_2,2025-10-29,51201.5280207965,51201.5280207965,0.0,51201.5280207965
fixed6000,q4_2,2025-10-30,45998.649895311624,45998.649895311624,0.0,45998.649895311624
fixed6000,q4_2,2025-10-31,17143.23315143117,17143.23315143117,0.0,17143.23315143117
fixed6000,q4_2,2025-11-01,14819.98670616523,14819.98670616523,0.0,14819.98670616523
fixed6000,q4_2,2025-11-02,47741.045630600536,47741.045630600536,0.0,47741.045630600536
fixed6000,q4_2,2025-11-03,50934.44794143227,50934.44794143227,0.0,50934.44794143227
fixed6000,q4_2,2025-11-04,49899.76206219568,49899.76206219568,0.0,49899.76206219568
fixed6000,q4_2,2025-11-05,54202.723972072956,54202.723972072956,0.0,54202.723972072956
fixed6000,q4_2,2025-11-06,53751.59890561725,53751.59890561725,0.0,53751.59890561725
fixed6000,q4_2,2025-11-07,16504.730034687153,16504.730034687153,0.0,16504.730034687153
fixed6000,q4_2,2025-11-08,17328.273848876313,17328.273848876313,0.0,17328.273848876313
fixed6000,q4_2,2025-11-09,51940.358039787556,51940.358039787556,0.0,51940.358039787556
fixed6000,q4_2,2025-11-10,53865.06891482704,53865.06891482704,0.0,53865.06891482704
fixed6000,q4_2,2025-11-11,52594.04424289576,52594.04424289576,0.0,52594.04424289576
fixed6000,q4_2,2025-11-12,53884.94383184222,53884.94383184222,0.0,53884.94383184222
fixed6000,q4_2,2025-11-13,54563.78602710363,54563.78602710363,0.0,54563.78602710363
fixed6000,q4_2,2025-11-14,16591.196725470338,16591.196725470338,0.0,16591.196725470338
fixed6000,q4_2,2025-11-15,16551.00663394011,16551.00663394011,0.0,16551.00663394011
fixed6000,q4_2,2025-11-16,53967.85361905248,53967.85361905248,0.0,53967.85361905248
fixed6000,q4_2,2025-11-17,57574.06440748379,57574.06440748379,0.0,57574.06440748379
fixed6000,q4_2,2025-11-18,56723.71110324412,56723.71110324412,0.0,56723.71110324412
fixed6000,q4_2,2025-11-19,56940.18182663318,56940.18182663318,0.0,56940.18182663318
fixed6000,q4_2,2025-11-20,53900.85688353615,53900.85688353615,0.0,53900.85688353615
fixed6000,q4_2,2025-11-21,18416.09732291828,18416.09732291828,0.0,18416.09732291828
fixed6000,q4_2,2025-11-22,17524.022558050092,17524.022558050092,0.0,17524.022558050092
fixed6000,q4_2,2025-11-23,56316.89080488576,56316.89080488576,0.0,56316.89080488576
fixed6000,q4_2,2025-11-24,55783.51731328829,55783.51731328829,0.0,55783.51731328829
fixed6000,q4_2,2025-11-25,58799.68680386443,58799.68680386443,0.0,58799.68680386443
fixed6000,q4_2,2025-11-26,57627.76641034176,57627.76641034176,0.0,57627.76641034176
fixed6000,q4_2,2025-11-27,57801.553225859614,57801.553225859614,0.0,57801.553225859614
fixed6000,q4_2,2025-11-28,16744.616238895924,16744.616238895924,0.0,16744.616238895924
fixed6000,q4_2,2025-11-29,18802.54032889877,18802.54032889877,0.0,18802.54032889877
fixed6000,q4_2,2025-11-30,59362.25309362444,59362.25309362444,0.0,59362.25309362444
fixed6000,q4_2,2025-12-01,90320.96295120561,90320.96295120561,0.0,90320.96295120561
fixed6000,q4_2,2025-12-02,103545.22191647606,103545.22191647606,0.0,103545.22191647606
fixed6000,q4_2,2025-12-03,86073.57059400174,86073.57059400174,0.0,86073.57059400174
fixed6000,q4_2,2025-12-04,82619.54433426888,82619.54433426888,0.0,82619.54433426888
fixed6000,q4_2,2025-12-05,27261.39548816515,27261.39548816515,0.0,27261.39548816515
fixed6000,q4_2,2025-12-06,30141.147147259006,30141.147147259006,0.0,30141.147147259006
fixed6000,q4_2,2025-12-07,81071.06274707343,81071.06274707343,0.0,81071.06274707343
fixed6000,q4_2,2025-12-08,75882.77373124941,75882.77373124941,0.0,75882.77373124941
fixed6000,q4_2,2025-12-09,75290.52562426926,75290.52562426926,0.0,75290.52562426926
fixed6000,q4_2,2025-12-10,74945.68105421362,74945.68105421362,0.0,74945.68105421362
fixed6000,q4_2,2025-12-11,70711.27850895816,70711.27850895816,0.0,70711.27850895816
fixed6000,q4_2,2025-12-12,27971.359492915923,27971.359492915923,0.0,27971.359492915923
fixed6000,q4_2,2025-12-13,27887.478360797606,27887.478360797606,0.0,27887.478360797606
fixed6000,q4_2,2025-12-14,76110.30654868152,76110.30654868152,0.0,76110.30654868152
fixed6000,q4_2,2025-12-15,75211.80967828703,75211.80967828703,0.0,75211.80967828703
fixed6000,q4_2,2025-12-16,77578.84467936869,77578.84467936869,0.0,77578.84467936869
fixed6000,q4_2,2025-12-17,77051.71415869182,77051.71415869182,0.0,77051.71415869182
fixed6000,q4_2,2025-12-18,73502.94323284214,73502.94323284214,0.0,73502.94323284214
fixed6000,q4_2,2025-12-19,26759.863040724376,26759.863040724376,0.0,26759.863040724376
fixed6000,q4_2,2025-12-20,24929.076779714866,24929.076779714866,0.0,24929.076779714866
fixed6000,q4_2,2025-12-21,75920.52298477499,75920.52298477499,0.0,75920.52298477499
fixed6000,q4_2,2025-12-22,76759.04636172518,76759.04636172518,0.0,76759.04636172518
fixed6000,q4_2,2025-12-23,74814.6945389533,74814.6945389533,0.0,74814.6945389533
fixed6000,q4_2,2025-12-24,73633.74413899796,73633.74413899796,0.0,73633.74413899796
fixed6000,q4_2,2025-12-25,71212.6088320182,71212.6088320182,0.0,71212.6088320182
fixed6000,q4_2,2025-12-26,28504.267427321527,28504.267427321527,0.0,28504.267427321527
fixed6000,q4_2,2025-12-27,26779.61964931606,26779.61964931606,0.0,26779.61964931606
fixed6000,q4_2,2025-12-28,72851.97924053171,72851.97924053171,0.0,72851.97924053171
fixed6000,q4_2,2025-12-29,73870.37131629206,73870.37131629206,0.0,73870.37131629206
fixed6000,q4_2,2025-12-30,74822.90995634766,74822.90995634766,0.0,74822.90995634766
fixed6000,q4_2,2025-12-31,75578.38220780849,75578.38220780849,0.0,75578.38220780849
fixed6000,q4_3,2025-02-01,20866.872237886364,23967.58746022917,3100.715222342803,22417.229849057767
fixed6000,q4_3,2025-02-02,61846.66983119196,67463.61912213653,5616.949290944571,64655.144476664245
fixed6000,q4_3,2025-02-03,63986.34640511639,69856.04464350152,5869.698238385136,66921.19552430895
fixed6000,q4_3,2025-02-04,66916.82205923522,73498.6612199954,6581.839160760176,70207.7416396153
fixed6000,q4_3,2025-02-05,63600.26571882317,66160.17561380868,2559.9098949854915,64880.22066631592
fixed6000,q4_3,2025-02-06,63439.320372771836,70538.83559727603,7099.515224504206,66989.07798502393
fixed6000,q4_3,2025-02-07,20235.873857918086,22536.16679586208,2300.292937943992,21386.02032689008
fixed6000,q4_3,2025-02-08,17260.755423793293,17260.755423793293,0.0,17260.755423793293
fixed6000,q4_3,2025-02-09,60147.39353480625,62113.27062690424,1965.8770920979887,61130.332080855245
fixed6000,q4_3,2025-02-10,57252.61632607424,61754.73885917512,4502.122533100886,59503.67759262468
fixed6000,q4_3,2025-02-11,58400.37130320928,62066.30760892491,3665.9363057156356,60233.339456067086
fixed6000,q4_3,2025-02-12,57216.06891453073,59988.364827248995,2772.2959127182594,58602.21687088987
fixed6000,q4_3,2025-02-13,51498.76316845731,55164.72395592854,3665.960787471232,53331.74356219293
fixed6000,q4_3,2025-02-14,17281.51043444963,17738.918937354545,457.4085029049187,17510.214685902087
fixed6000,q4_3,2025-02-15,18305.365810662566,19227.3382564856,921.9724458230332,18766.352033574083
fixed6000,q4_3,2025-02-16,56231.33595069761,61605.01294517102,5373.6769944734,58918.17444793432
fixed6000,q4_3,2025-02-17,54527.2837250577,61220.79694715056,6693.513222092863,57874.040336104124
fixed6000,q4_3,2025-02-18,51533.04353334301,51553.58019281358,20.536659470575273,51543.31186307829
fixed6000,q4_3,2025-02-19,53942.21743660295,54287.74522822739,345.5277916244419,54114.98133241517
fixed6000,q4_3,2025-02-20,51699.30561827199,54513.03402982797,2813.728411555984,53106.16982404998
fixed6000,q4_3,2025-02-21,16495.188374907695,16693.093426133873,197.90505122617958,16594.140900520782
fixed6000,q4_3,2025-02-22,17011.59992835242,17147.130233827498,135.53030547507308,17079.36508108996
fixed6000,q4_3,2025-02-23,50850.37126766583,53788.03558732402,2937.664319658198,52319.20342749493
fixed6000,q4_3,2025-02-24,50047.549239443906,51085.132975426764,1037.583735982865,50566.341107435335
fixed6000,q4_3,2025-02-25,50762.65113324103,56592.07355699202,5829.422423751,53677.36234511653
fixed6000,q4_3,2025-02-26,49795.926418028495,49992.146042980225,196.2196249517263,49894.03623050435
fixed6000,q4_3,2025-02-27,45612.74654146221,45617.13231094244,4.385769480228532,45614.93942620233
fixed6000,q4_3,2025-02-28,14621.025693449352,14806.244332275593,185.2186388262411,14713.635012862473
fixed6000,q4_3,2025-03-01,17667.876713180496,19176.88354137381,1509.0068281933104,18422.380127277152
fixed6000,q4_3,2025-03-02,52455.526421856805,55468.22859992855,3012.7021780717514,53961.87751089268
fixed6000,q4_3,2025-03-03,54217.08931259067,56897.52567494463,2680.436362353954,55557.30749376766
fixed6000,q4_3,2025-03-04,49708.191237461586,49864.88769200473,156.6964545431455,49786.539464733156
fixed6000,q4_3,2025-03-05,52796.34292053344,59529.922093187844,6733.579172654407,56163.13250686064
fixed6000,q4_3,2025-03-06,44883.487278356115,46616.55212771254,1733.0648493564217,45750.019703034326
fixed6000,q4_3,2025-03-07,15384.386483043007,15950.419939912226,566.0334568692203,15667.403211477616
fixed6000,q4_3,2025-03-08,15187.115228578175,15187.115228578177,1.1368683772161603e-13,15187.115228578177
fixed6000,q4_3,2025-03-09,44115.41959177108,47602.695310077914,3487.275718306828,45859.057450924505
fixed6000,q4_3,2025-03-10,49194.95608621372,49260.942385312985,65.98629909926478,49227.94923576336
fixed6000,q4_3,2025-03-11,44441.25876508764,44442.32343118865,1.064666101013927,44441.79109813814
fixed6000,q4_3,2025-03-12,46069.48242875435,48122.571690648205,2053.089261893845,47096.02705970128
fixed6000,q4_3,2025-03-13,46960.03983334564,48546.41646131997,1586.3766279743227,47753.228147332804
fixed6000,q4_3,2025-03-14,14276.304311056007,14277.146449089887,0.8421380338795075,14276.725380072947
fixed6000,q4_3,2025-03-15,15163.57216949126,15167.686096289939,4.113926798680268,15165.629132890599
fixed6000,q4_3,2025-03-16,44803.64741797367,46003.9367112679,1200.289293294227,45403.79206462079
fixed6000,q4_3,2025-03-17,39110.710611313974,40894.031995579586,1783.3213842656066,40002.37130344677
fixed6000,q4_3,2025-03-18,46316.841695157476,52038.62332417788,5721.78162902041,49177.73250966768
fixed6000,q4_3,2025-03-19,41427.81995623724,41428.423186519976,0.6032302827387639,41428.12157137861
fixed6000,q4_3,2025-03-20,42369.443201248374,44043.484756632584,1674.0415553842179,43206.463978940475
fixed6000,q4_3,2025-03-21,13605.740798095127,13734.681453092675,128.9406549975501,13670.211125593902
fixed6000,q4_3,2025-03-22,15114.928611379122,15121.228807135945,6.3001957568247065,15118.078709257536
fixed6000,q4_3,2025-03-23,41012.31878746523,45394.133017380955,4381.814229915734,43203.22590242309
fixed6000,q4_3,2025-03-24,41735.31569948888,43621.65772214134,1886.3420226524595,42678.48671081511
fixed6000,q4_3,2025-03-25,44131.18892010854,48691.475545087786,4560.286624979239,46411.332232598164
fixed6000,q4_3,2025-03-26,39831.567575211026,42890.856622736144,3059.2890475251206,41361.212098973585
fixed6000,q4_3,2025-03-27,39275.04956334186,41238.68131901212,1963.6317556702547,40256.86544117699
fixed6000,q4_3,2025-03-28,13662.597786951523,13975.98032216419,313.3825352126687,13819.289054557856
fixed6000,q4_3,2025-03-29,13626.100243166984,13627.076819137445,0.9765759704595212,13626.588531152214
fixed6000,q4_3,2025-03-30,36745.13957017333,41316.36505907915,4571.225488905819,39030.75231462624
fixed6000,q4_3,2025-03-31,37643.28559110356,37841.435883178056,198.1502920744988,37742.36073714081
fixed6000,q4_3,2025-04-01,42660.63439539561,43003.63550748488,343.0011120892729,42832.13495144024
fixed6000,q4_3,2025-04-02,42504.67960733323,44203.22293852987,1698.5433311966328,43353.95127293155
fixed6000,q4_3,2025-04-03,40115.245241707074,43579.01239339141,3463.7671516843307,41847.128817549245
fixed6000,q4_3,2025-04-04,12121.55486965039,12122.127403993958,0.5725343435673835,12121.841136822173
fixed6000,q4_3,2025-04-05,14154.926558671166,14157.019447700965,2.0928890297979024,14155.973003186065
fixed6000,q4_3,2025-04-06,37551.10884837184,39847.64036598902,2296.531517617179,38699.374607180434
fixed6000,q4_3,2025-04-07,35343.54956868112,35766.1684455034,422.6188768222793,35554.85900709226
fixed6000,q4_3,2025-04-08,40084.67855978519,44324.2296701495,4239.551110364311,42204.454114967346
fixed6000,q4_3,2025-04-09,41112.07410259913,43452.28470127155,2340.2105986724123,42282.17940193534
fixed6000,q4_3,2025-04-10,35578.86302430123,36517.29957983414,938.4365555329088,36048.08130206769
fixed6000,q4_3,2025-04-11,11744.487665715771,11747.13269817955,2.6450324637792164,11745.81018194766
fixed6000,q4_3,2025-04-12,13428.032077106187,13810.007087167696,381.97501006151015,13619.01958213694
fixed6000,q4_3,2025-04-13,35312.87769833852,37956.83766134894,2643.9599630104194,36634.85767984373
fixed6000,q4_3,2025-04-14,36301.943673497044,40926.974981209205,4625.031307712154,38614.45932735312
fixed6000,q4_3,2025-04-15,35120.68651382184,35828.759555455574,708.0730416337381,35474.72303463871
fixed6000,q4_3,2025-04-16,37312.317553692905,38221.51913791339,909.2015842204851,37766.91834580315
fixed6000,q4_3,2025-04-17,34706.27203126729,35690.21228243252,983.9402511652346,35198.242156849905
fixed6000,q4_3,2025-04-18,11490.484951172293,11855.548342443164,365.0633912708693,11673.01664680773
fixed6000,q4_3,2025-04-19,12978.763775599315,12979.27104111447,0.5072655151565755,12979.017408356893
fixed6000,q4_3,2025-04-20,34190.7828813339,35540.10722783298,1349.3243464990821,34865.44505458344
fixed6000,q4_3,2025-04-21,33933.06767140541,35969.50707180842,2036.4394004030014,34951.287371606915
fixed6000,q4_3,2025-04-22,36007.751736726,36248.018490184026,240.26675345801925,36127.88511345502
fixed6000,q4_3,2025-04-23,34429.140394267786,34447.65694207222,18.51654780443795,34438.398668170004
fixed6000,q4_3,2025-04-24,31790.96818709345,32974.84613068721,1183.8779435937586,32382.90715889033
fixed6000,q4_3,2025-04-25,11927.680052585274,12172.191777394219,244.51172480894274,12049.935914989746
fixed6000,q4_3,2025-04-26,11664.968274293344,11664.968274293344,0.0,11664.968274293344
fixed6000,q4_3,2025-04-27,31802.012409712843,32578.16489174754,776.1524820346965,32190.08865073019
fixed6000,q4_3,2025-04-28,40577.34203624365,42530.31372854142,1952.97169229777,41553.827882392536
fixed6000,q4_3,2025-04-29,33196.98033480377,34459.56805380485,1262.5877190010774,33828.27419430431
fixed6000,q4_3,2025-04-30,33407.76327128535,33858.73860645417,450.9753351688142,33633.250938869765
fixed6000,q4_3,2025-05-01,41530.53090995915,42590.780473639104,1060.2495636799642,42060.655691799126
fixed6000,q4_3,2025-05-02,18398.29015453851,18401.12228468345,2.8321301449400664,18399.70621961098
fixed6000,q4_3,2025-05-03,17584.972698676553,17584.972698676553,0.0,17584.972698676553
fixed6000,q4_3,2025-05-04,41378.178658703,45639.27382101529,4261.09516231229,43508.72623985914
fixed6000,q4_3,2025-05-05,40639.47335917555,42997.47080755798,2357.9974483824276,41818.47208336677
fixed6000,q4_3,2025-05-06,42790.5691044245,43674.81987169008,884.2507672655794,43232.694488057285
fixed6000,q4_3,2025-05-07,43495.49852126526,43506.456554845885,10.95803358062086,43500.97753805557
fixed6000,q4_3,2025-05-08,40015.62340062282,43282.15259851221,3266.52919788939,41648.88799956752
fixed6000,q4_3,2025-05-09,13213.283748028338,13230.191149608978,16.90740158063857,13221.737448818658
fixed6000,q4_3,2025-05-10,15814.910405075552,15814.910405075552,0.0,15814.910405075552
fixed6000,q4_3,2025-05-11,36089.588550589644,36585.99110396701,496.40255337737267,36337.78982727833
fixed6000,q4_3,2025-05-12,38616.272035299284,39591.562326807056,975.2902915077767,39103.91718105317
fixed6000,q4_3,2025-05-13,39886.60097567413,44212.10785174822,4325.506876074081,42049.354413711175
fixed6000,q4_3,2025-05-14,39905.695297520375,43754.95073621833,3849.2554386979527,41830.323016869355
fixed6000,q4_3,2025-05-15,38015.368515857146,40294.5480652118,2279.179549354658,39154.95829053447
fixed6000,q4_3,2025-05-16,13272.044314381568,13454.284356775284,182.24004239371482,13363.164335578425
fixed6000,q4_3,2025-05-17,15753.721713917883,16078.654003212137,324.9322892942534,15916.18785856501
fixed6000,q4_3,2025-05-18,37388.67075660468,41527.12257008176,4138.451813477079,39457.89666334322
fixed6000,q4_3,2025-05-19,36595.56201505243,37147.15500141546,551.5929863630377,36871.35850823395
fixed6000,q4_3,2025-05-20,37757.979084649196,38050.38163857913,292.40255392993186,37904.18036161416
fixed6000,q4_3,2025-05-21,37015.44170547285,37458.26380838454,442.8221029116936,37236.85275692869
fixed6000,q4_3,2025-05-22,36536.03418656532,38254.38286038673,1718.3486738214197,37395.20852347603
fixed6000,q4_3,2025-05-23,12123.942343483031,12123.942343483031,0.0,12123.942343483031
fixed6000,q4_3,2025-05-24,15340.773682785875,15511.186303163648,170.41262037777116,15425.979992974764
fixed6000,q4_3,2025-05-25,33248.41393189666,34096.70125212168,848.2873202250142,33672.557592009165
fixed6000,q4_3,2025-05-26,39460.90196881688,39924.50281003101,463.60084121412666,39692.70238942394
fixed6000,q4_3,2025-05-27,35046.78133770448,35639.670689792634,592.8893520881522,35343.22601374856
fixed6000,q4_3,2025-05-28,38649.005461516565,40946.797145653836,2297.7916841372717,39797.9013035852
fixed6000,q4_3,2025-05-29,37644.16671623979,38304.785869049556,660.6191528097554,37974.47629264467
fixed6000,q4_3,2025-05-30,13948.208954855954,13992.006450205856,43.79749534990158,13970.107702530906
fixed6000,q4_3,2025-05-31,15630.563728778749,16174.17200582698,543.6082770482313,15902.367867302864
fixed6000,q4_3,2025-06-01,59680.30688066661,65231.33565710348,5551.028776436876,62455.82126888505
fixed6000,q4_3,2025-06-02,61054.09400447712,66684.19977361159,5630.105769134466,63869.146889044365
fixed6000,q4_3,2025-06-03,54216.333165915465,55082.901190595774,866.5680246803095,54649.61717825562
fixed6000,q4_3,2025-06-04,56747.39575650501,64959.40536831162,8212.00961180661,60853.40056240832
fixed6000,q4_3,2025-06-05,57613.30009397706,58733.34980584424,1120.0497118671772,58173.324949910646
fixed6000,q4_3,2025-06-06,26513.441114738118,27944.363497246537,1430.9223825084146,27228.902305992327
fixed6000,q4_3,2025-06-07,26422.667588476434,28335.67696207414,1913.0093735977048,27379.172275275287
fixed6000,q4_3,2025-06-08,50705.53624705331,54701.79243991375,3996.2561928604373,52703.66434348352
fixed6000,q4_3,2025-06-09,59458.92204871207,64472.454205907554,5013.532157195472,61965.68812730981
fixed6000,q4_3,2025-06-10,55342.84288030237,57339.64188221424,1996.7990019118592,56341.24238125831
fixed6000,q4_3,2025-06-11,59296.63572131559,60123.52970010291,826.8939787873138,59710.082710709255
fixed6000,q4_3,2025-06-12,57880.92691044068,59177.49953311927,1296.5726226785941,58529.213221779966
fixed6000,q4_3,2025-06-13,21032.827109160302,21491.147962317722,458.32085315741836,21261.987535739012
fixed6000,q4_3,2025-06-14,22958.92179071866,24237.670359875734,1278.7485691570714,23598.296075297196
fixed6000,q4_3,2025-06-15,52093.72262324902,52906.792863879,813.0702406299836,52500.25774356401
fixed6000,q4_3,2025-06-16,57197.64936651698,57559.76923126008,362.1198647430969,57378.70929888853
fixed6000,q4_3,2025-06-17,60689.20907489763,61661.24135436844,972.0322794708106,61175.22521463303
fixed6000,q4_3,2025-06-18,57534.183654575696,60749.026010044894,3214.842355469197,59141.60483231029
fixed6000,q4_3,2025-06-19,54487.502283683556,57957.729198419824,3470.2269147362513,56222.61574105169
fixed6000,q4_3,2025-06-20,19054.62995025432,19364.167129164,309.5371789096803,19209.39853970916
fixed6000,q4_3,2025-06-21,21833.05262875802,22197.18264929429,364.13002053626445,22015.117639026157
fixed6000,q4_3,2025-06-22,50499.33648491269,52860.159051663344,2360.822566750653,51679.747768288005
fixed6000,q4_3,2025-06-23,52088.72866738737,53484.5074296446,1395.7787622572296,52786.61804851598
fixed6000,q4_3,2025-06-24,60839.3222480276,64728.70187045256,3889.3796224249645,62784.01205924009
fixed6000,q4_3,2025-06-25,54076.661998326825,55392.40255107722,1315.740552750404,54734.532274702025
fixed6000,q4_3,2025-06-26,53487.20223777977,54945.53305097887,1458.330813199093,54216.36764437932
fixed6000,q4_3,2025-06-27,18770.25203835485,19873.722323046277,1103.4702846914272,19321.987180700562
fixed6000,q4_3,2025-06-28,20189.04124347363,20275.949178159062,86.90793468543035,20232.495210816345
fixed6000,q4_3,2025-06-29,50522.25307441764,50684.63501592855,162.38194151090755,50603.44404517309
fixed6000,q4_3,2025-06-30,54045.48080189176,55388.89069282096,1343.4098909292022,54717.18574735636
fixed6000,q4_3,2025-07-01,69729.92187638034,69735.18583321573,5.263956835391127,69732.55385479804
fixed6000,q4_3,2025-07-02,67013.23908854302,67013.23908854302,0.0,67013.23908854302
fixed6000,q4_3,2025-07-03,71465.79121726242,72161.36867799608,695.5774607336775,71813.57994762924
fixed6000,q4_3,2025-07-04,30327.001452720728,30327.001452720728,0.0,30327.001452720728
fixed6000,q4_3,2025-07-05,32366.05113559841,32366.05113559841,2.2737367544323206e-13,32366.05113559841
fixed6000,q4_3,2025-07-06,69139.43458538993,69344.1689042896,204.73431889966264,69241.80174483976
fixed6000,q4_3,2025-07-07,67707.3227866766,68035.82812461088,328.5053379342725,67871.57545564373
fixed6000,q4_3,2025-07-08,66988.08844887232,71890.01904542102,4901.930596548712,69439.05374714667
fixed6000,q4_3,2025-07-09,64812.81978836472,68084.5231136854,3271.703325320673,66448.67145102506
fixed6000,q4_3,2025-07-10,63371.690235723225,67289.71222274477,3918.021987021548,65330.70122923399
fixed6000,q4_3,2025-07-11,28391.836351055146,29413.276840126724,1021.4404890715757,28902.556595590937
fixed6000,q4_3,2025-07-12,30796.17131481582,31279.11943872052,482.9481239047014,31037.645376768174
fixed6000,q4_3,2025-07-13,59813.50650425081,67113.50815934334,7300.001655092532,63463.507331797075
fixed6000,q4_3,2025-07-14,64106.333574237666,68675.24723717445,4568.913662936771,66390.79040570607
fixed6000,q4_3,2025-07-15,62123.13351981217,69140.91222719257,7017.7787073803975,65632.02287350237
fixed6000,q4_3,2025-07-16,65768.05035044189,69737.23922993249,3969.1888794906004,67752.6447901872
fixed6000,q4_3,2025-07-17,62952.6513088805,66144.25225377138,3191.6009448908967,64548.45178132595
fixed6000,q4_3,2025-07-18,27695.229482727198,29068.929795835647,1373.700313108451,28382.079639281423
fixed6000,q4_3,2025-07-19,28681.89501759503,30743.744053013914,2061.84903541888,29712.819535304472
fixed6000,q4_3,2025-07-20,61247.97340391558,65148.009918473675,3900.036514558084,63197.99166119463
fixed6000,q4_3,2025-07-21,66951.26263397059,70892.84180349772,3941.5791695271246,68922.05221873416
fixed6000,q4_3,2025-07-22,65993.12464190398,67427.57983527196,1434.4551933679613,66710.35223858798
fixed6000,q4_3,2025-07-23,65260.68866554918,73597.06062200923,8336.371956460043,69428.87464377921
fixed6000,q4_3,2025-07-24,67109.28852545533,76705.04992857605,9595.761403120712,71907.16922701568
fixed6000,q4_3,2025-07-25,24295.756613595557,24901.060889469998,605.304275874441,24598.408751532777
fixed6000,q4_3,2025-07-26,30441.181176261292,31159.5334296914,718.3522534301122,30800.35730297635
fixed6000,q4_3,2025-07-27,60650.27976284124,65350.24955220598,4699.96978936475,63000.26465752361
fixed6000,q4_3,2025-07-28,63677.27165615992,65794.14249933232,2116.8708431723903,64735.70707774612
fixed6000,q4_3,2025-07-29,64712.99529687228,66248.43971985305,1535.444422980759,65480.717508362664
fixed6000,q4_3,2025-07-30,68640.11299431356,69418.20671739432,778.0937230807679,69029.15985585394
fixed6000,q4_3,2025-07-31,60927.27686921967,61671.17444028075,743.8975710610894,61299.225654750204
fixed6000,q4_3,2025-08-01,26555.56969972596,27328.06210439668,772.4924046707192,26941.815902061317
fixed6000,q4_3,2025-08-02,27627.533205474178,29413.291322947647,1785.758117473471,28520.41226421091
fixed6000,q4_3,2025-08-03,50795.02260438079,52592.28196187453,1797.2593574937266,51693.65228312767
fixed6000,q4_3,2025-08-04,55623.06121439632,58311.66323346108,2688.6020190647596,56967.36222392869
fixed6000,q4_3,2025-08-05,54874.423022225885,56488.04816062496,1613.6251383990777,55681.23559142542
fixed6000,q4_3,2025-08-06,58257.34447703006,64835.524162982125,6578.17968595206,61546.4343200061
fixed6000,q4_3,2025-08-07,55920.07563197063,61564.75485807638,5644.679226105754,58742.4152450235
fixed6000,q4_3,2025-08-08,23569.190222985926,24237.98804702382,668.7978240378909,23903.589135004873
fixed6000,q4_3,2025-08-09,24983.137179307796,25119.908761536437,136.77158222863864,25051.52297042212
fixed6000,q4_3,2025-08-10,53219.20577228506,57806.70506463827,4587.4992923532045,55512.95541846167
fixed6000,q4_3,2025-08-11,53981.555846026575,55687.12307990588,1705.5672338793106,54834.33946296622
fixed6000,q4_3,2025-08-12,56407.044850780265,58205.542240641174,1798.4973898609117,57306.29354571072
fixed6000,q4_3,2025-08-13,53977.320989364685,53977.320989364685,0.0,53977.320989364685
fixed6000,q4_3,2025-08-14,53323.362091724804,55953.53203851859,2630.1699467937897,54638.4470651217
fixed6000,q4_3,2025-08-15,23275.300234735336,24805.242412054235,1529.9421773188958,24040.271323394787
fixed6000,q4_3,2025-08-16,26391.698321326832,28228.841885212416,1837.1435638855892,27310.27010326962
fixed6000,q4_3,2025-08-17,51313.016560247925,52014.86197012034,701.8454098724162,51663.93926518414
fixed6000,q4_3,2025-08-18,54519.441630210815,56566.08065808364,2046.63902787283,55542.76114414723
fixed6000,q4_3,2025-08-19,54076.426058800935,55731.75716787597,1655.3311090750312,54904.09161333846
fixed6000,q4_3,2025-08-20,58355.9003695202,62370.31961914801,4014.419249627808,60363.10999433411
fixed6000,q4_3,2025-08-21,53608.899110592596,55529.54629448816,1920.6471838955674,54569.22270254038
fixed6000,q4_3,2025-08-22,23685.0428107275,24008.019524567724,322.9767138402217,23846.531167647612
fixed6000,q4_3,2025-08-23,26004.79742971655,26018.292148433226,13.494718716673617,26011.544789074884
fixed6000,q4_3,2025-08-24,53342.47439254314,55052.21186405697,1709.737471513837,54197.343128300054
fixed6000,q4_3,2025-08-25,63162.504497368835,76924.43151111866,13761.927013749812,70043.46800424374
fixed6000,q4_3,2025-08-26,53518.05338359505,54520.901386250196,1002.8480026551499,54019.477384922626
fixed6000,q4_3,2025-08-27,55347.634656786904,56208.38584606729,860.7511892803874,55778.0102514271
fixed6000,q4_3,2025-08-28,56588.21150780136,56671.03256263137,82.82105483002039,56629.622035216365
fixed6000,q4_3,2025-08-29,25230.803296486716,25819.524663578937,588.7213670922185,25525.163980032827
fixed6000,q4_3,2025-08-30,27023.948321257118,27950.02288278883,926.0745615317152,27486.985602022974
fixed6000,q4_3,2025-08-31,50744.58325349468,51531.24418013546,786.6609266407822,51137.91371681506
fixed6000,q4_3,2025-09-01,47328.03929676222,53325.852009703114,5997.812712940895,50326.94565323267
fixed6000,q4_3,2025-09-02,45694.762623363145,48156.745752730385,2461.9831293672432,46925.75418804676
fixed6000,q4_3,2025-09-03,48584.925405530754,54758.91287733901,6173.987471808254,51671.9191414349
fixed6000,q4_3,2025-09-04,47048.21242501809,51852.479613815674,4804.267188797578,49450.34601941689
fixed6000,q4_3,2025-09-05,18930.90318951081,21196.007890733286,2265.104701222477,20063.45554012205
fixed6000,q4_3,2025-09-06,20719.153936460916,22859.896487794784,2140.742551333868,21789.525212127846
fixed6000,q4_3,2025-09-07,44466.59658762747,48519.803141008226,4053.2065533807568,46493.199864317845
fixed6000,q4_3,2025-09-08,44401.121320967104,45939.81506732606,1538.6937463589593,45170.46819414658
fixed6000,q4_3,2025-09-09,41336.6326376957,41338.139795403826,1.507157708123259,41337.38621654977
fixed6000,q4_3,2025-09-10,41884.78240061876,42837.78394785644,953.0015472376847,42361.2831742376
fixed6000,q4_3,2025-09-11,42244.06543625677,48561.56201642315,6317.496580166387,45402.81372633996
fixed6000,q4_3,2025-09-12,16407.83762334257,16659.57527576696,251.73765242439092,16533.706449554767
fixed6000,q4_3,2025-09-13,17848.66950120597,17860.072987837182,11.403486631210853,17854.37124452158
fixed6000,q4_3,2025-09-14,42439.0480435312,45731.874909668295,3292.8268661370967,44085.46147659975
fixed6000,q4_3,2025-09-15,41001.367877796554,41207.35536707019,205.9874892736372,41104.36162243337
fixed6000,q4_3,2025-09-16,44687.93969060653,49165.38265961902,4477.44296901249,46926.66117511278
fixed6000,q4_3,2025-09-17,46563.449535453736,50899.631079870975,4336.181544417241,48731.54030766236
fixed6000,q4_3,2025-09-18,39960.710754591535,39962.331991260035,1.621236668499023,39961.52137292578
fixed6000,q4_3,2025-09-19,15887.039906378966,16023.087889801325,136.04798342235605,15955.063898090146
fixed6000,q4_3,2025-09-20,18130.93967977231,18334.868584581625,203.92890480931578,18232.90413217697
fixed6000,q4_3,2025-09-21,42540.555942513856,45422.49309636533,2881.937153851479,43981.52451943959
fixed6000,q4_3,2025-09-22,45781.440246566926,52734.6335870255,6953.193340458576,49258.036916796205
fixed6000,q4_3,2025-09-23,45213.48340773338,47248.56771408043,2035.0843063470534,46231.0255609069
fixed6000,q4_3,2025-09-24,43930.055581135086,43930.34788996182,0.2923088267340596,43930.20173554846
fixed6000,q4_3,2025-09-25,44992.6506421108,46336.88010208486,1344.2294599740562,45664.76537209783
fixed6000,q4_3,2025-09-26,16151.64536731529,17536.43431914074,1384.7889518254503,16844.039843228013
fixed6000,q4_3,2025-09-27,18954.519852223915,19028.486532735616,73.96668051170414,18991.503192479766
fixed6000,q4_3,2025-09-28,44214.47630437514,44281.09583832271,66.6195339475787,44247.78607134893
fixed6000,q4_3,2025-09-29,46569.994530293116,50859.240099724855,4289.245569431745,48714.61731500899
fixed6000,q4_3,2025-09-30,50133.36754735412,51236.397258149664,1103.0297107955294,50684.882402751886
fixed6000,q4_3,2025-10-01,41492.317110939475,44539.0261329126,3046.7090219731263,43015.67162192604
fixed6000,q4_3,2025-10-02,42323.72127726898,49745.55443365487,7421.833156385887,46034.63785546193
fixed6000,q4_3,2025-10-03,14450.19766608889,14560.206805253638,110.00913916474735,14505.202235671262
fixed6000,q4_3,2025-10-04,16828.93803214355,17928.039114337596,1099.1010821940465,17378.48857324057
fixed6000,q4_3,2025-10-05,41338.38887757789,48117.36557975223,6778.976702174332,44727.877228665064
fixed6000,q4_3,2025-10-06,41318.389749074515,41347.68680771961,29.297058645103107,41333.03827839706
fixed6000,q4_3,2025-10-07,44477.446556475275,45999.411567458534,1521.9650109832664,45238.429061966905
fixed6000,q4_3,2025-10-08,41270.210879394086,43965.926427778904,2695.7155483848182,42618.068653586495
fixed6000,q4_3,2025-10-09,40579.44078284985,48155.79905194825,7576.358269098395,44367.619917399046
fixed6000,q4_3,2025-10-10,14812.211345473173,15050.828764193551,238.6174187203789,14931.520054833361
fixed6000,q4_3,2025-10-11,15327.1802630091,15359.635450741618,32.455187732517224,15343.40785687536
fixed6000,q4_3,2025-10-12,41364.205882660186,44175.270200775754,2811.06431811557,42769.73804171797
fixed6000,q4_3,2025-10-13,41254.98148706815,45501.70385568978,4246.722368621637,43378.34267137897
fixed6000,q4_3,2025-10-14,43786.0434136473,47220.25197804015,3434.208564392854,45503.14769584373
fixed6000,q4_3,2025-10-15,45086.053640323524,49687.54707584841,4601.493435524885,47386.800358085966
fixed6000,q4_3,2025-10-16,42413.89856818164,42429.47309979961,15.574531617963185,42421.68583399063
fixed6000,q4_3,2025-10-17,15527.204589857694,15740.37954210902,213.17495225132672,15633.792065983356
fixed6000,q4_3,2025-10-18,14618.477352440697,15347.147603653497,728.6702512128003,14982.812478047097
fixed6000,q4_3,2025-10-19,46300.17660980635,49762.72091908014,3462.5443092737864,48031.448764443245
fixed6000,q4_3,2025-10-20,47886.6122877643,49543.29375582533,1656.6814680610369,48714.95302179482
fixed6000,q4_3,2025-10-21,47574.11222716918,48227.59484303789,653.4826158687175,47900.85353510353
fixed6000,q4_3,2025-10-22,46402.913257111904,47070.77800732758,667.8647502156655,46736.845632219745
fixed6000,q4_3,2025-10-23,47008.26908360024,56745.679266485095,9737.410182884858,51876.97417504266
fixed6000,q4_3,2025-10-24,14591.339928085064,14591.535400437419,0.19547235235324933,14591.43766426124
fixed6000,q4_3,2025-10-25,16895.10505331093,16933.702978666064,38.59792535513131,16914.404015988497
fixed6000,q4_3,2025-10-26,47360.61218152252,54634.63738391797,7274.025202395447,50997.624782720246
fixed6000,q4_3,2025-10-27,45738.9147463548,46396.151199615444,657.2364532606438,46067.53297298512
fixed6000,q4_3,2025-10-28,47491.61214411838,47911.139608582555,419.52746446417797,47701.37587635046
fixed6000,q4_3,2025-10-29,50978.24597490358,51875.16579521494,896.9198203113601,51426.70588505925
fixed6000,q4_3,2025-10-30,45022.41726905742,45356.36497286201,333.94770380458846,45189.39112095971
fixed6000,q4_3,2025-10-31,17526.916421383845,18093.78782539782,566.8714040139732,17810.352123390832
fixed6000,q4_3,2025-11-01,15431.578019081775,15883.488540731028,451.9105216492534,15657.533279906402
fixed6000,q4_3,2025-11-02,49113.56603485007,49506.16909866805,392.60306381797557,49309.86756675906
fixed6000,q4_3,2025-11-03,52232.80977035717,54518.36782963469,2285.5580592775145,53375.58879999593
fixed6000,q4_3,2025-11-04,49357.369213868915,51531.37762950726,2174.0084156383505,50444.373421688084
fixed6000,q4_3,2025-11-05,54408.078332115154,58857.23768229326,4449.159350178112,56632.658007204205
fixed6000,q4_3,2025-11-06,50611.86703050469,51285.226515521266,673.3594850165755,50948.54677301298
fixed6000,q4_3,2025-11-07,15873.10841601654,15874.96662889201,1.8582128754716223,15874.037522454275
fixed6000,q4_3,2025-11-08,17404.33690071167,17616.39466109941,212.05776038773962,17510.365780905537
fixed6000,q4_3,2025-11-09,50842.90847590064,51504.917865525684,662.0093896250565,51173.91317071316
fixed6000,q4_3,2025-11-10,56355.809331279335,58532.660091423226,2176.8507601438896,57444.23471135128
fixed6000,q4_3,2025-11-11,54757.27440964217,59171.534805324045,4414.260395681871,56964.404607483106
fixed6000,q4_3,2025-11-12,53732.152901131005,55586.420909833985,1854.268008702983,54659.28690548249
fixed6000,q4_3,2025-11-13,54345.20343119922,55107.95950769348,762.75607649427,54726.58146944635
fixed6000,q4_3,2025-11-14,17127.9492261042,17170.56727007637,42.618043972171165,17149.258248090286
fixed6000,q4_3,2025-11-15,18686.72130631582,20313.416463261616,1626.6951569457979,19500.06888478872
fixed6000,q4_3,2025-11-16,53905.72063754043,54067.43210560903,161.71146806859775,53986.57637157473
fixed6000,q4_3,2025-11-17,56146.467968834055,56465.81396562801,319.3459967939592,56306.14096723104
fixed6000,q4_3,2025-11-18,55335.33904836592,55634.64843543276,299.30938706684253,55484.993741899336
fixed6000,q4_3,2025-11-19,59921.61972513527,60904.243412982425,982.6236878471484,60412.93156905884
fixed6000,q4_3,2025-11-20,52374.78236615045,52687.652348085394,312.86998193493673,52531.21735711793
fixed6000,q4_3,2025-11-21,18434.115125397497,18436.831443895277,2.7163184977791044,18435.47328464639
fixed6000,q4_3,2025-11-22,18551.394281741683,20451.255824458985,1899.8615427173036,19501.325053100336
fixed6000,q4_3,2025-11-23,55807.387150782946,57224.88589547445,1417.4987446915052,56516.1365231287
fixed6000,q4_3,2025-11-24,54160.34252956846,54512.952809295646,352.610279727186,54336.647669432044
fixed6000,q4_3,2025-11-25,61139.43071240229,67576.76029079843,6437.329578396148,64358.09550160036
fixed6000,q4_3,2025-11-26,59027.61015491697,61346.2066673165,2318.5965123995443,60186.90841111674
fixed6000,q4_3,2025-11-27,56725.18125905862,57911.60752003587,1186.426260977254,57318.39438954725
fixed6000,q4_3,2025-11-28,17282.28017851551,17787.577698888555,505.2975203730422,17534.928938702033
fixed6000,q4_3,2025-11-29,20817.079291761096,23032.799861912732,2215.720570151637,21924.939576836914
fixed6000,q4_3,2025-11-30,59688.65187216147,60344.59161595514,655.9397437936691,60016.621744058306
fixed6000,q4_3,2025-12-01,81174.0147391973,81997.21493510259,823.2001959052925,81585.61483714994
fixed6000,q4_3,2025-12-02,85566.70947069325,87839.05526359865,2272.3457929054002,86702.88236714594
fixed6000,q4_3,2025-12-03,78332.83530428266,78332.83530428266,4.547473508864641e-13,78332.83530428266
fixed6000,q4_3,2025-12-04,80138.22452856848,82401.31418159837,2263.0896530298824,81269.76935508344
fixed6000,q4_3,2025-12-05,26549.94513888843,27305.17521124574,755.2300723573093,26927.560175067083
fixed6000,q4_3,2025-12-06,26085.715278245298,26086.575211914766,0.859933669465903,26086.14524508003
fixed6000,q4_3,2025-12-07,80725.3857504739,83029.43134298341,2304.0455925095184,81877.40854672866
fixed6000,q4_3,2025-12-08,75376.32179473844,77898.93348843828,2522.611693699846,76637.62764158836
fixed6000,q4_3,2025-12-09,73750.45483025607,77727.30957748774,3976.8547472316654,75738.88220387191
fixed6000,q4_3,2025-12-10,73160.53496080425,73449.7590636334,289.2241028291641,73305.14701221882
fixed6000,q4_3,2025-12-11,69577.12633389363,73809.60608785201,4232.479753958378,71693.3662108728
fixed6000,q4_3,2025-12-12,27357.60131024787,28553.19191826275,1195.5906080148816,27955.39661425531
fixed6000,q4_3,2025-12-13,25949.615334570855,27419.074438275937,1469.4591037050818,26684.344886423394
fixed6000,q4_3,2025-12-14,72387.23528926991,72772.70138409149,385.46609482156555,72579.9683366807
fixed6000,q4_3,2025-12-15,74033.5591823603,74236.67367396537,203.1144916050638,74135.11642816284
fixed6000,q4_3,2025-12-16,75981.45644817108,79299.81434339628,3318.3578952251924,77640.63539578368
fixed6000,q4_3,2025-12-17,73141.30980592598,78460.54460090896,5319.234794982996,75800.92720341746
fixed6000,q4_3,2025-12-18,70499.17398781121,72782.51208309381,2283.338095282595,71640.8430354525
fixed6000,q4_3,2025-12-19,24889.501821572372,26229.05665278266,1339.5548312102887,25559.279237177514
fixed6000,q4_3,2025-12-20,23927.115527737806,25945.3765935709,2018.2610658330948,24936.24606065435
fixed6000,q4_3,2025-12-21,73838.35809313454,75534.97411509903,1696.6160219644858,74686.66610411678
fixed6000,q4_3,2025-12-22,73280.43201312849,73704.2211293015,423.78911617300486,73492.326571215
fixed6000,q4_3,2025-12-23,73702.58189763439,77574.87013127407,3872.2882336396833,75638.72601445422
fixed6000,q4_3,2025-12-24,71649.33488520476,72839.01213797601,1189.6772527712478,72244.17351159039
fixed6000,q4_3,2025-12-25,67832.47887995801,68628.3883220935,795.9094421354787,68230.43360102575
fixed6000,q4_3,2025-12-26,26215.239583076993,27108.14814084269,892.9085577656989,26661.69386195984
fixed6000,q4_3,2025-12-27,24287.691794889448,25302.589039959683,1014.8972450702331,24795.14041742457
fixed6000,q4_3,2025-12-28,68511.04103085786,70201.46221016362,1690.4211793057748,69356.25162051074
fixed6000,q4_3,2025-12-29,72033.77936984446,73481.53937507705,1447.760005232588,72757.65937246075
fixed6000,q4_3,2025-12-30,70555.97269124314,74210.3494980911,3654.376806847964,72383.16109466713
fixed6000,q4_3,2025-12-31,74430.14738330939,76305.37069826179,1875.2233149523995,75367.7590407856
