kind,usable_width_kwh,date,total_cost_yuan,planned_cost_yuan,increase_cost_yuan,reduction_net_cost_yuan,emergency_cost_yuan
q2,0,2025-02-01,38180.42462687053,37227.672924301485,0.0,0.0,952.7517025690429
q2,0,2025-02-02,71038.6007877269,70464.8092030281,0.0,0.0,573.7915846987975
q2,0,2025-02-03,70288.35721718946,68911.93460532876,0.0,0.0,1376.4226118607066
q2,0,2025-02-04,74273.46977525523,68103.63567030049,0.0,0.0,6169.834104954754
q2,0,2025-02-05,70499.38651530241,67458.04501858809,0.0,0.0,3041.34149671432
q2,0,2025-02-06,70410.84214553834,69374.5121905169,0.0,0.0,1036.3299550214278
q2,0,2025-02-07,38076.66302725929,36296.76170596166,0.0,0.0,1779.901321297624
q2,0,2025-02-08,36417.09857972777,34437.94131129324,0.0,0.0,1979.157268434522
q2,0,2025-02-09,71753.11422053484,64623.6593603635,0.0,0.0,7129.454860171342
q2,0,2025-02-10,67234.64823883734,65975.0930019302,0.0,0.0,1259.5552369071431
q2,0,2025-02-11,66182.39476595215,64850.923547444996,0.0,0.0,1331.471218507141
q2,0,2025-02-12,66908.63453490235,64547.59444698451,0.0,0.0,2361.0400879178464
q2,0,2025-02-13,66059.2912511088,63706.87624913975,0.0,0.0,2352.415001969056
q2,0,2025-02-14,35424.23116044709,33360.41464986496,0.0,0.0,2063.816510582134
q2,0,2025-02-15,36106.79876941339,32830.704187051415,0.0,0.0,3276.09458236198
q2,0,2025-02-16,67282.5180035083,62003.76582913095,0.0,0.0,5278.752174377355
q2,0,2025-02-17,64008.35912065589,61839.58907912262,0.0,0.0,2168.7700415332756
q2,0,2025-02-18,63481.31631308167,61116.87432063167,0.0,0.0,2364.4419924499953
q2,0,2025-02-19,65658.42543823557,60622.81105711743,0.0,0.0,5035.614381118149
q2,0,2025-02-20,63457.19108589906,60841.6613564395,0.0,0.0,2615.5297294595507
q2,0,2025-02-21,33573.36236233429,32033.68180452,0.0,0.0,1539.6805578142867
q2,0,2025-02-22,34406.20794946285,32043.060649450952,0.0,0.0,2363.1473000119013
q2,0,2025-02-23,64295.56930175243,59743.80670368339,0.0,0.0,4551.762598069044
q2,0,2025-02-24,61846.494510421326,59735.16805733901,0.0,0.0,2111.326453082306
q2,0,2025-02-25,60732.85836291738,59277.74473967452,0.0,0.0,1455.1136232428626
q2,0,2025-02-26,62553.03930831476,59442.50875634926,0.0,0.0,3110.530551965487
q2,0,2025-02-27,62954.983775890476,57895.435031539295,0.0,0.0,5059.54874435119
q2,0,2025-02-28,32976.0105463892,31107.66074316303,0.0,0.0,1868.3498032261728
q2,0,2025-03-01,33725.551187029276,31167.344441534056,0.0,0.0,2558.206745495222
q2,0,2025-03-02,71444.96978816057,58156.04092401164,0.0,0.0,13288.928864148917
q2,0,2025-03-03,70458.4124144743,58007.25522750167,0.0,0.0,12451.157186972632
q2,0,2025-03-04,61555.800439795246,58503.06233676309,0.0,0.0,3052.7381030321485
q2,0,2025-03-05,61310.746251620934,60161.31115588043,0.0,0.0,1149.4350957405034
q2,0,2025-03-06,61391.30815513383,59626.00515541357,0.0,0.0,1765.3029997202545
q2,0,2025-03-07,31753.105288169758,30665.818553776902,0.0,0.0,1087.286734392856
q2,0,2025-03-08,31277.956921644745,29738.20922523036,0.0,0.0,1539.7476964143862
q2,0,2025-03-09,59260.121588709524,57484.14120052739,0.0,0.0,1775.9803881821372
q2,0,2025-03-10,59633.142564505935,56967.22349481786,0.0,0.0,2665.919069688085
q2,0,2025-03-11,59799.106591893804,55813.60763451169,0.0,0.0,3985.4989573821126
q2,0,2025-03-12,58137.77121103928,55731.19134280489,0.0,0.0,2406.579868234389
q2,0,2025-03-13,64994.83871767929,55300.24586061739,0.0,0.0,9694.592857061903
q2,0,2025-03-14,31075.195060495935,28779.289626359037,0.0,0.0,2295.9054341368974
q2,0,2025-03-15,31019.754163175727,28952.278247181664,0.0,0.0,2067.4759159940645
q2,0,2025-03-16,58621.07587616121,54997.55364865284,0.0,0.0,3623.5222275083606
q2,0,2025-03-17,56304.176525305986,54962.99081522727,0.0,0.0,1341.185710078722
q2,0,2025-03-18,60392.22727464639,53953.35638251073,0.0,0.0,6438.870892135665
q2,0,2025-03-19,56858.607106845484,53747.51380444072,0.0,0.0,3111.0933024047663
q2,0,2025-03-20,58122.56030039311,54033.781684762136,0.0,0.0,4088.778615630976
q2,0,2025-03-21,30755.42665782334,28357.537728394756,0.0,0.0,2397.888929428579
q2,0,2025-03-22,29876.097690867602,28870.391683028323,0.0,0.0,1005.7060078392741
q2,0,2025-03-23,56246.40713675,53467.05970912975,0.0,0.0,2779.3474276202405
q2,0,2025-03-24,56742.248831458804,52755.21984386358,0.0,0.0,3987.028987595228
q2,0,2025-03-25,58004.894864473616,52694.17046033275,0.0,0.0,5310.7244041408685
q2,0,2025-03-26,55056.38910673777,52876.46783976961,0.0,0.0,2179.9212669681665
q2,0,2025-03-27,54664.87030673801,52550.723232960314,0.0,0.0,2114.147073777703
q2,0,2025-03-28,29506.686733183524,27912.486754416896,0.0,0.0,1594.199978766627
q2,0,2025-03-29,29508.61204894641,27396.087646879718,0.0,0.0,2112.5244020666873
q2,0,2025-03-30,54375.27580021665,52173.25308786071,0.0,0.0,2202.0227123559443
q2,0,2025-03-31,54352.09226993642,51471.644580915,0.0,0.0,2880.4476890214105
q2,0,2025-04-01,54218.61465309026,51821.10076891405,0.0,0.0,2397.5138841762014
q2,0,2025-04-02,59395.312802947185,51113.92153696261,0.0,0.0,8281.391265984576
q2,0,2025-04-03,55238.08833773786,50846.049050886664,0.0,0.0,4392.039286851187
q2,0,2025-04-04,29306.881524710952,27189.957128474045,0.0,0.0,2116.924396236903
q2,0,2025-04-05,28710.193014591197,27431.469445367366,0.0,0.0,1278.723569223831
q2,0,2025-04-06,53546.42857323258,50195.973292352865,0.0,0.0,3350.4552808797234
q2,0,2025-04-07,52000.62656815191,50508.405930111454,0.0,0.0,1492.2206380404532
q2,0,2025-04-08,55839.28390407977,50993.66607063333,0.0,0.0,4845.617833446435
q2,0,2025-04-09,54725.615504065485,51311.71320581905,0.0,0.0,3413.902298246431
q2,0,2025-04-10,54740.47626073548,50671.83357004501,0.0,0.0,4068.6426906904735
q2,0,2025-04-11,29372.86098666382,26427.68821932218,0.0,0.0,2945.1727673416426
q2,0,2025-04-12,27607.582236430935,26857.93291472617,0.0,0.0,749.6493217047614
q2,0,2025-04-13,53583.48564386829,50137.64927311335,0.0,0.0,3445.8363707549433
q2,0,2025-04-14,51575.298659177206,49045.60059385693,0.0,0.0,2529.698065320272
q2,0,2025-04-15,51671.59439663428,49731.308160342625,0.0,0.0,1940.2862362916626
q2,0,2025-04-16,52040.81639097786,49517.305996676674,0.0,0.0,2523.5103943011877
q2,0,2025-04-17,51538.67155328285,49530.90470705072,0.0,0.0,2007.766846232134
q2,0,2025-04-18,27610.748096233096,26291.80086994262,0.0,0.0,1318.9472262904803
q2,0,2025-04-19,27275.843546733813,25950.099011360056,0.0,0.0,1325.7445353737503
q2,0,2025-04-20,52028.56689456836,48845.57149367547,0.0,0.0,3182.9954008928885
q2,0,2025-04-21,50441.08602544764,48872.580859240465,0.0,0.0,1568.5051662071774
q2,0,2025-04-22,50920.328593504724,48311.24635080951,0.0,0.0,2609.082242695218
q2,0,2025-04-23,49926.82898344047,48323.914025438105,0.0,0.0,1602.9149580023702
q2,0,2025-04-24,49594.454959311406,48126.964850506665,0.0,0.0,1467.4901088047359
q2,0,2025-04-25,26173.067710063813,24947.29062634714,0.0,0.0,1225.77708371667
q2,0,2025-04-26,27947.108909449536,24966.346481709046,0.0,0.0,2980.7624277404866
q2,0,2025-04-27,53417.78320691031,46394.920892712864,0.0,0.0,7022.862314197444
q2,0,2025-04-28,56418.700902004515,47484.46190423196,0.0,0.0,8934.238997772565
q2,0,2025-04-29,50442.63246056452,47228.21666743833,0.0,0.0,3214.415793126186
q2,0,2025-04-30,49634.741362265995,47483.98690974812,0.0,0.0,2150.7544525178764
q2,0,2025-05-01,60493.05978213951,47234.79484058119,0.0,0.0,13258.264941558324
q2,0,2025-05-02,38072.82363851642,24906.107297756913,0.0,0.0,13166.716340759507
q2,0,2025-05-03,33542.53959352429,25983.096931226668,0.0,0.0,7559.442662297621
q2,0,2025-05-04,56556.71813218359,49444.622914360945,0.0,0.0,7112.095217822645
q2,0,2025-05-05,62203.86219765259,47724.11921724786,0.0,0.0,14479.742980404728
q2,0,2025-05-06,61948.647259051904,46812.425588989994,0.0,0.0,15136.2216700619
q2,0,2025-05-07,60725.598070274755,48032.88094006524,0.0,0.0,12692.717130209516
q2,0,2025-05-08,56186.591484395,52822.177741475956,0.0,0.0,3364.413742919047
q2,0,2025-05-09,30242.324100871432,29359.99738912977,0.0,0.0,882.3267117416603
q2,0,2025-05-10,29786.895022552155,28051.42540989264,0.0,0.0,1735.4696126595181
q2,0,2025-05-11,53662.45449209811,50609.6329551719,0.0,0.0,3052.821536926225
q2,0,2025-05-12,54075.31721228278,52987.280749215046,0.0,0.0,1088.0364630677389
q2,0,2025-05-13,53778.98356460381,53240.40339394547,0.0,0.0,538.5801706583386
q2,0,2025-05-14,53081.49913781431,52011.26763019761,0.0,0.0,1070.2315076166988
q2,0,2025-05-15,54826.529124262386,49909.39997045405,0.0,0.0,4917.129153808335
q2,0,2025-05-16,29102.450460023243,28282.1142840519,0.0,0.0,820.3361759713466
q2,0,2025-05-17,29807.594172119272,28680.21113161214,0.0,0.0,1127.3830405071353
q2,0,2025-05-18,54393.78461800811,51038.09793920095,0.0,0.0,3355.686678807155
q2,0,2025-05-19,52089.96589829764,48781.77652526312,0.0,0.0,3308.1893730345223
q2,0,2025-05-20,53174.729330275,49002.33625204762,0.0,0.0,4172.393078227376
q2,0,2025-05-21,52912.61986793358,50467.02531011573,0.0,0.0,2445.5945578178603
q2,0,2025-05-22,51275.78727486786,50537.30269543572,0.0,0.0,738.4845794321348
q2,0,2025-05-23,29593.047078373802,26916.06058663452,0.0,0.0,2676.98649173928
q2,0,2025-05-24,28495.45576527294,27407.096004352614,0.0,0.0,1088.359760920322
q2,0,2025-05-25,51431.45376049739,49604.747539968055,0.0,0.0,1826.7062205293366
q2,0,2025-05-26,53087.07114749952,50310.15024158048,0.0,0.0,2776.920905919045
q2,0,2025-05-27,51677.882515840014,50966.49761057572,0.0,0.0,711.3849052642871
q2,0,2025-05-28,53621.28834032118,49057.738037227144,0.0,0.0,4563.550303094033
q2,0,2025-05-29,55141.09709324048,47984.3037153619,0.0,0.0,7156.7933778785755
q2,0,2025-05-30,29295.596140502144,28106.28390249857,0.0,0.0,1189.3122380035743
q2,0,2025-05-31,29397.84468869,28224.983544109054,0.0,0.0,1172.8611445809486
q2,0,2025-06-01,82995.59544126879,50637.40460644977,0.0,0.0,32358.190834819015
q2,0,2025-06-02,88930.09804877502,50124.28616431308,0.0,0.0,38805.811884461946
q2,0,2025-06-03,73904.96153444097,52893.26285207666,0.0,0.0,21011.698682364302
q2,0,2025-06-04,71779.30588207116,54796.55963566286,0.0,0.0,16982.746246408307
q2,0,2025-06-05,71975.9765339357,55677.95838157024,0.0,0.0,16298.01815236546
q2,0,2025-06-06,51408.554933482854,28461.22290646738,0.0,0.0,22947.332027015476
q2,0,2025-06-07,47847.40490128069,28400.255769077157,0.0,0.0,19447.14913220353
q2,0,2025-06-08,70006.47949544905,69664.66470732524,0.0,0.0,341.8147881238062
q2,0,2025-06-09,68433.3043991761,67525.23566055358,0.0,0.0,908.0687386225227
q2,0,2025-06-10,65499.445759671304,63285.72052708086,0.0,0.0,2213.7252325904374
q2,0,2025-06-11,74575.56326123448,63122.01938436872,0.0,0.0,11453.543876865755
q2,0,2025-06-12,68497.06251212119,67885.48358918547,0.0,0.0,611.5789229357142
q2,0,2025-06-13,39802.7498686844,39247.27616235579,0.0,0.0,555.4737063286059
q2,0,2025-06-14,37506.828864538096,37352.60379358809,0.0,0.0,154.22507095000097
q2,0,2025-06-15,65685.5898305481,64779.49636807678,0.0,0.0,906.0934624713223
q2,0,2025-06-16,68414.45945510987,67440.7387746443,0.0,0.0,973.7206804655623
q2,0,2025-06-17,71685.73691209144,70280.1403511712,0.0,0.0,1405.5965609202487
q2,0,2025-06-18,69696.94660062878,69688.11313729547,0.0,0.0,8.833463333310167
q2,0,2025-06-19,66653.00095866476,64506.599460977865,0.0,0.0,2146.401497686905
q2,0,2025-06-20,34838.07336633692,34264.24889480596,0.0,0.0,573.8244715309492
q2,0,2025-06-21,37734.40031558021,37375.28395991714,0.0,0.0,359.11635566307524
q2,0,2025-06-22,67854.05865746285,67593.26733212834,0.0,0.0,260.79132533452474
q2,0,2025-06-23,63674.98603064047,61995.71420299524,0.0,0.0,1679.2718276452365
q2,0,2025-06-24,75597.15505524905,63283.33530701571,0.0,0.0,12313.819748233338
q2,0,2025-06-25,65530.5955792774,60894.467768608345,0.0,0.0,4636.127810669055
q2,0,2025-06-26,69578.09239663596,69232.49311455381,0.0,0.0,345.5992820821455
q2,0,2025-06-27,35547.38712338666,35173.91112051167,0.0,0.0,373.47600287499165
q2,0,2025-06-28,34525.20835485801,32734.074147484127,0.0,0.0,1791.134207373882
q2,0,2025-06-29,65188.05482677144,60955.79947077023,0.0,0.0,4232.255356001218
q2,0,2025-06-30,68038.92228991211,65055.96880208239,0.0,0.0,2982.9534878297177
q2,0,2025-07-01,80348.00305663951,70022.24898879191,0.0,0.0,10325.754067847613
q2,0,2025-07-02,78053.39362035238,65400.96971260597,0.0,0.0,12652.423907746415
q2,0,2025-07-03,81800.65761265215,61309.560951666426,0.0,0.0,20491.096660985717
q2,0,2025-07-04,49072.321926196426,33890.49695747262,0.0,0.0,15181.824968723791
q2,0,2025-07-05,47567.482683299044,34828.76195631809,0.0,0.0,12738.720726980944
q2,0,2025-07-06,85503.23770915119,61765.276393788095,0.0,0.0,23737.961315363085
q2,0,2025-07-07,80755.84776860668,56441.57977432928,0.0,0.0,24314.2679942774
q2,0,2025-07-08,72125.20412660333,69228.38986091167,0.0,0.0,2896.8142656916625
q2,0,2025-07-09,71009.09003420858,69203.01821213,0.0,0.0,1806.0718220785752
q2,0,2025-07-10,69081.16111945569,67973.27507958189,0.0,0.0,1107.8860398737993
q2,0,2025-07-11,41035.48431711523,40105.44773463666,0.0,0.0,930.0365824785675
q2,0,2025-07-12,43672.0256675812,42726.62014037404,0.0,0.0,945.4055272071461
q2,0,2025-07-13,70537.4479015762,70207.06997098096,0.0,0.0,330.37793059524074
q2,0,2025-07-14,70239.95177761024,69882.37085829358,0.0,0.0,357.58091931666655
q2,0,2025-07-15,67689.50011898062,66259.29467089969,0.0,0.0,1430.2054480809156
q2,0,2025-07-16,69274.80171330337,67499.38692621757,0.0,0.0,1775.4147870857948
q2,0,2025-07-17,72000.12554562357,67365.87648627357,0.0,0.0,4634.249059349993
q2,0,2025-07-18,42955.933703255476,42496.619253273326,0.0,0.0,459.314449982139
q2,0,2025-07-19,40437.856139174284,39952.08626634572,0.0,0.0,485.7698728285656
q2,0,2025-07-20,65933.90825112711,64736.22284616642,0.0,0.0,1197.685404960685
q2,0,2025-07-21,70238.10236542857,67986.10872440715,0.0,0.0,2251.9936410214145
q2,0,2025-07-22,69727.56208048023,66609.42763212073,0.0,0.0,3118.134448359515
q2,0,2025-07-23,68681.32765296669,66579.77185430596,0.0,0.0,2101.555798660726
q2,0,2025-07-24,69786.34221782928,66044.0551779781,0.0,0.0,3742.2870398511827
q2,0,2025-07-25,40513.31811936572,38979.41388015382,0.0,0.0,1533.9042392119022
q2,0,2025-07-26,42508.33997657215,42147.54833425906,0.0,0.0,360.7916423130945
q2,0,2025-07-27,73521.25967812167,67003.96811400738,0.0,0.0,6517.291564114282
q2,0,2025-07-28,70225.53136646023,65001.568367392385,0.0,0.0,5223.962999067848
q2,0,2025-07-29,70671.1984163738,66595.93316155835,0.0,0.0,4075.2652548154415
q2,0,2025-07-30,70245.10051499405,68949.06331840596,0.0,0.0,1296.0371965880963
q2,0,2025-07-31,73333.50721549144,69441.53066272834,0.0,0.0,3891.9765527631
q2,0,2025-08-01,42191.06809725095,41958.06312173191,0.0,0.0,233.00497551904508
q2,0,2025-08-02,39498.51842116359,39211.98442323158,0.0,0.0,286.5339979320151
q2,0,2025-08-03,66533.85525118833,64702.679882165714,0.0,0.0,1831.1753690226142
q2,0,2025-08-04,65153.55341898523,63814.64593209953,0.0,0.0,1338.9074868857067
q2,0,2025-08-05,64100.54251976024,62684.89198302334,0.0,0.0,1415.6505367369082
q2,0,2025-08-06,67286.04227250736,61494.43583781338,0.0,0.0,5791.606434693994
q2,0,2025-08-07,63864.78316184522,61437.84494751551,0.0,0.0,2426.9382143297053
q2,0,2025-08-08,38743.03491562072,37238.31146078143,0.0,0.0,1504.7234548392912
q2,0,2025-08-09,39510.20435534261,36188.12008480572,0.0,0.0,3322.0842705369005
q2,0,2025-08-10,62836.910687012874,60649.65087635809,0.0,0.0,2187.259810654767
q2,0,2025-08-11,63629.16151692453,60781.70979631738,0.0,0.0,2847.4517206071428
q2,0,2025-08-12,65578.47606753884,59797.5763259495,0.0,0.0,5780.899741589335
q2,0,2025-08-13,62926.648537618654,59465.47637757456,0.0,0.0,3461.172160044093
q2,0,2025-08-14,67315.23486734786,59590.35423161095,0.0,0.0,7724.880635736909
q2,0,2025-08-15,39478.69498099333,36264.08166859334,0.0,0.0,3214.613312399996
q2,0,2025-08-16,38462.910121333596,36504.45591964311,0.0,0.0,1958.4542016904895
q2,0,2025-08-17,63332.751163763336,59887.488101559764,0.0,0.0,3445.2630622035754
q2,0,2025-08-18,65802.83677044784,59266.02396521333,0.0,0.0,6536.812805234522
q2,0,2025-08-19,63043.88614365214,60173.559999867626,0.0,0.0,2870.3261437845135
q2,0,2025-08-20,73453.27885137405,59497.95945587166,0.0,0.0,13955.319395502374
q2,0,2025-08-21,63894.16696166728,61188.64352096389,0.0,0.0,2705.523440703394
q2,0,2025-08-22,40986.33631827804,36963.98205023527,0.0,0.0,4022.354268042764
q2,0,2025-08-23,39072.915829443344,36708.168589339766,0.0,0.0,2364.747240103581
q2,0,2025-08-24,64422.47940576518,60327.57952780811,0.0,0.0,4094.8998779570757
q2,0,2025-08-25,69400.53184654762,61776.87833267738,0.0,0.0,7623.65351387024
q2,0,2025-08-26,64295.15093847309,61868.631631636206,0.0,0.0,2426.5193068368935
q2,0,2025-08-27,65222.74588481144,62148.97173197093,0.0,0.0,3073.7741528405068
q2,0,2025-08-28,69451.82238462071,61075.01068596358,0.0,0.0,8376.811698657126
q2,0,2025-08-29,41782.61853669252,38371.07082053179,0.0,0.0,3411.5477161607273
q2,0,2025-08-30,39635.42907047046,37550.23819892638,0.0,0.0,2085.1908715440773
q2,0,2025-08-31,64622.22008237476,63255.219712793805,0.0,0.0,1367.000369580951
q2,0,2025-09-01,62027.379917204016,62027.379917204016,0.0,0.0,0.0
q2,0,2025-09-02,61806.77612013157,61224.157992314904,0.0,0.0,582.6181278166717
q2,0,2025-09-03,61026.99464031191,60771.67256580119,0.0,0.0,255.32207451071068
q2,0,2025-09-04,62240.475280013816,62062.58654540072,0.0,0.0,177.888734613099
q2,0,2025-09-05,37001.73944515335,36974.99517689619,0.0,0.0,26.744268257149574
q2,0,2025-09-06,38492.64228258643,37848.12834664357,0.0,0.0,644.5139359428615
q2,0,2025-09-07,61325.33953479881,60492.32259026548,0.0,0.0,833.0169445333323
q2,0,2025-09-08,61307.12623828571,52613.692554097615,0.0,0.0,8693.433684188087
q2,0,2025-09-09,58263.53741371191,53734.698944235715,0.0,0.0,4528.838469476185
q2,0,2025-09-10,65616.22289643428,53600.77906154857,0.0,0.0,12015.443834885707
q2,0,2025-09-11,57921.15679642813,53627.66493715426,0.0,0.0,4293.491859273864
q2,0,2025-09-12,34165.871742030955,30414.64277020001,0.0,0.0,3751.2289718309385
q2,0,2025-09-13,34469.06879007144,30506.02252812501,0.0,0.0,3963.0462619464347
q2,0,2025-09-14,59747.698802384286,54215.99436890927,0.0,0.0,5531.704433475015
q2,0,2025-09-15,58540.45191396905,54779.57118698452,0.0,0.0,3760.88072698452
q2,0,2025-09-16,58339.98680478049,55282.439055469746,0.0,0.0,3057.547749310741
q2,0,2025-09-17,58659.10707223618,55394.55106930046,0.0,0.0,3264.556002935716
q2,0,2025-09-18,59583.93634835594,55317.18524133572,0.0,0.0,4266.751107020235
q2,0,2025-09-19,33635.81325347572,31355.184495343576,0.0,0.0,2280.628758132139
q2,0,2025-09-20,34728.442644449286,31232.91096908619,0.0,0.0,3495.531675363095
q2,0,2025-09-21,59661.01294503646,56828.01434704834,0.0,0.0,2832.9985979881158
q2,0,2025-09-22,60687.422092242625,56237.85589282238,0.0,0.0,4449.566199420242
q2,0,2025-09-23,60706.132380170195,57016.5592690881,0.0,0.0,3689.5731110820934
q2,0,2025-09-24,60350.81960071763,55817.83694715095,0.0,0.0,4532.982653566676
q2,0,2025-09-25,61624.09997201858,57583.23784550669,0.0,0.0,4040.8621265119054
q2,0,2025-09-26,33541.0462401619,31707.474303673815,0.0,0.0,1833.5719364880902
q2,0,2025-09-27,37319.89809298524,31915.18572996977,0.0,0.0,5404.712363015471
q2,0,2025-09-28,60164.39191948404,57190.595425526895,0.0,0.0,2973.7964939571443
q2,0,2025-09-29,61459.970627597395,58203.01946405333,0.0,0.0,3256.951163544054
q2,0,2025-09-30,63287.89729910238,58339.11117777979,0.0,0.0,4948.786121322592
q2,0,2025-10-01,58290.60791177119,58007.38973661882,0.0,0.0,283.21817515238104
q2,0,2025-10-02,57407.351195395255,56935.08699389048,0.0,0.0,472.26420150478566
q2,0,2025-10-03,31805.094404709518,31286.358189291674,0.0,0.0,518.73621541784
q2,0,2025-10-04,33860.85400528167,32789.650098812606,0.0,0.0,1071.2039064690673
q2,0,2025-10-05,57796.174194913576,56962.257821114785,0.0,0.0,833.9163737987972
q2,0,2025-10-06,57324.18218071171,56548.25127666169,0.0,0.0,775.9309040500012
q2,0,2025-10-07,58285.61628246644,57264.36396887117,0.0,0.0,1021.2523135952802
q2,0,2025-10-08,57011.38544419215,52984.38405058143,0.0,0.0,4027.0013936107152
q2,0,2025-10-09,56358.050696142454,53454.19639781022,0.0,0.0,2903.8542983322295
q2,0,2025-10-10,32127.39331381386,29378.46736426258,0.0,0.0,2748.925949551281
q2,0,2025-10-11,31724.240886300722,29986.544674862624,0.0,0.0,1737.6962114380967
q2,0,2025-10-12,56526.572527520475,54235.73231032404,0.0,0.0,2290.8402171964267
q2,0,2025-10-13,55884.78383251048,54762.06803227715,0.0,0.0,1122.7158002333306
q2,0,2025-10-14,58096.743585101416,54172.84916270739,0.0,0.0,3923.8944223940343
q2,0,2025-10-15,57582.706894393516,55154.83860830426,0.0,0.0,2427.8682860892613
q2,0,2025-10-16,63197.3199333381,55228.396591661905,0.0,0.0,7968.923341676194
q2,0,2025-10-17,32073.392046730467,30383.821597381666,0.0,0.0,1689.5704493488047
q2,0,2025-10-18,32491.692688144067,30322.043745434523,0.0,0.0,2169.648942709546
q2,0,2025-10-19,62393.26560439871,56184.64036688545,0.0,0.0,6208.625237513249
q2,0,2025-10-20,63094.441749129765,56516.25412120482,0.0,0.0,6578.187627924942
q2,0,2025-10-21,60653.948664478805,57334.954600750236,0.0,0.0,3318.994063728569
q2,0,2025-10-22,63857.5063490919,57816.37330349549,0.0,0.0,6041.133045596409
q2,0,2025-10-23,59634.33771416475,58024.33475552666,0.0,0.0,1610.002958638096
q2,0,2025-10-24,33824.151001646955,30933.526154163585,0.0,0.0,2890.6248474833737
q2,0,2025-10-25,33412.21153790952,30896.486756064285,0.0,0.0,2515.7247818452342
q2,0,2025-10-26,60388.08723891259,59445.043360794756,0.0,0.0,943.0438781178239
q2,0,2025-10-27,61738.23211076143,58698.839246161435,0.0,0.0,3039.392864600006
q2,0,2025-10-28,61020.23756278762,57791.73051663993,0.0,0.0,3228.507046147698
q2,0,2025-10-29,62409.847893697144,59559.9427512674,0.0,0.0,2849.9051424297418
q2,0,2025-10-30,60726.42129320788,58651.94820777448,0.0,0.0,2074.4730854334057
q2,0,2025-10-31,33577.57347431309,31794.46508409048,0.0,0.0,1783.1083902226048
q2,0,2025-11-01,33018.07569098666,31413.72032824262,0.0,0.0,1604.3553627440442
q2,0,2025-11-02,63160.71660123997,59589.10913064822,0.0,0.0,3571.607470591757
q2,0,2025-11-03,61994.89305598646,60490.48176274597,0.0,0.0,1504.4112932404855
q2,0,2025-11-04,62114.55042297859,60506.20142212621,0.0,0.0,1608.34900085238
q2,0,2025-11-05,63461.24695082384,61374.67663888693,0.0,0.0,2086.5703119369223
q2,0,2025-11-06,68425.23155498887,59630.99686122719,0.0,0.0,8794.234693761686
q2,0,2025-11-07,35756.82270945575,32018.01415056501,0.0,0.0,3738.8085588907434
q2,0,2025-11-08,33726.66917107071,32517.96330147428,0.0,0.0,1208.7058695964215
q2,0,2025-11-09,65486.96717587148,62329.6565420953,0.0,0.0,3157.31063377618
q2,0,2025-11-10,67101.16392578672,61345.56131427596,0.0,0.0,5755.602611510762
q2,0,2025-11-11,63672.50669876262,62132.089777494766,0.0,0.0,1540.4169212678644
q2,0,2025-11-12,64189.36247245045,62313.92140818035,0.0,0.0,1875.441064270101
q2,0,2025-11-13,65723.11030166097,63579.903639052645,0.0,0.0,2143.2066626083197
q2,0,2025-11-14,34870.81430948118,33590.21924058594,0.0,0.0,1280.5950688952369
q2,0,2025-11-15,35303.57536208296,32550.435294072056,0.0,0.0,2753.140068010896
q2,0,2025-11-16,68052.72424068929,63047.66256170119,0.0,0.0,5005.061678988094
q2,0,2025-11-17,65860.71302191119,64917.26015692785,0.0,0.0,943.4528649833429
q2,0,2025-11-18,67656.93159305715,64555.87978897976,0.0,0.0,3101.051804077384
q2,0,2025-11-19,67064.0487828019,63382.49569996143,0.0,0.0,3681.5530828404653
q2,0,2025-11-20,66293.28181920119,64382.39005671667,0.0,0.0,1910.8917624845137
q2,0,2025-11-21,34920.73432554191,33943.67517961812,0.0,0.0,977.0591459237928
q2,0,2025-11-22,35379.01447983667,33934.880044993784,0.0,0.0,1444.134434842883
q2,0,2025-11-23,67918.7838017169,65340.72952189191,0.0,0.0,2578.0542798249908
q2,0,2025-11-24,66707.89625738142,63960.97284861001,0.0,0.0,2746.92340877142
q2,0,2025-11-25,67439.90658869239,65288.85142278286,0.0,0.0,2151.05516590952
q2,0,2025-11-26,67338.88564048643,65770.61825052333,0.0,0.0,1568.2673899630931
q2,0,2025-11-27,68089.68669213001,65943.09091504666,0.0,0.0,2146.595777083337
q2,0,2025-11-28,36843.03743267094,33638.28489169358,0.0,0.0,3204.752540977367
q2,0,2025-11-29,36125.90177020927,34450.918107510486,0.0,0.0,1674.983662698785
q2,0,2025-11-30,71046.66357920019,66462.9547052395,0.0,0.0,4583.70887396069
q2,0,2025-12-01,84075.26202638226,67404.24512393,0.0,0.0,16671.016902452266
q2,0,2025-12-02,92409.79501560306,66808.30330573763,0.0,0.0,25601.49170986543
q2,0,2025-12-03,82276.63741312001,68154.82309401405,0.0,0.0,14121.81431910595
q2,0,2025-12-04,81883.77247207653,69042.46992640739,0.0,0.0,12841.302545669138
q2,0,2025-12-05,44015.75729917771,36399.736002655445,0.0,0.0,7616.021296522265
q2,0,2025-12-06,46152.63898035097,35993.30046622356,0.0,0.0,10159.33851412741
q2,0,2025-12-07,80687.28026847595,69637.66225297953,0.0,0.0,11049.61801549642
q2,0,2025-12-08,78607.03408305669,77161.77623980789,0.0,0.0,1445.25784324879
q2,0,2025-12-09,78619.82324068827,77536.93245786097,0.0,0.0,1082.8907828272936
q2,0,2025-12-10,77722.35211298452,74997.2487728881,0.0,0.0,2725.103340096415
q2,0,2025-12-11,76714.91130596667,75672.55498315232,0.0,0.0,1042.3563228143357
q2,0,2025-12-12,42845.64803998958,40909.17246784673,0.0,0.0,1936.475572142856
q2,0,2025-12-13,42417.26989478522,41427.91377340427,0.0,0.0,989.3561213809576
q2,0,2025-12-14,78443.72663922783,77414.86633701716,0.0,0.0,1028.8603022106754
q2,0,2025-12-15,76843.60268063002,75486.0152106443,0.0,0.0,1357.5874699857202
q2,0,2025-12-16,78133.15388020422,77212.57139026973,0.0,0.0,920.5824899344896
q2,0,2025-12-17,79218.38607542547,77982.82688828737,0.0,0.0,1235.5591871380923
q2,0,2025-12-18,77201.24151825221,76207.91336463552,0.0,0.0,993.328153616694
q2,0,2025-12-19,41613.36607464187,39510.698702741895,0.0,0.0,2102.667371899975
q2,0,2025-12-20,41046.27875400956,39794.60444107145,0.0,0.0,1251.6743129381061
q2,0,2025-12-21,79286.60653227042,77627.18455579907,0.0,0.0,1659.4219764713562
q2,0,2025-12-22,78157.34671350342,76896.43408289022,0.0,0.0,1260.9126306131893
q2,0,2025-12-23,76353.93069410814,75702.11808116882,0.0,0.0,651.8126129393233
q2,0,2025-12-24,77054.56342990858,75427.12805964428,0.0,0.0,1627.435370264302
q2,0,2025-12-25,77420.3373178519,75229.30565055308,0.0,0.0,2191.0316672987974
q2,0,2025-12-26,42282.87118701887,41317.025355719976,0.0,0.0,965.8458312988951
q2,0,2025-12-27,41738.651068478815,41085.153290413335,0.0,0.0,653.4977780654806
q2,0,2025-12-28,77957.7284476712,75955.19239354858,0.0,0.0,2002.5360541226103
q2,0,2025-12-29,76856.10529156643,75828.04719254975,0.0,0.0,1028.0580990166673
q2,0,2025-12-30,77302.44669312121,76769.70825550813,0.0,0.0,532.7384376130834
q2,0,2025-12-31,77483.70057586904,75925.51875723334,0.0,0.0,1558.181818635709
q2,4800,2025-02-01,29172.091886432674,29172.09188643265,0.0,0.0,2.498647688753408e-11
q2,4800,2025-02-02,62397.15259290267,62397.15259290261,0.0,0.0,5.644307066177134e-11
q2,4800,2025-02-03,61063.80789841148,61063.80789841142,0.0,0.0,6.050572309845848e-11
q2,4800,2025-02-04,62439.449234114145,60863.98947942743,0.0,0.0,1575.4597546867008
q2,4800,2025-02-05,60239.34723326863,60239.34723326856,0.0,0.0,6.817730602293182e-11
q2,4800,2025-02-06,62147.33427276406,62087.717399148154,0.0,0.0,59.616873615913455
q2,4800,2025-02-07,27877.113483186844,27597.06634526261,0.0,0.0,280.0471379242311
q2,4800,2025-02-08,25895.964301493146,25895.9643014931,0.0,0.0,4.1627060909377174e-11
q2,4800,2025-02-09,60935.62907935577,57200.94052689285,0.0,0.0,3734.688552462923
q2,4800,2025-02-10,59084.47780281005,59084.47780281003,0.0,0.0,2.6254753038301713e-11
q2,4800,2025-02-11,58297.69338603623,57597.25822161432,0.0,0.0,700.4351644219079
q2,4800,2025-02-12,57582.8697513878,57582.86975138775,0.0,0.0,5.3577110747937695e-11
q2,4800,2025-02-13,56453.00739038606,56453.00739038602,0.0,0.0,4.218378535369993e-11
q2,4800,2025-02-14,25099.61027014431,25046.89573524702,0.0,0.0,52.71453489728401
q2,4800,2025-02-15,24831.215626828318,24831.215626828274,0.0,0.0,4.3616353195830016e-11
q2,4800,2025-02-16,56891.68650062301,54827.06280665835,0.0,0.0,2064.623693964645
q2,4800,2025-02-17,54814.96552033581,54814.96552033577,0.0,0.0,3.961920924666628e-11
q2,4800,2025-02-18,53579.30185742601,53579.30185742595,0.0,0.0,7.284459613288164e-11
q2,4800,2025-02-19,54110.40895235754,53075.00589668285,0.0,0.0,1035.4030556746816
q2,4800,2025-02-20,53892.44401363904,53892.44401363899,0.0,0.0,5.598121788352728e-11
q2,4800,2025-02-21,23939.95141698255,23939.951416982516,0.0,0.0,3.107115276179684e-11
q2,4800,2025-02-22,24146.223472639096,24146.22347263906,0.0,0.0,3.382049840183754e-11
q2,4800,2025-02-23,52105.81677747099,52105.81677747092,0.0,0.0,6.956880471697958e-11
q2,4800,2025-02-24,52562.231036313504,52562.23103631346,0.0,0.0,4.730027569621597e-11
q2,4800,2025-02-25,51692.09170199933,51692.09170199928,0.0,0.0,5.233313515873306e-11
q2,4800,2025-02-26,51940.72067636029,51940.72067636024,0.0,0.0,5.1136080259084344e-11
q2,4800,2025-02-27,49884.17675304081,49884.17675304075,0.0,0.0,6.538773789088737e-11
q2,4800,2025-02-28,23055.081457371758,22946.11771863006,0.0,0.0,108.96373874169791
q2,4800,2025-03-01,23592.639631886406,23267.313965966016,0.0,0.0,325.32566592039075
q2,4800,2025-03-02,66567.31398364987,50154.818150367966,0.0,0.0,16412.495833281908
q2,4800,2025-03-03,61139.00605406118,50555.22134460733,0.0,0.0,10583.784709453845
q2,4800,2025-03-04,51045.89557722013,50980.7538355936,0.0,0.0,65.14174162653349
q2,4800,2025-03-05,52569.04260736674,52569.0426073667,0.0,0.0,3.8330554730237056e-11
q2,4800,2025-03-06,52091.60771829568,52064.63713414194,0.0,0.0,26.970584153739015
q2,4800,2025-03-07,22741.530423773598,22741.530423773547,0.0,0.0,5.1976935200315213e-11
q2,4800,2025-03-08,22292.3397033016,22201.671736330085,0.0,0.0,90.66796697151973
q2,4800,2025-03-09,49572.33137239778,49572.331372397726,0.0,0.0,5.2033671593676443e-11
q2,4800,2025-03-10,50320.81820582932,49699.096078719005,0.0,0.0,621.7221271103152
q2,4800,2025-03-11,48656.08294305472,48177.91314900167,0.0,0.0,478.16979405303846
q2,4800,2025-03-12,48020.178279375745,48020.17827937569,0.0,0.0,5.441663830652032e-11
q2,4800,2025-03-13,55748.42532271555,47662.691716506284,0.0,0.0,8085.733606209272
q2,4800,2025-03-14,21220.255793874832,21220.25579387479,0.0,0.0,4.496733652104012e-11
q2,4800,2025-03-15,21814.12247949738,21437.87707569996,0.0,0.0,376.2454037974243
q2,4800,2025-03-16,47219.8757427271,47219.87574272704,0.0,0.0,6.338861835430975e-11
q2,4800,2025-03-17,47991.19324169103,47991.19324169097,0.0,0.0,4.8798749041623067e-11
q2,4800,2025-03-18,46340.28217229707,45576.71211533645,0.0,0.0,763.5700569606239
q2,4800,2025-03-19,45647.71306640243,45647.713066402386,0.0,0.0,4.5846274332461695e-11
q2,4800,2025-03-20,47120.37464287884,45729.50462724265,0.0,0.0,1390.8700156361915
q2,4800,2025-03-21,21299.87105552708,20775.732123280293,0.0,0.0,524.1389322467871
q2,4800,2025-03-22,21803.93714897601,21803.93714897599,0.0,0.0,1.91562321560923e-11
q2,4800,2025-03-23,45649.522860189594,44971.345065840345,0.0,0.0,678.1777943492424
q2,4800,2025-03-24,44397.809405844935,44397.80940584488,0.0,0.0,5.978961503672054e-11
q2,4800,2025-03-25,45637.19773221447,44213.41660983047,0.0,0.0,1423.781122383998
q2,4800,2025-03-26,44486.05679471638,44486.05679471634,0.0,0.0,4.19748200641834e-11
q2,4800,2025-03-27,44435.35934963071,44435.359349630664,0.0,0.0,4.914763795937915e-11
q2,4800,2025-03-28,20635.505604772967,20376.05700643961,0.0,0.0,259.44859833335573
q2,4800,2025-03-29,20766.046652281628,20337.05402995085,0.0,0.0,428.9926223307816
q2,4800,2025-03-30,43581.744063425416,43581.744063425365,0.0,0.0,5.881197395751769e-11
q2,4800,2025-03-31,42662.29844706815,42662.2984470681,0.0,0.0,5.071588660143789e-11
q2,4800,2025-04-01,46502.77970408283,43369.1779859324,0.0,0.0,3133.6017181504326
q2,4800,2025-04-02,53085.815128748494,42676.87262094205,0.0,0.0,10408.942507806445
q2,4800,2025-04-03,43611.43492163055,42190.85277199336,0.0,0.0,1420.5821496371843
q2,4800,2025-04-04,19886.96028468213,19886.960284682093,0.0,0.0,3.521273583828588e-11
q2,4800,2025-04-05,20734.913313668018,20734.91331366798,0.0,0.0,4.204187575851393e-11
q2,4800,2025-04-06,41701.17224135181,41601.58484253603,0.0,0.0,99.58739881576567
q2,4800,2025-04-07,42632.26068102325,42632.260681023196,0.0,0.0,4.981846046803184e-11
q2,4800,2025-04-08,43673.01052229073,42682.68636650015,0.0,0.0,990.3241557905757
q2,4800,2025-04-09,44877.31793287528,43035.90652465243,0.0,0.0,1841.411408222845
q2,4800,2025-04-10,42265.22025718318,41415.2007806365,0.0,0.0,850.0194765466794
q2,4800,2025-04-11,19043.100303023486,19043.100303023442,0.0,0.0,4.253328711456561e-11
q2,4800,2025-04-12,20498.609804439526,20498.609804439504,0.0,0.0,2.2885870976097068e-11
q2,4800,2025-04-13,41852.23904045216,41488.87155539146,0.0,0.0,363.3674850607013
q2,4800,2025-04-14,41017.81963597042,40417.74223676855,0.0,0.0,600.0773992018704
q2,4800,2025-04-15,41093.4351963786,41093.43519637857,0.0,0.0,3.050128327686253e-11
q2,4800,2025-04-16,41372.05200931079,41372.05200931074,0.0,0.0,4.45786945135751e-11
q2,4800,2025-04-17,40276.561162006896,40276.56116200684,0.0,0.0,6.254493228885494e-11
q2,4800,2025-04-18,18822.750460764077,18822.750460764044,0.0,0.0,3.113683533229051e-11
q2,4800,2025-04-19,19683.83974696495,19683.83974696492,0.0,0.0,3.177147789301671e-11
q2,4800,2025-04-20,41684.62651667174,40321.646906296344,0.0,0.0,1362.9796103754024
q2,4800,2025-04-21,40103.801710000844,40103.80171000079,0.0,0.0,4.960941879517122e-11
q2,4800,2025-04-22,40157.23935225562,40157.239352255565,0.0,0.0,4.869624792291915e-11
q2,4800,2025-04-23,39902.310287787026,39902.31028778699,0.0,0.0,4.179886747834871e-11
q2,4800,2025-04-24,38334.07206611252,38334.072066112494,0.0,0.0,3.16103125896916e-11
q2,4800,2025-04-25,17980.99802866835,17980.998028668335,0.0,0.0,1.562457896397973e-11
q2,4800,2025-04-26,22851.594942224197,19144.20492274982,0.0,0.0,3707.390019474378
q2,4800,2025-04-27,43916.06762893646,38165.59789142281,0.0,0.0,5750.469737513644
q2,4800,2025-04-28,51368.64418417676,39108.741889868295,0.0,0.0,12259.902294308456
q2,4800,2025-04-29,40500.416326294086,38567.71057266034,0.0,0.0,1932.7057536337477
q2,4800,2025-04-30,39660.429931962644,39383.38835901409,0.0,0.0,277.0415729485466
q2,4800,2025-05-01,48818.42107247164,37767.63465038767,0.0,0.0,11050.786422083973
q2,4800,2025-05-02,31633.223508349205,18557.1755702825,0.0,0.0,13076.047938066706
q2,4800,2025-05-03,26683.98868537094,20505.31042678716,0.0,0.0,6178.678258583781
q2,4800,2025-05-04,47707.93997805155,41143.832460186284,0.0,0.0,6564.10751786527
q2,4800,2025-05-05,51821.82395800268,40190.30956072173,0.0,0.0,11631.51439728095
q2,4800,2025-05-06,54206.43390925242,38873.50429974128,0.0,0.0,15332.929609511128
q2,4800,2025-05-07,51581.55259989353,39937.38270814727,0.0,0.0,11644.169891746273
q2,4800,2025-05-08,44329.7450179186,44125.27087728409,0.0,0.0,204.4741406345049
q2,4800,2025-05-09,22130.52713261234,22130.52713261231,0.0,0.0,2.9929026368336057e-11
q2,4800,2025-05-10,22075.658412429377,22029.941242429348,0.0,0.0,45.717170000032084
q2,4800,2025-05-11,41977.220778407354,41977.22077840729,0.0,0.0,6.779432570880317e-11
q2,4800,2025-05-12,45125.07493821618,45125.07493821616,0.0,0.0,2.775078655758989e-11
q2,4800,2025-05-13,46221.02024649881,46221.02024649879,0.0,0.0,2.340954452506594e-11
q2,4800,2025-05-14,44054.62531207872,44054.625312078686,0.0,0.0,4.02404438659687e-11
q2,4800,2025-05-15,40001.279462245795,40001.279462245744,0.0,0.0,5.384077272907461e-11
q2,4800,2025-05-16,21991.398217451024,21991.398217451013,0.0,0.0,1.2562935580717749e-11
q2,4800,2025-05-17,22993.988470244196,22993.98847024417,0.0,0.0,2.70825069037528e-11
q2,4800,2025-05-18,43464.55339948055,43464.55339948053,0.0,0.0,3.047710617209987e-11
q2,4800,2025-05-19,40521.4143420269,40521.41434202685,0.0,0.0,5.380039569402584e-11
q2,4800,2025-05-20,43629.69058545504,40296.703098009755,0.0,0.0,3332.987487445293
q2,4800,2025-05-21,43203.51851914203,43203.51851914199,0.0,0.0,3.768825251881935e-11
q2,4800,2025-05-22,41283.658479293896,41283.65847929387,0.0,0.0,3.498037415283761e-11
q2,4800,2025-05-23,19637.616807155406,19637.61680715537,0.0,0.0,3.5480056226333544e-11
q2,4800,2025-05-24,21650.711533036876,21650.711533036847,0.0,0.0,2.7112172062970782e-11
q2,4800,2025-05-25,41066.923097888284,41066.923097888255,0.0,0.0,2.8917327199451395e-11
q2,4800,2025-05-26,42665.436747844426,41943.382575094074,0.0,0.0,722.0541727503521
q2,4800,2025-05-27,44069.529518392796,44069.52951839275,0.0,0.0,4.023010191644971e-11
q2,4800,2025-05-28,42559.94431871844,40432.93533062129,0.0,0.0,2127.0089880971495
q2,4800,2025-05-29,41337.47430779625,38015.894525843796,0.0,0.0,3321.5797819524487
q2,4800,2025-05-30,21726.905913707018,21726.905913706963,0.0,0.0,5.188822704838003e-11
q2,4800,2025-05-31,22669.479777334487,22669.479777334458,0.0,0.0,2.8359053771964684e-11
q2,4800,2025-06-01,84580.60054244111,42514.1437171553,0.0,0.0,42066.456825285815
q2,4800,2025-06-02,83863.25944607842,42974.010577610694,0.0,0.0,40889.24886846773
q2,4800,2025-06-03,70366.24539499854,46161.31364244054,0.0,0.0,24204.931752558005
q2,4800,2025-06-04,64064.56386435345,47449.967666159035,0.0,0.0,16614.59619819441
q2,4800,2025-06-05,65889.97026355698,47246.005191484175,0.0,0.0,18643.965072072817
q2,4800,2025-06-06,47108.095646487396,22055.729841755754,0.0,0.0,25052.365804731642
q2,4800,2025-06-07,40647.96568494854,23299.58972187707,0.0,0.0,17348.37596307147
q2,4800,2025-06-08,63510.18122188093,63510.181221880914,0.0,0.0,1.599119059392251e-11
q2,4800,2025-06-09,60708.79087211486,60708.79087211481,0.0,0.0,3.990221841831954e-11
q2,4800,2025-06-10,55916.07743232422,55776.548612999184,0.0,0.0,139.5288193250441
q2,4800,2025-06-11,64453.40090378655,55622.36504485327,0.0,0.0,8831.035858933277
q2,4800,2025-06-12,60873.24773256857,60873.247732568525,0.0,0.0,3.645740379032425e-11
q2,4800,2025-06-13,31751.075660306036,31670.113541247687,0.0,0.0,80.9621190583492
q2,4800,2025-06-14,31017.055863891866,31017.05586389186,0.0,0.0,1.3878690197088873e-11
q2,4800,2025-06-15,56958.822170978325,56958.82217097828,0.0,0.0,3.1037899361763265e-11
q2,4800,2025-06-16,61081.47201269051,61081.47201269046,0.0,0.0,4.015607046881087e-11
q2,4800,2025-06-17,63206.74385336742,63206.743853367414,0.0,0.0,1.945304006767401e-11
q2,4800,2025-06-18,63127.455686253685,63127.455686253656,0.0,0.0,2.528091158637835e-11
q2,4800,2025-06-19,55320.95545928361,55320.95545928356,0.0,0.0,4.176386703136359e-11
q2,4800,2025-06-20,26822.447053889162,26822.44705388914,0.0,0.0,2.497347395546967e-11
q2,4800,2025-06-21,31672.912806364388,31672.912806364388,0.0,0.0,3.2053151244326728e-12
q2,4800,2025-06-22,61281.481313000055,61281.481313000026,0.0,0.0,2.2645110675512112e-11
q2,4800,2025-06-23,54543.65598903542,54413.06478698901,0.0,0.0,130.59120204640098
q2,4800,2025-06-24,64670.02565886158,55823.21699696017,0.0,0.0,8846.808661901412
q2,4800,2025-06-25,52987.58568189308,52744.483356873636,0.0,0.0,243.10232501944256
q2,4800,2025-06-26,61584.544472221896,61584.54447222186,0.0,0.0,4.0369315001953514e-11
q2,4800,2025-06-27,27526.418877554894,27526.418877554872,0.0,0.0,2.461445092194481e-11
q2,4800,2025-06-28,25954.880493494387,25869.987016486026,0.0,0.0,84.89347700836443
q2,4800,2025-06-29,53269.49531150366,53269.495311503604,0.0,0.0,4.622438964929643e-11
q2,4800,2025-06-30,58201.047449023186,58201.04744902314,0.0,0.0,3.922227470587458e-11
q2,4800,2025-07-01,66852.43714751657,63656.10070740191,0.0,0.0,3196.336440114666
q2,4800,2025-07-02,65138.38991381911,59690.351719438535,0.0,0.0,5448.038194380573
q2,4800,2025-07-03,73628.64736141326,54066.59091351321,0.0,0.0,19562.05644790004
q2,4800,2025-07-04,40552.08180768408,27772.27980177858,0.0,0.0,12779.802005905505
q2,4800,2025-07-05,40732.62233783859,29591.298843435645,0.0,0.0,11141.323494402952
q2,4800,2025-07-06,76288.5181506869,55394.23471422329,0.0,0.0,20894.283436463615
q2,4800,2025-07-07,71276.50099518242,48792.44518530413,0.0,0.0,22484.05580987829
q2,4800,2025-07-08,63045.39778781218,63045.39778781212,0.0,0.0,5.95049698404182e-11
q2,4800,2025-07-09,62171.72548276198,62171.72548276195,0.0,0.0,3.917765267758e-11
q2,4800,2025-07-10,58743.46066288314,58703.42877365207,0.0,0.0,40.03188923106229
q2,4800,2025-07-11,32335.936507232764,32224.8624972494,0.0,0.0,111.07400998336283
q2,4800,2025-07-12,37135.03565629694,37022.36883468859,0.0,0.0,112.6668216083514
q2,4800,2025-07-13,62795.64108431632,62795.64108431629,0.0,0.0,2.503241347540097e-11
q2,4800,2025-07-14,63142.200547127395,63142.20054712736,0.0,0.0,3.384051927568521e-11
q2,4800,2025-07-15,57022.74787985594,57022.7478798559,0.0,0.0,3.865302211636391e-11
q2,4800,2025-07-16,60241.336371815545,60241.33637181553,0.0,0.0,2.4230843109762646e-11
q2,4800,2025-07-17,59139.158255484756,59115.54395409314,0.0,0.0,23.61430139161168
q2,4800,2025-07-18,34625.36828696253,34625.36828696252,0.0,0.0,1.5331067970691947e-11
q2,4800,2025-07-19,32342.183135687646,32342.18313568762,0.0,0.0,3.0745013646082957e-11
q2,4800,2025-07-20,56135.364886413474,56135.36488641342,0.0,0.0,5.3926748178056984e-11
q2,4800,2025-07-21,60871.787561180725,60871.787561180696,0.0,0.0,3.048924046566981e-11
q2,4800,2025-07-22,60056.16929081072,60056.16929081066,0.0,0.0,5.4906307056512555e-11
q2,4800,2025-07-23,58427.48482536012,58250.105917226814,0.0,0.0,177.37890813331256
q2,4800,2025-07-24,56140.86014880537,56140.86014880531,0.0,0.0,6.34992858294936e-11
q2,4800,2025-07-25,31115.489565229444,31115.4895652294,0.0,0.0,4.1673644091133616e-11
q2,4800,2025-07-26,36410.27476306904,36410.27476306903,0.0,0.0,1.8879120489145862e-11
q2,4800,2025-07-27,63556.60826532489,59896.19769754986,0.0,0.0,3660.4105677750244
q2,4800,2025-07-28,58923.64421671933,55958.51529105993,0.0,0.0,2965.1289256594127
q2,4800,2025-07-29,58259.97471289727,58240.240575189164,0.0,0.0,19.73413770809416
q2,4800,2025-07-30,62126.81849611804,62126.81849611801,0.0,0.0,3.396208647643562e-11
q2,4800,2025-07-31,61695.85329793371,61695.853297933674,0.0,0.0,4.50601476131851e-11
q2,4800,2025-08-01,34184.191211018435,34184.19121101842,0.0,0.0,1.9639912807178917e-11
q2,4800,2025-08-02,31550.786051531082,31550.786051531064,0.0,0.0,2.309442947989737e-11
q2,4800,2025-08-03,55541.586782069324,55365.78338199863,0.0,0.0,175.80340007069276
q2,4800,2025-08-04,56079.00333975916,56079.00333975914,0.0,0.0,2.8092564718917857e-11
q2,4800,2025-08-05,54282.23599180231,54282.23599180228,0.0,0.0,2.6713436795944292e-11
q2,4800,2025-08-06,53868.29648289047,52472.94688769642,0.0,0.0,1395.3495951940583
q2,4800,2025-08-07,51848.355134611054,51848.35513461102,0.0,0.0,3.850258423199193e-11
q2,4800,2025-08-08,30215.13857829071,29923.11738439068,0.0,0.0,292.02119390002827
q2,4800,2025-08-09,29463.449805349595,29463.449805349566,0.0,0.0,2.967291834465868e-11
q2,4800,2025-08-10,51749.75848508853,51749.758485088474,0.0,0.0,6.066532165505123e-11
q2,4800,2025-08-11,52053.01214956192,51959.794570235026,0.0,0.0,93.21757932689555
q2,4800,2025-08-12,54583.7366559435,50848.46560192584,0.0,0.0,3735.2710540176618
q2,4800,2025-08-13,50964.09867873261,50964.098678732546,0.0,0.0,5.990682128143021e-11
q2,4800,2025-08-14,52880.909986078594,49840.6396910637,0.0,0.0,3040.270295014887
q2,4800,2025-08-15,29234.987120253434,28792.737620176318,0.0,0.0,442.24950007712016
q2,4800,2025-08-16,30445.083776673207,30328.752509415914,0.0,0.0,116.33126725729944
q2,4800,2025-08-17,51217.47579242132,51074.9121394808,0.0,0.0,142.56365294052117
q2,4800,2025-08-18,50720.865260914514,50693.76787932829,0.0,0.0,27.097381586222415
q2,4800,2025-08-19,51564.57146892717,51422.8977384747,0.0,0.0,141.67373045246012
q2,4800,2025-08-20,61332.93984964105,50593.40309762952,0.0,0.0,10739.536752011523
q2,4800,2025-08-21,52080.43913274231,52080.439132742256,0.0,0.0,4.171050171919432e-11
q2,4800,2025-08-22,31814.657670651744,29253.592253762057,0.0,0.0,2561.0654168896963
q2,4800,2025-08-23,30235.09183986541,30168.243019545942,0.0,0.0,66.84882031947271
q2,4800,2025-08-24,51240.756037758496,51240.75603775843,0.0,0.0,5.826845850265272e-11
q2,4800,2025-08-25,55668.05656902734,52942.13626728075,0.0,0.0,2725.9203017465898
q2,4800,2025-08-26,52743.84892284728,52743.848922847246,0.0,0.0,3.683739180360135e-11
q2,4800,2025-08-27,53506.63875258197,53506.6387525819,0.0,0.0,6.003037356094864e-11
q2,4800,2025-08-28,55881.46399986599,51559.54841007825,0.0,0.0,4321.915589787725
q2,4800,2025-08-29,31734.409139497817,30822.56847682279,0.0,0.0,911.8406626750249
q2,4800,2025-08-30,30790.435195287908,30783.0109611661,0.0,0.0,7.424234121807287
q2,4800,2025-08-31,54487.819952633836,54487.81995263379,0.0,0.0,3.127005143710448e-11
q2,4800,2025-09-01,53490.42836888741,53490.4283688874,0.0,0.0,1.183568087981257e-11
q2,4800,2025-09-02,51873.580423932784,51873.58042393277,0.0,0.0,1.3389591657642086e-11
q2,4800,2025-09-03,51734.653006094006,51734.653006093984,0.0,0.0,1.2541420346678932e-11
q2,4800,2025-09-04,52984.17911682455,52984.179116824525,0.0,0.0,2.3498181178638332e-11
q2,4800,2025-09-05,28430.862093297474,28430.86209329746,0.0,0.0,1.2662667359109037e-11
q2,4800,2025-09-06,30496.089874981786,30359.10698190678,0.0,0.0,136.98289307500667
q2,4800,2025-09-07,51482.79325011466,51482.79325011464,0.0,0.0,1.5946188369753143e-11
q2,4800,2025-09-08,51087.98760159438,44051.37488503857,0.0,0.0,7036.612716555811
q2,4800,2025-09-09,46561.072947442124,45542.24897988117,0.0,0.0,1018.8239675609505
q2,4800,2025-09-10,54504.19653389671,45190.79436400936,0.0,0.0,9313.40216988736
q2,4800,2025-09-11,44392.94619515202,44392.94619515196,0.0,0.0,5.5466546911020486e-11
q2,4800,2025-09-12,23966.23284460996,23562.726948768264,0.0,0.0,403.5058958416973
q2,4800,2025-09-13,23709.345414461342,23709.345414461313,0.0,0.0,2.7885178610631554e-11
q2,4800,2025-09-14,45969.143217752404,45969.143217752346,0.0,0.0,5.7926200724978116e-11
q2,4800,2025-09-15,46093.784595777746,46093.784595777695,0.0,0.0,5.179398954169301e-11
q2,4800,2025-09-16,46831.77678180578,46831.77678180573,0.0,0.0,4.5625199618370973e-11
q2,4800,2025-09-17,47303.96618600738,47303.96618600733,0.0,0.0,5.87922812655961e-11
q2,4800,2025-09-18,46584.181644086915,46584.18164408686,0.0,0.0,5.632766739149808e-11
q2,4800,2025-09-19,24019.046220995922,24019.046220995886,0.0,0.0,4.0156635350285796e-11
q2,4800,2025-09-20,25156.267424296646,24175.196289229327,0.0,0.0,981.0711350673217
q2,4800,2025-09-21,48480.43713316329,48480.43713316326,0.0,0.0,3.7065525759771845e-11
q2,4800,2025-09-22,47536.83157712801,47536.831577127974,0.0,0.0,4.1346339685333075e-11
q2,4800,2025-09-23,49313.77341851237,49313.773418512326,0.0,0.0,4.7392302082727155e-11
q2,4800,2025-09-24,48668.910064790194,47060.437967079844,0.0,0.0,1608.4720977103505
q2,4800,2025-09-25,48804.466224046075,48804.466224046046,0.0,0.0,3.4752339672650126e-11
q2,4800,2025-09-26,24243.32499157874,24243.324991578724,0.0,0.0,1.908429680952395e-11
q2,4800,2025-09-27,28758.238923248384,24526.25009348606,0.0,0.0,4231.988829762321
q2,4800,2025-09-28,48806.8783259927,48806.87832599264,0.0,0.0,5.505918210246818e-11
q2,4800,2025-09-29,49046.57450084506,48961.46441005454,0.0,0.0,85.11009079051905
q2,4800,2025-09-30,50548.180022131244,50548.18002213117,0.0,0.0,7.778937760605233e-11
q2,4800,2025-10-01,49630.70307254148,49630.70307254145,0.0,0.0,3.000617709858488e-11
q2,4800,2025-10-02,47870.47524051306,47870.47524051303,0.0,0.0,3.38968391133676e-11
q2,4800,2025-10-03,23324.56924809774,23324.56924809771,0.0,0.0,3.3203491511812903e-11
q2,4800,2025-10-04,24785.255740610744,24785.255740610726,0.0,0.0,2.326948234099291e-11
q2,4800,2025-10-05,48045.38705455913,48045.3870545591,0.0,0.0,2.998172021762003e-11
q2,4800,2025-10-06,47396.43143269906,47396.431432698984,0.0,0.0,5.7344990977981064e-11
q2,4800,2025-10-07,48207.62217676349,48207.62217676346,0.0,0.0,2.869109039238538e-11
q2,4800,2025-10-08,45403.469125384756,43850.787096464715,0.0,0.0,1552.6820289200282
q2,4800,2025-10-09,45362.85094464832,45203.32493188471,0.0,0.0,159.5260127636034
q2,4800,2025-10-10,21679.89591523139,21679.895915231347,0.0,0.0,4.3885815870226004e-11
q2,4800,2025-10-11,22150.092505550347,22110.09564141263,0.0,0.0,39.99686413771487
q2,4800,2025-10-12,45746.60751520517,45657.743876483764,0.0,0.0,88.86363872141575
q2,4800,2025-10-13,45964.60089008395,45964.60089008392,0.0,0.0,2.8581922606463196e-11
q2,4800,2025-10-14,47197.194607322526,45188.92680215148,0.0,0.0,2008.2678051710416
q2,4800,2025-10-15,46620.96577345118,46532.24248543936,0.0,0.0,88.72328801181982
q2,4800,2025-10-16,52896.19234321003,46772.03124963746,0.0,0.0,6124.161093572573
q2,4800,2025-10-17,22807.1599249205,22807.159924920474,0.0,0.0,2.3998012466108776e-11
q2,4800,2025-10-18,22586.960693230558,22586.960693230518,0.0,0.0,3.794110625676695e-11
q2,4800,2025-10-19,51688.81768750415,47518.88961308887,0.0,0.0,4169.928074415284
q2,4800,2025-10-20,50657.29715246656,47833.35201108327,0.0,0.0,2823.945141383293
q2,4800,2025-10-21,49643.566234713726,49201.879498134345,0.0,0.0,441.6867365793799
q2,4800,2025-10-22,52258.20390190139,49717.218007777876,0.0,0.0,2540.9858941235107
q2,4800,2025-10-23,49806.19694102228,49806.19694102224,0.0,0.0,4.567189648696512e-11
q2,4800,2025-10-24,22864.211058706165,22744.86978244722,0.0,0.0,119.341276258947
q2,4800,2025-10-25,23713.93317728356,22961.786190266037,0.0,0.0,752.1469870175209
q2,4800,2025-10-26,51474.30764287024,51474.3076428702,0.0,0.0,4.183187485296003e-11
q2,4800,2025-10-27,50695.83866414108,50695.83866414103,0.0,0.0,4.681191967392806e-11
q2,4800,2025-10-28,49492.55029192878,49492.55029192871,0.0,0.0,6.972240976232947e-11
q2,4800,2025-10-29,53105.47812351603,51018.15992321975,0.0,0.0,2087.3182002962812
q2,4800,2025-10-30,49969.60392380218,49969.60392380213,0.0,0.0,4.053078228594131e-11
q2,4800,2025-10-31,23880.69675840202,23880.696758401984,0.0,0.0,3.461886421973759e-11
q2,4800,2025-11-01,23647.89676631141,23647.896766311347,0.0,0.0,6.135274333018969e-11
q2,4800,2025-11-02,51729.90873090198,51471.413675610864,0.0,0.0,258.49505529111644
q2,4800,2025-11-03,52046.07915528717,52046.07915528711,0.0,0.0,5.370332578635839e-11
q2,4800,2025-11-04,52634.59634256738,52498.86477153582,0.0,0.0,135.73157103157297
q2,4800,2025-11-05,53638.38719330011,53638.387193300034,0.0,0.0,6.503392313561562e-11
q2,4800,2025-11-06,57970.39639975046,51813.63115429411,0.0,0.0,6156.765245456358
q2,4800,2025-11-07,24912.390490301696,24070.48121384733,0.0,0.0,841.9092764543652
q2,4800,2025-11-08,24496.931067700858,24473.487706296168,0.0,0.0,23.443361404690535
q2,4800,2025-11-09,54871.47081595966,54871.47081595962,0.0,0.0,5.8174421724288544e-11
q2,4800,2025-11-10,55700.15450356596,53583.81987986056,0.0,0.0,2116.3346237053947
q2,4800,2025-11-11,54301.28503383573,54301.28503383568,0.0,0.0,4.95452527893292e-11
q2,4800,2025-11-12,54679.59767555188,54658.00702222848,0.0,0.0,21.590653323395745
q2,4800,2025-11-13,56081.494480102534,56081.494480102476,0.0,0.0,6.083939041445775e-11
q2,4800,2025-11-14,25193.592049146082,25193.592049146027,0.0,0.0,5.3988301829122064e-11
q2,4800,2025-11-15,24444.707157180725,24377.273509765244,0.0,0.0,67.43364741547596
q2,4800,2025-11-16,55947.76638253502,55751.496721228745,0.0,0.0,196.26966130628162
q2,4800,2025-11-17,57542.73740554898,57542.73740554895,0.0,0.0,4.757529836751928e-11
q2,4800,2025-11-18,56904.36862185515,56904.36862185509,0.0,0.0,6.687770870428267e-11
q2,4800,2025-11-19,56706.90121715081,55469.62727959903,0.0,0.0,1237.2739375517783
q2,4800,2025-11-20,57208.39796560409,57208.39796560406,0.0,0.0,3.5836846379311287e-11
q2,4800,2025-11-21,25744.757793068442,25744.757793068406,0.0,0.0,3.0982505450083406e-11
q2,4800,2025-11-22,25876.32415976871,25876.324159768665,0.0,0.0,4.452191149084684e-11
q2,4800,2025-11-23,57730.87199196809,57730.871991968044,0.0,0.0,4.6143314502700156e-11
q2,4800,2025-11-24,56574.90586752063,56508.13483375262,0.0,0.0,66.77103376801522
q2,4800,2025-11-25,58258.303303968714,58258.30330396866,0.0,0.0,5.100669575597294e-11
q2,4800,2025-11-26,58260.52906021268,58260.52906021262,0.0,0.0,4.87439315577376e-11
q2,4800,2025-11-27,58183.28910658644,58183.289106586366,0.0,0.0,7.065357010560547e-11
q2,4800,2025-11-28,26365.09838330998,25328.355890829935,0.0,0.0,1036.742492480048
q2,4800,2025-11-29,26402.91053554861,26246.07602947426,0.0,0.0,156.83450607434773
q2,4800,2025-11-30,60368.63106792959,59074.54324445434,0.0,0.0,1294.0878234752531
q2,4800,2025-12-01,78698.24750051685,59900.12702604067,0.0,0.0,18798.12047447617
q2,4800,2025-12-02,88573.1564604411,59162.03364352416,0.0,0.0,29411.12281691693
q2,4800,2025-12-03,75563.42935292528,60955.401390068306,0.0,0.0,14608.027962856973
q2,4800,2025-12-04,74981.44494850546,61733.11564607156,0.0,0.0,13248.329302433907
q2,4800,2025-12-05,36417.41683599331,28159.094993513605,0.0,0.0,8258.321842479712
q2,4800,2025-12-06,37369.8212126129,27643.258956483158,0.0,0.0,9726.562256129742
q2,4800,2025-12-07,73010.14484011635,62107.41742298469,0.0,0.0,10902.727417131668
q2,4800,2025-12-08,70535.21158306338,70535.21158306336,0.0,0.0,3.159613015668583e-11
q2,4800,2025-12-09,70359.81005816684,70359.81005816681,0.0,0.0,2.9099169296387118e-11
q2,4800,2025-12-10,67409.94673849655,67291.05201928697,0.0,0.0,118.89471920958756
q2,4800,2025-12-11,68043.37060409185,68043.37060409182,0.0,0.0,3.2604731359242575e-11
q2,4800,2025-12-12,33015.00834610002,33015.00834609999,0.0,0.0,2.7480062669837937e-11
q2,4800,2025-12-13,34142.47569855222,34142.475698552174,0.0,0.0,3.606328036198647e-11
q2,4800,2025-12-14,70563.67298505729,70563.67298505726,0.0,0.0,2.6743208536572638e-11
q2,4800,2025-12-15,67591.54076990529,67591.54076990524,0.0,0.0,4.5054065367367004e-11
q2,4800,2025-12-16,70380.90535261763,70380.9053526176,0.0,0.0,3.878616894326115e-11
q2,4800,2025-12-17,71164.49824774543,71164.49824774542,0.0,0.0,2.91077526526351e-11
q2,4800,2025-12-18,69322.51953235999,69322.51953235995,0.0,0.0,2.909371232817648e-11
q2,4800,2025-12-19,31501.07945460698,31501.07945460693,0.0,0.0,5.2945978268326146e-11
q2,4800,2025-12-20,31525.934015828174,31525.934015828134,0.0,0.0,4.1940886319480346e-11
q2,4800,2025-12-21,70718.2911625386,70718.29116253858,0.0,0.0,3.713284968398512e-11
q2,4800,2025-12-22,69727.92670455025,69579.79023687867,0.0,0.0,148.1364676715717
q2,4800,2025-12-23,67912.58493383127,67912.58493383123,0.0,0.0,5.3355819318312574e-11
q2,4800,2025-12-24,67357.88790467764,67357.88790467757,0.0,0.0,5.788447765553429e-11
q2,4800,2025-12-25,68634.50729749366,67698.05545090852,0.0,0.0,936.4518465851265
q2,4800,2025-12-26,33762.41685241501,33762.41685241496,0.0,0.0,4.597110958570738e-11
q2,4800,2025-12-27,33043.695556198574,33043.695556198545,0.0,0.0,2.962138978546136e-11
q2,4800,2025-12-28,68153.94912230753,68086.85658289424,0.0,0.0,67.09253941328662
q2,4800,2025-12-29,67986.57356791143,67986.57356791137,0.0,0.0,5.194041818867845e-11
q2,4800,2025-12-30,69740.31219072144,69740.31219072141,0.0,0.0,2.962411826956668e-11
q2,4800,2025-12-31,68983.53964333743,68890.00570667075,0.0,0.0,93.53393666668934
q2,9600,2025-02-01,24719.059512919477,24719.059512919437,0.0,0.0,4.121105945387172e-11
q2,9600,2025-02-02,57257.918170130564,57257.91817013052,0.0,0.0,4.2083257767444586e-11
q2,9600,2025-02-03,56025.30456404348,56025.30456404343,0.0,0.0,5.690945314995588e-11
q2,9600,2025-02-04,55851.803056818026,55851.803056817975,0.0,0.0,6.426563459172029e-11
q2,9600,2025-02-05,55099.2417147477,55099.24171474762,0.0,0.0,6.841955313419134e-11
q2,9600,2025-02-06,57163.206316065145,57089.223074382746,0.0,0.0,73.98324168239702
q2,9600,2025-02-07,22281.8241824595,22281.824182459466,0.0,0.0,2.908565477355296e-11
q2,9600,2025-02-08,20369.71350255766,20369.713502557614,0.0,0.0,4.8839602584394016e-11
q2,9600,2025-02-09,55484.55958769821,52165.018972548,0.0,0.0,3319.5406151502116
q2,9600,2025-02-10,54105.51664430571,54105.51664430567,0.0,0.0,3.536254666869354e-11
q2,9600,2025-02-11,53232.23367924897,52648.78528262099,0.0,0.0,583.4483966279777
q2,9600,2025-02-12,52711.32753286449,52711.32753286444,0.0,0.0,5.993857143948844e-11
q2,9600,2025-02-13,51400.68082699117,51400.680826991105,0.0,0.0,6.842486754976563e-11
q2,9600,2025-02-14,18959.408955718027,18959.408955717958,0.0,0.0,6.607065472508112e-11
q2,9600,2025-02-15,19152.29889324467,19152.298893244624,0.0,0.0,4.651209195571937e-11
q2,9600,2025-02-16,50429.013652966554,50067.209602407056,0.0,0.0,361.80405055949996
q2,9600,2025-02-17,50008.94360664979,50008.943606649715,0.0,0.0,7.935256007840508e-11
q2,9600,2025-02-18,48645.0455784913,48607.51978599122,0.0,0.0,37.52579250007551
q2,9600,2025-02-19,48314.5375675854,48225.00696386659,0.0,0.0,89.5306037188083
q2,9600,2025-02-20,48626.97976061047,48555.68753619253,0.0,0.0,71.29222441794253
q2,9600,2025-02-21,18085.198467765673,18085.19846776564,0.0,0.0,3.185198238497833e-11
q2,9600,2025-02-22,19070.198847308955,19070.198847308908,0.0,0.0,4.693021082857741e-11
q2,9600,2025-02-23,47242.84867587064,47206.53153837533,0.0,0.0,36.31713749530716
q2,9600,2025-02-24,48116.1744931461,47890.02342478275,0.0,0.0,226.15106836334812
q2,9600,2025-02-25,46906.2152252604,46892.82512113755,0.0,0.0,13.390104122849033
q2,9600,2025-02-26,46980.99599641771,46980.99599641765,0.0,0.0,5.853699303060011e-11
q2,9600,2025-02-27,44012.805949557485,44012.8059495574,0.0,0.0,8.479853619292043e-11
q2,9600,2025-02-28,17501.731991662513,17392.76825292081,0.0,0.0,108.96373874170168
q2,9600,2025-03-01,18532.020735386366,18446.84426871966,0.0,0.0,85.17646666670981
q2,9600,2025-03-02,60674.49514847352,45214.1468494163,0.0,0.0,15460.348299057227
q2,9600,2025-03-03,55861.49854121808,45707.39721441272,0.0,0.0,10154.101326805365
q2,9600,2025-03-04,46159.90630114573,46159.90630114569,0.0,0.0,5.1030265679763426e-11
q2,9600,2025-03-05,47637.23019302447,47637.23019302441,0.0,0.0,6.061321045081058e-11
q2,9600,2025-03-06,46406.15173943514,46365.3890176805,0.0,0.0,40.76272175464604
q2,9600,2025-03-07,16786.1002490937,16786.10024909365,0.0,0.0,4.604021341947373e-11
q2,9600,2025-03-08,18187.000987933734,18146.456995610963,0.0,0.0,40.543992322771075
q2,9600,2025-03-09,44909.64680571543,44909.64680571539,0.0,0.0,4.13788923125935e-11
q2,9600,2025-03-10,45867.983496164845,44915.579873508555,0.0,0.0,952.403622656289
q2,9600,2025-03-11,43679.63527249769,43342.496469947444,0.0,0.0,337.1388025502549
q2,9600,2025-03-12,43286.46476273553,43286.46476273548,0.0,0.0,4.9381539746207183e-11
q2,9600,2025-03-13,48419.40241048546,41229.084608139776,0.0,0.0,7190.317802345682
q2,9600,2025-03-14,15816.384109591012,15816.384109590976,0.0,0.0,3.6991409047004705e-11
q2,9600,2025-03-15,17614.98536692784,17607.078748778862,0.0,0.0,7.906618148975826
q2,9600,2025-03-16,42517.783638549896,42510.32245854981,0.0,0.0,7.461180000080714
q2,9600,2025-03-17,43112.27227060588,43112.27227060581,0.0,0.0,6.054609968941804e-11
q2,9600,2025-03-18,41636.99534776772,40761.55780547197,0.0,0.0,875.4375422957506
q2,9600,2025-03-19,40942.389532472385,40942.38953247234,0.0,0.0,4.405756088947388e-11
q2,9600,2025-03-20,40779.74321101731,39375.07599950687,0.0,0.0,1404.6672115104423
q2,9600,2025-03-21,15841.910252134585,15302.04906037203,0.0,0.0,539.8611917625566
q2,9600,2025-03-22,17888.65449778607,17888.654497786047,0.0,0.0,2.4521852992620554e-11
q2,9600,2025-03-23,40550.20779688722,40138.512669811855,0.0,0.0,411.6951270753631
q2,9600,2025-03-24,39482.72147737141,39482.72147737133,0.0,0.0,8.485086411269548e-11
q2,9600,2025-03-25,39968.043273421266,39410.34577347776,0.0,0.0,557.6974999435076
q2,9600,2025-03-26,39690.787258559794,39690.787258559736,0.0,0.0,5.5823662137299834e-11
q2,9600,2025-03-27,37929.00056874957,37929.000568749514,0.0,0.0,5.689245963225176e-11
q2,9600,2025-03-28,15120.176906789176,14860.72830845582,0.0,0.0,259.4485983333537
q2,9600,2025-03-29,16737.191985536378,16512.885667673065,0.0,0.0,224.30631786330994
q2,9600,2025-03-30,38685.979786102296,38685.97978610222,0.0,0.0,6.830996213125217e-11
q2,9600,2025-03-31,37738.5252483954,37738.525248395345,0.0,0.0,6.215728731717717e-11
q2,9600,2025-04-01,41577.37702142737,38483.78582970042,0.0,0.0,3093.5911917269495
q2,9600,2025-04-02,47003.76215615,37974.13688612217,0.0,0.0,9029.625270027822
q2,9600,2025-04-03,36840.04989408123,35891.00667782061,0.0,0.0,949.0432162606259
q2,9600,2025-04-04,14448.815752868337,14448.815752868313,0.0,0.0,2.3450610342479192e-11
q2,9600,2025-04-05,16757.187360393604,16757.187360393575,0.0,0.0,3.000229753524764e-11
q2,9600,2025-04-06,36565.060108309124,36565.06010830909,0.0,0.0,4.1825774843573525e-11
q2,9600,2025-04-07,38125.678442803866,38125.678442803815,0.0,0.0,5.894975174669526e-11
q2,9600,2025-04-08,38575.001285286315,38203.100669702166,0.0,0.0,371.900615584152
q2,9600,2025-04-09,39919.50773766921,38254.14468949063,0.0,0.0,1665.363048178577
q2,9600,2025-04-10,33983.77926356063,33983.779263560566,0.0,0.0,6.627194792940827e-11
q2,9600,2025-04-11,13625.721805853309,13625.721805853282,0.0,0.0,2.6648820039554268e-11
q2,9600,2025-04-12,16646.43077495769,16646.43077495767,0.0,0.0,2.3968198092916283e-11
q2,9600,2025-04-13,36839.2793419422,36530.62233812022,0.0,0.0,308.6570038219777
q2,9600,2025-04-14,36030.072738770235,35655.91076835089,0.0,0.0,374.1619704193496
q2,9600,2025-04-15,36216.075701875074,36216.07570187502,0.0,0.0,5.0823310004943784e-11
q2,9600,2025-04-16,37088.74831801445,37088.74831801442,0.0,0.0,3.5299518530429455e-11
q2,9600,2025-04-17,33457.91804998459,33457.91804998452,0.0,0.0,7.460588363761289e-11
q2,9600,2025-04-18,13377.376648395935,13377.3766483959,0.0,0.0,3.376504764673882e-11
q2,9600,2025-04-19,15793.384073425994,15793.384073425974,0.0,0.0,1.803879001727182e-11
q2,9600,2025-04-20,35876.74575058404,35876.745750584,0.0,0.0,5.295749860856347e-11
q2,9600,2025-04-21,35677.689022294,35677.68902229395,0.0,0.0,4.5475374577108603e-11
q2,9600,2025-04-22,34867.096488941424,34867.096488941344,0.0,0.0,7.661092826793947e-11
q2,9600,2025-04-23,35269.79249434204,35269.79249434196,0.0,0.0,7.250222644472615e-11
q2,9600,2025-04-24,31920.57060229993,31920.57060229988,0.0,0.0,5.647379452966561e-11
q2,9600,2025-04-25,12559.141097736861,12559.14109773684,0.0,0.0,2.1491530333150875e-11
q2,9600,2025-04-26,18405.672619189296,15287.616187811254,0.0,0.0,3118.056431378041
q2,9600,2025-04-27,37394.01132472494,33305.95475685483,0.0,0.0,4088.056567870115
q2,9600,2025-04-28,50473.9658035114,33001.864321654735,0.0,0.0,17472.10148185667
q2,9600,2025-04-29,34638.23119445748,34051.76656819211,0.0,0.0,586.4646262653749
q2,9600,2025-04-30,35428.773788352766,35404.84494593329,0.0,0.0,23.928842419466804
q2,9600,2025-05-01,41088.41821394526,31266.051879511375,0.0,0.0,9822.366334433887
q2,9600,2025-05-02,26413.882016618252,13151.877340297966,0.0,0.0,13262.004676320288
q2,9600,2025-05-03,22141.548352964805,16564.73453819935,0.0,0.0,5576.813814765452
q2,9600,2025-05-04,43545.569698058076,37042.78145853011,0.0,0.0,6502.788239527966
q2,9600,2025-05-05,43732.95150548586,36068.50231456067,0.0,0.0,7664.449190925187
q2,9600,2025-05-06,41638.52226631572,34212.14677044902,0.0,0.0,7426.375495866694
q2,9600,2025-05-07,47281.86422841261,35836.96732349745,0.0,0.0,11444.896904915166
q2,9600,2025-05-08,38106.42363234416,37915.974426250716,0.0,0.0,190.44920609343947
q2,9600,2025-05-09,16505.946484608103,16505.94648460808,0.0,0.0,2.233244345006824e-11
q2,9600,2025-05-10,17982.728909206067,17937.011739206035,0.0,0.0,45.71717000003275
q2,9600,2025-05-11,37803.9067737205,37526.545734262094,0.0,0.0,277.36103945840057
q2,9600,2025-05-12,40580.96360674889,40580.96360674883,0.0,0.0,5.3399304533741085e-11
q2,9600,2025-05-13,41928.10729023888,41928.10729023884,0.0,0.0,3.8622992803993835e-11
q2,9600,2025-05-14,39972.04281941191,39972.042819411865,0.0,0.0,4.240358464357997e-11
q2,9600,2025-05-15,34296.99290932737,34296.99290932731,0.0,0.0,5.712593509343832e-11
q2,9600,2025-05-16,16345.353280913136,16345.353280913112,0.0,0.0,2.2851907033327737e-11
q2,9600,2025-05-17,18922.317903903415,18922.317903903386,0.0,0.0,3.013903437931731e-11
q2,9600,2025-05-18,39598.555786375575,39598.555786375546,0.0,0.0,3.1551169676902193e-11
q2,9600,2025-05-19,37351.1404465824,36899.2364649157,0.0,0.0,451.90398166670406
q2,9600,2025-05-20,38632.721336450675,35848.015563046334,0.0,0.0,2784.705773404347
q2,9600,2025-05-21,38980.65986218405,38980.659862183995,0.0,0.0,5.933192426255117e-11
q2,9600,2025-05-22,35929.85569898099,35929.855698980944,0.0,0.0,3.888453647959978e-11
q2,9600,2025-05-23,13989.383460636887,13989.383460636853,0.0,0.0,3.525949132665573e-11
q2,9600,2025-05-24,17608.84552496748,17608.84552496746,0.0,0.0,2.3658991210595558e-11
q2,9600,2025-05-25,36534.06441913713,36534.06441913709,0.0,0.0,4.3839353480734646e-11
q2,9600,2025-05-26,42193.87838334914,36760.11056119535,0.0,0.0,5433.767822153787
q2,9600,2025-05-27,40411.199725792736,40411.1997257927,0.0,0.0,3.893548949918113e-11
q2,9600,2025-05-28,36473.065303437965,36473.06530343789,0.0,0.0,7.133306922924022e-11
q2,9600,2025-05-29,33893.60930651557,32077.867320652967,0.0,0.0,1815.7419858626133
q2,9600,2025-05-30,16082.306933800583,16082.306933800537,0.0,0.0,4.527423591582647e-11
q2,9600,2025-05-31,18661.695382772214,18661.695382772195,0.0,0.0,1.8463794049239363e-11
q2,9600,2025-06-01,81346.25360837516,38234.83111769218,0.0,0.0,43111.42249068299
q2,9600,2025-06-02,78097.66764450769,38638.137971667784,0.0,0.0,39459.52967283991
q2,9600,2025-06-03,66550.31440399746,41603.17253105097,0.0,0.0,24947.141872946493
q2,9600,2025-06-04,62246.86213134734,42896.71949423176,0.0,0.0,19350.142637115576
q2,9600,2025-06-05,60912.5383999595,40911.02816992393,0.0,0.0,20001.510230035565
q2,9600,2025-06-06,41629.98305666064,16410.888359185956,0.0,0.0,25219.094697474688
q2,9600,2025-06-07,39056.06432573131,19248.3252644561,0.0,0.0,19807.739061275213
q2,9600,2025-06-08,59299.20050478683,59299.2005047868,0.0,0.0,2.815679067680321e-11
q2,9600,2025-06-09,55879.4374995983,55879.437499598265,0.0,0.0,3.899842404564424e-11
q2,9600,2025-06-10,51046.54444073796,50800.415744937854,0.0,0.0,246.12869580009772
q2,9600,2025-06-11,55153.23466116035,51093.35805531705,0.0,0.0,4059.8766058433007
q2,9600,2025-06-12,54864.464290478856,54864.46429047881,0.0,0.0,4.791416685634431e-11
q2,9600,2025-06-13,26418.892579138912,26418.892579138897,0.0,0.0,1.873255328632695e-11
q2,9600,2025-06-14,27830.609183281565,27830.609183281547,0.0,0.0,1.7701580645734792e-11
q2,9600,2025-06-15,51799.45781947363,51799.45781947358,0.0,0.0,4.704927647480872e-11
q2,9600,2025-06-16,56676.214976843155,56676.21497684313,0.0,0.0,3.0603573009102545e-11
q2,9600,2025-06-17,59053.135776879826,59053.1357768798,0.0,0.0,3.34146648128808e-11
q2,9600,2025-06-18,58528.2976650047,58528.297665004684,0.0,0.0,1.7989691514230796e-11
q2,9600,2025-06-19,48924.02347791837,48619.080506061175,0.0,0.0,304.9429718571957
q2,9600,2025-06-20,21363.09158145697,21363.091581456938,0.0,0.0,3.041289176053396e-11
q2,9600,2025-06-21,28888.198870329452,28888.19887032944,0.0,0.0,1.497025436947297e-11
q2,9600,2025-06-22,56363.180835402716,56363.18083540267,0.0,0.0,3.843121021418483e-11
q2,9600,2025-06-23,49150.50725517124,49088.853016095876,0.0,0.0,61.654239075352756
q2,9600,2025-06-24,57001.08768848115,51236.43080138767,0.0,0.0,5764.6568870934825
q2,9600,2025-06-25,48391.851190981855,48259.625730152584,0.0,0.0,132.22546082928253
q2,9600,2025-06-26,55742.83371863137,55742.83371863133,0.0,0.0,3.8908765986889197e-11
q2,9600,2025-06-27,22860.137182879516,22860.137182879487,0.0,0.0,2.6587656520860034e-11
q2,9600,2025-06-28,21385.218568079486,21385.218568079457,0.0,0.0,3.069840204261709e-11
q2,9600,2025-06-29,48602.60866868283,48602.60866868276,0.0,0.0,5.625685162158333e-11
q2,9600,2025-06-30,54243.0797906018,54243.07979060176,0.0,0.0,2.6100699768161207e-11
q2,9600,2025-07-01,59944.94638360853,59006.64899323658,0.0,0.0,938.2973903719524
q2,9600,2025-07-02,57779.12074898954,55099.67918844175,0.0,0.0,2679.44156054779
q2,9600,2025-07-03,68630.53118175219,47691.0929769592,0.0,0.0,20939.438204792983
q2,9600,2025-07-04,34541.96482655901,22077.57799484919,0.0,0.0,12464.386831709817
q2,9600,2025-07-05,36565.62882229624,25473.95344727866,0.0,0.0,11091.67537501758
q2,9600,2025-07-06,70750.05074017188,50849.83559429222,0.0,0.0,19900.215145879658
q2,9600,2025-07-07,67286.7450455341,44474.00612369977,0.0,0.0,22812.738921834338
q2,9600,2025-07-08,58440.044427507135,58440.044427507084,0.0,0.0,5.90897606400631e-11
q2,9600,2025-07-09,56974.1563503153,56974.15635031527,0.0,0.0,2.6773008698910413e-11
q2,9600,2025-07-10,52298.53314663513,52263.32115069544,0.0,0.0,35.2119959396933
q2,9600,2025-07-11,26535.62316407521,26424.549154091845,0.0,0.0,111.0740099833674
q2,9600,2025-07-12,32855.288869406584,32742.62204779823,0.0,0.0,112.66682160834699
q2,9600,2025-07-13,57823.46271237625,57823.46271237621,0.0,0.0,3.029037287660685e-11
q2,9600,2025-07-14,57943.600761570175,57943.60076157017,0.0,0.0,1.596547605231535e-11
q2,9600,2025-07-15,52020.256218672854,52020.256218672796,0.0,0.0,5.612012721201154e-11
q2,9600,2025-07-16,55519.11327400258,55519.11327400255,0.0,0.0,2.9047576788343577e-11
q2,9600,2025-07-17,52803.38722069055,52803.387220690485,0.0,0.0,5.5666442122515034e-11
q2,9600,2025-07-18,28698.656416636644,28698.656416636622,0.0,0.0,1.5453167634404964e-11
q2,9600,2025-07-19,28218.695846988812,28218.695846988787,0.0,0.0,2.585358060969156e-11
q2,9600,2025-07-20,51656.85315481135,51656.8531548113,0.0,0.0,4.973639189387314e-11
q2,9600,2025-07-21,56106.351843622964,56106.35184362292,0.0,0.0,4.677883769232949e-11
q2,9600,2025-07-22,55107.74626213619,55107.74626213615,0.0,0.0,4.279075227486829e-11
q2,9600,2025-07-23,53576.13211791153,53293.94513742121,0.0,0.0,282.1869804903264
q2,9600,2025-07-24,49718.8742167193,49718.87421671924,0.0,0.0,7.076410923900767e-11
q2,9600,2025-07-25,25292.91209141894,25292.91209141891,0.0,0.0,2.8436318189051235e-11
q2,9600,2025-07-26,32177.79987942461,32177.79987942459,0.0,0.0,1.577026864651998e-11
q2,9600,2025-07-27,56891.30060952685,55339.665206004196,0.0,0.0,1551.6354035226534
q2,9600,2025-07-28,54093.326194964626,51072.48854128094,0.0,0.0,3020.837653683691
q2,9600,2025-07-29,53924.13628325429,53907.70529287188,0.0,0.0,16.430990382414443
q2,9600,2025-07-30,57452.05519373054,57452.055193730506,0.0,0.0,3.1750248652429035e-11
q2,9600,2025-07-31,54860.01523276136,54860.01523276133,0.0,0.0,3.9527296991082045e-11
q2,9600,2025-08-01,28303.947395796364,28303.94739579635,0.0,0.0,1.7641184513195187e-11
q2,9600,2025-08-02,27359.5095252294,27359.509525229376,0.0,0.0,1.9558825670173973e-11
q2,9600,2025-08-03,51193.19377529371,50568.54199019345,0.0,0.0,624.6517851002528
q2,9600,2025-08-04,51425.86166753774,51425.86166753767,0.0,0.0,5.736961128377516e-11
q2,9600,2025-08-05,49938.720232760505,49938.720232760475,0.0,0.0,3.420115390895262e-11
q2,9600,2025-08-06,48641.126196083555,47638.2970880596,0.0,0.0,1002.8291080239546
q2,9600,2025-08-07,45222.22149036224,45222.22149036219,0.0,0.0,4.752120474904586e-11
q2,9600,2025-08-08,24421.437788534524,24129.416594634495,0.0,0.0,292.02119390002923
q2,9600,2025-08-09,25292.650713478757,25292.65071347872,0.0,0.0,3.5268719500436414e-11
q2,9600,2025-08-10,46519.182157291165,46519.1821572911,0.0,0.0,6.544004804709401e-11
q2,9600,2025-08-11,46794.76907276027,46497.60279747944,0.0,0.0,297.1662752808293
q2,9600,2025-08-12,49087.57921823278,46250.098570375674,0.0,0.0,2837.4806478571045
q2,9600,2025-08-13,46538.19753380706,46454.732194583354,0.0,0.0,83.46533922371219
q2,9600,2025-08-14,43732.49015443715,43296.54223807868,0.0,0.0,435.94791635847747
q2,9600,2025-08-15,23428.180236591375,22974.242396252674,0.0,0.0,453.93784033869974
q2,9600,2025-08-16,26163.20898087028,26163.208980870248,0.0,0.0,3.314100105455964e-11
q2,9600,2025-08-17,47119.86519806132,46588.62258892451,0.0,0.0,531.2426091368144
q2,9600,2025-08-18,45706.81393305995,45668.36484699198,0.0,0.0,38.44908606797604
q2,9600,2025-08-19,46139.735846107134,45996.075765592796,0.0,0.0,143.6600805143351
q2,9600,2025-08-20,56123.13924025041,45733.178247199416,0.0,0.0,10389.960993051001
q2,9600,2025-08-21,44829.24332541987,44829.24332541981,0.0,0.0,6.207446467954013e-11
q2,9600,2025-08-22,25983.343971938273,23463.210859581846,0.0,0.0,2520.133112356428
q2,9600,2025-08-23,26053.21223170146,25986.363411381994,0.0,0.0,66.8488203194683
q2,9600,2025-08-24,46493.73470280823,46493.734702808164,0.0,0.0,7.01801532443369e-11
q2,9600,2025-08-25,50353.11287308995,47805.9527410239,0.0,0.0,2547.160132066051
q2,9600,2025-08-26,47665.96777074785,47665.96777074779,0.0,0.0,6.099963911765371e-11
q2,9600,2025-08-27,49182.434397681995,49182.43439768195,0.0,0.0,5.119862578339962e-11
q2,9600,2025-08-28,52374.198426281975,44831.97135182389,0.0,0.0,7542.227074458072
q2,9600,2025-08-29,25918.10816515187,25006.26750247685,0.0,0.0,911.8406626750203
q2,9600,2025-08-30,26471.855707353567,26471.855707353512,0.0,0.0,5.363850164030737e-11
q2,9600,2025-08-31,49080.75467494236,49061.62636140066,0.0,0.0,19.128313541710295
q2,9600,2025-09-01,48964.542679330145,48964.54267933013,0.0,0.0,1.683247319306247e-11
q2,9600,2025-09-02,47015.55509135485,47015.555091354814,0.0,0.0,2.4714754687238383e-11
q2,9600,2025-09-03,46427.97949294669,46427.979492946666,0.0,0.0,1.295507701115639e-11
q2,9600,2025-09-04,46360.62698051789,46360.62698051787,0.0,0.0,2.1112889214691677e-11
q2,9600,2025-09-05,22306.721205944836,22306.72120594483,0.0,0.0,1.0489060287000029e-11
q2,9600,2025-09-06,26261.376896086374,26124.39400301135,0.0,0.0,136.9828930750199
q2,9600,2025-09-07,46144.73832744459,46144.73832744457,0.0,0.0,2.2016223510945564e-11
q2,9600,2025-09-08,43850.53164619081,37689.952633630455,0.0,0.0,6160.579012560353
q2,9600,2025-09-09,40389.62539946655,40207.6071960814,0.0,0.0,182.01820338515057
q2,9600,2025-09-10,49208.38925294703,40222.72967206944,0.0,0.0,8985.659580877591
q2,9600,2025-09-11,37058.962054884425,37058.962054884374,0.0,0.0,4.880963899722701e-11
q2,9600,2025-09-12,18242.41700173186,17838.911105890165,0.0,0.0,403.5058958416963
q2,9600,2025-09-13,19718.69810063435,19718.698100634316,0.0,0.0,3.495725309221598e-11
q2,9600,2025-09-14,40801.05449240807,40801.054492407995,0.0,0.0,7.591020967367968e-11
q2,9600,2025-09-15,40591.92133647603,40584.02773032598,0.0,0.0,7.8936061500452634
q2,9600,2025-09-16,40645.01038300182,40589.628635335066,0.0,0.0,55.381747666746655
q2,9600,2025-09-17,41950.498593978235,41950.49859397816,0.0,0.0,7.516528555129297e-11
q2,9600,2025-09-18,39542.28281796302,39542.28281796296,0.0,0.0,6.92401180557578e-11
q2,9600,2025-09-19,18315.82656314684,18315.82656314681,0.0,0.0,3.136295845251879e-11
q2,9600,2025-09-20,21221.260403369823,20236.370476422842,0.0,0.0,984.8899269469807
q2,9600,2025-09-21,43520.11108097635,43520.111080976305,0.0,0.0,4.850695489722056e-11
q2,9600,2025-09-22,41734.472256393,41734.47225639293,0.0,0.0,6.327939061634424e-11
q2,9600,2025-09-23,44591.62552505581,44591.625525055744,0.0,0.0,6.062129331851906e-11
q2,9600,2025-09-24,42954.32523117754,41600.39871542152,0.0,0.0,1353.9265157560237
q2,9600,2025-09-25,42346.52151161633,42346.52151161628,0.0,0.0,4.9969415272244076e-11
q2,9600,2025-09-26,18641.62339273269,18641.623392732647,0.0,0.0,3.986292540503199e-11
q2,9600,2025-09-27,26984.598817514016,20502.526612364534,0.0,0.0,6482.072205149481
q2,9600,2025-09-28,43972.61810219825,43972.61810219819,0.0,0.0,6.422917747661572e-11
q2,9600,2025-09-29,44289.3020492862,44204.191958495656,0.0,0.0,85.11009079053457
q2,9600,2025-09-30,45697.48426966195,45697.48426966187,0.0,0.0,7.543136337773149e-11
q2,9600,2025-10-01,44664.28970811651,44664.28970811647,0.0,0.0,3.7731346935743205e-11
q2,9600,2025-10-02,40767.44562898339,40767.44562898336,0.0,0.0,4.038483325530251e-11
q2,9600,2025-10-03,17237.674083016005,17237.674083015976,0.0,0.0,2.8612248570425438e-11
q2,9600,2025-10-04,20463.775736222695,20463.775736222673,0.0,0.0,2.1665872651510653e-11
q2,9600,2025-10-05,43032.99926355149,43032.999263551465,0.0,0.0,2.7568177074499546e-11
q2,9600,2025-10-06,41245.89156046528,41245.89156046522,0.0,0.0,5.4963987139444716e-11
q2,9600,2025-10-07,42611.17212049832,42611.17212049829,0.0,0.0,3.7091904658836936e-11
q2,9600,2025-10-08,39260.60055739114,37929.824319054256,0.0,0.0,1330.7762383368797
q2,9600,2025-10-09,38556.75538795735,38556.75538795732,0.0,0.0,4.38544507375127e-11
q2,9600,2025-10-10,16405.69442233165,16405.69442233161,0.0,0.0,4.176024148705437e-11
q2,9600,2025-10-11,18041.219345859005,18041.21934585896,0.0,0.0,4.3174395614187235e-11
q2,9600,2025-10-12,39782.03816418571,39760.639399404696,0.0,0.0,21.398764781006847
q2,9600,2025-10-13,40790.311982532396,40790.31198253234,0.0,0.0,5.57902524178644e-11
q2,9600,2025-10-14,41297.10115633752,39627.3835626125,0.0,0.0,1669.7175937250258
q2,9600,2025-10-15,41009.908671395635,40976.15383287858,0.0,0.0,33.75483851704966
q2,9600,2025-10-16,45583.64995124942,39946.08758216859,0.0,0.0,5637.562369080832
q2,9600,2025-10-17,17392.08501061036,17392.08501061033,0.0,0.0,2.8747564329023587e-11
q2,9600,2025-10-18,18444.331537468483,18444.33153746844,0.0,0.0,4.609816528500232e-11
q2,9600,2025-10-19,46548.51453695506,42601.243204331564,0.0,0.0,3947.271332623505
q2,9600,2025-10-20,45518.9465902395,42885.410738048064,0.0,0.0,2633.535852191442
q2,9600,2025-10-21,44688.506479214,44455.50671544195,0.0,0.0,232.99976377204794
q2,9600,2025-10-22,47255.96542905454,44826.67149544193,0.0,0.0,2429.2939336126105
q2,9600,2025-10-23,43875.94993695592,43875.94993695585,0.0,0.0,6.732818469412649e-11
q2,9600,2025-10-24,17077.431620432923,17077.431620432886,0.0,0.0,3.880459420457782e-11
q2,9600,2025-10-25,19318.383181447916,18666.02069733305,0.0,0.0,652.3624841148696
q2,9600,2025-10-26,46673.24025627036,46673.24025627029,0.0,0.0,6.036490773908554e-11
q2,9600,2025-10-27,45709.34855078223,45704.91398265468,0.0,0.0,4.434568127553844
q2,9600,2025-10-28,44681.48112903952,44681.48112903944,0.0,0.0,7.860184991770325e-11
q2,9600,2025-10-29,47720.32838003003,46004.52453783125,0.0,0.0,1715.803842198787
q2,9600,2025-10-30,44267.39619452297,44258.44341136825,0.0,0.0,8.95278315471599
q2,9600,2025-10-31,18164.98293875973,18164.982938759695,0.0,0.0,3.849730489946523e-11
q2,9600,2025-11-01,19107.49324268996,19107.49324268991,0.0,0.0,5.0027303188926444e-11
q2,9600,2025-11-02,46776.871711455286,46512.3869934594,0.0,0.0,264.4847179958845
q2,9600,2025-11-03,47243.266972560865,47243.26697256081,0.0,0.0,5.853703655134268e-11
q2,9600,2025-11-04,47691.53172725714,47453.341770571365,0.0,0.0,238.18995668576656
q2,9600,2025-11-05,48885.36787776004,48885.36787775996,0.0,0.0,8.306014365189185e-11
q2,9600,2025-11-06,51152.191531016986,46165.59255566775,0.0,0.0,4986.598975349241
q2,9600,2025-11-07,19363.26760278366,18616.74374922529,0.0,0.0,746.5238535583702
q2,9600,2025-11-08,19361.08950766547,19361.08950766544,0.0,0.0,2.813891342157149e-11
q2,9600,2025-11-09,49867.6789027951,49867.678902795036,0.0,0.0,6.946295627585641e-11
q2,9600,2025-11-10,50076.428108120956,48694.163776061905,0.0,0.0,1382.264332059053
q2,9600,2025-11-11,49334.87785856376,49334.87785856372,0.0,0.0,4.395541708390738e-11
q2,9600,2025-11-12,49666.070155030124,49666.07015503007,0.0,0.0,4.9934715140587116e-11
q2,9600,2025-11-13,51007.91356759455,50998.49622946114,0.0,0.0,9.417338133410457
q2,9600,2025-11-14,19039.887664954185,19039.88766495412,0.0,0.0,6.18854443246164e-11
q2,9600,2025-11-15,19152.746079746736,19152.746079746696,0.0,0.0,3.934586789711148e-11
q2,9600,2025-11-16,50631.02722628882,50631.027226288774,0.0,0.0,4.620874038963052e-11
q2,9600,2025-11-17,52613.44906876382,52613.44906876375,0.0,0.0,6.230175486621192e-11
q2,9600,2025-11-18,51929.88380898919,51929.88380898911,0.0,0.0,8.298433229469992e-11
q2,9600,2025-11-19,50773.41883707992,50550.468192575194,0.0,0.0,222.95064450472572
q2,9600,2025-11-20,52102.21125254771,52102.21125254764,0.0,0.0,6.711141509185837e-11
q2,9600,2025-11-21,20115.84149597658,20115.841495976547,0.0,0.0,3.199721732016769e-11
q2,9600,2025-11-22,19913.461293791537,19913.461293791486,0.0,0.0,4.7318233775683894e-11
q2,9600,2025-11-23,52818.67864726047,52818.6786472604,0.0,0.0,7.081360564598072e-11
q2,9600,2025-11-24,51749.0994643522,51643.68437780415,0.0,0.0,105.41508654804312
q2,9600,2025-11-25,53322.251774253375,53322.2517742533,0.0,0.0,6.70729729534969e-11
q2,9600,2025-11-26,53265.92820958221,53214.11073126144,0.0,0.0,51.817478320777695
q2,9600,2025-11-27,52933.93615530907,52933.936155309006,0.0,0.0,5.651468626410861e-11
q2,9600,2025-11-28,19883.857935995722,19560.691300458602,0.0,0.0,323.1666355371211
q2,9600,2025-11-29,21720.61413096165,20771.922431750725,0.0,0.0,948.6916992109263
q2,9600,2025-11-30,54661.2739358912,53942.812288569345,0.0,0.0,718.4616473218512
q2,9600,2025-12-01,74904.25051757024,54976.872937327,0.0,0.0,19927.377580243254
q2,9600,2025-12-02,84619.56881078574,54215.30562092722,0.0,0.0,30404.263189858524
q2,9600,2025-12-03,71342.91732228859,55829.9993469388,0.0,0.0,15512.917975349797
q2,9600,2025-12-04,70645.75990985389,56585.15109932567,0.0,0.0,14060.608810528236
q2,9600,2025-12-05,29154.551535047296,23884.805582793328,0.0,0.0,5269.745952253971
q2,9600,2025-12-06,31642.671170843525,23719.57580722412,0.0,0.0,7923.09536361941
q2,9600,2025-12-07,68279.07922595089,57103.8380663327,0.0,0.0,11175.24115961819
q2,9600,2025-12-08,65468.43083375339,65468.43083375334,0.0,0.0,4.235775463712344e-11
q2,9600,2025-12-09,65290.81589157863,65290.815891578604,0.0,0.0,2.8606649493667645e-11
q2,9600,2025-12-10,62342.60418130377,62253.379786259015,0.0,0.0,89.22439504476866
q2,9600,2025-12-11,62974.88190006722,62974.88190006718,0.0,0.0,4.947673915012274e-11
q2,9600,2025-12-12,28713.89215456994,28713.89215456991,0.0,0.0,3.0851250887309334e-11
q2,9600,2025-12-13,29934.800954175902,29934.800954175862,0.0,0.0,3.831519990171728e-11
q2,9600,2025-12-14,65477.28483487156,65477.28483487152,0.0,0.0,4.129694275434304e-11
q2,9600,2025-12-15,62457.61004571118,62457.6100457111,0.0,0.0,7.198196527724576e-11
q2,9600,2025-12-16,65315.69941657209,65315.69941657203,0.0,0.0,5.0658911732170965e-11
q2,9600,2025-12-17,66081.92414421184,66081.92414421181,0.0,0.0,3.401891035537119e-11
q2,9600,2025-12-18,64321.377512462765,64321.37751246273,0.0,0.0,3.864815312226711e-11
q2,9600,2025-12-19,27233.042616718027,27233.04261671798,0.0,0.0,4.603356229537781e-11
q2,9600,2025-12-20,27370.619386450297,27370.619386450253,0.0,0.0,4.2731205240897905e-11
q2,9600,2025-12-21,65624.74936722562,65624.7493672256,0.0,0.0,2.6358861759945287e-11
q2,9600,2025-12-22,64567.74111159743,64567.741111597396,0.0,0.0,3.3268008792219913e-11
q2,9600,2025-12-23,62857.995043551826,62857.99504355177,0.0,0.0,5.10221127569821e-11
q2,9600,2025-12-24,62134.465579468626,62134.46557946855,0.0,0.0,7.195819762273459e-11
q2,9600,2025-12-25,63535.9225053287,62585.15297054187,0.0,0.0,950.7695347868281
q2,9600,2025-12-26,29419.46446708725,29419.464467087204,0.0,0.0,4.4726920833682016e-11
q2,9600,2025-12-27,28758.22504852577,28758.225048525732,0.0,0.0,3.651123847703275e-11
q2,9600,2025-12-28,63190.2481877974,63119.01329991572,0.0,0.0,71.23488788168008
q2,9600,2025-12-29,62675.54820193285,62675.54820193279,0.0,0.0,5.7500216144035225e-11
q2,9600,2025-12-30,64725.043967065656,64725.04396706563,0.0,0.0,2.974752533191349e-11
q2,9600,2025-12-31,63531.52791057029,63437.993973903576,0.0,0.0,93.53393666670247
q3,0,2025-02-01,38726.86113413735,38645.90096839056,0.0,-992.4777041966797,1073.4378699434683
q3,0,2025-02-02,70824.31892786667,71467.45871079843,54.472213219180574,-1607.2454603605315,909.6334642095973
q3,0,2025-02-03,71685.96293605922,72185.26531776585,4.65155380879878e-13,-1759.4748774952136,1260.1724957885779
q3,0,2025-02-04,73323.12372082955,74421.29412476867,91.91642771128615,-1987.7145995072483,797.6277678568322
q3,0,2025-02-05,71469.17672295496,68912.86838301996,649.1041281693991,-654.0366759597858,2561.240887725392
q3,0,2025-02-06,72041.32430503535,72906.38249863365,4.371596884885864,-2143.3642635557976,1273.9344730726045
q3,0,2025-02-07,38659.387362173606,37654.157245040835,51.859907622862565,-562.2782998039561,1515.6485093138638
q3,0,2025-02-08,36815.46631995182,33250.46991774249,633.1904295694476,-31.946364703760302,2963.752337343635
q3,0,2025-02-09,69789.516366942,68256.85829664228,76.38072401876578,-563.9527857428637,2020.2301320238066
q3,0,2025-02-10,66867.01673782183,66498.38938242126,4.235681090741352,-1259.8182816425474,1624.2099559523774
q3,0,2025-02-11,68225.67017117837,65181.06519294571,564.4829374019507,-1677.843959428793,4157.9660002594965
q3,0,2025-02-12,67403.18161753517,65500.13455767858,60.2188318610382,-1088.2975941245886,2931.1258221201324
q3,0,2025-02-13,64612.22978169659,63031.40868015095,75.7535355363933,-898.861779037429,2403.929345046685
q3,0,2025-02-14,36028.08780948342,32946.88440009889,605.8251771398021,-169.56444421285389,2644.942676457584
q3,0,2025-02-15,36463.293277049,32883.713930426944,322.8155664071585,-144.81961747861126,3401.5833976935037
q3,0,2025-02-16,68737.82407274799,66030.1506025279,140.75145766326676,-2114.896348954084,4681.818361510894
q3,0,2025-02-17,66101.17515655153,65317.7235415926,38.334063403032744,-2711.234622130883,3456.352173686776
q3,0,2025-02-18,64524.80684271931,60766.36431782138,963.0992653164883,-94.43860280910212,2889.781862390539
q3,0,2025-02-19,64948.95192622638,61478.6037634478,248.42558582807928,-76.05957646089968,3297.9821534114153
q3,0,2025-02-20,64152.114365896705,61499.10484851044,183.19971614728672,-924.26764238702,3394.077443625996
q3,0,2025-02-21,33964.84139356538,31780.593932595,181.79659063708158,-13.677526214302222,2016.1283965475982
q3,0,2025-02-22,34665.6355080567,32256.056925655284,56.65646474370162,-75.41964366620394,2428.341761323917
q3,0,2025-02-23,64887.53163680584,61485.826912931945,832.2202833756036,-1082.2284512528206,3651.7128917511063
q3,0,2025-02-24,62654.13370305559,60646.94085790889,531.7651874803908,-752.2223589798059,2227.65001664612
q3,0,2025-02-25,61438.90270166134,61671.73676421658,1.9724443380461136,-1962.0371881976876,1727.2306813043938
q3,0,2025-02-26,61749.40514162142,57310.46527379194,1940.579958143709,-45.344936178072594,2543.7048458638433
q3,0,2025-02-27,62140.97956064256,57381.77245116232,1579.452111943299,-16.254217859795613,3196.00921539674
q3,0,2025-02-28,33572.25132479081,31234.821243662776,230.94283987803743,-123.93906038156416,2230.4263016315545
q3,0,2025-03-01,33898.20033989472,32293.70128406695,2.941220600405359e-14,-348.8560730613465,1953.355128889114
q3,0,2025-03-02,66111.58019137588,63081.67726822023,999.1909444901137,-617.6489226588844,2648.360901324415
q3,0,2025-03-03,65812.841903002,62137.60158619372,1057.76595927391,-695.6204047189206,3313.0947622532817
q3,0,2025-03-04,63353.648267013115,57998.855964293616,1736.8808101585569,-157.99013848354866,3775.9016310445027
q3,0,2025-03-05,62313.54075231839,61813.08050253436,4.095106130772819,-1934.1458904492758,2430.511034102533
q3,0,2025-03-06,60405.64519946736,58672.38138401139,774.3318073848869,-478.4466622967508,1437.378670367841
q3,0,2025-03-07,32579.792526453282,31394.02580943972,0.01221878539160739,-454.1566160799738,1639.9111143081434
q3,0,2025-03-08,31350.699218811762,29371.833938674725,570.1845792881672,0.0,1408.6807008488736
q3,0,2025-03-09,59658.126336834284,57858.25820915251,788.5279495659416,-979.0583510170615,1990.3985291328981
q3,0,2025-03-10,60568.415140612444,56204.57602442651,1068.3337918858654,-118.8100581261318,3414.315382426211
q3,0,2025-03-11,58789.94168879304,54265.83650685334,1165.4273777196643,-35.93387693887644,3394.611681158918
q3,0,2025-03-12,57470.9313398665,56587.704769409625,7.935918322076511,-348.8358264116424,1224.1264785464407
q3,0,2025-03-13,61184.08452695688,57501.84859567038,1137.655115767602,-597.3111955479574,3141.8920110668623
q3,0,2025-03-14,31376.568072213107,28726.514842013617,550.3007259398487,-17.249455576920653,2117.001959836562
q3,0,2025-03-15,31149.269121968937,28814.134901051388,496.2420830964766,-3.771764651078346,1842.6639024721499
q3,0,2025-03-16,57946.94759159121,56577.223413405016,290.883126325781,-273.5906312446742,1352.4316831050837
q3,0,2025-03-17,55311.63959514266,51384.461081751666,1386.0956715343375,-10.742339859507172,2551.825181716162
q3,0,2025-03-18,58964.80761259509,58491.29365308213,22.369403030167213,-1759.9576144606594,2211.102170943453
q3,0,2025-03-19,55699.48092181445,53485.13582592888,1020.1929815349226,-8.380460626916467,1202.5325749775518
q3,0,2025-03-20,59226.26615819488,56190.75968234445,389.4312889016164,-1160.6325692723947,3806.707756221213
q3,0,2025-03-21,30613.54882172663,28278.376344176115,190.13605664051659,-75.04022706733913,2220.0766479773347
q3,0,2025-03-22,30385.193964790822,29441.2066935825,3.9064218526618787e-14,-61.00711850834832,1004.9943897166702
q3,0,2025-03-23,57057.46775627708,56946.25853830972,39.70353434532223,-1560.6974588805977,1632.203142502635
q3,0,2025-03-24,56049.492026736836,54138.26295945444,621.9133365128116,-493.96376649785225,1783.2794972674242
q3,0,2025-03-25,58162.40371202348,57089.20206795292,30.51455332788321,-1358.698031377263,2401.3851221199347
q3,0,2025-03-26,55380.05336210856,53069.81243208945,1048.6525432969045,-948.9144591834151,2210.5028459056284
q3,0,2025-03-27,55865.593015888466,53667.757142581664,450.4595193277273,-653.9387842969489,2401.315138276016
q3,0,2025-03-28,29990.03906348576,29206.69717628861,0.0,-346.3373204416001,1129.6792076387496
q3,0,2025-03-29,29711.451600872577,27196.94781650097,529.8500525926768,-30.926675172248512,2015.580406951176
q3,0,2025-03-30,55623.05529179354,53393.32389778213,417.7883394146232,-1112.012198055133,2923.955252651931
q3,0,2025-03-31,53684.73260661715,50134.51305673833,681.1718730062489,-8.02874957692018,2877.0764264494937
q3,0,2025-04-01,55512.81697594016,53024.65540621377,709.8711447271088,-324.1938896076225,2102.484314606909
q3,0,2025-04-02,56512.089065377986,53921.69491998834,264.9305588126715,-497.8373099729894,2823.300896549961
q3,0,2025-04-03,56554.556500358536,55804.73806345805,5.310967307065434,-1093.7288964595953,1838.236366053012
q3,0,2025-04-04,28895.439466142037,26856.13453300111,62.699443312567034,-5.524744331166586,1982.130234159524
q3,0,2025-04-05,28596.778258282175,26674.199961188337,431.5743985747136,0.0,1491.0038985191243
q3,0,2025-04-06,53427.77327238529,50967.87261489028,772.5171891917922,-209.20356560511564,1896.5870339083313
q3,0,2025-04-07,52594.46673045701,48770.76321354417,1347.9560656935253,-264.5482880855539,2740.295739304874
q3,0,2025-04-08,56056.47838659415,54427.538478744165,38.54294082943121,-1290.6466108310246,2881.043577851574
q3,0,2025-04-09,54508.4252690202,53721.47369586069,30.18253446874934,-899.9383753427358,1656.7074140335
q3,0,2025-04-10,54085.14579722027,52039.42787354139,254.31824263168136,-607.357551659199,2398.757232706396
q3,0,2025-04-11,30338.99218389661,25570.914600072778,215.81129040135787,-1.4436053292342006,4553.709898751715
q3,0,2025-04-12,27562.929093155442,27115.108220741662,0.0,-221.06702408155328,668.8878964953325
q3,0,2025-04-13,52121.439789361146,50485.89907614319,119.36725721236812,-303.0238644977361,1819.1973205033282
q3,0,2025-04-14,53061.81187755058,51242.747709399606,100.317253721787,-1484.2361249547434,3202.983039383923
q3,0,2025-04-15,51302.16237001256,48523.65672428916,704.6819105466484,-339.56491764823596,2413.388652824978
q3,0,2025-04-16,52507.748911115195,48957.23064506278,1179.6608656735307,-128.4067035036256,2499.2641038825095
q3,0,2025-04-17,51211.404847417,48877.29933008223,934.9563917371149,-215.58681435104268,1614.735939948706
q3,0,2025-04-18,28053.591092259736,26248.52426884778,48.2201026578506,-52.51089174565121,1809.3576124997583
q3,0,2025-04-19,27776.822808099958,25263.806163551948,795.9948212180122,-8.199599543155358,1725.2214228731527
q3,0,2025-04-20,51764.48066257876,49337.647540510276,463.2862546143857,-188.960278807858,2152.507146261956
q3,0,2025-04-21,51866.817730469265,47981.36200861086,193.01579209066782,-654.2379789298373,4346.677908697573
q3,0,2025-04-22,51308.2731351388,48468.80954419277,389.2192071653608,-326.4544508504903,2776.69883463115
q3,0,2025-04-23,50270.545253517485,45888.244780097775,1882.8373021130508,-2.0248091510572648,2501.4879804577135
q3,0,2025-04-24,50026.752330274205,47877.6643223775,960.4814633445774,-703.3681736616242,1891.9747182137467
q3,0,2025-04-25,26714.3612232432,25031.180060804447,71.01543337442442,-150.03132779846393,1762.1970568627953
q3,0,2025-04-26,27188.227872805444,25167.253663651667,69.87323925389597,-6.2003161120077745,1957.3012860118895
q3,0,2025-04-27,52269.99504258141,46446.21591307305,2135.958377069916,-292.09003659651313,3979.910789034954
q3,0,2025-04-28,52566.56886761576,49626.326026977214,1101.9094752612548,-216.08983804252648,2054.4232034198167
q3,0,2025-04-29,49579.64691441855,46115.163750494175,1627.4721943118602,-119.23411759973042,1956.2450872122354
q3,0,2025-04-30,49121.47021288129,45800.07891501444,506.9242026790668,-400.22567063165644,3214.6927658194436
q3,0,2025-05-01,59421.92722430734,48312.28843232334,1463.5879454012654,-152.9687040614794,9799.019550644216
q3,0,2025-05-02,34917.04165690574,26334.951570986945,198.26212997217667,-41.53057097250999,8425.358526919126
q3,0,2025-05-03,33544.85967854499,26014.972623761787,138.43511096755782,-20.627165045962037,7412.079108861612
q3,0,2025-05-04,55925.70443333765,48719.48902591749,144.17950443980848,-1204.3385705652645,8266.374473545598
q3,0,2025-05-05,58835.86901518146,51024.272490267664,135.68205004852283,-1007.4755361470961,8683.390011012363
q3,0,2025-05-06,59078.61291518913,47122.723345974184,2045.1203602924215,-73.85705024182356,9984.626259164343
q3,0,2025-05-07,58679.746641289574,48300.48298090769,1240.6407289956128,-23.068576638258772,9161.691508024525
q3,0,2025-05-08,54694.22189393137,52764.12239782618,361.4957563376065,-889.2566428263077,2457.860382593897
q3,0,2025-05-09,30017.997613882013,28609.748738152437,503.5971233761851,-12.332781577794202,916.9845339311876
q3,0,2025-05-10,30369.007806040434,27832.98215482069,485.94769380496973,-66.75792650359102,2116.835883918366
q3,0,2025-05-11,52996.4895653017,50127.99725952196,643.631701034213,-91.86804337658306,2316.7286481221145
q3,0,2025-05-12,51295.512457670855,48244.74873784858,1335.7671388827655,-25.835821304558024,1740.8324022440622
q3,0,2025-05-13,54056.46710872397,53383.89338671531,643.9301097693522,-1706.400471568179,1735.0440838074876
q3,0,2025-05-14,52746.21361109779,53633.1532914827,20.946846795434503,-1415.8704865815002,507.98395940115495
q3,0,2025-05-15,53081.19321596563,52800.15638750279,116.3974151404676,-727.9432238037303,892.5826371260931
q3,0,2025-05-16,29210.761932114467,27783.22040966875,65.85673815981788,-57.35074189462377,1419.0355261805228
q3,0,2025-05-17,29603.74751093271,28460.4902238617,29.518070800440313,-139.26635617531463,1253.0055724458844
q3,0,2025-05-18,53123.96387476666,53417.918080291085,6.056893653294537e-13,-1027.351659111946,733.3974535875042
q3,0,2025-05-19,51008.32727291262,49251.58060614194,242.70122472321015,-288.8720766693589,1802.9175187168237
q3,0,2025-05-20,51939.116489133434,48498.44842871235,1409.7894850059204,-76.01157062571642,2106.890146040871
q3,0,2025-05-21,52025.33721012562,48790.1097359456,1443.5285425619604,-25.504699148286395,1817.2036307663384
q3,0,2025-05-22,51285.07629448538,51152.34293300142,8.238828286266653e-13,-700.5609270839077,833.2942885678566
q3,0,2025-05-23,29802.44423199909,26963.243364544414,716.2964438706921,-26.06029835053402,2148.9647219345215
q3,0,2025-05-24,28782.48313506913,27884.793298292498,75.37624013552474,-115.07979537112476,937.393392012229
q3,0,2025-05-25,50168.90582169223,48117.56085262702,62.16356911393364,-83.50146405216408,2072.6828640034405
q3,0,2025-05-26,52887.607625259785,50883.59394773692,816.0995887867092,-128.05479372350266,1315.9688824596603
q3,0,2025-05-27,51600.67687525977,48653.73108197687,353.2671179837464,-125.15750045269644,2718.8361757518514
q3,0,2025-05-28,52280.13069963898,51471.86273721354,258.53284723843336,-293.1827150826069,842.9178302696154
q3,0,2025-05-29,54442.16870226065,50734.66712271259,706.4354511961442,-93.25937730661776,3094.325505658536
q3,0,2025-05-30,29200.196991095272,28292.985180795557,173.88302428520183,-36.27176380895576,769.6005498234731
q3,0,2025-05-31,30413.60677519002,30177.624444120625,1.3073605453481212,-724.4976235359571,959.1725940599993
q3,0,2025-06-01,74355.18597954133,59450.20716764494,1966.1177501788795,-2067.6334560921823,15006.494517809704
q3,0,2025-06-02,73520.15030851224,59092.48569548296,1722.295373319385,-1975.1556023893036,14680.5248420992
q3,0,2025-06-03,71406.97814945978,56803.72802195062,1444.0137081904538,-85.62460412389811,13244.861023442609
q3,0,2025-06-04,70974.73635177955,64490.47955156721,985.1273211771039,-3538.824003149499,9037.953482184734
q3,0,2025-06-05,69922.21312185796,57212.776456456,1658.6943436673228,-213.69709948325374,11264.439421217896
q3,0,2025-06-06,44914.17773212714,31000.420150470716,1043.1441304312011,-432.9007511660574,13303.514202391276
q3,0,2025-06-07,42431.83362051726,29817.28212910717,1805.4759339186148,-203.87902242904136,11012.954579920519
q3,0,2025-06-08,61561.19008736209,60583.52771371546,1590.634847738018,-1290.7118692645647,677.7393951731812
q3,0,2025-06-09,66822.28944826947,66669.39240266358,1.28528654386173e-13,-1088.6514685460807,1241.548514151971
q3,0,2025-06-10,66167.81956870196,63303.976691372416,232.23547142864388,-472.43276908407046,3104.0401749849684
q3,0,2025-06-11,70737.53363175021,65064.40165351678,3027.024302509753,-427.27104977565926,3073.3787254993267
q3,0,2025-06-12,68002.86459152978,65197.03024681058,347.5247085795121,-758.2509384015425,3216.560574541227
q3,0,2025-06-13,37368.052663351424,36269.456839890336,112.52322681428372,-51.07870222096235,1037.15129886777
q3,0,2025-06-14,36914.17854741894,36124.118797612115,125.22218191882509,-349.34525892411784,1014.182826812125
q3,0,2025-06-15,64867.77782606345,60880.573623436925,1350.5241268643258,-367.6974642742058,3004.377540036412
q3,0,2025-06-16,65530.08785731249,63320.85907121697,1295.7526353254295,-244.84749869073713,1158.3236494608318
q3,0,2025-06-17,67753.85354926289,64082.2936727567,1638.564884786436,-288.15528464048384,2321.150276360234
q3,0,2025-06-18,66759.8967032562,65817.41130508158,208.79837181773044,-1073.3176131852952,1807.004639542181
q3,0,2025-06-19,65267.92930286101,61428.31318565778,2488.8184065539913,-1546.665418529653,2897.4631291788837
q3,0,2025-06-20,34591.5792251718,33968.50941501968,4.332883892876049,-92.85515946187985,711.5920857211268
q3,0,2025-06-21,35639.80880847499,35545.25260451078,1.0710152764659142e-13,-91.53479495694768,186.09099892115407
q3,0,2025-06-22,63037.32594047328,58623.98672284761,1943.960685751372,-1044.8357263151443,3514.2142581894464
q3,0,2025-06-23,61977.68548065938,60840.807969651345,50.87562060095497,-419.4858177622242,1505.4877081692966
q3,0,2025-06-24,68998.92222235922,68485.35230647505,247.74571264002637,-1008.1079238056379,1273.9321270497985
q3,0,2025-06-25,65584.27947276371,60015.20652656567,2906.6863775030674,-635.7401267417266,3298.1266954367056
q3,0,2025-06-26,64701.55900940724,62816.06342249449,1473.8848623285467,-1000.596816938053,1412.2075415222448
q3,0,2025-06-27,35249.80947018814,34998.33861801312,15.153131581225098,-868.6656095338221,1104.9833301276205
q3,0,2025-06-28,35352.32582403991,32668.524190028584,250.227650353012,-74.86290340242165,2508.4368870607295
q3,0,2025-06-29,64899.34594113383,56572.986024580816,4747.879681479344,-367.54970838949316,3946.0299434631693
q3,0,2025-06-30,65820.80631172471,63267.48081241017,148.81120349479693,-483.9470312592789,2888.461327079028
q3,0,2025-07-01,79342.85471983737,58219.80542553714,6030.809322904806,-166.19774775815154,15258.43771915357
q3,0,2025-07-02,74017.45066810345,55959.07123880059,3730.022197263411,-53.558646738662254,14381.915878778113
q3,0,2025-07-03,79635.27580982406,61200.25942335658,3902.7377243582528,-205.53360084889528,14737.81226295811
q3,0,2025-07-04,48581.70011459784,32098.52270544951,3414.6385838368606,-1.6782664147285685e-14,13068.53882531148
q3,0,2025-07-05,49396.494071827634,32007.647036177532,4174.740124613196,-1.2823875294998288e-14,13214.106911036904
q3,0,2025-07-06,80740.99494669703,59879.56762668092,6967.513930014194,-375.21682973955444,14269.130219741475
q3,0,2025-07-07,79215.02580674278,55302.90046739833,4441.0261451845245,-328.05999329281536,19799.159187452737
q3,0,2025-07-08,71594.92830846802,70470.61414540748,819.9610183744771,-1253.1297703045475,1557.4829149906184
q3,0,2025-07-09,70405.8578897354,68941.19349770306,464.02693071966223,-1117.6030306663172,2118.240491978987
q3,0,2025-07-10,69017.6035014275,66191.26389014718,825.7521888874242,-298.81745794576455,2299.4048803386454
q3,0,2025-07-11,41466.568477745444,40691.9132655652,0.7682570997252274,-360.29947308973766,1134.186428170256
q3,0,2025-07-12,42592.999593669425,41894.42515395796,224.5492321809093,-104.97937878775522,579.0045863183108
q3,0,2025-07-13,69661.69652868107,70387.36648940787,268.3104819131357,-2275.970597566072,1281.9901549261474
q3,0,2025-07-14,68560.44297744754,67968.89547646968,268.4759484529861,-1281.1645666832342,1604.2361192080994
q3,0,2025-07-15,67197.5621639181,66767.98059831584,17.488600028099587,-1399.1640398096865,1811.2570053838433
q3,0,2025-07-16,69766.41835007837,69257.88298182978,160.33380011725487,-1417.3589823679736,1765.560550499314
q3,0,2025-07-17,70182.81229658553,67174.41130924641,980.4019177780463,-606.0968238134263,2634.095893374493
q3,0,2025-07-18,42551.67161353391,42834.71473460352,140.36719609945402,-978.8488834492433,555.4385662801794
q3,0,2025-07-19,42136.196602468284,42953.76547124889,26.91960137416997,-1311.0106684936986,466.52219833892656
q3,0,2025-07-20,67456.99426061552,64997.36206707839,914.8540910751652,-801.021228786035,2345.7993312480057
q3,0,2025-07-21,70931.96395672054,71051.16799502542,3.4055531727972265e-13,-780.218182327743,661.0141440228656
q3,0,2025-07-22,68760.61413564323,65609.39697973726,1841.3505793920726,-90.79881268581354,1400.6653891997212
q3,0,2025-07-23,73635.68025065848,72153.28439297374,31.74346484674948,-3040.1839122302817,4490.836305068264
q3,0,2025-07-24,70652.60569896897,72074.4575787126,4.526510210745085,-2188.7475602247737,762.3691702704116
q3,0,2025-07-25,40156.958763006216,38843.61356423292,101.45416379255809,-229.97647333430538,1441.8675083150533
q3,0,2025-07-26,41046.800928901066,40771.187214012076,116.97097379463281,-270.14331293394696,428.7860540283025
q3,0,2025-07-27,71801.12728490689,68738.34704888752,855.6775631597429,-930.9849814545246,3138.0876543141744
q3,0,2025-07-28,70343.1576800152,67491.72761411623,684.305707975809,-791.1973211186526,2958.3216790418082
q3,0,2025-07-29,70267.88558139675,66886.38057616912,2072.110842987611,-299.479494419422,1608.8736566594416
q3,0,2025-07-30,70078.84073069418,65654.7544157701,4204.277754997394,-37.3419844579163,257.1505443845847
q3,0,2025-07-31,70752.6408491335,64635.57744931434,1975.8867587640907,-123.80243309156154,4264.979074146631
q3,0,2025-08-01,40172.4063015955,40072.94571346465,252.05070633932297,-531.1696100620851,378.57949185361736
q3,0,2025-08-02,41043.4802768477,41143.5851180565,2.8751213817808168,-945.2788532529584,842.298890662373
q3,0,2025-08-03,62494.87011119481,60803.10755789958,150.33600740447602,-330.3549077766576,1871.7814536674152
q3,0,2025-08-04,63675.91911937538,62578.51343805097,196.99455619857432,-894.5963209609951,1795.0074460868375
q3,0,2025-08-05,63118.25538572939,61611.11931090114,101.1052347957404,-318.50094175939734,1724.5317817919045
q3,0,2025-08-06,68146.89718216273,66425.92452126417,466.1782818880072,-2122.811026621775,3377.6054056323355
q3,0,2025-08-07,65300.51533998152,62328.963562456185,770.0131686694031,-984.6745052326039,3186.213114088538
q3,0,2025-08-08,38367.024048172,37557.19238045112,70.85763150172134,-144.80985445127612,883.7838906704376
q3,0,2025-08-09,38956.55034071796,36790.14155723528,31.79754260914538,-29.1676354875833,2163.7788763611143
q3,0,2025-08-10,63620.521851579935,62521.92066159893,274.24575962304823,-1395.660078432961,2220.015508790917
q3,0,2025-08-11,64404.66967620339,60692.598942952776,556.1608349082824,-98.26561520837222,3254.175513550702
q3,0,2025-08-12,65008.997132961464,60121.35840078362,1184.5051617968165,-194.63385680712548,3897.7674271881497
q3,0,2025-08-13,63883.24326774047,57697.736108403056,1794.3758393099542,-127.36229607577744,4518.493616103244
q3,0,2025-08-14,65497.40046688317,61838.082449033056,705.7636787095574,-522.5350641802862,3476.0894033208474
q3,0,2025-08-15,40194.504689580936,38102.43880733945,69.24328907457672,-718.7290074851403,2741.55160065205
q3,0,2025-08-16,40785.17169686225,38758.222091783886,141.52387963098923,-999.3323470523694,2884.7580724997474
q3,0,2025-08-17,64036.69415320553,59311.1042879975,1438.1125572691399,-315.0236286070216,3602.500936545915
q3,0,2025-08-18,64973.145673931656,61989.221589769724,168.6485298445807,-440.739306032208,3256.0148603495604
q3,0,2025-08-19,63042.70121334073,60468.100217110274,3.666400516522117e-14,-335.67251871864465,2910.2735149491054
q3,0,2025-08-20,67588.31576052448,63992.95891688418,570.3904915677919,-965.1286542332492,3990.0950063057617
q3,0,2025-08-21,63808.08743461393,61186.80021718,503.949177024804,-423.46392947713093,2540.8019698862586
q3,0,2025-08-22,40650.45386274866,37543.27718479139,119.59768085555072,-331.2677497843722,3318.846746886095
q3,0,2025-08-23,38783.457586185104,36607.98931711695,854.4438973227985,-85.67004576976689,1406.6944175151223
q3,0,2025-08-24,64994.511060670266,62715.977389818334,389.8019340275811,-556.7946493950245,2445.5263862193765
q3,0,2025-08-25,70929.40959347603,73595.20959780391,0.0,-5039.93053184358,2374.1305275156883
q3,0,2025-08-26,63633.36611356538,63005.63890620917,270.1077437445197,-320.79117077550643,678.4106343872114
q3,0,2025-08-27,66100.9773224736,62446.65125439445,2396.1121442660838,-383.0943776818946,1641.308301494963
q3,0,2025-08-28,68408.8181148666,60242.12326617417,2079.272828838783,-121.63230834412256,6209.054328197779
q3,0,2025-08-29,41677.220491686516,39889.91130038861,5.930865450513377,-348.80874094530697,2130.187066792708
q3,0,2025-08-30,40021.984110827696,38584.339193890555,31.996606181649934,-415.38090564948413,1821.0292164049738
q3,0,2025-08-31,64425.55176221593,60113.5612898239,1259.4639919014603,-201.2098890973652,3253.7363695879426
q3,0,2025-09-01,60445.81983992685,62257.98285219651,25.924710611650855,-1838.0877228813022,0.0
q3,0,2025-09-02,60494.093738775286,60097.40462643473,1323.5688880289908,-1234.884730051795,308.0049543633706
q3,0,2025-09-03,61588.41809094723,60715.85339350722,81.15684293997889,-1152.5876005178475,1943.9954550178622
q3,0,2025-09-04,61943.79443730662,62218.30769511481,43.44082819859674,-1314.9468542061645,996.992768199384
q3,0,2025-09-05,36543.625757169735,37276.16215149862,19.23127994071687,-1067.7700696048041,316.00239533521415
q3,0,2025-09-06,37371.59189602647,37601.18954910799,3.8066183039158807,-779.1058115712403,545.7015401858022
q3,0,2025-09-07,61254.300054019375,59747.05946381718,143.02825877652103,-696.2317677745513,2060.444099200228
q3,0,2025-09-08,58833.69901329725,53957.768694920174,1655.8963905202781,-446.97853946232374,3667.0124673191176
q3,0,2025-09-09,58080.00749961605,51032.126927936944,2057.8797408395217,-68.62142388063852,5058.622254720225
q3,0,2025-09-10,59823.93217951627,54672.89322184694,868.5270149063236,-89.84504351424619,4372.35698627725
q3,0,2025-09-11,59143.36391670285,56539.80599797411,980.4978693322819,-1669.640415535574,3292.700464932033
q3,0,2025-09-12,33966.56263333739,31086.26919706756,349.5887153673354,-68.73284416777855,2599.437565070275
q3,0,2025-09-13,35565.99225158214,29987.86800690338,747.2560361552125,-3.728075625986094e-14,4830.8682085235405
q3,0,2025-09-14,60565.08746040476,57351.63632054209,380.8619261657195,-987.6769897455506,3820.2662034424934
q3,0,2025-09-15,58369.23262961923,53924.84182815851,620.5909816419311,-25.856040038855003,3849.6558598576535
q3,0,2025-09-16,59242.360065781046,56978.150106623696,480.80906109370915,-1201.0340658945825,2984.434963958217
q3,0,2025-09-17,60253.66498202679,59087.762363511705,329.0972463691102,-1736.881714103156,2573.687086249136
q3,0,2025-09-18,59525.25658180228,53736.012430242205,1284.7542453107837,-23.342302835221652,4527.832209084516
q3,0,2025-09-19,33556.6341932275,31253.77424617642,304.3982184098675,-44.29117707473466,2042.752905715949
q3,0,2025-09-20,34351.755407390694,31637.566225659484,221.2928453384244,-121.97414816760684,2614.870484560391
q3,0,2025-09-21,58592.58195198497,56080.49404528872,99.64390047193585,-757.8956395793448,3170.3396458036614
q3,0,2025-09-22,61346.38078735236,59850.62825073529,291.7401379225542,-1873.3245782766908,3077.336976971205
q3,0,2025-09-23,61021.04887270779,57327.295296517506,210.71972652738623,-343.25715257492254,3826.2910022378146
q3,0,2025-09-24,59390.76904512375,55179.98590640664,1357.4309418794758,-12.502059254433137,2865.8542560920796
q3,0,2025-09-25,61615.50779582258,57014.62091465856,425.11886113981126,-112.90543651947522,4288.673456543685
q3,0,2025-09-26,34647.25684100031,32409.279665568498,52.969908353291736,-538.7994078061157,2723.80667488464
q3,0,2025-09-27,37505.98215651593,31043.777050002274,693.6069448434475,-1.64899915944261e-13,5768.598161670199
q3,0,2025-09-28,60825.25560989104,55728.42751025659,1223.290412822654,-0.6986770291025497,3874.236363840906
q3,0,2025-09-29,63517.71697080591,60735.36857550011,7.10002936087756,-1488.3151541063849,4263.563520051295
q3,0,2025-09-30,64555.46979602968,59612.88640475355,1483.3202036609953,-657.4010723958713,4116.664260010995
q3,0,2025-10-01,55616.85867796126,55624.44320502611,75.55577269332497,-435.1389958608126,351.9986961026409
q3,0,2025-10-02,57907.83196187137,59415.08344941736,12.770288715782824,-2434.2630526611265,914.2412763993615
q3,0,2025-10-03,31497.87716476839,30106.220800914103,468.001065829354,-7.758955359753738,931.4142533846882
q3,0,2025-10-04,33844.7672173614,33057.79890444704,0.0,-319.66276198259334,1106.631074896954
q3,0,2025-10-05,58739.59281169501,59632.00376911624,1.647481652443016,-1835.6075875784195,941.5491485047369
q3,0,2025-10-06,57605.20820480156,55056.488467252675,765.2157120551694,-19.527073226364003,1803.0310987200755
q3,0,2025-10-07,58414.29973492942,55585.924333673065,1696.3056998096772,-103.48643841217384,1235.5561398588527
q3,0,2025-10-08,56317.096374858986,52936.28147247991,27.43382489459623,-286.2394983934372,3639.620575877917
q3,0,2025-10-09,57929.06871252884,56892.75003475025,13.634493012568807,-2059.5541524096257,3082.2383371756487
q3,0,2025-10-10,32455.443213933984,29869.835096906114,61.89205316332323,-257.3177299723503,2781.033793836899
q3,0,2025-10-11,32102.955828043217,29918.35851309303,23.473610724828575,-37.889551685046854,2199.0132559104104
q3,0,2025-10-12,57810.01446553437,53358.101139515864,419.24434967516584,-551.8531022544444,4584.522078597776
q3,0,2025-10-13,56889.991658057465,54908.85254149917,453.6019480922303,-841.6235332848332,2369.160701750899
q3,0,2025-10-14,59308.11797070231,56928.55461212193,649.3891741370254,-1148.5684302993227,2878.7426147426913
q3,0,2025-10-15,58175.250894111494,58449.919996251454,6.136536848910707,-1141.562495893957,860.7568569050799
q3,0,2025-10-16,60159.00663223841,55380.61137071167,1417.7184328093101,-9.373035586230147,3370.0498643036617
q3,0,2025-10-17,32099.09616951218,29005.014210778405,1334.8658903992855,-4.235672931175683,1763.4517412656644
q3,0,2025-10-18,32741.309270331483,30824.30202625416,73.03088068156745,-428.93913560780277,2272.9154990035504
q3,0,2025-10-19,60798.29940782716,59843.05047669464,19.473509441075656,-857.1789876117386,1792.9544093031818
q3,0,2025-10-20,60767.79156475762,59708.06843222349,41.081257462140194,-775.7666509312387,1794.4085260032357
q3,0,2025-10-21,59965.794292925246,57687.22059802674,369.0120654134812,-131.68949334612535,2041.2511228311532
q3,0,2025-10-22,61174.79101404123,57916.12633297447,179.68478484950685,-286.66885258403977,3365.648748801299
q3,0,2025-10-23,63159.33978427482,64462.41349943697,121.00047026516727,-3516.898602812445,2092.8244173851353
q3,0,2025-10-24,33907.71781914422,30944.669815020832,209.34514173084193,-93.58036490248503,2847.2832272950263
q3,0,2025-10-25,33757.89582981773,30306.789424129445,464.4802502271556,-69.61340093725123,3056.2395563983814
q3,0,2025-10-26,61490.8371539688,61956.16459450231,129.48056116567835,-2313.0440153696118,1718.2360136704128
q3,0,2025-10-27,59352.97745909982,57798.04046252326,825.8377844137052,-107.0643659088233,836.1635780716871
q3,0,2025-10-28,61368.38736949912,58318.63264431502,1953.16271510146,-575.9672130167072,1672.5592230993448
q3,0,2025-10-29,62880.6111159476,60548.0287105037,906.044527361418,-149.42471992363187,1575.9625980061105
q3,0,2025-10-30,60617.36961883059,56006.092546170104,2421.0561455359657,-142.92238745105047,2333.143314575564
q3,0,2025-10-31,33767.305814865096,32193.54928996085,8.269052137640495,-109.49702414104087,1674.9844969076394
q3,0,2025-11-01,33293.49298808187,32282.14040906323,50.95240199612995,-236.35573971124543,1196.7559167337506
q3,0,2025-11-02,63021.72749537631,59914.937848874724,687.744710704421,-140.3501764052138,2559.395112202382
q3,0,2025-11-03,61974.14637576075,60951.08744036761,151.66321869495346,-476.61001787722273,1348.0057345754146
q3,0,2025-11-04,62199.93427582795,60567.054371425285,180.12728696652397,-422.73031530528823,1875.4829327414236
q3,0,2025-11-05,64139.771705293846,62683.3915457581,62.871501574025146,-1342.9358227154273,2736.444480677149
q3,0,2025-11-06,64995.20371891164,61933.93644662376,589.6219381900494,-254.2644813738779,2725.909815471705
q3,0,2025-11-07,34284.982699589775,32005.533874687782,534.1326786733662,-58.59822071549051,1803.914366944118
q3,0,2025-11-08,33562.07969619491,32816.56606931999,33.11723833315473,-367.7381695225766,1080.134558064337
q3,0,2025-11-09,63848.56677651971,61459.14219996934,779.8858197285319,-212.72531015256317,1822.264066974395
q3,0,2025-11-10,67381.3405889949,62684.47626536338,2879.285872348705,-430.57399454231444,2248.152445825132
q3,0,2025-11-11,65426.939747988,65599.75748888806,36.593367385645934,-1606.009358163789,1396.5982498780868
q3,0,2025-11-12,64439.034650074595,62130.24091732314,865.5580006653859,-196.35601042977174,1639.5917425158493
q3,0,2025-11-13,66757.71735789052,61568.29679230584,2227.902754459059,-596.3045384634715,3557.8223495890943
q3,0,2025-11-14,34493.17415506602,33294.46060298306,5.717602850041579,-64.16083765517925,1257.1567868880957
q3,0,2025-11-15,36097.74237135884,34699.389603139716,44.57911210893961,-888.2747665328511,2242.048422643031
q3,0,2025-11-16,67046.91671170364,62565.969162894726,1519.1043625464572,-7.4324397992742295,2969.275626061737
q3,0,2025-11-17,66002.20737944174,62402.24020046887,2061.272447134047,-47.749343643386126,1586.4440754821924
q3,0,2025-11-18,67125.5460400719,62806.66932584916,1340.568171461387,-525.7131201753817,3504.021662936735
q3,0,2025-11-19,68112.39215107438,63001.864021510984,3059.9570031819903,-127.07858828340626,2177.6497146648035
q3,0,2025-11-20,66461.0580201461,62172.62095176463,1948.6718829842973,-89.71030946799085,2429.475494865157
q3,0,2025-11-21,34915.302148782466,33530.613681596726,135.11564489475663,-23.09383240389795,1272.6666546948813
q3,0,2025-11-22,35895.76310701837,34752.551035935,0.8776382167188224,-343.4099743832248,1485.7444072498806
q3,0,2025-11-23,67728.30709942318,63213.78295099083,2344.4343910493285,-107.49469188647383,2277.5844492694923
q3,0,2025-11-24,66177.51740223366,62513.71506843898,629.119458616413,-97.80470035981347,3132.48757553807
q3,0,2025-11-25,70170.83286260531,70205.49777811026,8.520403590201816,-2097.6316365629577,2054.446317467786
q3,0,2025-11-26,68717.47820215001,67052.79708377813,1256.2426573323912,-759.4356189519481,1167.8740799914458
q3,0,2025-11-27,66799.64012605757,65118.62742491639,370.47846578665985,-171.2494137722798,1481.7836491267938
q3,0,2025-11-28,36823.42383263611,34215.04883023528,32.35392697423087,-177.9850854202146,2754.0061608468172
q3,0,2025-11-29,36740.975422079515,35950.20995365472,0.0,-431.1094389676472,1221.8749073924405
q3,0,2025-11-30,71276.14812505129,66832.60210734725,1932.536988222546,-349.45737247088067,2860.4664019523634
q3,0,2025-12-01,81471.93377035372,70537.74255655723,1171.4305412775627,-852.7488776302216,10615.509550149132
q3,0,2025-12-02,85002.4299114199,71889.26268145765,1524.612659793378,-1025.0555781640287,12613.610148332882
q3,0,2025-12-03,81593.99297022741,65221.860523769676,7508.964240129912,0.0,8863.168206327833
q3,0,2025-12-04,83354.22727077466,70670.59935938184,1844.5218026218854,-1159.090050756431,11998.19615952736
q3,0,2025-12-05,43476.957227419065,36195.348505195,1372.5652262039748,-6.627870354544961,5915.67136637464
q3,0,2025-12-06,45564.022475198566,36128.15642403202,1399.6150970431067,-69.6391921769071,8105.890146300344
q3,0,2025-12-07,83044.10860490822,72841.54875564514,1212.1348809444044,-1557.7219024698975,10548.146870788567
q3,0,2025-12-08,79335.24636082987,78317.52323974152,100.73193502326774,-671.365211844152,1588.356397909228
q3,0,2025-12-09,78751.60477881358,78287.63729798683,85.03143790919336,-1045.1001278268525,1424.0361707443813
q3,0,2025-12-10,77789.63470942178,71581.81300012578,2601.525590053939,-199.55609337585597,3805.852212617913
q3,0,2025-12-11,76919.5166034028,76931.07327508708,8.619707614343497e-13,-1455.4904315907677,1443.9337599064725
q3,0,2025-12-12,41843.28563915104,39652.21494027383,303.9335342696195,-51.29837187751622,1938.4355364851
q3,0,2025-12-13,42501.593534563086,40964.37092985025,654.3622591934649,-526.2118000901258,1409.0721456095002
q3,0,2025-12-14,77490.19860020687,73669.96320124957,1676.7752879253528,-102.37288269963281,2245.832993731592
q3,0,2025-12-15,77537.09457448208,72249.78308006458,3244.3675758512845,-120.35879170217424,2163.3027102683805
q3,0,2025-12-16,78359.83737440455,78246.17637885701,5.350301535145263e-13,-966.24153118289,1079.9025267304362
q3,0,2025-12-17,78051.48018578695,77649.2271524127,0.05037100972941091,-1437.4954332448465,1839.6980956093541
q3,0,2025-12-18,75909.94181274017,73938.94500731342,646.9526435398686,-85.65210638660595,1409.6962682735011
q3,0,2025-12-19,41254.96005759723,39471.92641385282,95.06694546111873,-268.2012070311557,1956.1679053144517
q3,0,2025-12-20,41745.68596321094,40848.97906001393,0.5440308094989195,-700.5136015520393,1596.676473939552
q3,0,2025-12-21,78373.27821488323,76683.84181305236,512.6068832467879,-502.58362735846964,1679.413145942556
q3,0,2025-12-22,78277.61804560802,74762.86120538137,757.4248738028244,-94.82567412307162,2852.1576405468923
q3,0,2025-12-23,75999.28790123513,75817.67809772934,33.67167814128475,-1032.2196218559852,1180.1577472205024
q3,0,2025-12-24,76766.75548621516,73347.60746850066,1189.4625270696488,-248.60382186093474,2478.289312505796
q3,0,2025-12-25,76822.36430647773,72957.48406673886,737.4090883455283,-222.3711806047842,3349.842331998112
q3,0,2025-12-26,41584.85197902931,40005.37656423163,229.9157361434618,-76.60062664287673,1426.1603052970945
q3,0,2025-12-27,41102.52045295578,39517.252702291946,717.3827488491928,-97.88034489278775,965.765346707431
q3,0,2025-12-28,76604.52150634612,73373.80357194567,1158.2530192478116,-689.9574211453512,2762.422336297997
q3,0,2025-12-29,75913.36901664123,74420.39806898021,779.9471562249996,-137.62939515492073,850.653186590934
q3,0,2025-12-30,75741.72065399174,75033.64664861499,249.4642509843607,-996.3073648506056,1454.917119242989
q3,0,2025-12-31,77510.95286538848,75980.30867711402,58.705164202699706,-375.7323290493484,1847.671353121114
q3,4800,2025-02-01,29272.3356976586,30548.317881920768,3.3464004900451984e-13,-1275.982184262193,2.966632450807083e-11
q3,4800,2025-02-02,61745.390601689556,64123.53621551747,3.211297894267773e-13,-2378.145613827948,4.1083396240537696e-11
q3,4800,2025-02-03,62181.36679945834,64648.42929463662,8.45744807520532e-14,-2467.062495178339,5.630366750608574e-11
q3,4800,2025-02-04,64466.55528743753,67276.23166298674,4.09434619541571e-13,-2809.676375549285,6.434459010051795e-11
q3,4800,2025-02-05,60925.33817203074,61156.25687874214,857.9159911163697,-1088.8346978278398,6.294836518705438e-11
q3,4800,2025-02-06,62964.09763799202,65719.18431567193,4.025537236884702e-13,-2793.539521776467,38.45284409655563
q3,4800,2025-02-07,28860.10141307798,29075.629309395867,3.645936885732226e-14,-991.0538118000882,775.5259154822045
q3,4800,2025-02-08,25704.57866024795,24852.412137417778,924.1203774906302,-71.95385466049197,3.8048220574182776e-11
q3,4800,2025-02-09,60242.22112095898,61127.100360609445,82.7831851382245,-967.662424788738,5.186279139479665e-11
q3,4800,2025-02-10,56984.39117105538,59069.360922863125,6.870322977192701e-13,-2084.9697518077764,3.166645612395769e-11
q3,4800,2025-02-11,58815.47811332171,57892.08355388196,365.84132025644726,-1752.7101681915285,2310.2634073748322
q3,4800,2025-02-12,58012.566989973224,58084.452818057616,42.606940081985044,-1540.0727784436708,1425.5800102773085
q3,4800,2025-02-13,54638.3772910874,55988.15499554484,1.24026655612397e-12,-1530.3418240120996,180.56411955466558
q3,4800,2025-02-14,25857.130658854276,24719.06454921713,1050.6086256639492,-297.47763026130025,384.93511423449337
q3,4800,2025-02-15,24937.592810817267,24972.874955078587,196.32243981729215,-231.60458407865735,4.0373350884692626e-11
q3,4800,2025-02-16,57973.206673847104,59015.07275600989,880.5832438663492,-2332.6207979068595,410.1714718777281
q3,4800,2025-02-17,55847.72924537519,58060.45592032263,382.1362805185513,-3223.136481068337,628.2735256023356
q3,4800,2025-02-18,53854.27959787731,53240.86703053951,613.4125673377213,-2.7793283230437283e-13,6.728006773926154e-11
q3,4800,2025-02-19,54102.753533549236,53245.42166181757,588.3855727025939,-82.93726182914426,351.88356085822676
q3,4800,2025-02-20,53806.80736221463,54717.34273842763,173.35088946716024,-1238.9196119231724,155.03334624302352
q3,4800,2025-02-21,23902.826228571445,23912.817115377737,4.974005207714072e-13,-9.990886806331355,4.017026355995767e-11
q3,4800,2025-02-22,24240.2821946133,24324.892320488856,15.181437607438161,-99.79156348303395,3.8280163039416946e-11
q3,4800,2025-02-23,53368.35697482593,54245.483267736716,387.22915441836363,-1264.3554473292115,6.751544456840008e-11
q3,4800,2025-02-24,51767.85876138245,51945.28855031005,219.43445863455594,-396.86424756222755,6.327143964313108e-11
q3,4800,2025-02-25,51680.56597641908,54465.23059420118,7.248559086292516e-13,-2818.153758928027,33.489141145925316
q3,4800,2025-02-26,51313.80658075119,49814.119852501724,1520.2924496190979,-20.605721369700337,6.440298516707799e-11
q3,4800,2025-02-27,50212.604806926276,48168.346333157075,2073.7641260638547,-29.505652294710636,5.382431211842231e-11
q3,4800,2025-02-28,23119.825069514158,23139.43291466531,123.8035228374359,-143.411367988623,3.523948066685989e-11
q3,4800,2025-03-01,25087.752967352117,24274.087543122194,1.8687558167584936e-13,-584.9234360011513,1398.5888602310754
q3,4800,2025-03-02,56246.53820118698,56139.90035479589,1240.6985207881726,-1134.0606743971384,5.471776631793545e-11
q3,4800,2025-03-03,55124.696060288254,55414.9435022865,869.5476774145562,-1159.7951194128361,4.813882270582326e-11
q3,4800,2025-03-04,53415.644994965885,50016.04026448319,2419.7811445564917,-14.130168500078275,993.9537544262773
q3,4800,2025-03-05,53680.3195675897,54925.463548867294,409.5327934472692,-2851.0593962619223,1196.3826215370718
q3,4800,2025-03-06,50764.68102406023,51272.13788592155,279.1247418779978,-786.5816037393686,5.468884722859002e-11
q3,4800,2025-03-07,22786.82374813724,23362.87437073746,3.7666723073925825e-13,-576.0506226002586,4.2935823785228424e-11
q3,4800,2025-03-08,22530.491401128656,21909.075668683538,621.4157324450812,-2.7452813355921536e-13,3.623091515692067e-11
q3,4800,2025-03-09,48954.35938494318,50233.15326194499,203.070986734979,-1481.864863736846,4.765910155413167e-11
q3,4800,2025-03-10,50139.27694328727,49024.18963523073,1153.4961211242558,-38.408813067761564,4.172123468926259e-11
q3,4800,2025-03-11,47262.29522880691,45619.07137244154,1646.5158682935153,-3.2920119281971365,5.571549621663507e-11
q3,4800,2025-03-12,48325.85411276025,49332.891423947876,8.029161335798562e-13,-1007.0373111876783,4.349592686025971e-11
q3,4800,2025-03-13,51454.16371389067,50690.73655179948,677.2285408255618,-841.687325266894,927.8859465325332
q3,4800,2025-03-14,21727.999231587055,21127.31452500432,597.3227515826998,-1.1389715837140103e-13,3.3619550000350285
q3,4800,2025-03-15,22078.11825982081,21101.613207514452,547.6396410519825,-0.874359763247181,429.73977101762466
q3,4800,2025-03-16,48713.66593760781,48219.84922139255,702.214794661577,-208.39807844637178,5.5984647584494956e-11
q3,4800,2025-03-17,44556.091262216345,44006.88986226046,779.3106422553652,-251.73490276618753,21.625660466704588
q3,4800,2025-03-18,48520.82710811316,51315.352123446886,11.465336757119072,-2805.990352090897,5.483014642315709e-11
q3,4800,2025-03-19,45317.82306444489,44821.150544537726,506.48750695874054,-9.814987051617317,4.11278726630826e-11
q3,4800,2025-03-20,47426.98540928579,47483.83053474496,323.7541699993807,-1040.1351963784828,659.5359009199353
q3,4800,2025-03-21,20919.32134727144,20641.265688450785,358.80334985304694,-80.74769103243543,4.5219451294542524e-11
q3,4800,2025-03-22,22330.57951778956,22379.323460305128,3.8704073279660636e-13,-48.74394251559137,2.1994878807163334e-11
q3,4800,2025-03-23,47516.68460757655,49027.804683218434,1.1703832569764927e-12,-2249.1341321003956,738.0140564585062
q3,4800,2025-03-24,45460.130529623595,45986.68478704519,200.25698866796205,-726.8112460896191,5.443130746130009e-11
q3,4800,2025-03-25,48324.552173654694,50431.63131743896,1.591388354427181e-13,-2107.0791437843027,4.6914991003177416e-11
q3,4800,2025-03-26,44813.81145887718,45042.92793764359,864.5627434746142,-1093.6792222410745,5.2442487685766535e-11
q3,4800,2025-03-27,44629.705908910546,45304.384445599164,445.13693721078903,-1119.815473899475,6.974497956946379e-11
q3,4800,2025-03-28,21297.08762902468,21481.302814946423,2.6552413601166335e-13,-184.21518592175804,1.951210037987039e-11
q3,4800,2025-03-29,21065.704088922488,20034.19714923534,615.4581514698136,-1.3978350450485364,417.44662326238
q3,4800,2025-03-30,44788.10447050929,46590.48424151282,1.1344013728376011e-12,-1802.3797710035774,4.876505954598542e-11
q3,4800,2025-03-31,42094.265709489715,41750.69448194186,346.52225147768235,-2.951023929905304,7.395059142822902e-11
q3,4800,2025-04-01,46153.888701040916,46072.091581573906,194.75013769110905,-112.95301822415895,6.343675096331936e-11
q3,4800,2025-04-02,45970.73476696119,46745.397746826326,4.908321568892706,-898.8576723665592,119.28637093253408
q3,4800,2025-04-03,45606.92986947959,47244.81039480759,6.136701813375112e-13,-1637.8805253280318,2.977114377245016e-11
q3,4800,2025-04-04,19738.72928827478,19739.096644461937,5.706443317876619e-13,-0.36735618719088087,3.142363880215271e-11
q3,4800,2025-04-05,20468.201176841023,20084.683359099123,383.517817741842,-1.0083738288813037e-13,6.023704557378551e-11
q3,4800,2025-04-06,43083.34873511903,42971.55096301136,371.7012273840274,-741.6775340672125,481.7740787908583
q3,4800,2025-04-07,41361.69198304051,40141.988943063756,1529.840686817507,-310.13764684078853,4.088926175427332e-11
q3,4800,2025-04-08,44639.13012885526,46220.313690371564,1.6817693904158657e-13,-1684.8307100117872,103.6471484954796
q3,4800,2025-04-09,44965.440272290085,46146.87586890792,6.150770559543162e-13,-1181.4355966178925,5.751643250562212e-11
q3,4800,2025-04-10,42319.29266328196,42830.422248193805,8.409443807977367e-13,-511.12958491190875,6.362220794642324e-11
q3,4800,2025-04-11,19189.551688860018,18397.954923495243,536.2166233338933,-6.936176077942947e-14,255.38014203088053
q3,4800,2025-04-12,20695.371505439725,20965.41116914191,3.7331631119741355e-13,-270.03966370221633,3.230214407068388e-11
q3,4800,2025-04-13,41707.60586135892,42498.8874535131,71.28865826332992,-862.5702504175713,5.6797930803043076e-11
q3,4800,2025-04-14,41806.95811543148,42608.02409686322,242.28555314560265,-1740.6703075915707,697.3187730142286
q3,4800,2025-04-15,40481.61843290244,40066.17059346601,920.0028303541169,-504.55499091774254,5.7582411727707955e-11
q3,4800,2025-04-16,42082.914497081525,41335.46372444714,1045.2456628074576,-297.79489017311505,4.433336364684237e-11
q3,4800,2025-04-17,40143.02977302065,39582.19255614328,828.6958442358268,-267.85862735851424,5.895539118005998e-11
q3,4800,2025-04-18,18935.955001372502,19089.020205331686,1.7208634517373865e-13,-153.06520395921928,3.8151483749970794e-11
q3,4800,2025-04-19,19654.55905778424,18873.914959020083,829.9212434323038,-49.27714466816944,2.1017285689595156e-11
q3,4800,2025-04-20,40812.65706417573,40746.51039195164,157.92759140330065,-189.82487842650175,98.04395924729074
q3,4800,2025-04-21,40948.688633957194,39544.76858589833,48.32060204216587,-639.2386150350668,1994.8380610517593
q3,4800,2025-04-22,40090.298833259774,40202.10942787214,344.58596552899655,-456.3965601414194,5.7534426112226815e-11
q3,4800,2025-04-23,39581.7495970912,37704.491458909484,1889.8772847157184,-12.619146534070197,6.57604433129677e-11
q3,4800,2025-04-24,38343.74207563483,38221.46864019295,947.9805129335648,-825.7070774917337,4.3598248566922844e-11
q3,4800,2025-04-25,18134.355665015246,18296.33068819796,56.083288694810115,-218.05831187755075,2.3578536456625443e-11
q3,4800,2025-04-26,19599.844861303616,19605.072502244155,2.1651374026987468e-13,-5.22764094056574,2.6502533501115977e-11
q3,4800,2025-04-27,41393.30055772017,38404.22519155897,2066.1533785407446,-321.6538592675571,1244.5758468880056
q3,4800,2025-04-28,43076.64942340198,42480.65693733738,1305.088465121074,-709.095979056531,5.429103211440633e-11
q3,4800,2025-04-29,38595.49115408307,38079.811843824304,666.5602128012272,-255.11850579776026,104.23760325530408
q3,4800,2025-04-30,38796.315402864566,37553.67340180764,290.66224412114406,-443.87457174399765,1395.8543286797799
q3,4800,2025-05-01,47401.07229994539,39122.56415312793,1480.7260932339414,-285.23705185326935,7083.019105436782
q3,4800,2025-05-02,26823.75380916674,19828.555822860442,558.0585672052167,-9.456815913117545,6446.596235014204
q3,4800,2025-05-03,26467.934116255303,20503.703983477746,82.43017502750276,-1.7106316363424414e-13,5881.799957750056
q3,4800,2025-05-04,46167.60139369324,41236.47364577532,181.92146872371336,-1670.7096505499621,6419.9159297441865
q3,4800,2025-05-05,47603.357620884824,43091.274637282346,1078.565863275014,-1267.9590810615766,4701.4762013890395
q3,4800,2025-05-06,47067.85276956453,39011.792731247246,3320.2358761030496,-131.70245552413206,4867.526617738362
q3,4800,2025-05-07,47925.26354984589,40248.05149472048,2144.8369808158777,-1.8651178379514023e-13,5532.375074309525
q3,4800,2025-05-08,43716.70580652643,45384.75598886225,0.8334484990239814,-1713.436856165471,44.553225330625814
q3,4800,2025-05-09,21541.371281426436,21549.789688852394,1.148180217569461e-13,-8.418407425993014,3.576622020773357e-11
q3,4800,2025-05-10,22149.034843141068,21895.701015522594,292.1091518767787,-38.77532425836094,5.693166826858942e-11
q3,4800,2025-05-11,42161.14474134198,42117.709271925145,140.67581773268017,-97.24034831590568,6.017051035200894e-11
q3,4800,2025-05-12,41218.24870311757,40549.3033196208,710.316224613368,-41.37084111662456,4.218207649842043e-11
q3,4800,2025-05-13,44672.41789142594,46050.36646819844,295.67406842823266,-2360.3999269976466,686.7772817969045
q3,4800,2025-05-14,43821.511577407204,45443.30787353426,6.781721850757094e-13,-1621.7962961271194,6.671296848281827e-11
q3,4800,2025-05-15,42236.949235017644,43143.95298998203,2.0849029169767162e-13,-907.0037549644567,6.879670255699466e-11
q3,4800,2025-05-16,21189.290508397808,21133.524140775517,1.0498695246496937e-13,-114.50108147773533,170.26744910002458
q3,4800,2025-05-17,22542.037390480204,22777.181744422884,0.0,-235.14435394271064,2.987721359204443e-11
q3,4800,2025-05-18,44033.18992933232,46054.25872378523,1.1496467777760698e-12,-2021.0687944529477,3.9491051317952495e-11
q3,4800,2025-05-19,40574.31962802934,40636.01117777728,1.5719137991254682e-12,-382.86722979097783,321.1756800430405
q3,4800,2025-05-20,40854.63410346461,40329.46443003253,525.1696734320145,-1.5368186723208056e-13,6.867468727023151e-11
q3,4800,2025-05-21,41495.89384625448,40554.355378332635,943.3742483299184,-1.8357804081243019,4.54125625992674e-11
q3,4800,2025-05-22,40564.14067392225,41653.45163794744,4.356962790552643e-13,-1089.3109640252287,4.0383611121797e-11
q3,4800,2025-05-23,20631.534033194068,19832.725407102454,798.8086260915757,-4.960440946888411e-14,3.687901539706218e-11
q3,4800,2025-05-24,21888.653425244054,22116.497459191847,3.724380803760141e-14,-227.84403394780819,1.6845994821323983e-11
q3,4800,2025-05-25,40045.53572524491,40362.303522219765,5.871516606248406e-13,-316.767796974906,4.9636593502100364e-11
q3,4800,2025-05-26,42310.8219542984,41874.5701241795,661.4159986219921,-225.16416850314795,4.665774611112284e-11
q3,4800,2025-05-27,41032.94487491177,40298.037175786085,1.1153648671324847e-12,-127.19677343152603,862.1044725572096
q3,4800,2025-05-28,42496.56569911789,43175.53959858464,1.3792082143027074e-12,-678.973899466799,4.70550958198146e-11
q3,4800,2025-05-29,41182.34742905734,40779.543238289894,402.80419076739713,-2.3888588884801723e-13,4.8956990461590523e-11
q3,4800,2025-05-30,21583.158241284524,21635.398471748013,1.7869865587272215e-13,-52.24023046351154,2.5686468063668144e-11
q3,4800,2025-05-31,23377.17574313635,23904.20902048211,1.5103864825505296e-13,-527.0332773457905,2.631018958254572e-11
q3,4800,2025-06-01,62116.62972543838,53416.40250931571,4248.2866024536315,-2812.4565148658667,7264.397128534904
q3,4800,2025-06-02,61497.80312557022,53013.64920818737,3534.7126221403573,-2658.0523433049275,7607.49363854742
q3,4800,2025-06-03,57493.75629123835,50538.88290475025,3096.031332241642,-393.56450233735745,4252.406556583817
q3,4800,2025-06-04,57467.76598695646,57963.16377810869,346.2533241526549,-3871.9801322284457,3030.329016923564
q3,4800,2025-06-05,56817.228880665454,49735.85579995232,3279.0960432447123,-536.1075692546847,4338.384606723109
q3,4800,2025-06-06,34674.58093456492,24702.408715173435,3237.576925596589,-489.00638079981263,7223.601674594713
q3,4800,2025-06-07,30800.1171930158,24877.924130482737,2786.0850293178582,-67.06042471624367,3203.1684579314533
q3,4800,2025-06-08,53733.831434013424,54362.5840759338,1416.4262113749874,-2045.1788532954404,5.987279294572545e-11
q3,4800,2025-06-09,57667.556069986065,60018.262002388,1.520805881227716e-12,-2350.705932401979,4.413880727582864e-11
q3,4800,2025-06-10,55041.16296675939,55853.229314174736,5.115396106702974e-13,-905.8864974360804,93.82015002073284
q3,4800,2025-06-11,59848.79257518283,57688.54277528929,2807.584066322599,-647.3342664291248,6.278173625418049e-11
q3,4800,2025-06-12,56421.172401403484,57120.36340690283,44.31947016610786,-743.5104756655008,4.699159106280604e-11
q3,4800,2025-06-13,28979.052867225102,29018.361834342584,2.258046881452597,-122.52913305729007,80.96211905835712
q3,4800,2025-06-14,29475.439562950854,30112.732072775365,0.0,-637.2925098245237,1.2155680906289491e-11
q3,4800,2025-06-15,54463.03510338925,53856.420555166915,483.4550641423764,-439.5046792629227,562.6641633428804
q3,4800,2025-06-16,56036.15526357775,55353.00092642562,698.8279117962455,-15.67357464418047,4.9962363135591655e-11
q3,4800,2025-06-17,58260.18936600546,56780.434725303974,1753.0797198150906,-273.3250791136545,5.165670824425206e-11
q3,4800,2025-06-18,57076.59229586143,58575.47093053107,21.011760686611197,-1519.8903953563154,6.01483135520553e-11
q3,4800,2025-06-19,54401.151274147785,53269.76543355925,2044.8734274433684,-1940.3947738717745,1026.9071870169205
q3,4800,2025-06-20,26774.03665053541,26961.29506915791,4.663959884965152e-13,-187.25841862253034,3.1037927783472695e-11
q3,4800,2025-06-21,29251.38398910746,29444.17538562573,2.2927792997506913e-13,-192.79139651828524,1.2515499747678407e-11
q3,4800,2025-06-22,52376.167325929644,51524.627230667385,1289.6538615935397,-1340.934237687521,902.8204713562293
q3,4800,2025-06-23,52041.389998034174,52624.51935433269,1.1097320395947464e-12,-583.1293562985646,4.889307092525996e-11
q3,4800,2025-06-24,60164.86999154789,61854.77622075661,22.801844127424694,-1712.7080733361968,5.347006037936808e-11
q3,4800,2025-06-25,54390.700054886845,52565.6925805725,2691.618073505845,-866.6105991915825,8.252355243598687e-11
q3,4800,2025-06-26,54681.004948338275,54649.823352136336,892.2085891485945,-861.0269929467,4.002155318261202e-11
q3,4800,2025-06-27,27018.435033033034,27850.92879516558,0.0,-832.4937621325628,1.8436139725963588e-11
q3,4800,2025-06-28,26418.085406992297,26500.88676367983,2.1914630110586585e-13,-82.80135668756527,3.156944217153068e-11
q3,4800,2025-06-29,53401.56123316933,48485.68101507783,5101.25640010349,-185.3761820120413,4.298043754236147e-11
q3,4800,2025-06-30,54780.80514257359,55512.820739426556,40.38331456179179,-772.3989114148196,6.353146164705947e-11
q3,4800,2025-07-01,67642.57696534749,49374.76823427039,9458.930685555739,-1.4302372619567903e-13,8808.878045521358
q3,4800,2025-07-02,60899.191349363384,48497.31942103677,5528.583345760502,-7.63918706070399e-14,6873.288582566117
q3,4800,2025-07-03,65030.583201598645,53259.26894475974,7097.640324065731,-108.13879089973744,4781.8127236729215
q3,4800,2025-07-04,36986.64250405971,26328.360558166783,4407.495600191798,-7.759961562214812e-14,6250.786345701133
q3,4800,2025-07-05,39404.617762098555,26835.11827705212,6015.343349979255,0.0,6554.156135067183
q3,4800,2025-07-06,67002.25595212274,52753.15156927951,8344.331701328734,-134.11803202066835,6038.890713535169
q3,4800,2025-07-07,66032.00414220647,49042.79567311997,5116.974355851448,-144.08807543318582,12016.322188668235
q3,4800,2025-07-08,62535.24332766682,64299.99691769526,426.2702291894972,-2203.0985849206763,12.074765702739358
q3,4800,2025-07-09,60839.904842667835,61910.01013041887,35.10162058172604,-1370.0495246964153,264.84261636365477
q3,4800,2025-07-10,57486.45073966491,58683.37565199486,238.46718847492872,-1435.3921008049344,6.402839503039104e-11
q3,4800,2025-07-11,33128.19162132575,33335.90317503598,8.092939651760389e-13,-318.78556369359967,111.07400998336811
q3,4800,2025-07-12,35366.86376183209,35292.18120490096,148.49783565710175,-186.482100334324,112.66682160836196
q3,4800,2025-07-13,59542.09988145158,62358.34635990136,143.87468468071864,-2960.12116313054,3.2842045527559094e-11
q3,4800,2025-07-14,59539.48804338378,61797.621665633524,28.864171735313487,-2286.9977939851005,4.2524784138464614e-11
q3,4800,2025-07-15,57382.02816608205,60281.7793599702,5.606437980532065e-13,-2899.7511938882185,5.792560564543691e-11
q3,4800,2025-07-16,59460.384163300216,60729.19856310937,62.377206909925064,-1593.9739572178419,262.7823504987536
q3,4800,2025-07-17,58455.14528082698,58828.626397804954,840.6920697903588,-1214.1731867683786,4.503772466080136e-11
q3,4800,2025-07-18,34567.539719988505,35390.062898651915,7.248729616549099e-13,-822.5231786634392,2.820863187480427e-11
q3,4800,2025-07-19,34890.28894587242,36235.75773423063,9.915822829498212e-13,-1345.4687883582508,2.913294849804515e-11
q3,4800,2025-07-20,56766.781886929515,58153.6936082213,21.66199775067574,-1408.5737190425125,4.9707710392254964e-11
q3,4800,2025-07-21,62250.7789051475,64146.49449360371,6.575646693818272e-13,-1895.715588456253,3.2580502740131574e-11
q3,4800,2025-07-22,59819.25334762431,57282.550206974425,2863.423293699005,-326.7201530491737,4.880967718889906e-11
q3,4800,2025-07-23,62792.814660495766,64675.05716456665,3.5554431881142676,-3896.6565156821835,2010.8585684231828
q3,4800,2025-07-24,60715.802051801715,64608.18657532528,4.0197392081608996e-13,-3892.3845235236327,6.503552185677108e-11
q3,4800,2025-07-25,30758.252379816582,31093.33388983033,6.88925183567335e-13,-335.0815100137745,2.4702131895537605e-11
q3,4800,2025-07-26,34432.542919217325,34601.980270311644,5.420571091975147,-174.85792218631877,1.9039703147427647e-11
q3,4800,2025-07-27,59587.01714475172,61550.57981815035,137.8146420021476,-2101.377315400835,5.536223568469722e-11
q3,4800,2025-07-28,58978.79057496504,59574.326822073526,315.28206623573453,-910.8183133442768,5.894962225305722e-11
q3,4800,2025-07-29,60689.190041313734,60043.160816666656,1680.8019061038665,-1067.031644227725,32.25896277094826
q3,4800,2025-07-30,61087.676660399055,56364.93812860726,4873.272214712758,-150.53368292101268,5.4705871832538835e-11
q3,4800,2025-07-31,56699.37656031392,56585.26890671984,295.3620236454344,-181.25437005140415,4.697194810887595e-11
q3,4800,2025-08-01,32847.92597832791,33358.02123180115,9.37123445510224e-13,-510.0952534732603,2.0631091501854824e-11
q3,4800,2025-08-02,33517.19579298077,34498.30873564295,8.043400612223195e-13,-981.1129426622089,2.2918015929462854e-11
q3,4800,2025-08-03,51510.65808709044,51897.47297755664,1.0150515095119773e-12,-386.8148904662391,3.876891696563689e-11
q3,4800,2025-08-04,52858.25801176188,53911.87475487655,122.82400861538343,-1176.440751730124,6.024675514026968e-11
q3,4800,2025-08-05,52243.098224270885,52651.19761078085,8.102105653051693e-13,-408.09938651001323,4.2331109284532435e-11
q3,4800,2025-08-06,55225.90229948703,57596.117472089114,111.54014744103812,-2481.755320043164,4.658562602344318e-11
q3,4800,2025-08-07,52957.43146275369,55055.01071060677,1.2550856354209827e-12,-2097.5792478531375,4.75916692721512e-11
q3,4800,2025-08-08,29919.076041343247,30294.97768484598,8.306528798129875e-14,-375.90164350275415,2.122720843544812e-11
q3,4800,2025-08-09,30165.1376325577,30252.06322294433,8.408846952079329e-14,-86.92559038666143,3.440550244704355e-11
q3,4800,2025-08-10,52282.03589085642,53628.6704503271,9.282814517064253e-13,-1346.6345594707338,4.301307399146026e-11
q3,4800,2025-08-11,53205.74969953175,52450.58639053032,106.46839793220377,-485.42042019680446,1134.1153312660254
q3,4800,2025-08-12,53058.71513776807,52681.23299123038,429.47588492074345,-669.7754855644895,617.7817471814272
q3,4800,2025-08-13,50976.524106588375,48888.99396097634,2129.829373174514,-42.299227562530284,5.227065003055032e-11
q3,4800,2025-08-14,52341.359246097425,51999.99443864172,698.7405219063867,-701.5534748477126,344.1777603970325
q3,4800,2025-08-15,30364.30869791127,30759.941212349055,446.83658597866236,-998.8088909845501,156.33979056810367
q3,4800,2025-08-16,32727.09098948998,32714.49526148752,133.76964537800757,-1183.6740408841415,1062.5001235085992
q3,4800,2025-08-17,52310.652603709,50485.31228281542,1109.6478399383761,-82.20878761477739,797.9012685699822
q3,4800,2025-08-18,52463.94472229886,52915.80840069722,109.71133421362343,-561.5750126120181,4.001195430536341e-11
q3,4800,2025-08-19,51319.10127640239,51642.06347831371,1.8362356968282254e-12,-509.15628755918226,186.19408564785914
q3,4800,2025-08-20,55357.662890237225,56421.88537957483,535.9007941263326,-1774.565739116288,174.44245565235042
q3,4800,2025-08-21,51417.50610394174,51858.21948496462,174.7470444924139,-615.4604255153372,4.160314581724833e-11
q3,4800,2025-08-22,30081.823115228013,30175.186881478818,148.84667177671608,-495.20302492830643,252.99258690078656
q3,4800,2025-08-23,30985.695298961426,30050.45839167088,937.4561442251158,-2.219236934605932,3.345672183741044e-11
q3,4800,2025-08-24,53520.579248026195,53755.067513374874,277.0166890256719,-511.50495437439673,4.802181763352564e-11
q3,4800,2025-08-25,60753.219770366915,66628.90933439869,0.8661098564266478,-6526.345620080958,649.7899461927548
q3,4800,2025-08-26,53298.29505511162,53702.5881459558,127.83299385453607,-532.1260846987594,3.9035043641888475e-11
q3,4800,2025-08-27,54666.3833917873,53214.17554999192,1960.5734256148987,-508.3655838195959,7.675002677842713e-11
q3,4800,2025-08-28,53263.53089664751,51477.01633626314,1786.5145603843039,-1.8500259102438576e-13,6.729288770657149e-11
q3,4800,2025-08-29,31822.79358358143,32173.949371635517,0.43302813795551326,-351.5888161920607,2.348214600544907e-11
q3,4800,2025-08-30,31504.362537390014,31987.919316598007,1.8988117744811462e-13,-483.5567792080286,3.232801759622816e-11
q3,4800,2025-08-31,52242.644519117806,51596.89414890493,788.2463333201911,-142.49596310737246,6.210903080727803e-11
q3,4800,2025-09-01,51357.093360065264,54240.25942282337,7.225366971397307e-14,-2883.1660627581314,2.6671386876842005e-11
q3,4800,2025-09-02,50138.57315740431,50462.34311947536,1108.417071933206,-1432.1870340042785,2.316223302045728e-11
q3,4800,2025-09-03,50635.83455293109,53146.86290282372,1.661305759625975e-13,-2624.4474520138247,113.41910212119801
q3,4800,2025-09-04,52065.57942823802,52485.528326366235,4.604999048751779e-13,-1809.45673600981,1389.5078378816024
q3,4800,2025-09-05,27842.941648391832,29215.927382577785,0.0,-1372.9857341859642,1.2999549880987616e-11
q3,4800,2025-09-06,29484.713218266967,30650.81849863538,0.0,-1166.1052803684279,1.8107314758708527e-11
q3,4800,2025-09-07,49940.387418900995,51226.541454310456,7.493952125514624e-13,-1286.154035409497,3.4517409375212083e-11
q3,4800,2025-09-08,46554.89973282363,45961.14070636829,1367.525557726419,-773.7665312711285,4.7757451326901895e-11
q3,4800,2025-09-09,45555.68105339044,42673.88819729943,2993.014460695042,-111.2216046040703,4.141852372185895e-11
q3,4800,2025-09-10,46594.51881111059,46508.55058181755,416.24147555428345,-330.27324626130405,5.914866463285761e-11
q3,4800,2025-09-11,46956.26943428627,48194.57006499867,1053.0315259615697,-2291.3321566740024,3.595528141886462e-11
q3,4800,2025-09-12,24308.93130663659,23950.456197025163,151.13066556300353,-203.56900980499114,410.9134538534179
q3,4800,2025-09-13,24462.00675004783,23301.046270981584,1162.6225098979435,-1.6620308317378671,3.973598516893162e-11
q3,4800,2025-09-14,48699.71645150258,50034.28192150878,381.9690487288978,-1716.5345187351368,3.8886582842678764e-11
q3,4800,2025-09-15,45792.533323457275,45517.18494017731,317.187280562831,-53.581336232913145,11.742438950060498
q3,4800,2025-09-16,48072.380640404604,49332.96660331496,374.52292514214514,-1635.1088880525606,5.497732402659494e-11
q3,4800,2025-09-17,48855.32273498108,50549.459201682446,98.35248525029691,-1792.4889519517094,4.67373553192374e-11
q3,4800,2025-09-18,45804.9996916528,44988.780356995354,818.1775956522031,-1.9582609948356602,7.982213298673989e-11
q3,4800,2025-09-19,24040.975630120658,24136.608463792887,19.360180789848265,-114.99301446212544,4.66375738028546e-11
q3,4800,2025-09-20,24560.281545058882,24691.99053810546,3.3408582567062694e-13,-131.70899304662981,5.152399751295889e-11
q3,4800,2025-09-21,47495.32209282236,48324.853386830975,3.9684096009295905e-13,-829.5312940086616,5.8104239641920676e-11
q3,4800,2025-09-22,49728.11418084691,51868.44034821987,294.54771396744354,-2434.8738813404643,6.364322757690388e-11
q3,4800,2025-09-23,48698.910315951754,49416.558994528066,32.67743953515768,-750.326118111519,5.840255257183457e-11
q3,4800,2025-09-24,46926.73431299519,45994.09935989947,944.7984664481879,-12.163513352527557,6.785996475855427e-11
q3,4800,2025-09-25,48590.05006618072,48819.958395938214,32.90808550851271,-262.8164152660467,4.018951926809678e-11
q3,4800,2025-09-26,24505.43097159045,25230.280264894645,1.818278860810096e-13,-724.849293304222,2.262009957121336e-11
q3,4800,2025-09-27,25334.291286427833,23990.04738625889,300.2431137975306,-0.041112318633585006,1044.0418986900477
q3,4800,2025-09-28,48540.08096428946,47651.95438923362,907.0007764652044,-18.874201409430267,6.633713667270058e-11
q3,4800,2025-09-29,50895.93013567723,52003.388925378116,10.802202108917658,-1964.89768174984,846.6366899400399
q3,4800,2025-09-30,51807.4026341245,51254.57658318325,1454.3105130327262,-901.4844620915187,4.285334398446139e-11
q3,4800,2025-10-01,46908.14841298801,48027.28978384609,0.22459633975288948,-1119.3659671978567,2.282911282236455e-11
q3,4800,2025-10-02,48341.81063390343,51700.02658171739,4.5291130845726e-13,-3358.2159478140093,4.531895569925837e-11
q3,4800,2025-10-03,22460.611674082254,22332.49962448795,140.122666159586,-12.010616565325249,4.0085140540213615e-11
q3,4800,2025-10-04,24749.091443681376,25149.586566892052,1.5031389466457769e-13,-400.495123210709,3.58145122447695e-11
q3,4800,2025-10-05,49262.09977635375,51848.91285609947,1.0051735443994403e-12,-2586.8130797457434,3.218173105778987e-11
q3,4800,2025-10-06,46203.687865379165,46239.93796793197,73.68528106776688,-109.93538362062147,5.7343406467680326e-11
q3,4800,2025-10-07,47580.452928940256,47133.53607289416,839.3052310720291,-392.38837502597005,2.9643260290868054e-11
q3,4800,2025-10-08,44702.417725714724,44591.33374948884,9.307285608883832e-13,-534.7538837831448,645.8378600090347
q3,4800,2025-10-09,47735.794685027475,49232.178336384604,8.890680192052967e-13,-2787.6483208265536,1291.2646694694185
q3,4800,2025-10-10,22282.372464515036,22121.577120414426,320.60844290781,-159.8130988072424,4.1150709506609923e-11
q3,4800,2025-10-11,22146.56776760338,22110.77805004717,59.525136116099844,-76.08976826454236,52.35434970465542
q3,4800,2025-10-12,47111.96093385683,45576.69515414524,585.6752164653396,-978.7961241833864,1928.386687429646
q3,4800,2025-10-13,45954.090817053926,47231.6731091628,8.981828614196274e-13,-1277.5822921089375,5.923241275240798e-11
q3,4800,2025-10-14,48083.46953226306,48745.10822121905,468.4483559115508,-1130.0870448675803,3.958272998261236e-11
q3,4800,2025-10-15,49021.36641894498,50873.06362559907,4.533904954913124,-1856.231111609054,5.2542889539264336e-11
q3,4800,2025-10-16,48545.75427124246,46519.591589785225,2026.2246814321961,-0.06199997501684721,5.381527756753712e-11
q3,4800,2025-10-17,22465.935921810058,21459.04275097429,1097.3371779955955,-90.4440071598626,3.40815518029558e-11
q3,4800,2025-10-18,22762.249185834193,23248.228913111932,12.307480147570098,-498.2872074253395,3.230940137655125e-11
q3,4800,2025-10-19,50215.1685028118,51534.80212296755,1.780502715890101,-1321.4141228717028,6.365659999119089e-11
q3,4800,2025-10-20,50259.72681558324,50911.43010347395,18.29176180267023,-669.9950496934448,5.982199979825964e-11
q3,4800,2025-10-21,49996.21557210774,49807.2511804518,424.4229961988838,-235.45860454299662,6.033211708000862e-11
q3,4800,2025-10-22,49184.299157197194,49348.60475044018,53.816391337037984,-451.1758511476985,233.05386656767345
q3,4800,2025-10-23,53453.57009679181,57470.254911009855,45.00371626081954,-4612.6863056122465,550.9977751333831
q3,4800,2025-10-24,23020.538084191136,23033.068549056792,93.38993763123739,-105.92040249693129,3.7239986205861444e-11
q3,4800,2025-10-25,23675.964575887618,22263.30057974816,369.5366051339453,-70.28314885881682,1113.4105398643312
q3,4800,2025-10-26,51919.00859988906,55429.75041738591,1.0684061635402031e-12,-3510.7418174969284,5.92652575903685e-11
q3,4800,2025-10-27,49287.92584178902,48734.55668453903,595.6305961567164,-42.26143890676962,4.6068505454854856e-11
q3,4800,2025-10-28,51424.48453155309,50051.93199324078,1513.835759754347,-141.28322144211728,7.372162746932532e-11
q3,4800,2025-10-29,52829.490124796415,53259.86891003995,22.916433600491544,-453.29521884406455,5.6138564019647676e-11
q3,4800,2025-10-30,48945.12180097225,47243.32215675675,1981.7542640511251,-279.9546198356927,5.7938510877875154e-11
q3,4800,2025-10-31,24180.35065399866,24454.942281437452,3.535249426533937e-13,-274.5916274388204,3.059973607832945e-11
q3,4800,2025-11-01,24367.80852324674,24661.51888431775,2.9336320039874407e-13,-293.71036107104294,3.459430786278972e-11
q3,4800,2025-11-02,52547.54833785702,50916.25773855959,706.8372777577384,-86.00929745349781,1010.4626189931956
q3,4800,2025-11-03,53029.773102755134,54033.59376180284,37.66080114431275,-1041.4814601920739,6.606081504045846e-11
q3,4800,2025-11-04,51887.92642200106,52849.307220094626,1.3457808201167154e-12,-961.3807980936309,6.395553858729031e-11
q3,4800,2025-11-05,54092.37105946481,55627.13125617164,1.6274075420597e-13,-1904.7050794680335,369.94488276120546
q3,4800,2025-11-06,54560.492707819765,54238.17217383056,639.949613205432,-402.88276398614977,85.25368476992085
q3,4800,2025-11-07,24327.16879326061,23968.15561423313,419.8316049182887,-60.818425890862,5.383634515965241e-11
q3,4800,2025-11-08,24166.66834703161,24516.381541160677,49.28208511400911,-447.9340967305214,48.93881748744804
q3,4800,2025-11-09,53637.05679641392,53960.611065595585,46.44845362091984,-370.00272280265017,6.65603305805007e-11
q3,4800,2025-11-10,57694.559658756385,54733.604049123045,3107.5799925886054,-769.7612412136511,623.136858258383
q3,4800,2025-11-11,56266.522973960964,58454.19956785497,35.901571270256774,-2223.578165164304,5.0039334453799704e-11
q3,4800,2025-11-12,54617.24863447791,54638.55909929486,660.2652998968193,-681.5757647138254,6.58281675280925e-11
q3,4800,2025-11-13,56386.63326494841,53678.836478145764,2290.647072422694,-554.0962962610965,971.2460106410477
q3,4800,2025-11-14,25040.60678228661,25188.195060150927,3.0441356102528515e-13,-147.58827786435037,3.284836225248e-11
q3,4800,2025-11-15,25568.940513682348,26358.944422941637,19.231068504755967,-809.2349777640835,3.7150016396481076e-11
q3,4800,2025-11-16,55992.64088518718,55065.48838361476,974.4109463689958,-47.258444796609666,4.5542091431372005e-11
q3,4800,2025-11-17,56177.178583034016,54551.63525697053,1677.9060686852793,-52.3627426218284,4.431169742247221e-11
q3,4800,2025-11-18,55904.50250829277,55068.7336688079,1073.8401116277134,-238.07127214291253,7.265299828418392e-11
q3,4800,2025-11-19,58796.50611761984,55325.04637960244,3801.972238501275,-330.5125004839142,4.5474235044196125e-11
q3,4800,2025-11-20,56054.191427361366,54921.08383029186,1283.3722763156475,-150.2646792461686,4.548748400168278e-11
q3,4800,2025-11-21,25365.630235653116,25291.24444533638,75.14188722603863,-0.7560969093503768,4.5814203986083156e-11
q3,4800,2025-11-22,26086.25777357481,26628.01512958285,4.763847982758306e-13,-541.7573560080855,4.419803190103266e-11
q3,4800,2025-11-23,57564.15070754823,55556.03329240079,2399.980812542033,-391.8633973946575,6.03376113517129e-11
q3,4800,2025-11-24,55162.424893919604,54689.569340548,663.1667475108985,-190.3111941393392,5.593371721346329e-11
q3,4800,2025-11-25,60405.9931248027,63067.00263458711,16.035302436933907,-2677.0448122214048,6.260553675474512e-11
q3,4800,2025-11-26,59940.78004421667,60014.906620820795,1070.118118179128,-1144.244694783311,5.109544076731254e-11
q3,4800,2025-11-27,57277.43838899757,57494.049545048605,338.00217699998876,-554.6133330510754,6.313187705941915e-11
q3,4800,2025-11-28,26878.01693873119,26002.27470747101,34.59352698105218,-199.79008902929485,1040.9387933084236
q3,4800,2025-11-29,27317.191373892605,28467.472763491907,1.2754810541082407e-13,-1150.2813895993445,3.8947391090005114e-11
q3,4800,2025-11-30,61117.26914955514,59896.87740869689,716.7917766885176,-292.42851670363046,796.0284808733758
q3,4800,2025-12-01,75792.54314799487,63564.9012772593,1476.3172315933055,-887.3406776750176,11638.665316817283
q3,4800,2025-12-02,76193.41519239351,64452.5605756025,2356.164829702948,-1048.5365761786356,10433.226363266705
q3,4800,2025-12-03,71415.66691255437,57531.207946155584,9863.109852420424,-4.150635390942625e-15,4021.3491139783578
q3,4800,2025-12-04,75473.77581767098,63368.54307893963,2796.8304861144316,-1066.0163270108637,10374.418579627774
q3,4800,2025-12-05,34668.801783924064,27954.178778487778,2311.873645115692,-102.68439271223188,4505.43375303283
q3,4800,2025-12-06,32796.587056756754,27845.33255429917,2848.7110551239894,-35.332177545241834,2137.875624878839
q3,4800,2025-12-07,73542.18979314505,64653.222332519086,2418.5692332137783,-1180.6710830886232,7651.069310500816
q3,4800,2025-12-08,70054.38641869521,70995.89725980804,7.231676590890855e-13,-941.5108411128803,3.771594236923193e-11
q3,4800,2025-12-09,69572.59299079624,70816.56794025109,1.0471580935700331e-12,-1243.974949454896,4.2818481205131314e-11
q3,4800,2025-12-10,66303.90110790051,64236.4809303597,2053.538618454546,-127.57890265553056,141.46046174180452
q3,4800,2025-12-11,67437.09578395108,69123.79630817863,1.182704068014573e-12,-1686.7005242275827,5.5191822667666196e-11
q3,4800,2025-12-12,32640.9035247866,32481.323675452804,347.75363111746094,-440.7245729683704,252.5507911847113
q3,4800,2025-12-13,32511.018096628824,33117.63126026659,186.15022457829915,-792.7633882161308,6.175139777298001e-11
q3,4800,2025-12-14,67901.98604098619,66778.66133281206,1217.5379414071774,-94.2132332330818,4.4740289695255345e-11
q3,4800,2025-12-15,67096.4165871997,64923.874884116885,2255.2271089568544,-82.68540587409669,5.415027715116594e-11
q3,4800,2025-12-16,69393.7408541875,70836.62410440153,5.176616468816064e-13,-1442.8832502140808,4.7499298716502386e-11
q3,4800,2025-12-17,68509.04412938852,70256.63103648927,6.766981641703751e-13,-1747.5869071008,5.597323138317733e-11
q3,4800,2025-12-18,66940.72846035448,67484.44649486986,1.2849113772972486e-12,-543.7180345154544,6.537082697377628e-11
q3,4800,2025-12-19,30471.20662935859,30797.81269131816,4.972918077328359e-13,-326.6060619596362,6.545036512761726e-11
q3,4800,2025-12-20,31276.709490217276,32011.65265547741,136.69960719376232,-874.5973546206097,2.9545821667153014
q3,4800,2025-12-21,69325.61070239957,69674.59159561785,7.494839415755905e-13,-495.7355644362027,146.75467121793702
q3,4800,2025-12-22,67716.12429521621,66815.59712221505,222.66392550299753,-137.82939026138638,815.6926377595464
q3,4800,2025-12-23,67337.97245147653,68515.77182293974,379.16878641382044,-1556.9681578770806,4.916201845617252e-11
q3,4800,2025-12-24,67052.39404549869,65883.91123789732,1007.2856170266366,-459.2592553431718,620.4564459179107
q3,4800,2025-12-25,66295.36121199052,65440.38161773964,153.0745550458158,-275.6963251235065,977.6013643285619
q3,4800,2025-12-26,31485.473404809472,31500.13400275315,282.69753811287524,-297.3581360565956,4.2860794025045834e-11
q3,4800,2025-12-27,31402.25881180694,31303.014123164423,399.39997469216183,-300.1552860496997,5.363306776473564e-11
q3,4800,2025-12-28,65405.6427458904,65572.22796395884,748.3495068932784,-914.9347249617928,7.40788621556021e-11
q3,4800,2025-12-29,67008.3342623706,67025.18002783725,401.9096767910859,-418.75544225779737,5.34073123503731e-11
q3,4800,2025-12-30,66584.32688531207,67855.4183319298,86.17319136246597,-1378.368614003235,21.103976023031965
q3,4800,2025-12-31,68541.52906516685,68799.30195949637,9.505185971647733e-13,-351.30683099621774,93.53393666670169
q3,9600,2025-02-01,25061.315363129674,26588.0911619491,2.4728592507017315e-13,-1526.775798819462,3.4056132136583985e-11
q3,9600,2025-02-02,56495.873248289776,58848.11591038597,4.352102678240044e-13,-2352.242662096246,4.189737978776975e-11
q3,9600,2025-02-03,56960.26660804189,59418.20582043762,2.322451564396033e-13,-2457.9392123958132,7.962712089693014e-11
q3,9600,2025-02-04,59582.60426851738,62338.591484501725,2.2552626433025581e-13,-2755.9872159844035,5.886639797836323e-11
q3,9600,2025-02-05,55603.63605770032,55890.69291689314,811.4984417816826,-1098.5553009745904,8.913992055603615e-11
q3,9600,2025-02-06,57654.05122056157,60555.80741267276,6.542734354297864e-13,-2942.465335132784,40.7091430215899
q3,9600,2025-02-07,22871.05320393016,24359.36186297272,1.8563923731562682e-13,-1488.308659042586,2.75136358141026e-11
q3,9600,2025-02-08,19873.440848164704,18998.450641197138,880.6332279487965,-5.643020981285119,5.833966554291692e-11
q3,9600,2025-02-09,55363.63556396292,56178.4111036088,16.641033229013342,-831.416572874971,6.647886863220264e-11
q3,9600,2025-02-10,52009.803301689695,53986.93465179879,3.4237359614053277e-13,-1977.131350109159,6.229294036153021e-11
q3,9600,2025-02-11,52428.21839275008,52927.784452059466,4.2615223339153605,-1480.2788870936488,976.451305450342
q3,9600,2025-02-12,51545.361681042166,52623.87636032462,38.7958352653541,-1256.3145342150715,139.00401966725107
q3,9600,2025-02-13,49700.93043904001,51114.1486095704,3.0335627343447416e-13,-1550.975389443568,137.75721891316033
q3,9600,2025-02-14,19676.151243743123,19295.987597949017,448.2003297022631,-68.03668390820808,4.997110991666886e-11
q3,9600,2025-02-15,19643.13807234407,19907.874831603593,1.7481056602264288e-13,-264.73675925956155,3.7280031506270464e-11
q3,9600,2025-02-16,52827.69962066136,54092.06482748595,847.5541276010874,-2353.486788620232,241.56745419455467
q3,9600,2025-02-17,50723.97035064979,52819.03332598551,356.21312783333474,-3002.0380393547766,550.76193618572
q3,9600,2025-02-18,48787.14184939654,48186.530850085604,563.9062339946909,-0.8210271838675589,37.52579250010845
q3,9600,2025-02-19,49470.13823559151,48229.005904478174,1063.9275173047135,-28.628576257128046,205.83339006575417
q3,9600,2025-02-20,48450.46698809857,49404.99955983389,99.8497144165438,-1209.4156323948978,155.0333462430339
q3,9600,2025-02-21,18187.908816999236,18222.95867288248,1.966640184036805e-13,-35.049855883279356,3.453720864854404e-11
q3,9600,2025-02-22,19269.678005565773,19356.488750048964,1.5762111615913454e-13,-86.81074448322829,3.7600898394885006e-11
q3,9600,2025-02-23,48360.87115831193,49403.195830627694,7.157544094241899,-1127.7981475174226,78.31593110741716
q3,9600,2025-02-24,46997.46483165723,46990.66550343987,173.21309943929404,-417.2916363386813,250.87786511673357
q3,9600,2025-02-25,47001.27150807952,49492.056603858226,3.820474603344337e-13,-2626.9656482787595,136.18055250004758
q3,9600,2025-02-26,46561.51402211211,45104.68162409139,1506.247243738225,-49.41484571754856,5.1192506234087886e-11
q3,9600,2025-02-27,44437.06555062451,42097.70557939651,2346.018241181419,-6.658269953497011,8.240743198939525e-11
q3,9600,2025-02-28,17538.13559908332,17606.618740128302,57.29821065291575,-125.78135169793256,3.804478865276906e-11
q3,9600,2025-03-01,20665.073505930974,21274.002467918588,1.8301307136425747e-13,-608.9289619876438,3.557444472335192e-11
q3,9600,2025-03-02,50494.01787718423,51344.84485490169,312.9211235490501,-1163.7481012665735,6.144358621895662e-11
q3,9600,2025-03-03,50100.80055531296,50474.86843700393,750.5002470731384,-1124.568128764195,9.047370141956889e-11
q3,9600,2025-03-04,47423.70662281479,45023.934274565676,2294.0761516013954,-146.91244030873025,252.60863695645457
q3,9600,2025-03-05,49032.9080693119,50410.19755994685,355.47772529877477,-2791.4052300524495,1058.6380141187244
q3,9600,2025-03-06,44520.33547921425,45323.15639668335,3.3118681130872573e-13,-802.8209174691588,6.185872791775183e-11
q3,9600,2025-03-07,16994.26853509996,17371.099512207125,1.1714575975929621e-13,-376.8309771071972,3.178973306816602e-11
q3,9600,2025-03-08,18563.4355351028,17842.364100470433,721.0714346323298,-9.17140141609707e-14,3.6516695445243386e-11
q3,9600,2025-03-09,44378.2688547265,45680.70862281802,112.34999558071114,-1414.7897636722764,4.239911710612887e-11
q3,9600,2025-03-10,45399.714240201734,44260.132870081725,1168.1224047336614,-28.541034613722545,7.376083321908311e-11
q3,9600,2025-03-11,43035.179756483965,39850.360549311095,3186.505107515816,-1.6859003430156123,6.841684907499257e-11
q3,9600,2025-03-12,43639.97432485917,44626.80292358278,9.188255489789296e-13,-986.828598723656,4.7031971206479285e-11
q3,9600,2025-03-13,44690.133770208085,44181.40891164375,439.394581404339,-595.7944871085031,665.1247642685017
q3,9600,2025-03-14,16353.502347184218,15714.442978580779,635.7338652023229,-0.036451598911389556,3.3619550000282574
q3,9600,2025-03-15,18149.75991502477,17542.809754894814,547.6575973649313,-2.3459642184152796,61.63852698343519
q3,9600,2025-03-16,44314.27699369242,43582.617951600834,1171.3873098100428,-447.18944771852074,7.4611800000608115
q3,9600,2025-03-17,40094.97639351686,39082.348341268036,2049.51379951031,-1036.8857472615593,8.195630130103382e-11
q3,9600,2025-03-18,44005.567892364445,46848.875931040355,6.049944545338803e-13,-2843.308038675996,7.668952051176348e-11
q3,9600,2025-03-19,41034.480096148065,38804.59713316683,2229.8829629811726,0.0,6.49580617750195e-11
q3,9600,2025-03-20,41031.60181094053,41015.09374360314,272.9798189238293,-885.1082574997452,628.6365059133072
q3,9600,2025-03-21,15458.74972526853,15172.208105547146,369.15160273893554,-82.60998301758254,2.7808823688246776e-11
q3,9600,2025-03-22,18660.57994071426,18663.15107957711,3.745036281088687e-13,-2.57113886289174,3.5480894666761743e-11
q3,9600,2025-03-23,42431.540278755594,44234.94613085475,9.664972822065465e-13,-2338.0907433774073,534.684891278251
q3,9600,2025-03-24,40195.94844517171,40965.53243424238,112.9937100767355,-882.5776991474536,4.781483653459873e-11
q3,9600,2025-03-25,43387.33813214231,45529.124693218895,8.853936619858791,-2150.640497696503,5.3634924057632826e-11
q3,9600,2025-03-26,39697.4552481705,40405.28626571865,828.9285926275572,-1536.7596101757829,8.037094545443325e-11
q3,9600,2025-03-27,37796.60755395042,38361.05950384883,405.4949408129212,-969.9468907113956,6.698885357536711e-11
q3,9600,2025-03-28,15782.505606435761,15873.401849829246,1.8531522982812023e-13,-90.8962433935011,1.657770098972833e-11
q3,9600,2025-03-29,17168.963826151157,16507.94263773915,663.1869583788059,-2.1657699668337376,3.664425918259439e-11
q3,9600,2025-03-30,39103.210394178765,41435.33862883325,0.0,-2332.128234654535,5.405599523555793e-11
q3,9600,2025-03-31,37210.33899616796,36895.96167939784,499.63942260101055,-185.26210583096062,6.958394749290164e-11
q3,9600,2025-04-01,41359.11006429662,41261.91608800175,213.94731404439153,-116.75333774958537,5.892747623192918e-11
q3,9600,2025-04-02,41459.40295478355,42162.257766012,5.333333774615312e-13,-702.8548112285041,5.776121270173462e-11
q3,9600,2025-04-03,38814.24176720009,40500.82907283867,1.859973508544499e-13,-1686.587305638626,4.486585680751887e-11
q3,9600,2025-04-04,14269.641544558202,14270.007060330518,2.772139851003885e-13,-0.3655157723510485,3.4574867413539326e-11
q3,9600,2025-04-05,17126.329951145715,16393.585464701,734.2938651801469,-1.5493787354804793,4.841590950377395e-11
q3,9600,2025-04-06,38038.748067936605,38344.12204924034,303.39577043279587,-1045.13319667984,436.3634449433076
q3,9600,2025-04-07,35788.87675779763,34676.51418738501,1370.1317685818544,-257.7691981692907,6.393493379164284e-11
q3,9600,2025-04-08,39259.70174473477,41384.11894511052,8.423512554145418e-13,-2225.4086501453976,100.99144976964801
q3,9600,2025-04-09,40306.17004149628,41553.03704550829,6.558167342518572e-13,-1246.8670040120621,5.874329644939279e-11
q3,9600,2025-04-10,35045.09357572114,35093.41195588706,521.3972353538918,-569.7156155198679,5.849108397626424e-11
q3,9600,2025-04-11,13493.856395935156,12979.646588342488,514.2098075926314,-5.064748620497994e-14,3.485942912107021e-11
q3,9600,2025-04-12,16878.40233863119,17149.668227257054,2.66905431089981e-13,-271.2658886258944,3.186634156548962e-11
q3,9600,2025-04-13,36802.84618062223,37862.605956388914,211.43101817696578,-1271.1907939437306,8.5053408760416e-11
q3,9600,2025-04-14,37068.61280189386,37949.258937625564,710.5613235162194,-2439.7935847518893,848.5861255039752
q3,9600,2025-04-15,34661.31735872866,34709.09408985591,383.01996087940176,-430.79669200672504,6.592867940469205e-11
q3,9600,2025-04-16,37378.01405597477,36913.18218533395,920.7871325625075,-455.9552619217425,6.362669735526794e-11
q3,9600,2025-04-17,32848.41305112316,32183.458680992568,1070.0897261769567,-405.1353560464521,8.43477096501566e-11
q3,9600,2025-04-18,13545.575526261431,13602.889380904644,2.2433122026654928e-13,-57.313854643249634,3.780858115476349e-11
q3,9600,2025-04-19,15793.262833514415,15022.857347714802,773.5593525755737,-3.1538667759838845,2.1023652152507565e-11
q3,9600,2025-04-20,36031.59172739896,36613.299420686526,7.939309529797337,-589.6470028174189,5.922562951177212e-11
q3,9600,2025-04-21,34084.69683093898,35205.19121151368,5.54427970200777e-13,-1120.4943805747382,4.5214164856588465e-11
q3,9600,2025-04-22,34614.42960917074,34318.63119048518,451.28580074095805,-155.48738205548526,7.785648836744486e-11
q3,9600,2025-04-23,34310.94482764081,31236.98318204659,3084.95103810375,-10.989392509612564,8.020505237738007e-11
q3,9600,2025-04-24,31405.042191507793,31174.56977598225,730.2875110349484,-499.8150955094574,5.034848982177209e-11
q3,9600,2025-04-25,12726.03298640486,12894.226344689283,2.553179001552053e-13,-168.19335828444636,2.2427158796745062e-11
q3,9600,2025-04-26,15930.293849437337,15930.328801120988,1.764561829986633e-13,-0.03495168367818834,2.8726759637720532e-11
q3,9600,2025-04-27,34269.812994157815,32678.22431944342,940.5337827579702,-411.8383778083605,1062.893269764791
q3,9600,2025-04-28,38303.70249887326,38151.43499342963,1083.2375990538799,-930.970093610324,7.047678707294835e-11
q3,9600,2025-04-29,34491.4104383044,34507.12303797726,757.1646251314293,-772.8772248043515,6.291665499702503e-11
q3,9600,2025-04-30,32699.62176176525,33020.49364317668,2.1618973278236807e-13,-320.871881411496,7.386401534859033e-11
q3,9600,2025-05-01,38539.32861336629,31236.449185393823,733.3380293823008,-499.0971459076998,7068.638544497869
q3,9600,2025-05-02,21183.60238223025,14404.673667838513,523.1220485082408,-2.1647591829521002,6257.971425066448
q3,9600,2025-05-03,22489.103604895157,16782.505427668737,123.7192135999237,-3.732871789452474e-14,5582.878963626496
q3,9600,2025-05-04,40617.988713031664,37249.093127006345,316.778561207927,-1941.4889637595159,4993.605988576906
q3,9600,2025-05-05,41357.32571706368,37377.984657810535,624.5629666440989,-1194.7106175882652,4549.488710197319
q3,9600,2025-05-06,40562.721012929804,33673.211285886275,2097.5505331996,-322.31247558708037,5114.271669431013
q3,9600,2025-05-07,41894.48741120641,35226.86251476593,1103.9215256202713,-7.6062522921281035,5571.30962311234
q3,9600,2025-05-08,37869.949518661786,39390.044678474085,2.352472161181302,-1564.907438149613,42.45980617613784
q3,9600,2025-05-09,15959.651729214198,15964.850007820463,3.847162588499486e-14,-5.198278606292156,2.7767669052991552e-11
q3,9600,2025-05-10,18149.43796374457,17914.827581348683,234.61038239586304,0.0,2.611708538324819e-11
q3,9600,2025-05-11,37806.17133197275,37757.49286724972,348.2824183917066,-325.24691449543076,25.64296082675122
q3,9600,2025-05-12,36819.95287232807,36479.72872559807,585.3937642700097,-245.16961754007303,5.859075358216615e-11
q3,9600,2025-05-13,39489.54255318859,41186.72928450389,331.00771931778723,-2028.1944506331383,5.5437329393726036e-11
q3,9600,2025-05-14,39279.89281688179,41316.47478494537,7.353264663834125e-13,-2036.581968063657,7.15268573259209e-11
q3,9600,2025-05-15,35801.33040921362,36179.404359092725,879.5469442779897,-1257.6208941571708,7.14924981437548e-11
q3,9600,2025-05-16,15528.220781760134,15443.32407832343,2.227125150966458e-13,-85.37074566331009,170.26744910001034
q3,9600,2025-05-17,18618.90120038403,18856.32552979175,0.0,-237.4243294077547,3.122441682990029e-11
q3,9600,2025-05-18,39721.345416168646,41746.4873463864,12.129347586322044,-2037.271277804132,5.5846700597328434e-11
q3,9600,2025-05-19,36083.832239598516,36449.31214295877,4.3234962276983424e-13,-672.2106953373163,306.7307919770548
q3,9600,2025-05-20,36558.204535922225,36147.26952763855,575.3135063523214,-164.3784980687399,9.280505075537349e-11
q3,9600,2025-05-21,36645.06756189869,36540.520513485,258.457211391925,-153.91016297828804,5.961376814411778e-11
q3,9600,2025-05-22,34287.59813270711,35160.0174458284,2.914362084993627e-13,-872.4193131213533,5.858326801444492e-11
q3,9600,2025-05-23,14904.44593463917,14187.535170397023,716.9107642421264,-7.225366971397307e-14,2.3091430989552463e-11
q3,9600,2025-05-24,18278.64736060021,18410.325893046396,0.0,-131.67853244620838,2.369898055576413e-11
q3,9600,2025-05-25,35392.42670790479,36072.33326186562,5.638923994411017e-13,-679.906553960873,4.8869637225834594e-11
q3,9600,2025-05-26,38256.76595211301,36970.959616034495,1549.826251181036,-264.0199151025933,7.166916482503893e-11
q3,9600,2025-05-27,35561.5995498589,35636.435536260906,209.45397423532918,-284.2899606373745,4.6020719679518153e-11
q3,9600,2025-05-28,37442.32457440194,38513.92991866402,6.327013579721097e-13,-1071.6053442621505,6.560729559623723e-11
q3,9600,2025-05-29,34760.024696506174,34293.115541660605,863.8292990748157,-396.92014422931504,6.868139657001393e-11
q3,9600,2025-05-30,16010.832616913545,16024.037761043133,0.0,-13.205144129617823,3.0182413013335466e-11
q3,9600,2025-05-31,19436.549882789688,19921.291989253477,0.0,-484.74210646381584,2.428143375254876e-11
q3,9600,2025-06-01,56679.98561787329,48844.80727690304,3463.617658841802,-2779.009606640572,7150.5702887690095
q3,9600,2025-06-02,55556.50478626228,48545.76290176599,3455.5089510021303,-2554.4657277464003,6109.698661240566
q3,9600,2025-06-03,51725.84263311494,45750.078109290946,3445.4827329462973,-493.67461272027106,3023.9564035979733
q3,9600,2025-06-04,51820.352490586134,53102.035118731714,254.9660434886461,-3657.0595185763323,2120.410846942107
q3,9600,2025-06-05,49607.51914227669,43335.954381947144,3034.7044827421473,-497.5525791253045,3734.4128567127045
q3,9600,2025-06-06,27190.768141900186,19857.235350349052,3307.5206492747216,-652.3787894924532,4678.390931768863
q3,9600,2025-06-07,28343.896574841172,22898.048776890915,2760.91030749686,-149.02566460333955,2833.963155056737
q3,9600,2025-06-08,49398.536452811066,50017.581289011345,1148.5940935392475,-1767.638929739594,6.901221283328597e-11
q3,9600,2025-06-09,52867.05376425431,55149.62757432121,7.526523404521868e-13,-2313.35133386072,30.77752379381797
q3,9600,2025-06-10,50653.16835924702,51467.152626214265,3.943000592698809e-13,-946.7611333144417,132.77686634718896
q3,9600,2025-06-11,55137.34072396736,53463.551925607455,2408.696166659284,-734.907368299438,7.080490949107343e-11
q3,9600,2025-06-12,49837.61452239523,50526.21237321652,18.62129481739076,-707.21914563873,4.900438455024414e-11
q3,9600,2025-06-13,23009.328786706275,23148.44911843868,1.984759023798688e-13,-220.08245079075857,80.96211905835293
q3,9600,2025-06-14,25726.962701536755,26404.706398135986,2.508926399968914e-13,-677.7436965992524,2.1469958255693198e-11
q3,9600,2025-06-15,49463.882683260854,49503.577797912934,458.6237581578989,-498.3188728100349,6.311638944822561e-11
q3,9600,2025-06-16,51288.40041847995,50946.35837006552,512.6434612925672,-170.60141287819624,5.499746791315374e-11
q3,9600,2025-06-17,53293.55960069179,52776.14421755298,822.5875971341667,-305.1722139953955,5.532527413976141e-11
q3,9600,2025-06-18,52652.85556169532,54087.91385972911,40.252688172454704,-1663.5327197693277,188.22173356308247
q3,9600,2025-06-19,47448.13324661432,46520.3395790121,2438.364967685512,-1726.4892737349762,215.91797365168324
q3,9600,2025-06-20,21364.29616154966,21592.971130096743,1.667572746555379e-14,-228.67496854710245,1.9255296024311974e-11
q3,9600,2025-06-21,25206.740795950158,25412.79676084955,3.794575320625881e-13,-206.05596489940177,1.5153176491367048e-11
q3,9600,2025-06-22,47208.50999831794,47040.088804841565,1248.5501209642161,-1080.128927487909,6.253020146118615e-11
q3,9600,2025-06-23,47444.26887664773,48066.06986282604,9.27307297615698e-13,-621.8009861783894,6.307264399652013e-11
q3,9600,2025-06-24,54935.058331242864,56624.47108964744,11.160907614885847,-1700.5736660195284,6.353447545848213e-11
q3,9600,2025-06-25,49691.37190831717,47902.345603102964,2630.307682744792,-841.2813775306624,7.703210513909653e-11
q3,9600,2025-06-26,47595.29959398124,47622.7027240482,722.8302021334748,-750.233332200488,5.92685216460609e-11
q3,9600,2025-06-27,21536.925336127268,22350.63133995005,2.4235760065494107e-13,-813.706003822808,2.7996179596811996e-11
q3,9600,2025-06-28,22711.478366365962,22731.15980405335,2.463906412231154e-13,-19.681437687418857,2.863806969344296e-11
q3,9600,2025-06-29,48204.55907627352,43388.70899643966,4882.082729930965,-66.2326500971644,6.898025139978614e-11
q3,9600,2025-06-30,50363.25157343286,50916.99377620796,58.48642173631944,-711.7566679677057,99.52804345628412
q3,9600,2025-07-01,62038.23713397305,43995.15984754223,9899.203145786783,-1.7035155508438038e-13,8143.874140644044
q3,9600,2025-07-02,55784.40088622377,43871.811784722544,8723.865395960907,-1.0086296242661774e-13,3188.723705540315
q3,9600,2025-07-03,57792.1793333314,46493.47109167439,7228.024264922834,-291.9567449774905,4362.640721711659
q3,9600,2025-07-04,30987.324679028643,20601.20744738011,4377.649948339611,-3.4995650821656456e-14,6008.467283308921
q3,9600,2025-07-05,35645.74291507127,22976.99520240869,5931.799542591938,-6.141291919448122e-14,6736.94817007064
q3,9600,2025-07-06,60130.9215885079,49092.402209558044,7837.483684495715,-125.84266691472028,3326.8783613688597
q3,9600,2025-07-07,56917.37060942534,45470.494001144514,5687.231707162848,-74.72710780785144,5834.372008925834
q3,9600,2025-07-08,57782.07316922092,59504.85426749711,389.84484070864073,-2171.485588679303,58.859649694470676
q3,9600,2025-07-09,56403.543352660985,57525.228364217364,53.08370318966883,-1439.611331109688,264.84261636364283
q3,9600,2025-07-10,50837.62526348827,52551.48592470649,7.73499664319388e-13,-1713.860661218266,5.0939458873244806e-11
q3,9600,2025-07-11,27264.11971880207,27580.990356343533,2.8751401259796693e-13,-427.94464752482577,111.07400998336321
q3,9600,2025-07-12,31428.48957594089,31385.937727582375,141.6228105266395,-211.73778377647838,112.66682160835428
q3,9600,2025-07-13,54041.84112587365,57194.31694978,227.87513178533712,-3380.350955691735,4.879170134586275e-11
q3,9600,2025-07-14,55075.30031360593,57322.63859550676,52.482641446322646,-2299.8209233471985,4.3925611592499085e-11
q3,9600,2025-07-15,53090.37093915682,56097.76646538134,6.616062364628305e-13,-3007.395526224587,6.922129536235389e-11
q3,9600,2025-07-16,55185.346760138316,56401.35413607149,126.23330525966345,-1605.0230316915888,262.7823504987498
q3,9600,2025-07-17,51523.460348237364,52182.574285429415,749.8261721564674,-1408.940109348595,6.375902650290754e-11
q3,9600,2025-07-18,28874.33993905579,29711.863340008094,3.399946990612079e-13,-837.5234009523253,1.9227698544455055e-11
q3,9600,2025-07-19,31397.326112392664,32556.371132093558,7.557016346027012e-13,-1159.0450197009218,3.123744818367413e-11
q3,9600,2025-07-20,52466.252151802386,54149.905012534364,22.400828728248182,-1706.0536894602628,5.297395500036828e-11
q3,9600,2025-07-21,57432.99000641533,59123.282922944156,7.448761607520282e-14,-1690.2929165288845,5.3373050867833175e-11
q3,9600,2025-07-22,55030.2693413198,53330.79561967267,2184.7183186576103,-485.2445970105432,6.333555369053557e-11
q3,9600,2025-07-23,56649.544521564276,59949.9997498385,17.570387195925655,-3666.395313881014,348.3696984108667
q3,9600,2025-07-24,54690.9379270948,58765.76363969483,2.0470452000154185e-13,-4074.8257126000904,5.512985268296688e-11
q3,9600,2025-07-25,24987.390639590092,25290.681653945703,2.9191369321779346e-13,-303.29101435563155,2.03711216784086e-11
q3,9600,2025-07-26,30267.056824723764,30628.555927349265,14.334345747725875,-375.83344837325114,2.1776287439934093e-11
q3,9600,2025-07-27,54515.24769629327,56499.80086929201,125.97029975725897,-2110.5234727560746,7.019925618578783e-11
q3,9600,2025-07-28,54195.9678722865,54846.32384853717,258.17357160223713,-908.5295478529757,6.260789708889547e-11
q3,9600,2025-07-29,56003.248774982,55362.544754506445,1202.7065059579052,-595.484024111309,33.48153862895353
q3,9600,2025-07-30,56576.9907650764,50110.76219778093,6806.084022820351,-339.8554555249186,4.123756491836162e-11
q3,9600,2025-07-31,50263.701628437695,50202.19653272434,318.5293861536538,-257.0242904403613,5.900106003764449e-11
q3,9600,2025-08-01,27100.331616057818,27609.41830072094,1.0356592860986538,-510.1223439492369,1.7608383195977238e-11
q3,9600,2025-08-02,29622.82769139852,30606.851982810535,6.085201675887219e-13,-984.0242914120456,3.088752009716699e-11
q3,9600,2025-08-03,45761.01936657403,46193.03021064788,9.619355978429667e-13,-721.54796092081,289.53711684695645
q3,9600,2025-08-04,47568.945233157356,47764.540301399466,1006.0625435128769,-1201.6576117550412,6.149787523668238e-11
q3,9600,2025-08-05,46796.16473535987,47248.85238755186,308.80651645041416,-761.4941686424684,6.077398317927419e-11
q3,9600,2025-08-06,50418.17997133345,53285.874908765254,5.581625828199321e-13,-2867.694937431871,5.789389234678311e-11
q3,9600,2025-08-07,46339.689606568456,49197.851468842695,8.680544283379277e-13,-2858.161862274289,4.8846807487734624e-11
q3,9600,2025-08-08,24143.12420613404,24495.677791338803,7.225366971397307e-14,-352.55358520479086,3.2116219017552795e-11
q3,9600,2025-08-09,25976.348792198987,26049.99060814767,4.699302280641859e-13,-73.64181594870689,2.3906579826871164e-11
q3,9600,2025-08-10,47804.4774707233,49789.74574030947,7.291873771464452e-14,-1985.268269586219,5.6060358133436244e-11
q3,9600,2025-08-11,47958.66222468599,47540.150478263895,7.905271104391431e-13,-705.4165535522054,1123.9282999743077
q3,9600,2025-08-12,49138.18910141779,48583.45849912104,403.944433611244,-866.5743375021201,1017.3605061876225
q3,9600,2025-08-13,46003.17939703383,44148.61041005636,1750.5851588269784,-6.414211384253577e-14,103.98382815049916
q3,9600,2025-08-14,44699.17231240461,45058.21116000938,295.36045400549784,-1107.1658438603542,452.766542250088
q3,9600,2025-08-15,24679.052806012183,24963.964514630377,444.8839660473158,-886.1599098879901,156.36423522248185
q3,9600,2025-08-16,28239.689372636632,28530.2723842491,128.19464896823723,-1161.67075348978,742.8930929090792
q3,9600,2025-08-17,46773.30531106302,45947.54987272184,835.2008367431832,-706.1176362031262,696.6722378011183
q3,9600,2025-08-18,46294.738945743964,47085.92518736708,54.57209435438943,-974.9044200924798,129.1460841149788
q3,9600,2025-08-19,46882.36692189773,47401.08271913209,8.419249297730857e-13,-710.5610819463833,191.84528471202862
q3,9600,2025-08-20,50339.80750679842,51350.340934375665,517.9054066238396,-1886.017300921672,357.5784667205775
q3,9600,2025-08-21,45039.58780896675,45791.86898407403,126.31437302538752,-878.5955481327364,7.41270120840909e-11
q3,9600,2025-08-22,24549.8886049024,24409.634415888708,135.55320959970982,-192.9320733119614,197.63305272594408
q3,9600,2025-08-23,26767.30598134694,25858.901143031304,913.3412171227122,-4.936378807101712,3.008216520328233e-11
q3,9600,2025-08-24,47401.29374302378,48128.62163190305,8.374740900762845e-13,-727.3278888793188,5.963291016541917e-11
q3,9600,2025-08-25,55928.71902191406,61735.42168399345,5.716718975738707,-6397.964734166486,585.545353111357
q3,9600,2025-08-26,47105.47559016789,47327.748632176605,260.6048014375358,-482.8778434463329,8.567526776914747e-11
q3,9600,2025-08-27,48741.61405478392,46507.88626081034,2632.5447065939675,-398.8169126204535,7.01968119187768e-11
q3,9600,2025-08-28,47490.51954921738,45406.77389396024,1676.6818560601496,-4.453634065865089,411.5174332628484
q3,9600,2025-08-29,26028.56315872188,26328.60104000503,33.34591735780548,-333.38379864097226,1.577282660036872e-11
q3,9600,2025-08-30,27185.074915557714,27683.67312378584,1.4450733942794615e-13,-498.5982082281517,3.126876890746644e-11
q3,9600,2025-08-31,47587.76308391262,46252.191482443566,1485.4330432510758,-193.8698749141685,44.00843313214947
q3,9600,2025-09-01,46531.6653130572,49746.59422507813,2.6947191145154646e-13,-3214.928912020968,3.9345934510492955e-11
q3,9600,2025-09-02,45380.8174788459,45675.42077850618,1036.8496494831604,-1331.452949143488,3.6646486734071e-11
q3,9600,2025-09-03,46136.01982596357,49101.220164971724,7.448761607520282e-14,-2965.2003390081986,4.16446539475146e-11
q3,9600,2025-09-04,43735.436071954144,46042.23323973343,6.423874765459913e-14,-2306.797167779316,3.3962912482365934e-11
q3,9600,2025-09-05,22114.049197806817,23491.310390447972,0.0,-1377.2611926411657,7.1631518494541526e-12
q3,9600,2025-09-06,25647.990117810004,26855.96854655174,0.0,-1207.9784287417535,1.9616635427155414e-11
q3,9600,2025-09-07,44924.3471155774,46795.18511466102,90.5904645813485,-1961.4284636650066,3.303969897672232e-11
q3,9600,2025-09-08,40721.966187625294,40597.62467252989,985.2512981813281,-860.9097830860139,8.864151546106314e-11
q3,9600,2025-09-09,39183.39684692853,36260.51476046321,2929.526665258006,-6.644578792753127,7.629294174194001e-11
q3,9600,2025-09-10,41517.5262990632,41431.87070790416,390.79837253174907,-305.14278137278853,7.598296747346467e-11
q3,9600,2025-09-11,39010.860128792025,42341.17712281649,18.872567360832175,-3349.1895613853467,5.315814632922411e-11
q3,9600,2025-09-12,18714.454624181642,18449.0087805169,29.202173404273424,-175.6949894007795,411.93865966124685
q3,9600,2025-09-13,20767.660338297643,19642.730513512055,1130.4270816074531,-5.497256821914621,4.8557678766769643e-11
q3,9600,2025-09-14,43388.44434278807,44832.87554709643,212.4930203076426,-1656.924224616089,8.601857359735732e-11
q3,9600,2025-09-15,38593.19077743223,38359.81179152371,311.6319720101431,-78.25298610166878,4.720989466022729e-11
q3,9600,2025-09-16,42855.02529736279,44653.393828987726,299.2523765104711,-2097.620908135492,8.033858023281938e-11
q3,9600,2025-09-17,43098.21170935432,45268.26223169025,40.63127785922216,-2210.6818001952374,9.077860241291091e-11
q3,9600,2025-09-18,39048.07210306257,36237.1222423056,2813.455595977519,-2.505735220628931,8.001838355808921e-11
q3,9600,2025-09-19,18437.84188018533,18521.067229902626,19.360180789847266,-102.5855305071765,3.2543425732001196e-11
q3,9600,2025-09-20,20664.333939942517,20789.999200620943,1.6730723473301622e-13,-125.66526067847006,4.1764876890226784e-11
q3,9600,2025-09-21,41962.24941089844,43287.082074529186,1.3710567348113043e-12,-1324.832663630805,5.841015848773168e-11
q3,9600,2025-09-22,44486.51924262853,47425.40280845977,315.11067215879046,-3253.994237990146,1.1127336563276915e-10
q3,9600,2025-09-23,43196.45827580866,44090.29219916441,45.25481085317134,-939.0887342089902,7.31436473611069e-11
q3,9600,2025-09-24,42178.32475381645,39252.41288892245,2939.9578190308166,-14.045954136913759,9.5417410861387e-11
q3,9600,2025-09-25,41492.58693343213,42069.296674389785,118.36909402889067,-695.0788349866144,6.282819953185026e-11
q3,9600,2025-09-26,19133.480791365815,20097.77011137527,1.8106049992638872e-13,-964.2893200094879,3.802004755470989e-11
q3,9600,2025-09-27,21156.29360830922,20222.862616937502,301.46315386019205,-13.315924321838795,645.2837618333662
q3,9600,2025-09-28,43693.96664012842,42308.065507993924,1410.3858257343747,-24.48469359996335,8.20280598445855e-11
q3,9600,2025-09-29,45419.36135904382,47405.85313151272,2.695123650725352,-2075.9661046596857,86.77920854006169
q3,9600,2025-09-30,46455.055994414375,45457.273567244454,1332.1383171073062,-334.3558899374451,6.655109263675741e-11
q3,9600,2025-10-01,41183.28026043203,43072.88877631514,6.270738595048898e-13,-1889.6085158831413,3.3610257688110323e-11
q3,9600,2025-10-02,41383.97114577783,45207.883301780144,0.0,-3823.912156002363,4.607144887813774e-11
q3,9600,2025-10-03,16944.376552117927,16853.472298574776,134.34381886992125,-43.43956532680937,4.010325937997549e-11
q3,9600,2025-10-04,21010.600098799252,21754.375548712218,0.0,-743.7754499129987,3.562483641417202e-11
q3,9600,2025-10-05,43252.66309071016,46941.718376405435,5.594607443981659e-13,-3689.055285695327,4.7565357874646e-11
q3,9600,2025-10-06,40385.28066904626,39013.87840949176,1393.8060276547665,-22.403768100335284,7.247222555406551e-11
q3,9600,2025-10-07,42567.13750751449,42439.6555525098,734.973374363431,-607.4914193587817,3.804762016557106e-11
q3,9600,2025-10-08,39418.604195267755,40044.489544730546,4.2651322473830074e-13,-1320.0299506172905,694.144601154503
q3,9600,2025-10-09,40240.028010644186,42918.73424668453,3.645936885732226e-14,-3878.2700841442465,1199.5638481039068
q3,9600,2025-10-10,17034.615651724926,16828.334553079465,366.2240287968705,-159.94293015144257,3.0983354548652644e-11
q3,9600,2025-10-11,17981.757485410053,17996.038975191663,4.521244832596988,-18.802734614233877,3.022745431735529e-11
q3,9600,2025-10-12,41649.346270032096,40857.414412986334,298.6226333042861,-1109.2327844927595,1602.5420082342355
q3,9600,2025-10-13,40914.59615290591,42417.63647461205,833.9698748398982,-2337.0101965461236,8.504009940679679e-11
q3,9600,2025-10-14,42985.050175476994,44120.98073841446,528.5906554894682,-1664.5212184269826,5.170142003407818e-11
q3,9600,2025-10-15,43841.85478901579,46074.18654277665,3.434834839261158,-2235.766588600192,6.795596479980405e-11
q3,9600,2025-10-16,41378.65009497588,39295.80919567806,2085.922598382097,-3.0816990843470866,6.41962358827186e-11
q3,9600,2025-10-17,17062.219058843984,16048.471920676058,1057.176574179942,-43.429436012050836,3.658772129710997e-11
q3,9600,2025-10-18,18637.034027238034,19125.58925611827,1.6057981611083962e-13,-488.55522888028065,4.5747128751827406e-11
q3,9600,2025-10-19,45183.156126583184,46624.96837268688,0.7198762265661804,-1442.5321223303288,6.497305449215674e-11
q3,9600,2025-10-20,44794.728943803406,45552.40418299189,15.996783558699775,-773.6720227472483,5.961527094200391e-11
q3,9600,2025-10-21,45398.363460419874,45239.405998499424,407.43381612313755,-248.4763542027593,6.96510094044811e-11
q3,9600,2025-10-22,44294.84567621256,44587.87136316496,8.154671604643227e-13,-293.0256869524732,7.062239149036032e-11
q3,9600,2025-10-23,46615.18055311416,51339.22714544575,0.13523465420226347,-4724.181826985851,6.249861506102406e-11
q3,9600,2025-10-24,17391.46224946515,17302.537471577372,89.34152764937207,-0.41674976164366395,4.575805068185446e-11
q3,9600,2025-10-25,19200.302618215625,18126.74295609629,450.3472807473239,-15.717824682383936,638.9302060543954
q3,9600,2025-10-26,47117.520125266106,50507.828318258275,0.3200461779099295,-3390.6282391701493,6.637529992303825e-11
q3,9600,2025-10-27,44000.840678003304,43631.70469100773,649.5150085832347,-280.3790215877409,8.60194830920591e-11
q3,9600,2025-10-28,45516.4625947476,44949.93289203934,733.5050812186397,-166.97537851045252,7.729851528304188e-11
q3,9600,2025-10-29,47758.078382212785,48199.59025014967,11.219037170530017,-452.7309051074708,6.625895210277122e-11
q3,9600,2025-10-30,43535.27860804006,40135.45940675319,3525.0731620004503,-125.25396071364948,7.281810532333566e-11
q3,9600,2025-10-31,18655.830184317514,18862.779664672984,1.2775274171872296e-13,-206.94948035549282,2.3588725639456244e-11
q3,9600,2025-11-01,19883.07088033473,20183.344578650725,1.4995151786934005e-13,-300.2736983160165,2.3211185862237473e-11
q3,9600,2025-11-02,48179.27530143595,45939.81023562914,1648.0484403463183,-305.65457332321955,897.0711987837147
q3,9600,2025-11-03,48599.61644551929,49573.59470398331,30.804013477782117,-1004.7822719418799,7.326638140625618e-11
q3,9600,2025-11-04,46958.88033568274,47891.03072781311,1.477375555225535e-13,-1017.9362829904197,85.78589086006025
q3,9600,2025-11-05,49216.71299892274,50938.52521500923,10.909164280393105,-1917.4408341668682,184.71945379998485
q3,9600,2025-11-06,48687.47509479954,48514.755937200156,485.5397607183411,-312.82060311902507,6.840377864136827e-11
q3,9600,2025-11-07,18713.723339478256,18333.85439125702,380.3676248905643,-0.4986766693722145,4.554564725367527e-11
q3,9600,2025-11-08,19464.11066911953,19556.70108757523,15.72856537386337,-108.31898382959787,3.34166259108315e-11
q3,9600,2025-11-09,48802.90390659739,49182.6180966835,1.1334080340930084e-12,-379.7141900861726,6.971442712000453e-11
q3,9600,2025-11-10,52404.832486424,49817.45117095815,3109.145726381743,-883.7191141480816,361.9547032321892
q3,9600,2025-11-11,51264.37993125065,53247.784797342276,1.5474075179893025,-1984.9522736096694,5.804437996914657e-11
q3,9600,2025-11-12,49885.58024572413,49588.40635373555,1121.7719700589425,-824.5980780704217,6.056645596164146e-11
q3,9600,2025-11-13,50756.63355595363,48025.23870344871,2059.118143786116,-297.5665580999654,969.8432668187675
q3,9600,2025-11-14,19478.772854226456,19171.75340497605,308.87945120927327,-1.860001958934956,6.711027822348114e-11
q3,9600,2025-11-15,21881.03202749144,22877.56776239587,6.619984560529702e-14,-996.5357349044899,6.209731395756534e-11
q3,9600,2025-11-16,50741.25574418575,49903.99465618976,855.5291930450683,-18.26810504915493,7.353764930329021e-11
q3,9600,2025-11-17,51049.93589506894,49397.47806257267,1736.5798097171098,-84.12197722090968,7.050673289654697e-11
q3,9600,2025-11-18,50846.812661219505,50491.83414800584,516.2038758195524,-161.2253626059573,7.818422886884945e-11
q3,9600,2025-11-19,53102.410202354935,50037.22183812673,3374.512708523442,-315.62540179531857,6.301057500085977
q3,9600,2025-11-20,51037.48055203626,49731.59177283784,1451.8357602596736,-145.9469810613176,6.190349921553207e-11
q3,9600,2025-11-21,19610.165472596,19611.20029178114,1.5668319974793122e-13,-1.0348191851958615,5.668592883978363e-11
q3,9600,2025-11-22,21599.334103336107,22536.67590076079,1.7481056602264288e-13,-937.341797424729,4.3043296038547396e-11
q3,9600,2025-11-23,52263.63776269968,50583.16358872786,2165.920364325028,-485.44619035327054,6.193651791441823e-11
q3,9600,2025-11-24,50481.962813469494,49693.891420507185,1012.4261740191295,-283.47071004204406,59.11592898522823
q3,9600,2025-11-25,55338.21800092593,57970.25843332677,1.0744599876488792e-12,-2632.040432400918,8.409876528503446e-11
q3,9600,2025-11-26,54297.64392434983,55053.17949678197,199.18876709558634,-960.4182851132052,5.6939455854767385
q3,9600,2025-11-27,51871.976212452064,52284.84574685478,102.18179838449618,-515.0513327872758,6.531355767336322e-11
q3,9600,2025-11-28,20431.922325427622,20822.94151464337,1.4958061456127325e-13,-391.0191892158093,5.93901381407136e-11
q3,9600,2025-11-29,23521.25967089853,24898.838181520103,1.0344365364289843e-13,-1377.578510621625,5.0932242312562435e-11
q3,9600,2025-11-30,54795.71188906532,54593.78014408553,442.19365183237886,-240.26190685267233,8.17472196601443e-11
q3,9600,2025-12-01,69666.69308072902,58675.550425246875,913.14228855828,-392.9410424151431,10470.941409339011
q3,9600,2025-12-02,70776.47577403669,59212.303792026374,2191.607125114853,-911.7509048576096,10284.315761753058
q3,9600,2025-12-03,65497.37001214996,52212.25210656254,11660.095112798641,-2.829771972301387e-14,1625.022792788781
q3,9600,2025-12-04,69304.11329142387,58559.38684000551,3298.408364175285,-979.736502540203,8426.05458978328
q3,9600,2025-12-05,28069.16297325585,23896.87956999486,1418.8955734274582,-150.41851251518617,2903.80634234871
q3,9600,2025-12-06,27013.20640984093,23888.825928518574,3125.6066463802267,-1.2261650579288645,5.53772885325543e-11
q3,9600,2025-12-07,67777.91754224958,59810.677871867345,1645.4234388665768,-664.7967270230482,6986.6129585387225
q3,9600,2025-12-08,64974.544539955736,65942.1375074631,4.217724836053094e-13,-967.592967507424,5.2473410505626814e-11
q3,9600,2025-12-09,64056.42909719278,65521.57433565137,3.56322971128975e-13,-1465.1452384586523,5.850055728728875e-11
q3,9600,2025-12-10,60820.60672568093,59064.85367523426,1875.8213887291738,-120.06833828256865,6.334001056984562e-11
q3,9600,2025-12-11,62106.47450472377,63817.45177803963,1.097512480896512e-12,-1710.97727331594,7.975740601295911e-11
q3,9600,2025-12-12,28419.95865464156,28500.023076853773,385.4134159292589,-465.4778381415256,4.702833544811824e-11
q3,9600,2025-12-13,27734.568764387193,28434.47902843203,124.31157032528112,-824.2218343701567,4.149551546817065e-11
q3,9600,2025-12-14,62960.91175417993,61665.10577400712,1352.4447710309923,-56.638790858230934,4.569984923818993e-11
q3,9600,2025-12-15,61501.70012205346,59372.276319838165,2175.2255301095283,-45.80172789432282,8.864382294859752e-11
q3,9600,2025-12-16,63920.25619358318,65424.46049945129,5.125670554662065e-13,-1504.2043058681738,6.641420924324849e-11
q3,9600,2025-12-17,63444.45858231961,65394.56678721424,9.761834007804283e-13,-1950.1082048947105,9.205031403780595e-11
q3,9600,2025-12-18,61754.25392633972,62401.66957353719,14.76663230713119,-662.1822795046745,7.644685240393302e-11
q3,9600,2025-12-19,25804.975073185822,25746.028338001543,764.5361953456103,-705.5894601613961,6.410227015862802e-11
q3,9600,2025-12-20,26708.942968335272,27811.55611879871,77.74367149295607,-1180.3568219564609,6.610522262917584e-11
q3,9600,2025-12-21,63656.05184387216,64223.69929504698,5.453728135762504e-13,-666.1332599048944,98.48580873006587
q3,9600,2025-12-22,62273.43144814449,61764.18930764464,158.0926907410616,-187.60122768570562,538.750677444475
q3,9600,2025-12-23,62234.020946619756,63429.83454099521,221.92597659567673,-1417.7395709712237,9.998259997701097e-11
q3,9600,2025-12-24,60894.34055756488,60445.25979513541,455.1324305512622,-401.4939074633621,395.44223934156804
q3,9600,2025-12-25,61220.28167357387,60321.81783739812,191.24290476343086,-276.5969827515331,983.8179141638542
q3,9600,2025-12-26,27232.661303732617,27330.95387397232,297.71589020059145,-396.00846044036234,6.68254838132043e-11
q3,9600,2025-12-27,26833.592357254503,27014.169733681694,326.1918040321871,-506.7691804594603,8.080043389924185e-11
q3,9600,2025-12-28,60063.46665686034,60480.17191627959,349.0774492574713,-765.7827086767974,8.415027252794971e-11
q3,9600,2025-12-29,61146.19076345912,61420.48336410806,218.05357498494408,-492.3461756339377,5.7287110166726055e-11
q3,9600,2025-12-30,61485.85543801661,62832.08913201318,62.305780292977644,-1429.6434503125813,21.103976023035777
q3,9600,2025-12-31,62725.33508686844,63184.10783100296,9.99733629214461e-13,-552.3066808012654,93.5339366667377
q4_2,0,2025-02-01,32770.121034170996,31932.43242416743,0.0,0.0,837.6886100035672
q4_2,0,2025-02-02,76448.235141735,75860.09582579453,0.0,0.0,588.1393159404589
q4_2,0,2025-02-03,76327.65210078824,74730.47622656566,0.0,0.0,1597.1758742225927
q4_2,0,2025-02-04,81295.18943880548,74008.76866289358,0.0,0.0,7286.420775911897
q4_2,0,2025-02-05,76879.9622685767,73225.23616217427,0.0,0.0,3654.7261064024224
q4_2,0,2025-02-06,76370.43120039001,75256.93866684953,0.0,0.0,1113.4925335404753
q4_2,0,2025-02-07,32318.062068071427,30760.08722831547,0.0,0.0,1557.974839755955
q4_2,0,2025-02-08,30717.393573166773,29010.90467396203,0.0,0.0,1706.4888992047404
q4_2,0,2025-02-09,77830.16788765721,68990.8273098073,0.0,0.0,8839.340577849895
q4_2,0,2025-02-10,71028.61350711188,69775.6575884083,0.0,0.0,1252.9559187035713
q4_2,0,2025-02-11,70638.27418253405,69306.34097862929,0.0,0.0,1331.9332039047633
q4_2,0,2025-02-12,71273.01041431761,68671.79031362713,0.0,0.0,2601.2201006904716
q4_2,0,2025-02-13,69992.4930544638,67512.33909503046,0.0,0.0,2480.153959433342
q4_2,0,2025-02-14,29830.416034959933,28091.03120529092,0.0,0.0,1739.3848296690173
q4_2,0,2025-02-15,30642.798452019106,27860.65810597498,0.0,0.0,2782.1403460441247
q4_2,0,2025-02-16,71817.29334596521,65957.98228286285,0.0,0.0,5859.311063102356
q4_2,0,2025-02-17,67430.94686162399,65215.31896875262,0.0,0.0,2215.6278928713646
q4_2,0,2025-02-18,66631.42547219429,64038.86748081572,0.0,0.0,2592.55799137857
q4_2,0,2025-02-19,69594.0789802286,63914.83798051979,0.0,0.0,5679.240999708794
q4_2,0,2025-02-20,67202.46335888002,64341.60709177403,0.0,0.0,2860.856267105993
q4_2,0,2025-02-21,28167.866993173095,26820.367319337383,0.0,0.0,1347.4996738357147
q4_2,0,2025-02-22,29336.729423730714,27286.333760672376,0.0,0.0,2050.395663058334
q4_2,0,2025-02-23,67571.18565780719,62557.99895620602,0.0,0.0,5013.186701601175
q4_2,0,2025-02-24,64866.57040803058,62622.48429466974,0.0,0.0,2244.0861133608414
q4_2,0,2025-02-25,63249.22985218334,61725.03566009524,0.0,0.0,1524.1941920881015
q4_2,0,2025-02-26,65543.75660094214,62196.83365175166,0.0,0.0,3346.922949190489
q4_2,0,2025-02-27,65772.04764606977,60162.21685851263,0.0,0.0,5609.830787557143
q4_2,0,2025-02-28,27408.7767513128,25843.647733373517,0.0,0.0,1565.1290179392802
q4_2,0,2025-03-01,27941.242371892607,25761.835930899768,0.0,0.0,2179.4064409928374
q4_2,0,2025-03-02,75136.28413876868,60122.6994662495,0.0,0.0,15013.584672519168
q4_2,0,2025-03-03,73775.96294851477,59888.46129864811,0.0,0.0,13887.50164986668
q4_2,0,2025-03-04,63529.077848918816,60207.0261940331,0.0,0.0,3322.0516548857113
q4_2,0,2025-03-05,62916.28900823355,61754.406293766864,0.0,0.0,1161.8827144666957
q4_2,0,2025-03-06,62989.98110974813,61107.52304210286,0.0,0.0,1882.4580676452656
q4_2,0,2025-03-07,26105.52465413595,25254.738039322856,0.0,0.0,850.7866148130945
q4_2,0,2025-03-08,25621.347921642588,24327.34444449604,0.0,0.0,1294.003477146548
q4_2,0,2025-03-09,60233.59964833642,58379.29902473405,0.0,0.0,1854.3006236023766
q4_2,0,2025-03-10,61414.56167284404,58556.30700670714,0.0,0.0,2858.2546661368915
q4_2,0,2025-03-11,61241.69009246166,57010.72018398668,0.0,0.0,4230.969908474967
q4_2,0,2025-03-12,59336.093098396355,56767.81327219649,0.0,0.0,2568.2798261998655
q4_2,0,2025-03-13,66892.45589544857,56286.19134784739,0.0,0.0,10606.26454760119
q4_2,0,2025-03-14,25377.214191987605,23429.809305761417,0.0,0.0,1947.4048862261866
q4_2,0,2025-03-15,25494.430010247874,23742.813140997856,0.0,0.0,1751.6168692500169
q4_2,0,2025-03-16,59948.84666893501,56108.660645780226,0.0,0.0,3840.186023154788
q4_2,0,2025-03-17,56344.87724180885,54981.57560883607,0.0,0.0,1363.3016329727693
q4_2,0,2025-03-18,61326.174868482805,54492.82312619715,0.0,0.0,6833.351742285659
q4_2,0,2025-03-19,57363.805177275724,54079.2112749269,0.0,0.0,3284.5939023488218
q4_2,0,2025-03-20,58900.38772241953,54525.61142497309,0.0,0.0,4374.776297446444
q4_2,0,2025-03-21,24888.939786215724,22923.009335922856,0.0,0.0,1965.9304502928685
q4_2,0,2025-03-22,24214.29560460522,23373.339020890948,0.0,0.0,840.9565837142762
q4_2,0,2025-03-23,56363.980887254045,53541.785802018334,0.0,0.0,2822.195085235723
q4_2,0,2025-03-24,57292.09356259499,53203.651493930716,0.0,0.0,4088.4420686642793
q4_2,0,2025-03-25,58468.704153296974,53011.779394616795,0.0,0.0,5456.924758680171
q4_2,0,2025-03-26,55305.017775008535,53103.528243522436,0.0,0.0,2201.4895314861014
q4_2,0,2025-03-27,54670.86966784711,52504.71488266699,0.0,0.0,2166.1547851801165
q4_2,0,2025-03-28,24179.78058337542,22855.680656315926,0.0,0.0,1324.099927059496
q4_2,0,2025-03-29,23976.824615405585,22268.05638700511,0.0,0.0,1708.7682284004782
q4_2,0,2025-03-30,53711.12768829047,51495.83860885953,0.0,0.0,2215.2890794309506
q4_2,0,2025-03-31,53959.475282976644,51102.03685293976,0.0,0.0,2857.438430036885
q4_2,0,2025-04-01,54158.3227848236,51698.79480209739,0.0,0.0,2459.527982726203
q4_2,0,2025-04-02,59629.30340010882,50893.90228829095,0.0,0.0,8735.401111817884
q4_2,0,2025-04-03,55978.44724980405,51450.102096881434,0.0,0.0,4528.345152922612
q4_2,0,2025-04-04,23697.287424044756,21983.699777351903,0.0,0.0,1713.5876466928532
q4_2,0,2025-04-05,23321.42292327,22286.05533427713,0.0,0.0,1035.3675889928732
q4_2,0,2025-04-06,53409.10716278877,50003.86448974476,0.0,0.0,3405.2426730440093
q4_2,0,2025-04-07,51592.22380212642,50076.08520754907,0.0,0.0,1516.138594577351
q4_2,0,2025-04-08,55959.90480650691,51020.31749372119,0.0,0.0,4939.587312785717
q4_2,0,2025-04-09,54322.78075550953,50830.372025680954,0.0,0.0,3492.4087298285735
q4_2,0,2025-04-10,54923.55457153999,50690.04412147334,0.0,0.0,4233.510450066662
q4_2,0,2025-04-11,23789.742081061202,21407.3020542136,0.0,0.0,2382.440026847599
q4_2,0,2025-04-12,22042.95331677403,21484.684239399023,0.0,0.0,558.269077375001
q4_2,0,2025-04-13,53135.53945883423,49644.09681198407,0.0,0.0,3491.442646850158
q4_2,0,2025-04-14,50883.89250892149,48386.14992613097,0.0,0.0,2497.742582790513
q4_2,0,2025-04-15,50839.93713833333,48949.432470696425,0.0,0.0,1890.5046676369022
q4_2,0,2025-04-16,51516.505104463344,48958.597130918104,0.0,0.0,2557.9079735452387
q4_2,0,2025-04-17,50866.987341527376,48847.720994471434,0.0,0.0,2019.2663470559414
q4_2,0,2025-04-18,22358.41413073881,21242.374516825716,0.0,0.0,1116.039613913093
q4_2,0,2025-04-19,22065.307847816184,20969.201555904336,0.0,0.0,1096.1062919118508
q4_2,0,2025-04-20,51250.53171203169,48022.834029674515,0.0,0.0,3227.697682357179
q4_2,0,2025-04-21,49495.9115878967,47883.07900375618,0.0,0.0,1612.8325841405097
q4_2,0,2025-04-22,50191.18780897044,47588.67591547166,0.0,0.0,2602.511893498791
q4_2,0,2025-04-23,49500.22947768048,47848.22414268287,0.0,0.0,1652.0053349976088
q4_2,0,2025-04-24,48945.63053295712,47450.12543415119,0.0,0.0,1495.5050988059252
q4_2,0,2025-04-25,21027.848424830954,20003.086027432142,0.0,0.0,1024.7623973988116
q4_2,0,2025-04-26,22502.517786506192,20276.473316435953,0.0,0.0,2226.0444700702383
q4_2,0,2025-04-27,52518.8883627122,45550.03098317072,0.0,0.0,6968.857379541482
q4_2,0,2025-04-28,55942.672458135945,46847.11864966577,0.0,0.0,9095.55380847018
q4_2,0,2025-04-29,49059.54277847215,45940.00506600071,0.0,0.0,3119.5377124714246
q4_2,0,2025-04-30,48233.268800885984,46121.17562542526,0.0,0.0,2112.0931754607277
q4_2,0,2025-05-01,60910.37167015187,47404.722298929286,0.0,0.0,13505.649371222595
q4_2,0,2025-05-02,31573.35070503618,20868.947460418338,0.0,0.0,10704.403244617846
q4_2,0,2025-05-03,28077.056758314997,21562.893321998334,0.0,0.0,6514.163436316665
q4_2,0,2025-05-04,56649.798083333124,49356.2818222807,0.0,0.0,7293.51626105242
q4_2,0,2025-05-05,62666.76921526306,48018.9292754381,0.0,0.0,14647.83993982496
q4_2,0,2025-05-06,62843.3507958426,47298.59211868072,0.0,0.0,15544.758677161884
q4_2,0,2025-05-07,61311.96174889785,48436.00826480381,0.0,0.0,12875.953484094043
q4_2,0,2025-05-08,56471.2985906031,53018.18825657334,0.0,0.0,3453.110334029761
q4_2,0,2025-05-09,24986.464671371665,24246.65347890739,0.0,0.0,739.8111924642783
q4_2,0,2025-05-10,24789.92934537147,23359.167034439597,0.0,0.0,1430.7623109318693
q4_2,0,2025-05-11,53851.4135179324,50793.646787897844,0.0,0.0,3057.7667300345574
q4_2,0,2025-05-12,53940.92652902711,52830.34389799263,0.0,0.0,1110.5826310344787
q4_2,0,2025-05-13,53667.63735190619,53135.63025460499,0.0,0.0,532.007097301196
q4_2,0,2025-05-14,52511.414472370016,51424.80122774499,0.0,0.0,1086.6132446250342
q4_2,0,2025-05-15,54789.540298718086,49753.831625556195,0.0,0.0,5035.7086731619
q4_2,0,2025-05-16,23955.328515130874,23280.302584703568,0.0,0.0,675.0259304273038
q4_2,0,2025-05-17,24826.09379361142,23856.993230598335,0.0,0.0,969.100563013087
q4_2,0,2025-05-18,53837.44055632786,50464.68366818143,0.0,0.0,3372.7568881464335
q4_2,0,2025-05-19,51759.80387441312,48475.93339208931,0.0,0.0,3283.8704823238086
q4_2,0,2025-05-20,52690.58102509834,48523.87927335191,0.0,0.0,4166.701751746432
q4_2,0,2025-05-21,52635.68631446357,50161.276560427854,0.0,0.0,2474.409754035717
q4_2,0,2025-05-22,50655.19467226929,49937.79308028477,0.0,0.0,717.401591984516
q4_2,0,2025-05-23,24296.204451600704,22166.992695685236,0.0,0.0,2129.2117559154694
q4_2,0,2025-05-24,23695.551011803862,22798.75428173595,0.0,0.0,896.7967300679102
q4_2,0,2025-05-25,51020.30687653021,49162.95448219023,0.0,0.0,1857.3523943399748
q4_2,0,2025-05-26,52340.513780626425,49607.35647480381,0.0,0.0,2733.157305822616
q4_2,0,2025-05-27,51305.945342734296,50577.083893654526,0.0,0.0,728.861449079763
q4_2,0,2025-05-28,53549.24060713499,48998.32912755049,0.0,0.0,4550.911479584509
q4_2,0,2025-05-29,55277.35648447357,48035.84762350452,0.0,0.0,7241.5088609690465
q4_2,0,2025-05-30,24075.298326590717,23206.584633034763,0.0,0.0,868.7136935559541
q4_2,0,2025-05-31,24216.568284814282,23234.495300929764,0.0,0.0,982.0729838845182
q4_2,0,2025-06-01,88586.14517359115,53315.64819307453,0.0,0.0,35270.496980516626
q4_2,0,2025-06-02,95653.76866869336,52872.91078203737,0.0,0.0,42780.857886656
q4_2,0,2025-06-03,78514.4509153293,56304.37010988523,0.0,0.0,22210.080805444068
q4_2,0,2025-06-04,76246.43217794999,58152.85578213572,0.0,0.0,18093.576395814256
q4_2,0,2025-06-05,77129.42390327045,59260.88289157167,0.0,0.0,17868.54101169878
q4_2,0,2025-06-06,45701.500495837856,25325.788068249763,0.0,0.0,20375.712427588096
q4_2,0,2025-06-07,41834.74813321378,25466.662305300728,0.0,0.0,16368.085827913053
q4_2,0,2025-06-08,73259.17537135215,72904.70962584142,0.0,0.0,354.46574551071467
q4_2,0,2025-06-09,73217.4678190668,72258.8313646193,0.0,0.0,958.6364544475141
q4_2,0,2025-06-10,69383.43998069779,67118.09911984179,0.0,0.0,2265.3408608559967
q4_2,0,2025-06-11,80127.88642287305,67246.72892111323,0.0,0.0,12881.157501759815
q4_2,0,2025-06-12,73092.65582441643,72391.79914689262,0.0,0.0,700.8566775238091
q4_2,0,2025-06-13,34862.291364698656,34360.55931853554,0.0,0.0,501.73204616312466
q4_2,0,2025-06-14,33309.26241603619,33170.597463502854,0.0,0.0,138.6649525333341
q4_2,0,2025-06-15,69479.88293266259,68454.72087941153,0.0,0.0,1025.1620532510653
q4_2,0,2025-06-16,73079.82735306176,72039.10366817476,0.0,0.0,1040.7236848869895
q4_2,0,2025-06-17,76751.51142371239,74942.25226986477,0.0,0.0,1809.2591538476313
q4_2,0,2025-06-18,73817.23569856881,73808.48117773549,0.0,0.0,8.754520833332256
q4_2,0,2025-06-19,70279.69594742215,68020.49938274952,0.0,0.0,2259.1965646726103
q4_2,0,2025-06-20,30559.07107348548,30052.88462277715,0.0,0.0,506.18645070833077
q4_2,0,2025-06-21,32669.792060675223,32390.19788646214,0.0,0.0,279.5941742130798
q4_2,0,2025-06-22,71370.1553400869,71068.85432050834,0.0,0.0,301.30101957857266
q4_2,0,2025-06-23,66944.28704726596,65049.34393382666,0.0,0.0,1894.9431134392892
q4_2,0,2025-06-24,81722.16851532049,67757.54721723477,0.0,0.0,13964.621298085724
q4_2,0,2025-06-25,69161.8419719286,63740.93016758216,0.0,0.0,5420.911804346432
q4_2,0,2025-06-26,72865.35402401976,72510.8742782674,0.0,0.0,354.4797457523815
q4_2,0,2025-06-27,30614.025292878567,30287.567562455955,0.0,0.0,326.45773042261186
q4_2,0,2025-06-28,30185.194446536563,28567.301974506736,0.0,0.0,1617.8924720298273
q4_2,0,2025-06-29,68479.95468431168,63960.78245993427,0.0,0.0,4519.172224377409
q4_2,0,2025-06-30,71599.74608206068,68480.3031061631,0.0,0.0,3119.442975897571
q4_2,0,2025-07-01,93757.28825676857,81505.82183159,0.0,0.0,12251.466425178558
q4_2,0,2025-07-02,91251.53434665737,75716.87729973477,0.0,0.0,15534.657046922595
q4_2,0,2025-07-03,96159.8395553893,71970.80728326191,0.0,0.0,24189.0322721274
q4_2,0,2025-07-04,49514.05488307975,35054.82975656191,0.0,0.0,14459.22512651784
q4_2,0,2025-07-05,46766.46901749929,34780.99609011357,0.0,0.0,11985.472927385721
q4_2,0,2025-07-06,101350.79509222096,72693.00786854359,0.0,0.0,28657.787223677373
q4_2,0,2025-07-07,94472.99088621789,65508.1920819738,0.0,0.0,28964.798804244085
q4_2,0,2025-07-08,84692.46824706739,81463.39977988048,0.0,0.0,3229.068467186905
q4_2,0,2025-07-09,82855.318421635,80949.50908103977,0.0,0.0,1905.8093405952422
q4_2,0,2025-07-10,80866.71488486997,79550.77229008665,0.0,0.0,1315.9425947833256
q4_2,0,2025-07-11,41410.54228437999,40525.42025059071,0.0,0.0,885.1220337892802
q4_2,0,2025-07-12,43562.16648058977,42753.977063851664,0.0,0.0,808.189416738102
q4_2,0,2025-07-13,81125.99323862049,80775.35510539905,0.0,0.0,350.6381332214298
q4_2,0,2025-07-14,81568.73615444715,81149.29043940906,0.0,0.0,419.44571503809533
q4_2,0,2025-07-15,78112.31256228914,76355.42831881065,0.0,0.0,1756.8842434785022
q4_2,0,2025-07-16,80603.80739528575,78575.95726880472,0.0,0.0,2027.8501264810402
q4_2,0,2025-07-17,83569.8663065381,78560.01810338095,0.0,0.0,5009.8482031571375
q4_2,0,2025-07-18,42510.606994076894,42124.108470672145,0.0,0.0,386.4985234047573
q4_2,0,2025-07-19,40310.383306504045,39808.02625480048,0.0,0.0,502.35705170356624
q4_2,0,2025-07-20,75949.58281366543,74633.26465807261,0.0,0.0,1316.318155592823
q4_2,0,2025-07-21,81931.78734454548,79570.133137405,0.0,0.0,2361.654207140461
q4_2,0,2025-07-22,81007.53789162618,77395.53879872026,0.0,0.0,3611.999092905941
q4_2,0,2025-07-23,79445.98521716121,77013.33165569571,0.0,0.0,2432.6535614654904
q4_2,0,2025-07-24,81003.80966329499,76577.26469281048,0.0,0.0,4426.544970484515
q4_2,0,2025-07-25,39956.496394125,38542.317253308334,0.0,0.0,1414.179140816666
q4_2,0,2025-07-26,42251.802155210244,41956.058999948335,0.0,0.0,295.7431552619041
q4_2,0,2025-07-27,85197.45364953403,78064.58369358761,0.0,0.0,7132.869955946416
q4_2,0,2025-07-28,81310.54786608594,75360.34396182167,0.0,0.0,5950.2039042642755
q4_2,0,2025-07-29,81982.49040705046,76978.75584315049,0.0,0.0,5003.73456389996
q4_2,0,2025-07-30,81879.42417886644,80500.86296125095,0.0,0.0,1378.5612176154773
q4_2,0,2025-07-31,85121.51615630739,80614.42318761334,0.0,0.0,4507.092968694052
q4_2,0,2025-08-01,41794.598515846665,41531.12197082047,0.0,0.0,263.4765450261886
q4_2,0,2025-08-02,38837.29906963959,38535.12006798848,0.0,0.0,302.1790016511012
q4_2,0,2025-08-03,75614.06827329214,73405.71714481714,0.0,0.0,2208.351128474989
q4_2,0,2025-08-04,74172.12027899951,72615.11762491381,0.0,0.0,1557.002654085706
q4_2,0,2025-08-05,73421.16702948144,71806.19475906,0.0,0.0,1614.9722704214337
q4_2,0,2025-08-06,77779.84348322524,70817.42848804433,0.0,0.0,6962.414995180897
q4_2,0,2025-08-07,73247.15210698926,70381.54087158099,0.0,0.0,2865.6112354082807
q4_2,0,2025-08-08,37517.68859041191,36209.54150063929,0.0,0.0,1308.1470897726244
q4_2,0,2025-08-09,38865.862558848574,35869.205751385474,0.0,0.0,2996.656807463094
q4_2,0,2025-08-10,72474.33927366335,69921.60518963596,0.0,0.0,2552.734084027387
q4_2,0,2025-08-11,72401.89571206167,69115.10836212833,0.0,0.0,3286.7873499333296
q4_2,0,2025-08-12,75432.52960450409,68687.77744618141,0.0,0.0,6744.752158322687
q4_2,0,2025-08-13,71976.27052534104,68009.40903357195,0.0,0.0,3966.861491769101
q4_2,0,2025-08-14,77163.62766190286,68592.10472271357,0.0,0.0,8571.52293918929
q4_2,0,2025-08-15,39073.50942333524,35966.66933411381,0.0,0.0,3106.8400892214413
q4_2,0,2025-08-16,38202.479076085736,36123.544466997635,0.0,0.0,2078.9346090881045
q4_2,0,2025-08-17,72615.35960964905,68749.51841040619,0.0,0.0,3865.8411992428637
q4_2,0,2025-08-18,75748.73191418,68385.61805189072,0.0,0.0,7363.113862289281
q4_2,0,2025-08-19,72166.6060706912,68841.34000137454,0.0,0.0,3325.266069316669
q4_2,0,2025-08-20,84303.64761764024,69195.14770149856,0.0,0.0,15108.499916141664
q4_2,0,2025-08-21,72640.29634733728,69501.01290055056,0.0,0.0,3139.2834467867106
q4_2,0,2025-08-22,40398.45797816779,36438.02183357265,0.0,0.0,3960.4361445951354
q4_2,0,2025-08-23,38063.8707732081,36023.83383048905,0.0,0.0,2040.0369427190567
q4_2,0,2025-08-24,73972.07300834398,69415.99700421907,0.0,0.0,4556.07600412492
q4_2,0,2025-08-25,79324.95135498286,70815.46352185785,0.0,0.0,8509.487833125011
q4_2,0,2025-08-26,73296.67014313929,70576.12078966667,0.0,0.0,2720.5493534726
q4_2,0,2025-08-27,74388.10609196193,71063.90238152022,0.0,0.0,3324.203710441696
q4_2,0,2025-08-28,79399.96505296523,69695.16732910095,0.0,0.0,9704.797723864274
q4_2,0,2025-08-29,40688.95533384393,37452.575826993925,0.0,0.0,3236.3795068500017
q4_2,0,2025-08-30,39165.553009103794,37003.56339602163,0.0,0.0,2161.989613082168
q4_2,0,2025-08-31,73165.91582115405,71574.01832396,0.0,0.0,1591.8974971940497
q4_2,0,2025-09-01,62175.91508325831,62175.91508325831,0.0,0.0,0.0
q4_2,0,2025-09-02,62509.03258687776,61918.33124682537,0.0,0.0,590.7013400523862
q4_2,0,2025-09-03,62496.3205597169,62220.89523320381,0.0,0.0,275.42532651309136
q4_2,0,2025-09-04,63497.66219812643,63313.66030776929,0.0,0.0,184.0018903571468
q4_2,0,2025-09-05,30912.676374064293,30890.88527675357,0.0,0.0,21.791097310723227
q4_2,0,2025-09-06,32309.965342669286,31811.647231329996,0.0,0.0,498.318111339291
q4_2,0,2025-09-07,62185.22166486001,61306.83493346715,0.0,0.0,878.3867313928564
q4_2,0,2025-09-08,63047.74923969548,53820.78709157167,0.0,0.0,9226.962148123808
q4_2,0,2025-09-09,59477.252780471186,54703.90497384858,0.0,0.0,4773.347806622612
q4_2,0,2025-09-10,67701.57548222927,55262.7896503281,0.0,0.0,12438.785831901181
q4_2,0,2025-09-11,59118.63986536789,54588.813002354735,0.0,0.0,4529.826863013151
q4_2,0,2025-09-12,28699.97327947714,25555.31013914501,0.0,0.0,3144.663140332135
q4_2,0,2025-09-13,28840.108297979772,25577.593796121437,0.0,0.0,3262.5145018583335
q4_2,0,2025-09-14,61397.636493407845,55559.9333140245,0.0,0.0,5837.703179383348
q4_2,0,2025-09-15,60328.80253755142,56390.003206757385,0.0,0.0,3938.7993307940433
q4_2,0,2025-09-16,60364.959899410715,57202.81493249524,0.0,0.0,3162.144966915476
q4_2,0,2025-09-17,60317.188156448785,56927.457404632136,0.0,0.0,3389.73075181666
q4_2,0,2025-09-18,61032.41062721357,56645.886823957626,0.0,0.0,4386.523803255948
q4_2,0,2025-09-19,28403.529143099528,26502.515523813814,0.0,0.0,1901.0136192857135
q4_2,0,2025-09-20,29003.634695067616,26087.43371088309,0.0,0.0,2916.200984184523
q4_2,0,2025-09-21,61502.71261132812,58583.19093107215,0.0,0.0,2919.5216802559703
q4_2,0,2025-09-22,63361.87418833548,58571.55855881047,0.0,0.0,4790.315629524999
q4_2,0,2025-09-23,62990.64526296043,59142.741271523584,0.0,0.0,3847.9039914368504
q4_2,0,2025-09-24,62233.021365401204,57504.18639262025,0.0,0.0,4728.834972780963
q4_2,0,2025-09-25,63766.732832787406,59499.9561280243,0.0,0.0,4266.776704763104
q4_2,0,2025-09-26,27818.13218755786,26295.042897472144,0.0,0.0,1523.0892900857143
q4_2,0,2025-09-27,31953.307634166908,27248.82770533596,0.0,0.0,4704.4799288309505
q4_2,0,2025-09-28,62457.59502943617,59295.67149377189,0.0,0.0,3161.9235356642803
q4_2,0,2025-09-29,63840.087859800245,60479.800601452625,0.0,0.0,3360.2872583476255
q4_2,0,2025-09-30,65763.32307771739,60585.11857623764,0.0,0.0,5178.204501479734
q4_2,0,2025-10-01,58328.87727391548,58059.16356759524,0.0,0.0,269.7137063202373
q4_2,0,2025-10-02,57583.85821885621,57089.59595514071,0.0,0.0,494.2622637154948
q4_2,0,2025-10-03,25651.491255779038,25230.025101439765,0.0,0.0,421.4661543392744
q4_2,0,2025-10-04,28037.01084953524,27087.96847309594,0.0,0.0,949.0423764393014
q4_2,0,2025-10-05,58186.222193333815,57314.8713668362,0.0,0.0,871.3508264976076
q4_2,0,2025-10-06,58344.56477561478,57555.917188669555,0.0,0.0,788.6475869452352
q4_2,0,2025-10-07,58848.118149723814,57777.598238867824,0.0,0.0,1070.5199108559925
q4_2,0,2025-10-08,57792.4913927131,53587.82303286786,0.0,0.0,4204.66835984524
q4_2,0,2025-10-09,57270.5728627553,54349.703420044505,0.0,0.0,2920.8694427107966
q4_2,0,2025-10-10,26143.327056575286,23955.54597576092,0.0,0.0,2187.7810808143618
q4_2,0,2025-10-11,26279.953484140242,24876.992803109293,0.0,0.0,1402.9606810309526
q4_2,0,2025-10-12,57065.63342283595,54823.291374328815,0.0,0.0,2242.3420485071424
q4_2,0,2025-10-13,56826.230404397385,55691.77812777715,0.0,0.0,1134.452276620239
q4_2,0,2025-10-14,59327.14836545785,55264.13397959477,0.0,0.0,4063.014385863079
q4_2,0,2025-10-15,58957.96656781901,56523.361905761885,0.0,0.0,2434.6046620571183
q4_2,0,2025-10-16,65389.69818413642,56691.13796749119,0.0,0.0,8698.560216645243
q4_2,0,2025-10-17,26535.09996956595,25104.72644653738,0.0,0.0,1430.373523028572
q4_2,0,2025-10-18,26522.607210532882,24774.30675637809,0.0,0.0,1748.3004541547884
q4_2,0,2025-10-19,64950.04494928253,58154.740360601405,0.0,0.0,6795.304588681123
q4_2,0,2025-10-20,65218.31223252929,58116.23657307101,0.0,0.0,7102.075659458276
q4_2,0,2025-10-21,62416.36696861667,58964.54975100953,0.0,0.0,3451.8172176071384
q4_2,0,2025-10-22,66350.84715454023,59766.4986831843,0.0,0.0,6584.348471355928
q4_2,0,2025-10-23,61246.01730529737,59558.1745483938,0.0,0.0,1687.842756903577
q4_2,0,2025-10-24,27879.920021890513,25453.604712680957,0.0,0.0,2426.315309209559
q4_2,0,2025-10-25,27632.353737550715,25520.41599147571,0.0,0.0,2111.937746075
q4_2,0,2025-10-26,62296.647218997576,61308.41031422143,0.0,0.0,988.236904776159
q4_2,0,2025-10-27,64081.42903222762,60686.63560141571,0.0,0.0,3394.7934308119084
q4_2,0,2025-10-28,63509.34601118883,59938.081777703024,0.0,0.0,3571.264233485799
q4_2,0,2025-10-29,65150.509754930004,62082.37109650501,0.0,0.0,3068.138658424982
q4_2,0,2025-10-30,63230.54652686621,61080.07624537448,0.0,0.0,2150.4702814917337
q4_2,0,2025-10-31,28031.848275361903,26504.486234203574,0.0,0.0,1527.3620411583283
q4_2,0,2025-11-01,27111.053824712617,25795.33177669952,0.0,0.0,1315.722048013095
q4_2,0,2025-11-02,66023.10595645901,62408.92271659345,0.0,0.0,3614.183239865564
q4_2,0,2025-11-03,64678.49773283217,63105.5755694036,0.0,0.0,1572.9221634285752
q4_2,0,2025-11-04,64800.46346900953,63151.42658635478,0.0,0.0,1649.0368826547524
q4_2,0,2025-11-05,66647.44233728648,64364.407912585266,0.0,0.0,2283.0344247012026
q4_2,0,2025-11-06,72666.52888273576,62769.87584095626,0.0,0.0,9896.653041779515
q4_2,0,2025-11-07,29957.484740374362,26766.28543318669,0.0,0.0,3191.199307187675
q4_2,0,2025-11-08,28074.137579512135,27059.93733300262,0.0,0.0,1014.2002465095169
q4_2,0,2025-11-09,68994.00285258886,65552.39852135436,0.0,0.0,3441.604331234513
q4_2,0,2025-11-10,71243.46915767339,64907.085969422165,0.0,0.0,6336.383188251235
q4_2,0,2025-11-11,67221.92090653142,65524.465756114754,0.0,0.0,1697.4551504166743
q4_2,0,2025-11-12,67936.39571895686,66017.74367573085,0.0,0.0,1918.6520432260158
q4_2,0,2025-11-13,69641.49313223286,67385.42391868407,0.0,0.0,2256.0692135487916
q4_2,0,2025-11-14,29016.44791652356,27945.180440097367,0.0,0.0,1071.267476426191
q4_2,0,2025-11-15,29585.62912552532,27196.143462398977,0.0,0.0,2389.485663126345
q4_2,0,2025-11-16,72506.65945156453,67000.36607371572,0.0,0.0,5506.293377848809
q4_2,0,2025-11-17,69868.89493955643,68841.4983622719,0.0,0.0,1027.3965772845393
q4_2,0,2025-11-18,71657.097087465,68276.47775452927,0.0,0.0,3380.6193329357147
q4_2,0,2025-11-19,71820.37893044736,67717.62590106523,0.0,0.0,4102.753029382133
q4_2,0,2025-11-20,70447.57202000762,68379.37815521001,0.0,0.0,2068.193864797596
q4_2,0,2025-11-21,29238.16031908786,28436.222176999778,0.0,0.0,801.938142088082
q4_2,0,2025-11-22,29894.957783939044,28643.777703216412,0.0,0.0,1251.1800807226327
q4_2,0,2025-11-23,72673.52424668857,69819.102915985,0.0,0.0,2854.421330703565
q4_2,0,2025-11-24,71020.98464580809,68099.98206023904,0.0,0.0,2921.0025855690383
q4_2,0,2025-11-25,71484.26096050786,69245.89764894953,0.0,0.0,2238.363311558331
q4_2,0,2025-11-26,71972.33961625262,70215.60402669548,0.0,0.0,1756.7355895571486
q4_2,0,2025-11-27,72929.78167050978,70400.79298976215,0.0,0.0,2528.9886807476223
q4_2,0,2025-11-28,30752.458663406906,28037.508896859294,0.0,0.0,2714.9497665476115
q4_2,0,2025-11-29,30301.498393658316,28833.05172053096,0.0,0.0,1468.4466731273592
q4_2,0,2025-11-30,76672.268807054,71348.68686427665,0.0,0.0,5323.5819427773495
q4_2,0,2025-12-01,98570.10594450653,77956.73191521142,0.0,0.0,20613.3740292951
q4_2,0,2025-12-02,109841.78721576187,77442.71425255835,0.0,0.0,32399.07296320352
q4_2,0,2025-12-03,96849.52283213477,79106.23840289429,0.0,0.0,17743.28442924047
q4_2,0,2025-12-04,95565.91559541534,80092.7275114831,0.0,0.0,15473.188083932246
q4_2,0,2025-12-05,40537.11212784916,33299.995044039955,0.0,0.0,7237.117083809211
q4_2,0,2025-12-06,42634.52899532716,33008.47601757238,0.0,0.0,9626.052977754778
q4_2,0,2025-12-07,94167.01429494191,80743.2441409312,0.0,0.0,13423.770154010701
q4_2,0,2025-12-08,91628.52352847051,89893.56800978244,0.0,0.0,1734.9555186880716
q4_2,0,2025-12-09,91640.38544638015,90374.03724645288,0.0,0.0,1266.3481999272876
q4_2,0,2025-12-10,91360.23630431785,88042.54694119406,0.0,0.0,3317.689363123793
q4_2,0,2025-12-11,88405.37276863094,87225.39236765468,0.0,0.0,1179.980400976247
q4_2,0,2025-12-12,39271.43896423792,37459.13814657721,0.0,0.0,1812.3008176607136
q4_2,0,2025-12-13,39357.11420098285,38458.71329578998,0.0,0.0,898.4009051928641
q4_2,0,2025-12-14,92745.90806818806,91479.20126023573,0.0,0.0,1266.7068079523322
q4_2,0,2025-12-15,90015.99255461144,88359.84392730785,0.0,0.0,1656.1486273035744
q4_2,0,2025-12-16,91281.43185051731,90147.32196644353,0.0,0.0,1134.1098840737734
q4_2,0,2025-12-17,92622.49087810784,91292.99259240189,0.0,0.0,1329.4982857059501
q4_2,0,2025-12-18,90339.45857008912,89082.47688851051,0.0,0.0,1256.9816815786075
q4_2,0,2025-12-19,38355.40817254901,36357.71638485856,0.0,0.0,1997.6917876904445
q4_2,0,2025-12-20,37632.091185878846,36491.4556376705,0.0,0.0,1140.6355482083409
q4_2,0,2025-12-21,92840.20144758731,90655.05634382193,0.0,0.0,2185.1451037653924
q4_2,0,2025-12-22,92197.36378379368,90794.59311436737,0.0,0.0,1402.7706694263165
q4_2,0,2025-12-23,89129.40065834766,88417.48229990478,0.0,0.0,711.9183584428881
q4_2,0,2025-12-24,89767.15522433858,87884.54218731237,0.0,0.0,1882.613037026204
q4_2,0,2025-12-25,90271.48565224117,87793.46899295071,0.0,0.0,2478.0166592904607
q4_2,0,2025-12-26,39022.85948447648,38063.81085347284,0.0,0.0,959.0486310036438
q4_2,0,2025-12-27,38020.70698997167,37406.14560226572,0.0,0.0,614.5613877059559
q4_2,0,2025-12-28,90722.9531774269,88489.90546001145,0.0,0.0,2233.047717415465
q4_2,0,2025-12-29,89172.88682702667,87918.05299184096,0.0,0.0,1254.8338351857162
q4_2,0,2025-12-30,89441.9659897974,88876.56122426885,0.0,0.0,565.40476552856
q4_2,0,2025-12-31,90324.47992804833,88428.27673949953,0.0,0.0,1896.2031885488043
q4_2,4800,2025-02-01,25203.228260698736,25203.228260698717,0.0,0.0,1.9137601725560676e-11
q4_2,4800,2025-02-02,68028.50531381607,68028.50531381604,0.0,0.0,2.825044020937639e-11
q4_2,4800,2025-02-03,68379.21413038707,68379.21413038702,0.0,0.0,6.03341447913408e-11
q4_2,4800,2025-02-04,69509.71732084313,67672.81826857779,0.0,0.0,1836.899052265351
q4_2,4800,2025-02-05,66181.24285831409,66181.24285831403,0.0,0.0,6.365677407416114e-11
q4_2,4800,2025-02-06,67872.6229137731,67809.61767419573,0.0,0.0,63.005239577372286
q4_2,4800,2025-02-07,24374.81322715208,24374.81322715206,0.0,0.0,1.8774414911604254e-11
q4_2,4800,2025-02-08,22193.181740549167,22193.181740549135,0.0,0.0,3.2541379368922204e-11
q4_2,4800,2025-02-09,65677.68169295134,61598.08869889632,0.0,0.0,4079.592994055042
q4_2,4800,2025-02-10,64051.916973368745,64051.91697336871,0.0,0.0,3.600078457566269e-11
q4_2,4800,2025-02-11,63432.85085731646,62843.85089224414,0.0,0.0,588.999965072318
q4_2,4800,2025-02-12,63452.30522818238,63452.30522818232,0.0,0.0,5.3778308028995524e-11
q4_2,4800,2025-02-13,58822.08929925313,58822.08929925307,0.0,0.0,5.625091148431238e-11
q4_2,4800,2025-02-14,21313.453991468436,21256.778580695973,0.0,0.0,56.67541077246317
q4_2,4800,2025-02-15,22467.671827684473,22467.671827684426,0.0,0.0,4.465383085516805e-11
q4_2,4800,2025-02-16,60010.58710659662,58452.20248220196,0.0,0.0,1558.384624394656
q4_2,4800,2025-02-17,59495.9816473707,59495.98164737066,0.0,0.0,3.613496346588363e-11
q4_2,4800,2025-02-18,56247.336519621604,56247.33651962154,0.0,0.0,7.032082027791376e-11
q4_2,4800,2025-02-19,57880.34301489785,56247.78391001286,0.0,0.0,1632.559104884996
q4_2,4800,2025-02-20,57503.18156990128,57503.18156990121,0.0,0.0,6.80188634305523e-11
q4_2,4800,2025-02-21,20776.477017941033,20776.477017941004,0.0,0.0,2.936289433819183e-11
q4_2,4800,2025-02-22,21152.461738647908,21152.461738647868,0.0,0.0,3.944078130757589e-11
q4_2,4800,2025-02-23,54311.75464861302,54311.75464861294,0.0,0.0,7.679827618289891e-11
q4_2,4800,2025-02-24,55991.39002522276,55991.39002522272,0.0,0.0,5.339532727077767e-11
q4_2,4800,2025-02-25,55558.600491293735,55558.60049129369,0.0,0.0,4.673677267419407e-11
q4_2,4800,2025-02-26,55156.42826892431,55156.428268924254,0.0,0.0,5.92405697830145e-11
q4_2,4800,2025-02-27,52334.40891806882,51561.40051381714,0.0,0.0,773.0084042516688
q4_2,4800,2025-02-28,19504.651124922908,19414.19154244788,0.0,0.0,90.45958247503172
q4_2,4800,2025-03-01,20156.139849131974,20077.77914413195,0.0,0.0,78.36070500002641
q4_2,4800,2025-03-02,72451.74958493964,51911.630244115775,0.0,0.0,20540.11934082386
q4_2,4800,2025-03-03,65046.14279163528,52641.69128053288,0.0,0.0,12404.451511102394
q4_2,4800,2025-03-04,53303.437464776354,53303.43746477629,0.0,0.0,6.219263892770498e-11
q4_2,4800,2025-03-05,55574.315031770384,55574.31503177034,0.0,0.0,3.9094050663379674e-11
q4_2,4800,2025-03-06,52534.88725929982,52534.88725929978,0.0,0.0,3.9400275486656254e-11
q4_2,4800,2025-03-07,19687.540613095436,19687.5406130954,0.0,0.0,3.906881085313785e-11
q4_2,4800,2025-03-08,18673.25821692398,18673.25821692395,0.0,0.0,2.5374207623940492e-11
q4_2,4800,2025-03-09,50438.00371959731,50438.003719597255,0.0,0.0,4.761436667166663e-11
q4_2,4800,2025-03-10,53033.75879687084,52824.15863445138,0.0,0.0,209.60016241945135
q4_2,4800,2025-03-11,49162.638079068434,48948.553153561144,0.0,0.0,214.0849255072894
q4_2,4800,2025-03-12,50143.99578780448,50143.99578780444,0.0,0.0,4.904730133148405e-11
q4_2,4800,2025-03-13,57217.306302121884,48757.901693379514,0.0,0.0,8459.404608742367
q4_2,4800,2025-03-14,17976.100923082548,17976.10092308252,0.0,0.0,2.957138534043224e-11
q4_2,4800,2025-03-15,18615.603402446282,18339.19505220571,0.0,0.0,276.4083502405739
q4_2,4800,2025-03-16,48397.330417582496,48397.33041758243,0.0,0.0,6.280807252068144e-11
q4_2,4800,2025-03-17,47706.50739810298,47706.50739810293,0.0,0.0,4.535382869264026e-11
q4_2,4800,2025-03-18,47255.73530716738,46698.58333135032,0.0,0.0,557.1519758170642
q4_2,4800,2025-03-19,47169.19150503974,47086.76839531222,0.0,0.0,82.42310972752904
q4_2,4800,2025-03-20,46944.557476340706,45783.11184636616,0.0,0.0,1161.4456299745493
q4_2,4800,2025-03-21,18416.161579086773,18201.358230678154,0.0,0.0,214.80334840861428
q4_2,4800,2025-03-22,18044.600007837886,18044.600007837864,0.0,0.0,1.9691469788085666e-11
q4_2,4800,2025-03-23,45725.5869231061,45276.59085241389,0.0,0.0,448.99607069221423
q4_2,4800,2025-03-24,45103.239792854554,45103.23979285448,0.0,0.0,6.742547498106434e-11
q4_2,4800,2025-03-25,46409.279342470116,45115.20265660685,0.0,0.0,1294.0766858632742
q4_2,4800,2025-03-26,45706.46378700986,45706.46378700982,0.0,0.0,4.2920297538273646e-11
q4_2,4800,2025-03-27,44171.13870184946,44171.13870184942,0.0,0.0,4.104291662088144e-11
q4_2,4800,2025-03-28,17581.87761015285,17364.121798202832,0.0,0.0,217.7558119500216
q4_2,4800,2025-03-29,17655.55048294053,17256.68062967485,0.0,0.0,398.8698532656784
q4_2,4800,2025-03-30,41397.77497660827,41397.77497660821,0.0,0.0,5.979042683179615e-11
q4_2,4800,2025-03-31,43420.89705635865,43420.897056358604,0.0,0.0,5.422634075102906e-11
q4_2,4800,2025-04-01,47621.0119352821,44194.01179363356,0.0,0.0,3427.000141648537
q4_2,4800,2025-04-02,52977.83799779268,43086.81427521421,0.0,0.0,9891.023722578471
q4_2,4800,2025-04-03,44088.65436017421,42712.83698451522,0.0,0.0,1375.817375658992
q4_2,4800,2025-04-04,16890.95364451019,16890.953644510166,0.0,0.0,2.4828935352161353e-11
q4_2,4800,2025-04-05,16978.721603906943,16978.721603906917,0.0,0.0,2.8823787801002255e-11
q4_2,4800,2025-04-06,42447.28117522617,42447.281175226126,0.0,0.0,4.187212709894084e-11
q4_2,4800,2025-04-07,41497.37179338439,41497.37179338434,0.0,0.0,3.735525666570538e-11
q4_2,4800,2025-04-08,44193.11314115289,43628.234472756485,0.0,0.0,564.8786683964
q4_2,4800,2025-04-09,45656.112829476406,43418.5441416228,0.0,0.0,2237.5686878536003
q4_2,4800,2025-04-10,41961.68753127295,41075.57920342541,0.0,0.0,886.1083278475423
q4_2,4800,2025-04-11,16493.727348290293,16493.72734829027,0.0,0.0,2.1100277081131934e-11
q4_2,4800,2025-04-12,16483.00292106599,16483.002921065956,0.0,0.0,3.4929222181290247e-11
q4_2,4800,2025-04-13,40914.758580371505,40744.609414593826,0.0,0.0,170.1491657776812
q4_2,4800,2025-04-14,40371.55939328866,39870.70313803495,0.0,0.0,500.85625525371387
q4_2,4800,2025-04-15,41266.89291429832,41266.89291429828,0.0,0.0,3.1367704877993675e-11
q4_2,4800,2025-04-16,40860.04030027421,40860.04030027415,0.0,0.0,4.962306210387623e-11
q4_2,4800,2025-04-17,40524.594298736054,40524.594298736,0.0,0.0,5.270315517336143e-11
q4_2,4800,2025-04-18,16037.078899170967,16037.078899170943,0.0,0.0,2.4579975388405732e-11
q4_2,4800,2025-04-19,16471.954543007938,16471.954543007912,0.0,0.0,2.038693480699294e-11
q4_2,4800,2025-04-20,40668.853118879146,39060.54481084073,0.0,0.0,1608.308308038412
q4_2,4800,2025-04-21,40224.14968641993,40224.14968641988,0.0,0.0,4.54154616136293e-11
q4_2,4800,2025-04-22,40526.642770088336,40526.64277008827,0.0,0.0,6.250931061657638e-11
q4_2,4800,2025-04-23,39203.74417707752,39203.744177077475,0.0,0.0,4.101862227656739e-11
q4_2,4800,2025-04-24,38052.67099456279,38052.67099456275,0.0,0.0,3.078967836245284e-11
q4_2,4800,2025-04-25,16117.965833367294,16117.965833367278,0.0,0.0,1.626690959710686e-11
q4_2,4800,2025-04-26,18195.82386766436,15092.925864365898,0.0,0.0,3102.898003298459
q4_2,4800,2025-04-27,42180.22699374735,36434.75575798532,0.0,0.0,5745.471235762031
q4_2,4800,2025-04-28,52132.592506429544,39507.44228722298,0.0,0.0,12625.150219206564
q4_2,4800,2025-04-29,39510.43238032014,37702.81674558463,0.0,0.0,1807.6156347355195
q4_2,4800,2025-04-30,40093.990560752405,40093.99056075237,0.0,0.0,3.462535858034243e-11
q4_2,4800,2025-05-01,50626.455825846686,37974.34486161629,0.0,0.0,12652.11096423039
q4_2,4800,2025-05-02,26683.13325058871,16425.194309516337,0.0,0.0,10257.938941072376
q4_2,4800,2025-05-03,22048.311492707937,16762.73762066824,0.0,0.0,5285.573872039691
q4_2,4800,2025-05-04,48369.158779561265,41964.39708730225,0.0,0.0,6404.761692259018
q4_2,4800,2025-05-05,52220.86652666403,41166.97294367405,0.0,0.0,11053.893582989976
q4_2,4800,2025-05-06,55950.467219043014,39898.63247390845,0.0,0.0,16051.834745134562
q4_2,4800,2025-05-07,52924.11566194285,40868.217703822724,0.0,0.0,12055.897958120138
q4_2,4800,2025-05-08,45239.77735775491,45239.777357754865,0.0,0.0,4.306196466075107e-11
q4_2,4800,2025-05-09,18569.717751272587,18569.717751272565,0.0,0.0,2.2080570261096e-11
q4_2,4800,2025-05-10,19214.791700095197,19182.09329164516,0.0,0.0,32.698408450035316
q4_2,4800,2025-05-11,41140.8636948069,40957.27543314017,0.0,0.0,183.58826166673225
q4_2,4800,2025-05-12,46949.31301768409,46949.31301768407,0.0,0.0,3.150594807266316e-11
q4_2,4800,2025-05-13,46023.910341288094,46023.910341288065,0.0,0.0,3.169638773670158e-11
q4_2,4800,2025-05-14,45038.74149076017,45038.741490760134,0.0,0.0,3.148307570199904e-11
q4_2,4800,2025-05-15,40908.40159833123,40908.40159833117,0.0,0.0,6.678866881770773e-11
q4_2,4800,2025-05-16,18733.53178797591,18733.53178797589,0.0,0.0,1.790525061551307e-11
q4_2,4800,2025-05-17,19548.160592203494,19548.16059220348,0.0,0.0,1.993336695704784e-11
q4_2,4800,2025-05-18,43100.16193193559,43100.16193193556,0.0,0.0,3.02749425529214e-11
q4_2,4800,2025-05-19,40700.686088232374,40700.68608823234,0.0,0.0,4.346914916908417e-11
q4_2,4800,2025-05-20,44083.64330499305,41035.05644568658,0.0,0.0,3048.5868593064647
q4_2,4800,2025-05-21,43609.07078164985,43609.0707816498,0.0,0.0,3.748498400568678e-11
q4_2,4800,2025-05-22,42684.606375151314,42684.606375151285,0.0,0.0,2.3365942070086024e-11
q4_2,4800,2025-05-23,16346.632842726945,16346.632842726922,0.0,0.0,2.220668804397974e-11
q4_2,4800,2025-05-24,18503.083144681666,18503.083144681652,0.0,0.0,1.6116302958835147e-11
q4_2,4800,2025-05-25,39607.71182702617,39607.71182702612,0.0,0.0,5.088694621235845e-11
q4_2,4800,2025-05-26,42685.51638292381,42341.39160912751,0.0,0.0,344.1247737963037
q4_2,4800,2025-05-27,44133.118474568444,44133.118474568415,0.0,0.0,2.7577197414530023e-11
q4_2,4800,2025-05-28,40916.27575873111,40916.275758731055,0.0,0.0,6.274906283465498e-11
q4_2,4800,2025-05-29,42420.87248569159,39507.49189354955,0.0,0.0,2913.3805921420408
q4_2,4800,2025-05-30,18991.992383860557,18991.99238386054,0.0,0.0,2.074810190322296e-11
q4_2,4800,2025-05-31,18376.173754936346,18376.173754936324,0.0,0.0,2.107499597059359e-11
q4_2,4800,2025-06-01,93515.16862953559,45268.4619610284,0.0,0.0,48246.70666850718
q4_2,4800,2025-06-02,90891.39974129577,45785.80896421643,0.0,0.0,45105.590777079335
q4_2,4800,2025-06-03,71420.40785027156,51755.61120013887,0.0,0.0,19664.796650132674
q4_2,4800,2025-06-04,64034.94867212615,52251.6997679261,0.0,0.0,11783.248904200052
q4_2,4800,2025-06-05,71814.5729573553,52612.54512737951,0.0,0.0,19202.027829975777
q4_2,4800,2025-06-06,42924.6470134314,19907.63220361559,0.0,0.0,23017.01480981581
q4_2,4800,2025-06-07,36288.62979134312,21868.10493647668,0.0,0.0,14420.524854866437
q4_2,4800,2025-06-08,66849.36994734616,66849.36994734613,0.0,0.0,2.744737415127929e-11
q4_2,4800,2025-06-09,66282.71907236816,66282.71907236811,0.0,0.0,3.769184075963495e-11
q4_2,4800,2025-06-10,59727.66501714062,59727.66501714058,0.0,0.0,4.135725006904067e-11
q4_2,4800,2025-06-11,69799.55603154923,59968.46309895487,0.0,0.0,9831.09293259436
q4_2,4800,2025-06-12,67461.67455954303,67461.67455954298,0.0,0.0,4.01181194931155e-11
q4_2,4800,2025-06-13,28751.028944058922,28684.83445965891,0.0,0.0,66.19448440001771
q4_2,4800,2025-06-14,28231.874586152197,28231.874586152186,0.0,0.0,8.274099627669785e-12
q4_2,4800,2025-06-15,60142.54652262418,60142.54652262413,0.0,0.0,4.337978509738605e-11
q4_2,4800,2025-06-16,67566.31669968033,67566.31669968029,0.0,0.0,4.378573947860787e-11
q4_2,4800,2025-06-17,69704.97365759514,69704.97365759511,0.0,0.0,2.6069457703670194e-11
q4_2,4800,2025-06-18,68209.99698914168,68209.99698914168,0.0,0.0,1.531162752144155e-11
q4_2,4800,2025-06-19,59827.47310842937,59827.473108429316,0.0,0.0,4.1784810278500113e-11
q4_2,4800,2025-06-20,24115.384510232278,24115.384510232256,0.0,0.0,1.8642708710103762e-11
q4_2,4800,2025-06-21,27895.610639823288,27895.610639823284,0.0,0.0,4.5335752929531735e-12
q4_2,4800,2025-06-22,64775.90063150052,64775.900631500495,0.0,0.0,2.5515447532598043e-11
q4_2,4800,2025-06-23,57519.206478172,57440.751947210956,0.0,0.0,78.45453096103117
q4_2,4800,2025-06-24,69283.74828543546,60507.65077091595,0.0,0.0,8776.097514519513
q4_2,4800,2025-06-25,56614.78304201653,56614.783042016476,0.0,0.0,5.063372343627748e-11
q4_2,4800,2025-06-26,66376.41903641133,66376.41903641129,0.0,0.0,4.1351128743372104e-11
q4_2,4800,2025-06-27,23953.138131126987,23953.138131126965,0.0,0.0,2.039814717136324e-11
q4_2,4800,2025-06-28,23645.373801514135,23580.21394857244,0.0,0.0,65.15985294169282
q4_2,4800,2025-06-29,56077.480517484844,56077.48051748479,0.0,0.0,4.8370399241548514e-11
q4_2,4800,2025-06-30,63361.14504679726,63361.145046797224,0.0,0.0,3.3614336120146856e-11
q4_2,4800,2025-07-01,78495.40569826872,75616.16636491826,0.0,0.0,2879.239333350464
q4_2,4800,2025-07-02,74859.61032307532,70164.95497771751,0.0,0.0,4694.655345357815
q4_2,4800,2025-07-03,86827.4090273633,64748.65403534204,0.0,0.0,22078.754992021262
q4_2,4800,2025-07-04,41670.10112801205,29296.053370417165,0.0,0.0,12374.047757594884
q4_2,4800,2025-07-05,40630.27618757226,29903.93422086777,0.0,0.0,10726.341966704491
q4_2,4800,2025-07-06,91371.57332169886,64439.44231116487,0.0,0.0,26932.131010533987
q4_2,4800,2025-07-07,84616.82930944057,58503.395362524214,0.0,0.0,26113.43394691636
q4_2,4800,2025-07-08,75037.45264549086,75037.45264549079,0.0,0.0,7.216459607661818e-11
q4_2,4800,2025-07-09,71570.81126410134,71570.8112641013,0.0,0.0,3.7116713258456e-11
q4_2,4800,2025-07-10,69410.22118404038,69410.22118404033,0.0,0.0,3.841351059463704e-11
q4_2,4800,2025-07-11,34334.91488431984,34242.1694989698,0.0,0.0,92.74538535004619
q4_2,4800,2025-07-12,37162.60530349497,37067.16757259496,0.0,0.0,95.43773090000846
q4_2,4800,2025-07-13,71944.63864759657,71944.63864759653,0.0,0.0,5.536679026363345e-11
q4_2,4800,2025-07-14,72721.77293883474,72721.77293883468,0.0,0.0,4.164604017198315e-11
q4_2,4800,2025-07-15,65909.99833131075,65909.9983313107,0.0,0.0,6.515969630527252e-11
q4_2,4800,2025-07-16,71126.45170363475,71126.4517036347,0.0,0.0,4.1932111116693705e-11
q4_2,4800,2025-07-17,70083.05211579132,70083.05211579129,0.0,0.0,3.862295550050021e-11
q4_2,4800,2025-07-18,34700.70055779308,34700.70055779306,0.0,0.0,2.1758637558377816e-11
q4_2,4800,2025-07-19,32169.513450135808,32169.513450135786,0.0,0.0,2.394210696365917e-11
q4_2,4800,2025-07-20,65624.5797832266,65624.57978322657,0.0,0.0,4.726082503125895e-11
q4_2,4800,2025-07-21,71954.78719210108,71954.78719210104,0.0,0.0,4.142481291324884e-11
q4_2,4800,2025-07-22,69744.24518663794,69744.24518663788,0.0,0.0,4.645938744829436e-11
q4_2,4800,2025-07-23,67016.08888331166,66798.8432701868,0.0,0.0,217.24561312486247
q4_2,4800,2025-07-24,66978.34141660572,66978.34141660566,0.0,0.0,5.6152041238988205e-11
q4_2,4800,2025-07-25,31251.956043989252,31251.95604398923,0.0,0.0,2.9397313028312056e-11
q4_2,4800,2025-07-26,37161.55653309974,37161.556533099734,0.0,0.0,6.29904661764158e-12
q4_2,4800,2025-07-27,72701.1603525624,68906.94962480893,0.0,0.0,3794.210727753474
q4_2,4800,2025-07-28,66866.46132627406,64905.12273847499,0.0,0.0,1961.338587799077
q4_2,4800,2025-07-29,67689.93126923224,67669.80467020503,0.0,0.0,20.12659902721871
q4_2,4800,2025-07-30,73259.86710365814,73259.86710365808,0.0,0.0,4.853908919244531e-11
q4_2,4800,2025-07-31,72219.20534855954,72219.2053485595,0.0,0.0,4.1672439721196496e-11
q4_2,4800,2025-08-01,34162.36505480635,34162.36505480634,0.0,0.0,1.6355329535144847e-11
q4_2,4800,2025-08-02,32110.071261772977,32110.07126177296,0.0,0.0,1.7188312995131127e-11
q4_2,4800,2025-08-03,63285.9007665182,62205.444553639696,0.0,0.0,1080.4562128784999
q4_2,4800,2025-08-04,65039.50309708888,65039.50309708885,0.0,0.0,3.3986410130637525e-11
q4_2,4800,2025-08-05,62630.725649137166,62630.72564913712,0.0,0.0,4.1190176602867726e-11
q4_2,4800,2025-08-06,62231.73107144259,60724.2241553798,0.0,0.0,1507.5069160627918
q4_2,4800,2025-08-07,60962.8216553565,60962.821655356456,0.0,0.0,4.572801515223546e-11
q4_2,4800,2025-08-08,30051.7943016483,29846.93743475659,0.0,0.0,204.8568668917111
q4_2,4800,2025-08-09,29615.704505289817,29341.896674512183,0.0,0.0,273.80783077763596
q4_2,4800,2025-08-10,59117.44326794095,59117.443267940864,0.0,0.0,7.650907463130353e-11
q4_2,4800,2025-08-11,59058.1641710079,58915.71264161383,0.0,0.0,142.4515293940781
q4_2,4800,2025-08-12,62845.53376095874,59100.16567805594,0.0,0.0,3745.368082902798
q4_2,4800,2025-08-13,59538.14633076888,59538.14633076883,0.0,0.0,5.320289453436544e-11
q4_2,4800,2025-08-14,60896.08055329189,58115.91797521572,0.0,0.0,2780.1625780761624
q4_2,4800,2025-08-15,28728.12245580002,28416.54070120767,0.0,0.0,311.58175459235014
q4_2,4800,2025-08-16,30929.730975475606,30848.5787957269,0.0,0.0,81.1521797487091
q4_2,4800,2025-08-17,57347.32201222138,56998.85129960587,0.0,0.0,348.4707126155123
q4_2,4800,2025-08-18,59482.39771804929,59400.60585066231,0.0,0.0,81.79186738698199
q4_2,4800,2025-08-19,59182.7198771674,59005.21871056824,0.0,0.0,177.5011665991596
q4_2,4800,2025-08-20,70918.4937164474,59400.70561811187,0.0,0.0,11517.788098335519
q4_2,4800,2025-08-21,60002.1003561159,60002.10035611584,0.0,0.0,5.58810810957766e-11
q4_2,4800,2025-08-22,31524.844602813755,29225.51751289852,0.0,0.0,2299.3270899152367
q4_2,4800,2025-08-23,31240.110581240013,30854.116141104045,0.0,0.0,385.99444013596974
q4_2,4800,2025-08-24,57967.30242295835,57967.30242295831,0.0,0.0,4.987388813049166e-11
q4_2,4800,2025-08-25,63170.160029098566,60413.565432813004,0.0,0.0,2756.5945962855744
q4_2,4800,2025-08-26,60788.181220439634,60595.35488596112,0.0,0.0,192.82633447851438
q4_2,4800,2025-08-27,61760.333018167476,61760.333018167425,0.0,0.0,5.875429920365605e-11
q4_2,4800,2025-08-28,64064.34899922882,59981.426703751014,0.0,0.0,4082.922295477808
q4_2,4800,2025-08-29,31404.140176655266,30684.516622255243,0.0,0.0,719.6235544000242
q4_2,4800,2025-08-30,31128.889588705068,30952.275100287196,0.0,0.0,176.61448841787637
q4_2,4800,2025-08-31,59786.8801025582,59786.88010255818,0.0,0.0,2.5655694457782373e-11
q4_2,4800,2025-09-01,54277.83067812898,54277.830678128965,0.0,0.0,1.5092794569682157e-11
q4_2,4800,2025-09-02,53353.20734040022,53353.20734040021,0.0,0.0,2.2705821223212297e-11
q4_2,4800,2025-09-03,53143.8175378448,53143.81753784478,0.0,0.0,1.657303982938174e-11
q4_2,4800,2025-09-04,54691.15389876418,54691.15389876416,0.0,0.0,1.9445060672751427e-11
q4_2,4800,2025-09-05,24312.126893081982,24312.126893081975,0.0,0.0,9.781075505088664e-12
q4_2,4800,2025-09-06,25908.397958434565,25806.42528063456,0.0,0.0,101.97267780000563
q4_2,4800,2025-09-07,52186.74516930426,52186.74516930424,0.0,0.0,2.3434377993680754e-11
q4_2,4800,2025-09-08,52930.32411954665,45742.199458075964,0.0,0.0,7188.124661470688
q4_2,4800,2025-09-09,48868.713874961395,47346.71420653538,0.0,0.0,1521.99966842601
q4_2,4800,2025-09-10,55698.41046708486,46564.79594856463,0.0,0.0,9133.61451852023
q4_2,4800,2025-09-11,46110.293584450046,46110.29358445,0.0,0.0,4.9168054516712804e-11
q4_2,4800,2025-09-12,20726.795900728768,20405.58202241207,0.0,0.0,321.2138783166995
q4_2,4800,2025-09-13,20973.79535952252,20973.795359522494,0.0,0.0,2.5147897986244057e-11
q4_2,4800,2025-09-14,46676.429149021016,46676.42914902095,0.0,0.0,5.948248826825874e-11
q4_2,4800,2025-09-15,48159.83836626498,48159.83836626494,0.0,0.0,3.6633359457027836e-11
q4_2,4800,2025-09-16,49247.99775879581,49247.997758795755,0.0,0.0,5.6502514667045034e-11
q4_2,4800,2025-09-17,49982.91025637995,49982.910256379895,0.0,0.0,4.412332543779485e-11
q4_2,4800,2025-09-18,47002.34003680106,47002.34003680102,0.0,0.0,4.490854427219304e-11
q4_2,4800,2025-09-19,20786.852261602155,20786.852261602122,0.0,0.0,3.564964856650477e-11
q4_2,4800,2025-09-20,21897.037398367494,21167.676335498283,0.0,0.0,729.3610628692063
q4_2,4800,2025-09-21,50531.64215677822,50531.64215677819,0.0,0.0,3.2915309589043315e-11
q4_2,4800,2025-09-22,49593.715440892105,49593.71544089206,0.0,0.0,4.296236966183642e-11
q4_2,4800,2025-09-23,50951.95237062191,50951.95237062187,0.0,0.0,4.226457761546953e-11
q4_2,4800,2025-09-24,50498.2959269314,49234.01715054248,0.0,0.0,1264.2787763889212
q4_2,4800,2025-09-25,50931.90606177331,50931.90606177327,0.0,0.0,4.557216115586016e-11
q4_2,4800,2025-09-26,20942.621977269264,20942.621977269246,0.0,0.0,2.1126282945260756e-11
q4_2,4800,2025-09-27,26034.13418899726,22168.872610350645,0.0,0.0,3865.261578646618
q4_2,4800,2025-09-28,50133.22230014202,50133.22230014195,0.0,0.0,6.200950419810169e-11
q4_2,4800,2025-09-29,51429.58983020463,51378.9787262153,0.0,0.0,50.61110398933235
q4_2,4800,2025-09-30,52883.74809909098,52883.748099090924,0.0,0.0,5.892851273614497e-11
q4_2,4800,2025-10-01,50402.63178333031,50402.631783330275,0.0,0.0,3.410254123537015e-11
q4_2,4800,2025-10-02,47754.315968684576,47754.31596868453,0.0,0.0,4.080882831658528e-11
q4_2,4800,2025-10-03,19103.910304593548,19103.910304593523,0.0,0.0,2.2680893607684994e-11
q4_2,4800,2025-10-04,20428.36957599231,20428.3695759923,0.0,0.0,1.1327248472525753e-11
q4_2,4800,2025-10-05,47926.417854186235,47926.4178541862,0.0,0.0,3.7608458569593495e-11
q4_2,4800,2025-10-06,48165.765167400496,48165.76516740046,0.0,0.0,2.7443544325933545e-11
q4_2,4800,2025-10-07,49715.1188475444,49715.11884754437,0.0,0.0,3.013390426076513e-11
q4_2,4800,2025-10-08,47757.03287498639,45824.37474863716,0.0,0.0,1932.658126349232
q4_2,4800,2025-10-09,44727.909256924126,44727.90925692409,0.0,0.0,4.0240391463441937e-11
q4_2,4800,2025-10-10,18500.136375453665,18500.136375453614,0.0,0.0,4.681328036326704e-11
q4_2,4800,2025-10-11,19012.995852849603,19012.99585284957,0.0,0.0,3.473569165635127e-11
q4_2,4800,2025-10-12,46546.91255347411,46248.254540171314,0.0,0.0,298.65801330279214
q4_2,4800,2025-10-13,46748.83736764984,46748.83736764979,0.0,0.0,4.839368017428569e-11
q4_2,4800,2025-10-14,48660.78960749991,46594.55222313056,0.0,0.0,2066.237384369352
q4_2,4800,2025-10-15,48157.58252315773,48115.236180078384,0.0,0.0,42.346343079355094
q4_2,4800,2025-10-16,53181.74566898068,46695.62653722802,0.0,0.0,6486.119131752652
q4_2,4800,2025-10-17,20230.3691096854,20230.369109685384,0.0,0.0,1.9611348989201358e-11
q4_2,4800,2025-10-18,18427.369133080156,18427.36913308012,0.0,0.0,3.454579200479202e-11
q4_2,4800,2025-10-19,53659.18287811415,49365.21794563841,0.0,0.0,4293.964932475739
q4_2,4800,2025-10-20,53715.01071757314,50417.61237906995,0.0,0.0,3297.398338503189
q4_2,4800,2025-10-21,51185.47851235685,51184.40631893884,0.0,0.0,1.0721934180012056
q4_2,4800,2025-10-22,54712.21286770407,52098.37495163139,0.0,0.0,2613.8379160726786
q4_2,4800,2025-10-23,50147.60861417487,50147.60861417483,0.0,0.0,4.279945642338134e-11
q4_2,4800,2025-10-24,18961.60101095676,18922.721963590488,0.0,0.0,38.8790473662743
q4_2,4800,2025-10-25,20792.712565431866,20162.94812537393,0.0,0.0,629.7644400579352
q4_2,4800,2025-10-26,53271.56390781974,53271.56390781969,0.0,0.0,4.555673172035312e-11
q4_2,4800,2025-10-27,52386.14624516167,52385.57475766161,0.0,0.0,0.5714875000519454
q4_2,4800,2025-10-28,52309.85438370492,52309.85438370486,0.0,0.0,6.229219007281018e-11
q4_2,4800,2025-10-29,54522.41167694902,52858.0228623318,0.0,0.0,1664.3888146172303
q4_2,4800,2025-10-30,52071.7575432073,52071.75754320726,0.0,0.0,3.4032922258120383e-11
q4_2,4800,2025-10-31,21372.536541205336,21372.53654120531,0.0,0.0,2.9022075409557147e-11
q4_2,4800,2025-11-01,19142.056856327683,19142.056856327654,0.0,0.0,2.917810704161638e-11
q4_2,4800,2025-11-02,53839.16880201646,53839.168802016386,0.0,0.0,7.270386959135067e-11
q4_2,4800,2025-11-03,55480.25023723384,55480.25023723376,0.0,0.0,7.228956677707289e-11
q4_2,4800,2025-11-04,55070.294465771156,55004.90117225662,0.0,0.0,65.39329351452852
q4_2,4800,2025-11-05,57836.517985000224,57836.517985000166,0.0,0.0,6.537829477792911e-11
q4_2,4800,2025-11-06,60324.27543028866,53825.4504943209,0.0,0.0,6498.824935967759
q4_2,4800,2025-11-07,21309.758792975073,20395.52853413616,0.0,0.0,914.2302588389147
q4_2,4800,2025-11-08,21573.388866244153,21573.388866244124,0.0,0.0,2.4685192556717084e-11
q4_2,4800,2025-11-09,57596.76838936601,57596.76838936595,0.0,0.0,6.325359791503615e-11
q4_2,4800,2025-11-10,59282.02954319771,57786.22844693798,0.0,0.0,1495.801096259718
q4_2,4800,2025-11-11,56918.45187404662,56918.45187404655,0.0,0.0,7.532348389460708e-11
q4_2,4800,2025-11-12,59184.0896107563,59184.08961075625,0.0,0.0,6.002414387751287e-11
q4_2,4800,2025-11-13,59652.06874677504,59641.942695641636,0.0,0.0,10.126051133400276
q4_2,4800,2025-11-14,21761.435103273652,21761.435103273612,0.0,0.0,4.0192816186390704e-11
q4_2,4800,2025-11-15,20678.554142133435,20588.622271529974,0.0,0.0,89.93187060346138
q4_2,4800,2025-11-16,59769.22988736986,59769.2298873698,0.0,0.0,5.681358139497661e-11
q4_2,4800,2025-11-17,62309.75647181472,62309.75647181466,0.0,0.0,6.108344408062294e-11
q4_2,4800,2025-11-18,60778.77512287884,60778.775122878775,0.0,0.0,7.182061523280935e-11
q4_2,4800,2025-11-19,62927.24408660916,61211.17456457724,0.0,0.0,1716.0695220319167
q4_2,4800,2025-11-20,59790.21132459876,59790.211324598706,0.0,0.0,4.778554085760334e-11
q4_2,4800,2025-11-21,23181.671262742504,23181.67126274247,0.0,0.0,2.943690446954861e-11
q4_2,4800,2025-11-22,21950.220388297552,21950.220388297515,0.0,0.0,3.728462161234347e-11
q4_2,4800,2025-11-23,62381.5239698299,62238.47282159145,0.0,0.0,143.05114823844832
q4_2,4800,2025-11-24,60758.068636523836,60758.068636523785,0.0,0.0,5.107303735485403e-11
q4_2,4800,2025-11-25,62832.35033138489,62832.35033138482,0.0,0.0,6.38013233356105e-11
q4_2,4800,2025-11-26,62853.00490177245,62853.004901772394,0.0,0.0,6.054310475178681e-11
q4_2,4800,2025-11-27,62976.4020923534,62976.40209235336,0.0,0.0,4.244928675234405e-11
q4_2,4800,2025-11-28,22216.60763273894,21523.860181042288,0.0,0.0,692.7474516966525
q4_2,4800,2025-11-29,23410.95697139595,22764.7044140352,0.0,0.0,646.2525573607483
q4_2,4800,2025-11-30,65370.90031214275,63559.704641605174,0.0,0.0,1811.1956705375871
q4_2,4800,2025-12-01,93475.51750943669,70277.56425421785,0.0,0.0,23197.953255218832
q4_2,4800,2025-12-02,105946.87246566893,69349.21681162367,0.0,0.0,36597.65565404526
q4_2,4800,2025-12-03,90710.64871429879,72226.33824922956,0.0,0.0,18484.31046506922
q4_2,4800,2025-12-04,87788.34136273389,71303.13492401605,0.0,0.0,16485.206438717847
q4_2,4800,2025-12-05,34083.46850082362,26305.471465775365,0.0,0.0,7777.997035048254
q4_2,4800,2025-12-06,35278.39834479647,26044.438010612947,0.0,0.0,9233.960334183519
q4_2,4800,2025-12-07,85097.2968726683,72887.49455714785,0.0,0.0,12209.802315520468
q4_2,4800,2025-12-08,81670.19020562542,81670.19020562539,0.0,0.0,2.2393450649360602e-11
q4_2,4800,2025-12-09,81674.35456927094,81674.35456927092,0.0,0.0,3.304327833575371e-11
q4_2,4800,2025-12-10,80444.44193390262,80444.44193390255,0.0,0.0,6.105926786403871e-11
q4_2,4800,2025-12-11,77141.26806808774,77141.2680680877,0.0,0.0,3.638496082203346e-11
q4_2,4800,2025-12-12,31259.25852294919,31259.25852294916,0.0,0.0,2.5596893493684548e-11
q4_2,4800,2025-12-13,31945.75251442985,31945.75251442983,0.0,0.0,1.938116156452452e-11
q4_2,4800,2025-12-14,83253.93138950174,83253.9313895017,0.0,0.0,3.692002792377025e-11
q4_2,4800,2025-12-15,80195.46513206277,80195.46513206272,0.0,0.0,5.770864675014308e-11
q4_2,4800,2025-12-16,82880.38847619564,82880.38847619561,0.0,0.0,2.987223979289411e-11
q4_2,4800,2025-12-17,83396.33490450899,83396.33490450896,0.0,0.0,3.606430709623964e-11
q4_2,4800,2025-12-18,80264.15522430227,80264.15522430226,0.0,0.0,2.9517991606553554e-11
q4_2,4800,2025-12-19,30201.403418187623,30201.403418187572,0.0,0.0,5.102415912006109e-11
q4_2,4800,2025-12-20,28530.617066538583,28530.617066538533,0.0,0.0,4.8631989102432265e-11
q4_2,4800,2025-12-21,82887.26130203411,82887.26130203408,0.0,0.0,3.111891544449463e-11
q4_2,4800,2025-12-22,83176.39252622289,82907.19913346798,0.0,0.0,269.1933927549145
q4_2,4800,2025-12-23,79584.06103836188,79584.06103836182,0.0,0.0,6.06741252795473e-11
q4_2,4800,2025-12-24,78747.89570915463,78603.59910260735,0.0,0.0,144.29660654729676
q4_2,4800,2025-12-25,79313.68570065658,78488.4692448809,0.0,0.0,825.2164557756864
q4_2,4800,2025-12-26,31981.283685313738,31981.283685313712,0.0,0.0,2.7108079336812807e-11
q4_2,4800,2025-12-27,30757.903150064285,30757.903150064267,0.0,0.0,1.6768865407357227e-11
q4_2,4800,2025-12-28,79683.93323903075,79599.20347060675,0.0,0.0,84.72976842399903
q4_2,4800,2025-12-29,79785.96467597049,79785.96467597043,0.0,0.0,5.2359382607392035e-11
q4_2,4800,2025-12-30,80157.69430008525,80157.69430008522,0.0,0.0,3.025530759259709e-11
q4_2,4800,2025-12-31,81550.43245461333,81449.37380461328,0.0,0.0,101.05865000004002
q4_2,9600,2025-02-01,20727.984810575872,20727.984810575843,0.0,0.0,2.488965833435941e-11
q4_2,9600,2025-02-02,62825.4041354161,62825.404135416065,0.0,0.0,4.0281761926053153e-11
q4_2,9600,2025-02-03,62677.14913023214,62677.14913023209,0.0,0.0,6.024280807537253e-11
q4_2,9600,2025-02-04,62538.90396717376,62538.90396717371,0.0,0.0,5.436231020894411e-11
q4_2,9600,2025-02-05,62759.96557713092,62759.96557713087,0.0,0.0,5.4849561892389433e-11
q4_2,9600,2025-02-06,62871.90255291006,62797.11336557224,0.0,0.0,74.78918733782079
q4_2,9600,2025-02-07,19416.85873724556,19416.858737245544,0.0,0.0,1.7924016049164494e-11
q4_2,9600,2025-02-08,17673.354657762466,17673.354657762426,0.0,0.0,3.8718667383363934e-11
q4_2,9600,2025-02-09,59926.2692774347,56496.7003386239,0.0,0.0,3429.568938810799
q4_2,9600,2025-02-10,59706.89007897841,59706.89007897838,0.0,0.0,3.5669472708832474e-11
q4_2,9600,2025-02-11,57897.17522010132,57627.572873358695,0.0,0.0,269.6023467426228
q4_2,9600,2025-02-12,58414.88515756516,58414.8851575651,0.0,0.0,5.6191858277543363e-11
q4_2,9600,2025-02-13,53584.54302754221,53584.54302754216,0.0,0.0,4.903606054540432e-11
q4_2,9600,2025-02-14,16430.902944534217,16430.902944534162,0.0,0.0,5.7722843394003576e-11
q4_2,9600,2025-02-15,17930.309222265205,17930.309222265165,0.0,0.0,3.8785941569585705e-11
q4_2,9600,2025-02-16,53576.002029651725,53345.86633426176,0.0,0.0,230.13569538996757
q4_2,9600,2025-02-17,54360.184598340886,54360.18459834083,0.0,0.0,5.804569980227825e-11
q4_2,9600,2025-02-18,51335.70238392519,51335.702383925134,0.0,0.0,6.363597648828544e-11
q4_2,9600,2025-02-19,53550.20914272802,52663.34528778406,0.0,0.0,886.8638549439626
q4_2,9600,2025-02-20,51864.32501604645,51771.43334891039,0.0,0.0,92.89166713606106
q4_2,9600,2025-02-21,16274.139477527697,16274.139477527668,0.0,0.0,3.0044361665204636e-11
q4_2,9600,2025-02-22,16907.48224832483,16907.482248324795,0.0,0.0,3.7430226029755426e-11
q4_2,9600,2025-02-23,49117.42526521848,49077.33995333743,0.0,0.0,40.0853118810462
q4_2,9600,2025-02-24,51253.31832455574,51129.4993037697,0.0,0.0,123.8190207860396
q4_2,9600,2025-02-25,50727.12604667646,50706.50095004097,0.0,0.0,20.62509663548094
q4_2,9600,2025-02-26,50275.69088489954,50275.69088489949,0.0,0.0,5.3622631668304166e-11
q4_2,9600,2025-02-27,45379.0591869842,45347.463688597636,0.0,0.0,31.595498386579376
q4_2,9600,2025-02-28,14587.58158958839,14497.122007113354,0.0,0.0,90.45958247503481
q4_2,9600,2025-03-01,16404.71183997424,16326.351134974211,0.0,0.0,78.36070500002847
q4_2,9600,2025-03-02,64371.0713375112,45927.4002992857,0.0,0.0,18443.6710382255
q4_2,9600,2025-03-03,60947.95984500396,48886.02259780913,0.0,0.0,12061.937247194826
q4_2,9600,2025-03-04,48979.12452263868,48979.12452263862,0.0,0.0,6.444814548700605e-11
q4_2,9600,2025-03-05,51719.83585277895,51719.83585277891,0.0,0.0,5.471356701036712e-11
q4_2,9600,2025-03-06,46524.86679893911,46524.86679893904,0.0,0.0,6.176432165716506e-11
q4_2,9600,2025-03-07,15254.089971920705,15254.089971920672,0.0,0.0,3.5702598211173605e-11
q4_2,9600,2025-03-08,14818.8609400925,14818.860940092467,0.0,0.0,3.170804774299541e-11
q4_2,9600,2025-03-09,45137.20332422309,45137.203324223025,0.0,0.0,5.839143302210914e-11
q4_2,9600,2025-03-10,49323.743714512566,48539.42132988749,0.0,0.0,784.3223846250754
q4_2,9600,2025-03-11,44724.4159528562,44451.57903358016,0.0,0.0,272.8369192760406
q4_2,9600,2025-03-12,45796.15815392176,45796.1581539217,0.0,0.0,5.824270421506128e-11
q4_2,9600,2025-03-13,50421.760266347126,43492.45223035696,0.0,0.0,6929.308035990159
q4_2,9600,2025-03-14,13723.586688866118,13723.586688866091,0.0,0.0,2.6077557890857862e-11
q4_2,9600,2025-03-15,14934.202445886865,14807.493115580717,0.0,0.0,126.7093303061462
q4_2,9600,2025-03-16,42588.64174696749,42580.56064696742,0.0,0.0,8.081100000073741
q4_2,9600,2025-03-17,42148.77138738883,42148.771387388784,0.0,0.0,4.889770366389712e-11
q4_2,9600,2025-03-18,43998.6378634499,42951.45818265065,0.0,0.0,1047.1796807992434
q4_2,9600,2025-03-19,41488.80603298445,41488.806032984416,0.0,0.0,4.023116157055029e-11
q4_2,9600,2025-03-20,42399.63278681639,41395.649359271636,0.0,0.0,1003.9834275447525
q4_2,9600,2025-03-21,13684.970353149341,13466.840463593222,0.0,0.0,218.12988955611902
q4_2,9600,2025-03-22,14759.9738070387,14759.973807038683,0.0,0.0,1.608259481145069e-11
q4_2,9600,2025-03-23,38969.94275606956,38969.94275606952,0.0,0.0,4.3394777549110585e-11
q4_2,9600,2025-03-24,40926.249267422674,40926.24926742261,0.0,0.0,6.44170476959971e-11
q4_2,9600,2025-03-25,40436.11891078479,40092.262811622706,0.0,0.0,343.8560991620796
q4_2,9600,2025-03-26,40096.94221443214,40096.9422144321,0.0,0.0,5.358127097565557e-11
q4_2,9600,2025-03-27,39601.65095004635,39601.650950046285,0.0,0.0,6.740941671523614e-11
q4_2,9600,2025-03-28,13310.139412517816,13092.383600567799,0.0,0.0,217.75581195001746
q4_2,9600,2025-03-29,13277.04258013861,13277.042580138568,0.0,0.0,4.184443014310091e-11
q4_2,9600,2025-03-30,36196.22290591272,36196.22290591266,0.0,0.0,6.089421766830582e-11
q4_2,9600,2025-03-31,38737.19265623533,38737.192656235275,0.0,0.0,5.596407959274074e-11
q4_2,9600,2025-04-01,43143.12405537641,39813.56539781949,0.0,0.0,3329.558657556913
q4_2,9600,2025-04-02,47946.01570833953,39215.67078697328,0.0,0.0,8730.34492136625
q4_2,9600,2025-04-03,37568.46563555884,37568.465635558794,0.0,0.0,4.23734562993161e-11
q4_2,9600,2025-04-04,12262.413595549977,12230.454781299955,0.0,0.0,31.958814250021835
q4_2,9600,2025-04-05,14075.718311165441,14075.718311165414,0.0,0.0,2.7631440246977943e-11
q4_2,9600,2025-04-06,35993.48118437632,35993.48118437627,0.0,0.0,5.019412974149873e-11
q4_2,9600,2025-04-07,37610.344764952315,37610.34476495226,0.0,0.0,5.5237364904314744e-11
q4_2,9600,2025-04-08,39565.77210396489,39517.97857744129,0.0,0.0,47.793526523599866
q4_2,9600,2025-04-09,41049.56807555542,39563.40935848066,0.0,0.0,1486.1587170747557
q4_2,9600,2025-04-10,34090.22513815774,34090.225138157664,0.0,0.0,6.601936064498659e-11
q4_2,9600,2025-04-11,11889.205483446643,11889.205483446633,0.0,0.0,1.0720299314925797e-11
q4_2,9600,2025-04-12,13276.510511771117,13276.5105117711,0.0,0.0,1.9753088054130785e-11
q4_2,9600,2025-04-13,35378.98395782857,35378.98395782851,0.0,0.0,5.7563735111898496e-11
q4_2,9600,2025-04-14,35177.7539410462,35035.373752438696,0.0,0.0,142.38018860750253
q4_2,9600,2025-04-15,36600.24020968994,36600.24020968988,0.0,0.0,5.493540911061245e-11
q4_2,9600,2025-04-16,37146.23257692574,37146.232576925686,0.0,0.0,5.135904074249354e-11
q4_2,9600,2025-04-17,35208.01314943873,35208.01314943867,0.0,0.0,5.6617144306159164e-11
q4_2,9600,2025-04-18,11464.194371765585,11464.194371765556,0.0,0.0,2.8303816179686694e-11
q4_2,9600,2025-04-19,12896.303691037214,12896.303691037192,0.0,0.0,2.0488087670855748e-11
q4_2,9600,2025-04-20,34269.8180020365,34269.81800203646,0.0,0.0,4.550266408109849e-11
q4_2,9600,2025-04-21,35276.97960960355,35276.97960960351,0.0,0.0,3.8866105001034155e-11
q4_2,9600,2025-04-22,36531.720976219076,36531.720976219,0.0,0.0,7.140430380303542e-11
q4_2,9600,2025-04-23,35203.34529611663,35203.34529611657,0.0,0.0,6.530832408202514e-11
q4_2,9600,2025-04-24,32340.886433455304,32340.886433455253,0.0,0.0,4.8854275291887466e-11
q4_2,9600,2025-04-25,11816.421587098728,11816.421587098708,0.0,0.0,2.145512212337053e-11
q4_2,9600,2025-04-26,14010.76449579192,11314.310330766744,0.0,0.0,2696.454165025176
q4_2,9600,2025-04-27,34628.806011644236,30921.519929868096,0.0,0.0,3707.2860817761384
q4_2,9600,2025-04-28,52131.794550153376,34525.142656071934,0.0,0.0,17606.65189408144
q4_2,9600,2025-04-29,33225.33206182673,32643.54112622428,0.0,0.0,581.7909356024543
q4_2,9600,2025-04-30,36287.81255690488,36287.812556904835,0.0,0.0,4.100442652088532e-11
q4_2,9600,2025-05-01,43944.437806790134,32606.96616758035,0.0,0.0,11337.47163920978
q4_2,9600,2025-05-02,22006.6060335265,11724.562437826036,0.0,0.0,10282.043595700465
q4_2,9600,2025-05-03,17552.53825130782,13334.195946122181,0.0,0.0,4218.342305185638
q4_2,9600,2025-05-04,44143.37364652702,37838.5768688622,0.0,0.0,6304.796777664822
q4_2,9600,2025-05-05,43348.215820559715,35673.562613323666,0.0,0.0,7674.653207236057
q4_2,9600,2025-05-06,47723.77321970723,35755.68099439035,0.0,0.0,11968.092225316886
q4_2,9600,2025-05-07,49089.1628750103,37434.94503688827,0.0,0.0,11654.217838122027
q4_2,9600,2025-05-08,40083.62414657588,40083.624146575836,0.0,0.0,4.4630828810454664e-11
q4_2,9600,2025-05-09,13648.363113923675,13648.363113923657,0.0,0.0,1.815521954995347e-11
q4_2,9600,2025-05-10,15518.297488654149,15485.599080204123,0.0,0.0,32.6984084500245
q4_2,9600,2025-05-11,36141.27010704242,35869.0218298757,0.0,0.0,272.2482771667212
q4_2,9600,2025-05-12,42453.19646821879,42453.19646821874,0.0,0.0,5.163430216725828e-11
q4_2,9600,2025-05-13,42511.64357030917,42511.64357030914,0.0,0.0,2.65567763335639e-11
q4_2,9600,2025-05-14,40945.34643641441,40945.34643641439,0.0,0.0,2.5686880178454885e-11
q4_2,9600,2025-05-15,35964.99961870782,35964.99961870776,0.0,0.0,5.639440914251282e-11
q4_2,9600,2025-05-16,13817.659108422027,13817.659108422004,0.0,0.0,2.619836436679179e-11
q4_2,9600,2025-05-17,16001.927980136448,16001.92798013642,0.0,0.0,2.9567871706603903e-11
q4_2,9600,2025-05-18,37569.8076642003,37569.80766420024,0.0,0.0,5.954792481333015e-11
q4_2,9600,2025-05-19,37218.72207292683,37218.722072926794,0.0,0.0,3.7608272940303776e-11
q4_2,9600,2025-05-20,39518.09044547718,36766.24865759023,0.0,0.0,2751.8417878869554
q4_2,9600,2025-05-21,39142.459089397256,39142.45908939721,0.0,0.0,4.8786994000238335e-11
q4_2,9600,2025-05-22,38572.92856349841,38572.9285634984,0.0,0.0,2.2995322979113553e-11
q4_2,9600,2025-05-23,11418.758696232522,11418.758696232499,0.0,0.0,2.325770864786136e-11
q4_2,9600,2025-05-24,14995.385349102777,14995.385349102757,0.0,0.0,2.219468342445907e-11
q4_2,9600,2025-05-25,33825.63551056972,33825.63551056968,0.0,0.0,4.9988983619186915e-11
q4_2,9600,2025-05-26,41928.89526827242,38016.455290804144,0.0,0.0,3912.4399774682797
q4_2,9600,2025-05-27,39603.59255758695,39603.592557586904,0.0,0.0,4.180336432568766e-11
q4_2,9600,2025-05-28,36932.67307101846,36932.67307101839,0.0,0.0,6.79837555139784e-11
q4_2,9600,2025-05-29,35807.84197320478,34845.08990429067,0.0,0.0,962.7520689141162
q4_2,9600,2025-05-30,14117.086908688463,14117.086908688436,0.0,0.0,2.834545931307275e-11
q4_2,9600,2025-05-31,14948.676928556662,14948.676928556652,0.0,0.0,8.490303571306867e-12
q4_2,9600,2025-06-01,90644.75832345558,39408.477329037734,0.0,0.0,51236.280994417844
q4_2,9600,2025-06-02,86436.32943350567,42426.88846417933,0.0,0.0,44009.44096932634
q4_2,9600,2025-06-03,60788.09603584486,48741.28574070595,0.0,0.0,12046.810295138914
q4_2,9600,2025-06-04,61044.125741944226,48600.99911256262,0.0,0.0,12443.126629381606
q4_2,9600,2025-06-05,67121.25115579247,47747.03454332622,0.0,0.0,19374.21661246626
q4_2,9600,2025-06-06,37669.904269982675,14789.120020047776,0.0,0.0,22880.7842499349
q4_2,9600,2025-06-07,34496.16742961979,18535.568700178323,0.0,0.0,15960.598729441466
q4_2,9600,2025-06-08,60878.42539905287,60878.42539905284,0.0,0.0,3.63595660246574e-11
q4_2,9600,2025-06-09,62535.71871901762,62535.71871901756,0.0,0.0,4.6023876265621765e-11
q4_2,9600,2025-06-10,55184.434379830476,55184.43437983043,0.0,0.0,4.341812598340766e-11
q4_2,9600,2025-06-11,58207.70979300157,55482.01118326791,0.0,0.0,2725.69860973367
q4_2,9600,2025-06-12,63408.53709674213,63408.537096742075,0.0,0.0,4.9917101563323743e-11
q4_2,9600,2025-06-13,24332.142878720668,24332.14287872065,0.0,0.0,1.7558837051012687e-11
q4_2,9600,2025-06-14,24976.395308311152,24976.39530831114,0.0,0.0,8.732840228731222e-12
q4_2,9600,2025-06-15,54486.96964570194,54486.969645701894,0.0,0.0,4.659071350943122e-11
q4_2,9600,2025-06-16,63470.640220890724,63470.64022089069,0.0,0.0,3.9651510519433946e-11
q4_2,9600,2025-06-17,66047.53917532043,66047.53917532042,0.0,0.0,2.0322289628893484e-11
q4_2,9600,2025-06-18,63970.3705745482,63970.37057454816,0.0,0.0,3.434763584664324e-11
q4_2,9600,2025-06-19,55384.84436983388,55066.1795312624,0.0,0.0,318.66483857147205
q4_2,9600,2025-06-20,19297.48792219282,19297.4879221928,0.0,0.0,2.280100375173788e-11
q4_2,9600,2025-06-21,25513.513030171813,25513.513030171795,0.0,0.0,1.984427200341088e-11
q4_2,9600,2025-06-22,58961.50030599327,58961.500305993235,0.0,0.0,3.699614126162487e-11
q4_2,9600,2025-06-23,54145.00876944618,54068.99024099258,0.0,0.0,76.01852845360945
q4_2,9600,2025-06-24,59450.983417729505,56355.06705104804,0.0,0.0,3095.9163666814657
q4_2,9600,2025-06-25,52686.67564844787,52686.67564844781,0.0,0.0,5.96179074996428e-11
q4_2,9600,2025-06-26,62088.98184916648,62088.98184916645,0.0,0.0,3.7409563446999527e-11
q4_2,9600,2025-06-27,19934.239036650735,19934.239036650717,0.0,0.0,1.6261381574622645e-11
q4_2,9600,2025-06-28,19631.137667982526,19565.977815040827,0.0,0.0,65.15985294169707
q4_2,9600,2025-06-29,50741.75681787761,50741.756817877555,0.0,0.0,5.1711756654526655e-11
q4_2,9600,2025-06-30,59147.26347548469,59147.26347548465,0.0,0.0,3.5703550255172796e-11
q4_2,9600,2025-07-01,69905.48593182079,69646.63074053267,0.0,0.0,258.8551912881164
q4_2,9600,2025-07-02,66742.34755231661,65541.4275235403,0.0,0.0,1200.920028776294
q4_2,9600,2025-07-03,82863.10896780695,60037.77815647582,0.0,0.0,22825.33081133114
q4_2,9600,2025-07-04,34422.089073313924,23274.306194587098,0.0,0.0,11147.782878726832
q4_2,9600,2025-07-05,35875.4836225177,25027.056359481874,0.0,0.0,10848.427263035825
q4_2,9600,2025-07-06,82643.48531462549,58736.5390606429,0.0,0.0,23906.9462539826
q4_2,9600,2025-07-07,83782.64773901305,54940.84621275678,0.0,0.0,28841.801526256277
q4_2,9600,2025-07-08,69319.65999714691,69319.65999714684,0.0,0.0,5.660696444920177e-11
q4_2,9600,2025-07-09,66264.91618027516,66264.91618027513,0.0,0.0,4.065528713681488e-11
q4_2,9600,2025-07-10,64802.56949980649,64802.56949980644,0.0,0.0,3.673874005016842e-11
q4_2,9600,2025-07-11,27828.451593375266,27735.706208025236,0.0,0.0,92.74538535002665
q4_2,9600,2025-07-12,31914.857608480677,31819.419877580658,0.0,0.0,95.43773090001925
q4_2,9600,2025-07-13,64246.28231755418,64246.28231755415,0.0,0.0,2.4846201540640322e-11
q4_2,9600,2025-07-14,67554.882550112,67554.88255011197,0.0,0.0,4.093170247188027e-11
q4_2,9600,2025-07-15,60764.31937924778,60764.31937924771,0.0,0.0,6.020989218313844e-11
q4_2,9600,2025-07-16,66455.25834999028,66455.25834999024,0.0,0.0,3.1667951816416465e-11
q4_2,9600,2025-07-17,64540.716658947356,64540.716658947305,0.0,0.0,4.806710585114615e-11
q4_2,9600,2025-07-18,28254.69046529318,28254.69046529317,0.0,0.0,1.109202685256605e-11
q4_2,9600,2025-07-19,26202.98671028274,26202.986710282723,0.0,0.0,1.9537992557161488e-11
q4_2,9600,2025-07-20,59948.679545487124,59948.679545487066,0.0,0.0,5.740355368821781e-11
q4_2,9600,2025-07-21,66682.93050425813,66682.93050425807,0.0,0.0,6.29201517554634e-11
q4_2,9600,2025-07-22,65293.52930249311,65293.529302493065,0.0,0.0,5.115425594226508e-11
q4_2,9600,2025-07-23,61583.425538596595,61234.00642622952,0.0,0.0,349.41911236708097
q4_2,9600,2025-07-24,61538.837784968346,61538.83778496827,0.0,0.0,7.233858134725323e-11
q4_2,9600,2025-07-25,24935.76374323436,24935.763743234347,0.0,0.0,1.684742301222286e-11
q4_2,9600,2025-07-26,31776.329833526535,31776.329833526524,0.0,0.0,1.4493934941128825e-11
q4_2,9600,2025-07-27,61216.76852916366,61216.76852916362,0.0,0.0,3.336858434010992e-11
q4_2,9600,2025-07-28,61605.91427465137,59848.622248316984,0.0,0.0,1757.2920263343742
q4_2,9600,2025-07-29,62621.55683900288,62588.76484529182,0.0,0.0,32.79199371105065
q4_2,9600,2025-07-30,69280.58261348723,69280.58261348719,0.0,0.0,5.2978979425688527e-11
q4_2,9600,2025-07-31,66066.45736873543,66066.45736873537,0.0,0.0,5.62457138642003e-11
q4_2,9600,2025-08-01,27636.797870216156,27636.797870216134,0.0,0.0,1.8591663319966758e-11
q4_2,9600,2025-08-02,26256.707723955195,26256.70772395517,0.0,0.0,2.5601309516787298e-11
q4_2,9600,2025-08-03,56044.17654016907,55307.27649575723,0.0,0.0,736.9000444118419
q4_2,9600,2025-08-04,59972.32980622325,59972.32980622322,0.0,0.0,3.100299750258273e-11
q4_2,9600,2025-08-05,57931.61662225037,57931.616622250316,0.0,0.0,4.204612480407377e-11
q4_2,9600,2025-08-06,55955.10416057891,54871.416899753815,0.0,0.0,1083.6872608250949
q4_2,9600,2025-08-07,54658.33508876754,54658.335088767504,0.0,0.0,4.076417781107012e-11
q4_2,9600,2025-08-08,23720.447612002536,23515.59074511083,0.0,0.0,204.8568668917048
q4_2,9600,2025-08-09,24650.55558850777,24376.747757730114,0.0,0.0,273.8078307776531
q4_2,9600,2025-08-10,51735.668764693866,51735.66876469379,0.0,0.0,6.481876368980011e-11
q4_2,9600,2025-08-11,52554.57844324636,52446.76353528199,0.0,0.0,107.81490796436916
q4_2,9600,2025-08-12,56658.55086313948,53577.53584871463,0.0,0.0,3081.0150144248373
q4_2,9600,2025-08-13,54515.54599557331,54419.274224739915,0.0,0.0,96.27177083338906
q4_2,9600,2025-08-14,52567.413745563754,52027.25541321694,0.0,0.0,540.1583323468122
q4_2,9600,2025-08-15,22368.713873707537,22057.13211911518,0.0,0.0,311.58175459235315
q4_2,9600,2025-08-16,24893.092896355287,24893.09289635525,0.0,0.0,3.209220800215462e-11
q4_2,9600,2025-08-17,51428.57552691443,50771.170263266875,0.0,0.0,657.4052636475523
q4_2,9600,2025-08-18,53450.94733419399,53355.48117160353,0.0,0.0,95.46616259045203
q4_2,9600,2025-08-19,53853.90649769014,53676.40533109099,0.0,0.0,177.5011665991561
q4_2,9600,2025-08-20,63732.41703148786,53335.86685707088,0.0,0.0,10396.55017441698
q4_2,9600,2025-08-21,53104.52780427602,53104.52780427596,0.0,0.0,6.201294056040752e-11
q4_2,9600,2025-08-22,25240.084640200104,23061.28490250346,0.0,0.0,2178.7997376966487
q4_2,9600,2025-08-23,25589.24218776716,25303.48675960003,0.0,0.0,285.7554281671302
q4_2,9600,2025-08-24,52511.94893445066,52511.948934450586,0.0,0.0,7.399522239381894e-11
q4_2,9600,2025-08-25,56757.536999078984,54128.43392505976,0.0,0.0,2629.103074019223
q4_2,9600,2025-08-26,53569.76309304748,53404.01495996359,0.0,0.0,165.74813308389113
q4_2,9600,2025-08-27,56410.90262183646,56410.90262183641,0.0,0.0,4.404883569009144e-11
q4_2,9600,2025-08-28,60053.50225406667,54170.000053349504,0.0,0.0,5883.502200717167
q4_2,9600,2025-08-29,25074.799787385164,24355.176232985144,0.0,0.0,719.6235544000195
q4_2,9600,2025-08-30,26243.555319539264,26137.229410171505,0.0,0.0,106.32590936775622
q4_2,9600,2025-08-31,52693.269410578345,52693.26941057832,0.0,0.0,3.7456487689269126e-11
q4_2,9600,2025-09-01,49888.87197809921,49888.8719780992,0.0,0.0,8.035627274693981e-12
q4_2,9600,2025-09-02,47662.23125199825,47662.23125199822,0.0,0.0,2.659606046506724e-11
q4_2,9600,2025-09-03,48689.37622618733,48689.376226187305,0.0,0.0,2.299414347817219e-11
q4_2,9600,2025-09-04,49870.71590539247,49870.71590539245,0.0,0.0,2.7327615725880605e-11
q4_2,9600,2025-09-05,19144.420699693514,19144.420699693506,0.0,0.0,6.962125098652904e-12
q4_2,9600,2025-09-06,21587.992744522642,21486.02006672263,0.0,0.0,101.97267780001134
q4_2,9600,2025-09-07,45403.54867897085,45403.548678970845,0.0,0.0,9.637659559302848e-12
q4_2,9600,2025-09-08,46273.210883824955,41155.24257378313,0.0,0.0,5117.968310041824
q4_2,9600,2025-09-09,42977.74399079129,42423.46843263793,0.0,0.0,554.2755581533609
q4_2,9600,2025-09-10,49672.393011374734,40073.60416044106,0.0,0.0,9598.788850933684
q4_2,9600,2025-09-11,40491.897103480456,40491.8971034804,0.0,0.0,5.054793916769995e-11
q4_2,9600,2025-09-12,15978.037276605875,15656.823398289185,0.0,0.0,321.21387831668835
q4_2,9600,2025-09-13,17213.429198364614,17213.42919836458,0.0,0.0,3.3253627407248127e-11
q4_2,9600,2025-09-14,39986.854887756694,39986.85488775662,0.0,0.0,7.317051853306111e-11
q4_2,9600,2025-09-15,42504.58234442555,42496.70572889219,0.0,0.0,7.876615533364554
q4_2,9600,2025-09-16,42643.82256819631,42643.822568196236,0.0,0.0,7.947844515854286e-11
q4_2,9600,2025-09-17,45450.501348211954,45450.50134821191,0.0,0.0,4.828791944078148e-11
q4_2,9600,2025-09-18,40793.681504363245,40793.681504363194,0.0,0.0,5.4926976578162365e-11
q4_2,9600,2025-09-19,15769.775266810142,15769.775266810117,0.0,0.0,2.681727551134827e-11
q4_2,9600,2025-09-20,18495.039904561345,17760.311232067957,0.0,0.0,734.7286724933891
q4_2,9600,2025-09-21,44358.60861518768,44300.58302018763,0.0,0.0,58.02559500004994
q4_2,9600,2025-09-22,43403.95667207841,43403.95667207834,0.0,0.0,7.637187415809876e-11
q4_2,9600,2025-09-23,46115.59605392079,46115.596053920744,0.0,0.0,4.421254118369688e-11
q4_2,9600,2025-09-24,44632.97293457663,43841.05044635031,0.0,0.0,791.9224882263214
q4_2,9600,2025-09-25,45464.20275594319,45464.20275594313,0.0,0.0,5.183018814136631e-11
q4_2,9600,2025-09-26,15893.292892996178,15893.292892996149,0.0,0.0,2.974570634250995e-11
q4_2,9600,2025-09-27,23998.16824307895,18835.151025677376,0.0,0.0,5163.017217401572
q4_2,9600,2025-09-28,44189.92886008517,44189.928860085114,0.0,0.0,5.716287310164603e-11
q4_2,9600,2025-09-29,45716.25341784823,45624.57772434058,0.0,0.0,91.67569350764902
q4_2,9600,2025-09-30,48846.10414136603,48846.104141365984,0.0,0.0,5.332122565704367e-11
q4_2,9600,2025-10-01,44810.35948508392,44810.35948508387,0.0,0.0,5.414895554167742e-11
q4_2,9600,2025-10-02,41446.54308658029,41446.54308658025,0.0,0.0,3.6257148394724935e-11
q4_2,9600,2025-10-03,14302.980450210329,14302.980450210305,0.0,0.0,2.5009512683027423e-11
q4_2,9600,2025-10-04,16381.765015311774,16381.765015311757,0.0,0.0,1.8066007356765115e-11
q4_2,9600,2025-10-05,41249.78297834926,41249.7829783492,0.0,0.0,6.115511297366538e-11
q4_2,9600,2025-10-06,41945.43270032281,41945.43270032275,0.0,0.0,5.528004543009501e-11
q4_2,9600,2025-10-07,44646.002753124325,44646.00275312429,0.0,0.0,3.8859644391209264e-11
q4_2,9600,2025-10-08,41663.05440784562,39900.48111640781,0.0,0.0,1762.5732914378066
q4_2,9600,2025-10-09,38796.88000436021,38796.880004360166,0.0,0.0,4.528865904518397e-11
q4_2,9600,2025-10-10,14217.018903644734,14217.018903644708,0.0,0.0,2.5237870460159683e-11
q4_2,9600,2025-10-11,15428.385205508548,15428.385205508515,0.0,0.0,3.289832761765865e-11
q4_2,9600,2025-10-12,39536.46927786141,39469.70562303762,0.0,0.0,66.7636548237984
q4_2,9600,2025-10-13,41328.977785860596,41328.97778586054,0.0,0.0,5.758770171837569e-11
q4_2,9600,2025-10-14,42103.9640529271,40321.91368757547,0.0,0.0,1782.0503653516307
q4_2,9600,2025-10-15,42195.23950145057,42177.34687477043,0.0,0.0,17.892626680138356
q4_2,9600,2025-10-16,46753.72806920347,40801.79232816031,0.0,0.0,5951.935741043167
q4_2,9600,2025-10-17,15831.546006161821,15831.546006161803,0.0,0.0,1.93228117950639e-11
q4_2,9600,2025-10-18,14437.457114688486,14437.45711468845,0.0,0.0,3.4874034327003754e-11
q4_2,9600,2025-10-19,47386.019244745155,43436.5729202145,0.0,0.0,3949.4463245306533
q4_2,9600,2025-10-20,48490.05894361277,45499.54041384015,0.0,0.0,2990.518529772618
q4_2,9600,2025-10-21,46836.757014970804,46836.757014970724,0.0,0.0,7.884140362790503e-11
q4_2,9600,2025-10-22,49256.04040908592,46756.299448928075,0.0,0.0,2499.740960157848
q4_2,9600,2025-10-23,43924.46140337288,43924.461403372836,0.0,0.0,5.1831094083354404e-11
q4_2,9600,2025-10-24,14386.201345217425,14386.201345217394,0.0,0.0,3.165812900718379e-11
q4_2,9600,2025-10-25,17113.185028861997,16757.64530328924,0.0,0.0,355.5397255727602
q4_2,9600,2025-10-26,46958.6987131286,46958.69871312855,0.0,0.0,4.932777386557063e-11
q4_2,9600,2025-10-27,47386.84235927723,47386.27087177715,0.0,0.0,0.5714875000828346
q4_2,9600,2025-10-28,46956.567233492926,46956.56723349284,0.0,0.0,8.388480576826396e-11
q4_2,9600,2025-10-29,51201.5280207965,48986.647136149215,0.0,0.0,2214.8808846472775
q4_2,9600,2025-10-30,45998.649895311624,45998.64989531158,0.0,0.0,4.2265064337243526e-11
q4_2,9600,2025-10-31,17143.23315143117,17143.233151431145,0.0,0.0,2.4502107009993777e-11
q4_2,9600,2025-11-01,14819.98670616523,14819.986706165178,0.0,0.0,5.0414456609360063e-11
q4_2,9600,2025-11-02,47741.045630600536,47741.04563060049,0.0,0.0,4.408477849437986e-11
q4_2,9600,2025-11-03,50934.44794143227,50934.44794143221,0.0,0.0,5.166013217206e-11
q4_2,9600,2025-11-04,49899.76206219568,49699.91686524089,0.0,0.0,199.84519695479128
q4_2,9600,2025-11-05,54202.723972072956,54202.72397207289,0.0,0.0,5.906773026254086e-11
q4_2,9600,2025-11-06,53751.59890561725,47795.57932163638,0.0,0.0,5956.019583980867
q4_2,9600,2025-11-07,16504.730034687153,15823.185285353786,0.0,0.0,681.5447493333654
q4_2,9600,2025-11-08,17328.273848876313,17328.273848876288,0.0,0.0,2.4869706294339266e-11
q4_2,9600,2025-11-09,51940.35803978755,51940.358039787476,0.0,0.0,7.781707367371383e-11
q4_2,9600,2025-11-10,53865.06891482704,52511.87462949797,0.0,0.0,1353.1942853290673
q4_2,9600,2025-11-11,52594.04424289576,52594.044242895696,0.0,0.0,5.811157599566741e-11
q4_2,9600,2025-11-12,53884.94383184222,53843.63018597469,0.0,0.0,41.31364586753004
q4_2,9600,2025-11-13,54563.78602710363,54553.659975970244,0.0,0.0,10.126051133391535
q4_2,9600,2025-11-14,16591.196725470338,16591.196725470298,0.0,0.0,4.123648977838456e-11
q4_2,9600,2025-11-15,16551.00663394011,16551.006633940084,0.0,0.0,2.6568283573169534e-11
q4_2,9600,2025-11-16,53967.85361905248,53967.8536190524,0.0,0.0,8.593775557841356e-11
q4_2,9600,2025-11-17,57574.06440748379,57574.06440748372,0.0,0.0,6.016807319042528e-11
q4_2,9600,2025-11-18,56723.71110324412,56723.71110324403,0.0,0.0,8.789582750523551e-11
q4_2,9600,2025-11-19,56940.18182663318,56710.258547102305,0.0,0.0,229.92327953087036
q4_2,9600,2025-11-20,53900.85688353615,53900.85688353608,0.0,0.0,7.684186442702411e-11
q4_2,9600,2025-11-21,18416.09732291828,18416.097322918242,0.0,0.0,3.3241860819543946e-11
q4_2,9600,2025-11-22,17524.022558050092,17524.022558050056,0.0,0.0,3.637754275587213e-11
q4_2,9600,2025-11-23,56316.89080488576,56316.8908048857,0.0,0.0,6.171074851124559e-11
q4_2,9600,2025-11-24,55783.51731328829,55783.517313288256,0.0,0.0,3.678247129101919e-11
q4_2,9600,2025-11-25,58799.686803864424,58799.68680386436,0.0,0.0,6.609883484998135e-11
q4_2,9600,2025-11-26,57627.76641034176,57627.7664103417,0.0,0.0,6.619460535262078e-11
q4_2,9600,2025-11-27,57801.553225859614,57801.55322585954,0.0,0.0,7.446186600645888e-11
q4_2,9600,2025-11-28,16744.616238895924,16619.86128728678,0.0,0.0,124.75495160914076
q4_2,9600,2025-11-29,18802.54032889877,18414.717448522915,0.0,0.0,387.8228803758518
q4_2,9600,2025-11-30,59362.25309362444,58680.09457919659,0.0,0.0,682.1585144278379
q4_2,9600,2025-12-01,90320.96295120561,64484.775781579345,0.0,0.0,25836.187169626268
q4_2,9600,2025-12-02,103545.22191647606,64568.37452641688,0.0,0.0,38976.84739005916
q4_2,9600,2025-12-03,86073.57059400172,66437.98811885121,0.0,0.0,19635.582475150528
q4_2,9600,2025-12-04,82619.54433426888,65512.87673527882,0.0,0.0,17106.667598990058
q4_2,9600,2025-12-05,27261.39548816515,21741.44870569917,0.0,0.0,5519.946782465981
q4_2,9600,2025-12-06,30141.14714725901,23103.94131432545,0.0,0.0,7037.205832933558
q4_2,9600,2025-12-07,81071.06274707342,67086.63185552762,0.0,0.0,13984.430891545797
q4_2,9600,2025-12-08,75882.77373124941,75882.77373124938,0.0,0.0,3.316421270938008e-11
q4_2,9600,2025-12-09,75290.52562426926,75290.52562426921,0.0,0.0,4.862894797952321e-11
q4_2,9600,2025-12-10,74945.68105421362,74945.68105421358,0.0,0.0,4.6905029194022065e-11
q4_2,9600,2025-12-11,70711.27850895816,70711.27850895809,0.0,0.0,6.451381295846659e-11
q4_2,9600,2025-12-12,27971.359492915923,27971.3594929159,0.0,0.0,2.0089184094018718e-11
q4_2,9600,2025-12-13,27887.478360797606,27887.47836079758,0.0,0.0,2.788862119018631e-11
q4_2,9600,2025-12-14,76110.30654868152,76110.30654868147,0.0,0.0,3.481292765172839e-11
q4_2,9600,2025-12-15,75211.80967828703,75211.80967828694,0.0,0.0,8.692752828665106e-11
q4_2,9600,2025-12-16,77578.84467936869,77578.84467936865,0.0,0.0,3.9332704204753095e-11
q4_2,9600,2025-12-17,77051.71415869182,77051.71415869179,0.0,0.0,2.4504515749868007e-11
q4_2,9600,2025-12-18,73502.94323284214,73502.94323284211,0.0,0.0,3.0172287779350884e-11
q4_2,9600,2025-12-19,26759.863040724376,26759.863040724347,0.0,0.0,3.257984815263626e-11
q4_2,9600,2025-12-20,24929.076779714866,24929.076779714826,0.0,0.0,4.0658932221049326e-11
q4_2,9600,2025-12-21,75920.52298477499,75920.52298477497,0.0,0.0,2.148539124391391e-11
q4_2,9600,2025-12-22,76759.04636172518,76759.04636172515,0.0,0.0,3.613786248024553e-11
q4_2,9600,2025-12-23,74814.6945389533,74814.69453895325,0.0,0.0,5.846541739629174e-11
q4_2,9600,2025-12-24,73633.74413899796,73633.7441389979,0.0,0.0,5.4022251561036684e-11
q4_2,9600,2025-12-25,71212.6088320182,70343.62012952796,0.0,0.0,868.9887024902382
q4_2,9600,2025-12-26,28504.267427321527,28504.2674273215,0.0,0.0,2.5625588762068224e-11
q4_2,9600,2025-12-27,26779.61964931606,26779.619649316028,0.0,0.0,3.1910332154438944e-11
q4_2,9600,2025-12-28,72851.97924053171,72762.61651965778,0.0,0.0,89.36272087393901
q4_2,9600,2025-12-29,73870.37131629206,73870.37131629202,0.0,0.0,4.1435910702603e-11
q4_2,9600,2025-12-30,74822.90995634766,74822.90995634763,0.0,0.0,2.917613528552465e-11
q4_2,9600,2025-12-31,75578.38220780849,75491.95355780846,0.0,0.0,86.42865000002777
q4_3,0,2025-02-01,33217.43157509416,33094.64253946364,0.0,-841.5337564149688,964.3227920454838
q4_3,0,2025-02-02,76191.16275541806,77026.35840871761,126.16829486344035,-1882.777018380294,921.4130702173063
q4_3,0,2025-02-03,78011.93139147708,78626.30124311517,7.4923183733035765,-2091.423505642303,1469.5613356309077
q4_3,0,2025-02-04,80268.1791410704,81554.99637855717,142.37937853209402,-2343.286242388829,914.089626369982
q4_3,0,2025-02-05,78013.94303600157,74910.16219290771,1014.8004080848787,-752.2680720652248,2841.2485070742014
q4_3,0,2025-02-06,78329.24535138381,79480.9601163312,11.64699530199233,-2544.1026157962365,1380.740855546851
q4_3,0,2025-02-07,32810.797284556465,31936.749164537498,49.37448805969911,-467.9695157461103,1292.6431477053784
q4_3,0,2025-02-08,31146.96252333485,27993.30258093805,686.9345098958331,-28.761518406040295,2495.486950907002
q4_3,0,2025-02-09,75273.22544051758,73532.49936520268,209.02948163205326,-663.7979252510838,2195.4945189339333
q4_3,0,2025-02-10,70589.43544739287,70325.50586507082,20.551315432599633,-1388.203240025007,1631.5815069144592
q4_3,0,2025-02-11,72936.41292840347,69546.89438518081,843.5213571189263,-1848.5382478903566,4394.53543399408
q4_3,0,2025-02-12,71829.01784430294,69733.80978823575,96.10433873388743,-1239.6854109036808,3238.789128237
q4_3,0,2025-02-13,68455.98908367104,66851.64410303494,87.31367280652168,-989.9936800995265,2507.0249879291086
q4_3,0,2025-02-14,30401.640754436026,27753.2684383425,577.2505436441521,-144.61211492701955,2215.7338873763892
q4_3,0,2025-02-15,30892.634532875534,27875.318711664167,360.2730108567031,-117.98711369527204,2775.0299240499385
q4_3,0,2025-02-16,73531.36533439689,70548.87800327085,175.00595265031382,-2401.299793874802,5208.781172350528
q4_3,0,2025-02-17,69774.93336872531,69238.3695024377,33.120256596704124,-3046.121486571622,3549.5650962625177
q4_3,0,2025-02-18,67799.9381978927,63669.087640959435,1182.0026927245083,-103.65489896043522,3052.502763169172
q4_3,0,2025-02-19,68745.38566504492,64888.396334438614,390.5909962470769,-86.30726958820551,3552.7056039474305
q4_3,0,2025-02-20,68100.87798149782,65182.61484824555,246.87006771826532,-1059.4925613597584,3730.885626893775
q4_3,0,2025-02-21,28525.908722513897,26625.536924380838,300.5335311559218,-10.689339795580894,1610.5276067727202
q4_3,0,2025-02-22,29572.125549407992,27439.86831408528,59.79531414273894,-59.2553971780683,2131.7173183580444
q4_3,0,2025-02-23,68062.1631977956,64381.30168484223,1041.745706273967,-1151.252151870096,3790.36795854951
q4_3,0,2025-02-24,65796.29824807917,63670.667015911655,567.304485411627,-826.2404308063917,2384.567177562275
q4_3,0,2025-02-25,64022.77577524818,64194.92169099682,1.0918811085947377,-2013.5631211875284,1840.3253243302865
q4_3,0,2025-02-26,64645.47870840985,59903.57467548888,2333.7023327246848,-50.26046046823841,2458.4621606645164
q4_3,0,2025-02-27,64826.345106974535,59652.818179503054,1922.5530080256597,-18.972048105948016,3269.945967551771
q4_3,0,2025-02-28,27908.561949219165,25903.6848571,237.73100939249815,-92.0389573110667,1859.1850400377332
q4_3,0,2025-03-01,28072.830100340063,26657.85944371917,0.0,-272.69458789105977,1687.6652445119537
q4_3,0,2025-03-02,69069.6591930813,65764.28321499795,1189.7894353602796,-721.6045478501399,2837.1910905732047
q4_3,0,2025-03-03,68503.33675308643,64605.21735577492,1255.049511159053,-812.5866057661889,3455.656491918656
q4_3,0,2025-03-04,65175.88256006925,59732.584986738606,1943.4824620830486,-172.1149375781745,3671.9300488257736
q4_3,0,2025-03-05,63980.24479595297,63569.25246182528,43.59254505392008,-2086.72748936883,2454.127278442596
q4_3,0,2025-03-06,62075.13660318668,60177.87333061778,911.8814313856082,-515.5343255638635,1500.9161667471556
q4_3,0,2025-03-07,26733.789104062977,25806.798154300828,3.9347337916902134,-346.0892947548085,1269.1455107252666
q4_3,0,2025-03-08,25755.180405988325,24042.27062349417,558.8958356222149,-2.1523760551644954e-14,1154.0139468719424
q4_3,0,2025-03-09,60683.29060095826,58739.83785403916,882.199354878358,-1019.2412989176569,2080.4946909583996
q4_3,0,2025-03-10,62439.35518157061,57768.54109388319,1190.562022118754,-126.70606226404284,3606.958127832702
q4_3,0,2025-03-11,60169.57628378272,55405.098346843064,1258.8005128770733,-39.5680040044076,3545.245428066997
q4_3,0,2025-03-12,58658.378966503355,57691.39251034461,33.131496208299666,-355.5975562582953,1289.452516208744
q4_3,0,2025-03-13,62822.26710823874,58834.26732020923,1411.2457688435175,-651.5492395207764,3228.3032587067783
q4_3,0,2025-03-14,25743.71869328848,23401.711621979448,618.6892673003192,-14.332526679847557,1737.650330688559
q4_3,0,2025-03-15,25599.795890165893,23660.514367474996,422.69448085123037,-2.998959199276823,1519.586001038946
q4_3,0,2025-03-16,59332.78711173549,57945.956954492176,341.22207045499925,-317.1331345737659,1362.741221362072
q4_3,0,2025-03-17,55521.02226547786,51427.57533616111,1493.3728059806906,-10.61892400260022,2610.6930473386683
q4_3,0,2025-03-18,59660.384158573564,59140.546367978444,31.52962604005514,-1776.7437627540603,2265.0519273091254
q4_3,0,2025-03-19,56139.21244813926,53846.17308222472,1129.9169096384448,-8.392900185387326,1171.5153564614843
q4_3,0,2025-03-20,59849.980071835555,56784.76758972777,496.2527004397038,-1193.1422933713816,3762.102075039459
q4_3,0,2025-03-21,24775.267460537078,22872.760286108336,176.8637727516517,-52.00206719798328,1777.645468875074
q4_3,0,2025-03-22,24592.196228829962,23808.18713722667,20.45566743231321,-45.82285791379955,809.3762820847794
q4_3,0,2025-03-23,57226.78615500062,57067.87736055868,77.84628197578105,-1551.210933200092,1632.273445666256
q4_3,0,2025-03-24,56570.339515823485,54589.03508874111,652.4961266092897,-501.0243911585898,1829.8326916316653
q4_3,0,2025-03-25,58514.51418384741,57469.38579449097,61.55047475144492,-1352.7928766587806,2336.3707912637597
q4_3,0,2025-03-26,55649.66039897216,53212.15951969479,1308.8515500767514,-909.2500072353465,2037.89933643597
q4_3,0,2025-03-27,55818.601227497085,53652.185281282495,569.7705862182297,-666.0588881194022,2262.7042481157623
q4_3,0,2025-03-28,24533.230124065198,23836.663283603055,6.943139396753395e-14,-272.6549938793225,969.2218343414658
q4_3,0,2025-03-29,24171.676768003155,22121.549923149214,408.3629730323253,-25.378864260176332,1667.142736081791
q4_3,0,2025-03-30,55006.84039288226,52717.946156723054,453.8686663384363,-1099.7088746282284,2934.7344444489895
q4_3,0,2025-03-31,53409.56398231887,49784.921957800274,803.1765239473643,-8.155106686100423,2829.6206072573223
q4_3,0,2025-04-01,55666.98985830185,52926.29024731995,989.2529980098404,-334.7765796599626,2086.223192632019
q4_3,0,2025-04-02,56535.918999416135,54051.944487390356,271.6976062973857,-573.9798860428218,2786.2567917712054
q4_3,0,2025-04-03,57315.69882343133,56482.50098175973,28.200514726280833,-1086.2356485568807,1891.2329755022085
q4_3,0,2025-04-04,23440.37220076049,21723.820690500834,132.87857496312938,-4.589065690830301,1588.262000987353
q4_3,0,2025-04-05,23247.601049537992,21726.15460721805,377.91848291098125,0.0,1143.5279594089586
q4_3,0,2025-04-06,53241.07163488123,50772.970229005834,774.2003913639035,-208.7149823941861,1902.6159969056855
q4_3,0,2025-04-07,52431.332876879635,48352.250202115,1592.984061912227,-263.96904363622906,2750.067656488629
q4_3,0,2025-04-08,56117.02158728296,54379.61040806195,46.22046261217324,-1232.7228141034857,2923.9135307123283
q4_3,0,2025-04-09,54089.56031219961,53272.38281778536,43.239913972465146,-912.4336494930407,1686.371229934821
q4_3,0,2025-04-10,54192.108730198546,52120.916476809994,346.47149598509696,-622.8938575994512,2347.6146150029026
q4_3,0,2025-04-11,24594.29193947102,20756.27933583278,205.48879687069592,-1.1753062277767108,3633.699112995323
q4_3,0,2025-04-12,21984.438169132103,21610.696524554718,17.374062516032716,-146.33634270406526,502.7039247654197
q4_3,0,2025-04-13,51642.68722800102,50026.34968992275,148.67201241231865,-306.75352102315674,1774.4190466891173
q4_3,0,2025-04-14,52329.39697436868,50548.95104799971,126.3584031482635,-1436.5111050770756,3090.59862829778
q4_3,0,2025-04-15,50516.355546775565,47745.69450245223,689.2049305879464,-328.8285053654779,2410.284619100873
q4_3,0,2025-04-16,52036.87565989252,48416.26565977611,1233.9396740234056,-129.4841727228124,2516.154498815809
q4_3,0,2025-04-17,50544.27259790238,48199.03818371806,975.6198821172496,-205.35436149868596,1574.9688935657528
q4_3,0,2025-04-18,22766.20124134032,21179.86096842056,73.53850392545108,-35.3038467589982,1548.1056157533135
q4_3,0,2025-04-19,22430.42367798319,20490.559518985,545.9971032038509,-6.613444373585183,1400.4805001679247
q4_3,0,2025-04-20,51074.14422079957,48548.847328671385,534.8350856788222,-188.31511014466616,2178.7769165940317
q4_3,0,2025-04-21,50888.7278604813,46971.256901103945,223.79721978731138,-607.8377253581091,4301.511464948152
q4_3,0,2025-04-22,50585.42235464796,47723.268743832225,414.15123826128195,-315.05797025793953,2763.0603428123977
q4_3,0,2025-04-23,49969.18194038127,45527.50250510889,1892.1195122361482,-1.8219592627611094,2551.381882298992
q4_3,0,2025-04-24,49437.50820021765,47264.8053446775,920.4537721441088,-682.4606190028633,1934.7097023989018
q4_3,0,2025-04-25,21399.5869918907,20023.745903077222,97.05572207705889,-96.28177536071959,1375.0671420971398
q4_3,0,2025-04-26,22040.997866639438,20390.396141436668,146.9672721830138,-3.8438102945664885,1507.4782633143243
q4_3,0,2025-04-27,51524.00734394595,45517.12057481472,2266.2567257794017,-268.30249434439247,4008.9325376962156
q4_3,0,2025-04-28,52199.33120396059,49007.50822097139,1491.8449245953746,-234.0165909959518,1933.994649389783
q4_3,0,2025-04-29,48352.181800911,44903.43144741111,1682.564459853488,-109.2740878654416,1875.4599815118434
q4_3,0,2025-04-30,47591.3036184099,44554.262247170554,634.5412107036689,-359.7817248983843,2762.281885434056
q4_3,0,2025-05-01,59767.29045056371,48437.44517984112,1544.6621147766973,-144.8306600691226,9930.013816015025
q4_3,0,2025-05-02,29194.63912461365,21919.826938484446,198.29940809755382,-31.350034998428896,7107.862813030081
q4_3,0,2025-05-03,27949.53827100525,21589.332208040047,149.82983753388604,-14.56238875719746,6224.938614188513
q4_3,0,2025-05-04,56094.103156582016,48644.88282774805,177.22539682613728,-1110.6913383656724,8382.686270373497
q4_3,0,2025-05-05,59197.83949008781,51340.71612661721,183.09129364426985,-1008.2078222641221,8682.23989209045
q4_3,0,2025-05-06,60080.60422889253,47537.388449786005,2208.8938061384924,-67.76623660882125,10402.088209576852
q4_3,0,2025-05-07,59260.07672967373,48701.097120774095,1529.0409638465617,-22.427552660150532,9052.366197713227
q4_3,0,2025-05-08,55001.462162674325,52952.37214952291,489.0420665257223,-871.1708456355603,2431.218792261259
q4_3,0,2025-05-09,24835.375039049675,23682.42901324699,434.29185243934774,-10.228119260264743,728.8822926236074
q4_3,0,2025-05-10,25269.71678401527,23192.09605956629,365.2688303316113,-48.49178786834855,1760.843681985718
q4_3,0,2025-05-11,53320.27989773031,50345.951624924026,715.988825360969,-94.25344138835916,2352.592888833683
q4_3,0,2025-05-12,51502.3006098015,48381.692860404815,1384.2833036818236,-25.03190193713464,1761.356347651996
q4_3,0,2025-05-13,54067.44938575987,53325.72235291512,742.5493910451174,-1702.113016973023,1701.2906587726452
q4_3,0,2025-05-14,52248.691741511364,52958.72552309424,78.29176706965657,-1319.2721830874204,530.9466344348872
q4_3,0,2025-05-15,53015.9378825084,52655.79263662345,131.49355496634345,-719.146848007543,947.7985389261477
q4_3,0,2025-05-16,24060.369578155085,22948.630362231965,98.0733084267318,-42.92169390263078,1056.5876013990157
q4_3,0,2025-05-17,24693.716643716853,23700.45572552915,59.1458475729505,-94.2369780437647,1028.3520486585176
q4_3,0,2025-05-18,52592.93158638826,52833.33765006406,11.800595378559315,-984.0720738664245,731.8654148120675
q4_3,0,2025-05-19,50812.82317232685,48959.33076242905,298.83065993321395,-268.27527651422116,1822.9370264788076
q4_3,0,2025-05-20,51251.31224670746,48084.86564534512,1451.4270381452066,-74.42066609109798,1789.4402293082248
q4_3,0,2025-05-21,51961.3071271263,48583.50927673336,1603.998707061548,-24.81165370144304,1798.6107970328446
q4_3,0,2025-05-22,50689.373311592964,50551.44073505189,9.040618920153065e-13,-671.0383632331809,808.9709397742615
q4_3,0,2025-05-23,24521.083511009707,22174.07362721399,616.8662611746216,-16.63176737159725,1746.7753899926918
q4_3,0,2025-05-24,23899.504463459038,23135.942896147222,60.18045208337686,-81.5921608445102,784.9732760729502
q4_3,0,2025-05-25,49868.50303637562,47806.53046606528,126.13670656105808,-76.59756900107368,2012.4334327503543
q4_3,0,2025-05-26,52187.68037458023,50203.00039204088,937.9165239117194,-125.74437346099948,1172.507832088627
q4_3,0,2025-05-27,51311.93322808691,48424.95380632504,359.6232078376562,-121.29896391907498,2648.6551778432868
q4_3,0,2025-05-28,52265.7390898782,51429.15762246742,267.09936431064506,-288.0428755339953,857.524978634131
q4_3,0,2025-05-29,54267.53634789064,50806.03578426134,780.4246715267561,-89.40003261807607,2770.4759247206175
q4_3,0,2025-05-30,24182.152544380442,23356.876040939722,334.2990256354094,-25.667322414687032,516.6448002200009
q4_3,0,2025-05-31,24894.678686813473,24542.0778470576,14.055310757647572,-476.4139404789037,814.9594694771246
q4_3,0,2025-06-01,79239.93267580244,63155.064429782564,2143.1347694901037,-2305.932716980409,16247.666193510187
q4_3,0,2025-06-02,78211.22195474144,62692.310443628514,2044.4271310053173,-2161.2750499297786,15635.759430037391
q4_3,0,2025-06-03,74594.51142685041,59849.36449414947,2169.6942596307845,-89.74482872080723,12665.19750179096
q4_3,0,2025-06-04,75415.84685066949,68410.37304022489,1119.1411756853836,-3808.943577836552,9695.27621259577
q4_3,0,2025-06-05,74551.56840932835,60927.754538638335,2142.395443996041,-244.42914504827618,11725.847571742239
q4_3,0,2025-06-06,39869.965242596,27462.43597038081,1027.4691438973136,-359.0367542558331,11739.09688257371
q4_3,0,2025-06-07,37183.516807766544,26637.27935000488,1771.8353100356658,-237.91989580145423,9012.322043527449
q4_3,0,2025-06-08,66339.34508070568,63424.599910089266,3614.8934500071314,-1221.097209728712,520.9489303379901
q4_3,0,2025-06-09,71609.08450498359,71405.4857316009,93.22227633505054,-1225.5209740092273,1335.8974710568737
q4_3,0,2025-06-10,70493.43499973167,67225.32668157949,487.6678875365081,-506.4406425528032,3286.8810731684734
q4_3,0,2025-06-11,75784.23048917938,69474.94349652978,3609.221911480946,-477.54537912810895,3177.6104602967625
q4_3,0,2025-06-12,72775.53339956123,69389.24141638057,1390.8622330152477,-793.4437520251049,2788.8735021905154
q4_3,0,2025-06-13,33252.0739989529,31881.78981424874,470.31560123319696,-46.38670338692236,946.3552868578901
q4_3,0,2025-06-14,32813.36628114848,32084.803807454227,177.56083547974686,-271.7434040659055,822.7450422804217
q4_3,0,2025-06-15,68787.24000252357,64242.163938685066,2018.0409560610835,-393.5691262275757,2920.6042340049994
q4_3,0,2025-06-16,70404.18079238557,67268.56595778766,2176.947173232839,-276.1264043721647,1234.7940657372171
q4_3,0,2025-06-17,73535.10658151448,68465.71217514342,3137.295219512534,-341.4713254320385,2273.5705122905806
q4_3,0,2025-06-18,70938.54167973879,70025.1735584251,276.4949983025747,-1247.9576403903657,1884.8307634014864
q4_3,0,2025-06-19,68996.88102721256,64712.527867291756,2867.244616694224,-1592.932817226123,3010.0413604527052
q4_3,0,2025-06-20,30306.69589619983,29750.65959272212,42.126628201728856,-108.25656628140406,622.1662415573893
q4_3,0,2025-06-21,31390.919110032737,30976.256731148555,320.85376196629096,-72.40043078734021,166.2090477052294
q4_3,0,2025-06-22,67248.23062458658,61684.71052114096,3211.2285710040596,-1052.4590558550792,3404.750588296651
q4_3,0,2025-06-23,65200.36970047816,63862.98569303761,155.30037761519162,-427.6970373508804,1609.7806671762414
q4_3,0,2025-06-24,74400.70050818796,73747.44613573594,331.0875382919913,-1225.824418776021,1547.9912529360402
q4_3,0,2025-06-25,69120.94527058357,62862.14345605049,3641.46053429726,-670.6156604577772,3287.9569406936043
q4_3,0,2025-06-26,68647.23217108031,65767.84826457719,3044.6074104830614,-1042.8342271812583,877.6107232013043
q4_3,0,2025-06-27,30380.311354202036,29905.90546665447,109.56964287726638,-614.4557390787868,979.2919837490817
q4_3,0,2025-06-28,30895.520314403322,28458.57381616789,211.35850523592293,-60.91629225108438,2286.504285250595
q4_3,0,2025-06-29,68618.71910782027,59220.67529366942,5450.466139385531,-371.2559450546168,4318.833619819928
q4_3,0,2025-06-30,68934.28218291115,66135.28463919729,581.9683918627569,-513.3239134996481,2730.353065350751
q4_3,0,2025-07-01,90632.39946511705,68015.94123339816,8523.546122077449,-170.7482540302297,14263.660363671668
q4_3,0,2025-07-02,86200.81947034408,65298.29372732203,4611.291187022756,-61.197973629475726,16352.432529628784
q4_3,0,2025-07-03,93608.30642934749,71857.03311838993,4981.897762140154,-254.75886368832707,17024.134412505733
q4_3,0,2025-07-04,48336.43594792201,33131.822937208184,3888.145255269986,-9.841016890277388e-15,11316.467755443839
q4_3,0,2025-07-05,46551.12196969226,32115.246932657476,5150.46195853899,0.0,9285.413078495789
q4_3,0,2025-07-06,93672.98558993262,71084.95637286689,9342.334818949847,-479.67557536951927,13725.369973485409
q4_3,0,2025-07-07,91251.86639145328,64489.5816528278,5784.791578038199,-395.1064132952208,21372.599573882493
q4_3,0,2025-07-08,84336.10191710397,82632.79335000028,1289.3835279003683,-1417.9326362456754,1831.8576754489868
q4_3,0,2025-07-09,82540.485306713,80724.2184181659,730.939781744424,-1302.5662775639307,2387.893384366617
q4_3,0,2025-07-10,80791.13799094998,77545.98932062564,1071.4672957711075,-336.7994113011902,2510.480785854432
q4_3,0,2025-07-11,41811.815342810805,40868.477704337216,230.93941031593906,-274.82599272212883,987.2242208797759
q4_3,0,2025-07-12,42662.39882587419,41638.08379804521,564.8018747388222,-90.10469971630545,549.6178528064631
q4_3,0,2025-07-13,80266.22757063463,80679.04781484262,691.1303493458131,-2462.348149669927,1358.397556116126
q4_3,0,2025-07-14,79984.73148424696,78935.09410656674,784.9779219629155,-1449.358806877358,1714.0182625946431
q4_3,0,2025-07-15,77797.75892014534,77373.69091135163,40.08654234556323,-1674.0610788684562,2058.042545316601
q4_3,0,2025-07-16,81320.35281333502,80553.71876198429,615.7381985180799,-1518.1579524543188,1669.0538052869783
q4_3,0,2025-07-17,81495.3047542453,78014.9829796306,1974.0003712010457,-686.5206192592938,2192.842022672925
q4_3,0,2025-07-18,42007.14365125941,42021.2059559012,274.5032142057075,-788.7989763031579,500.2334574556668
q4_3,0,2025-07-19,41769.629712365124,42425.75160629026,29.51819161112883,-1093.614149037501,407.97406350124265
q4_3,0,2025-07-20,78017.17643487945,75380.86162594781,1522.3299997368172,-999.7208885547101,2113.705697749531
q4_3,0,2025-07-21,82753.5716918607,82883.08149253044,65.42690199267264,-898.1622943001787,703.2255916377783
q4_3,0,2025-07-22,80299.96839204489,76507.66043497737,2626.093534861384,-105.4440830424632,1271.6585052485932
q4_3,0,2025-07-23,84921.54683751566,83320.08421167491,50.41083821633198,-3411.064614094505,4962.1164017189185
q4_3,0,2025-07-24,82445.57664024299,84229.88647001525,18.576311474008133,-2672.7524986971252,869.8663574508569
q4_3,0,2025-07-25,39816.81714918036,38424.02928729569,269.1551795510824,-179.62289217653014,1303.2555745101145
q4_3,0,2025-07-26,40982.344885918326,40232.09191132675,598.6408474295222,-178.6995945446636,330.31172170671346
q4_3,0,2025-07-27,83313.08263742396,79628.79009836723,1230.983006582231,-1037.9599039314576,3491.269436405961
q4_3,0,2025-07-28,81560.46163153672,78582.78129284615,819.798763983912,-971.0615283564546,3128.943103063116
q4_3,0,2025-07-29,81933.40280179749,77746.52493566653,2786.451446277898,-402.9665522693178,1803.39297212238
q4_3,0,2025-07-30,82176.44584824973,76599.59663487846,5351.228084374405,-40.889591057733796,266.51072005461754
q4_3,0,2025-07-31,82716.22723613518,74984.20226678086,3300.752443845495,-155.96635017164522,4587.238875680467
q4_3,0,2025-08-01,40290.304679213186,39559.2946295212,776.8954097059996,-393.53679523380936,347.6514352197902
q4_3,0,2025-08-02,40160.4852128354,40041.222609561555,83.18251604211362,-756.5162307984648,792.596318030201
q4_3,0,2025-08-03,71441.64952573793,69600.61498216097,176.98469027219707,-346.9293607301165,2010.979214034868
q4_3,0,2025-08-04,72964.87489378428,71285.50294442827,664.3506109486976,-956.8214657288484,1971.842804136144
q4_3,0,2025-08-05,72411.742864134,70700.9494005088,262.352008512211,-337.22709893898747,1785.6685540519566
q4_3,0,2025-08-06,78480.98830433769,76967.5173274775,546.3313617578776,-2496.0726932738503,3463.2123083761735
q4_3,0,2025-08-07,74895.13513682474,71360.87322763626,935.5720996923694,-1030.0972132408697,3628.7870227369785
q4_3,0,2025-08-08,37285.958090487286,36457.244505835,105.08427718055322,-115.24159796159653,838.8709054333272
q4_3,0,2025-08-09,38463.58682531772,36370.476836087226,98.28172502701294,-26.018662413760566,2020.8469266172413
q4_3,0,2025-08-10,73405.3898373325,72317.16190264374,458.8657855691117,-1600.6657904276708,2230.0279395473463
q4_3,0,2025-08-11,73288.88094838496,69013.62667543694,664.8562083087412,-114.03371271363778,3724.4317773529137
q4_3,0,2025-08-12,74991.7930343083,69179.88249968224,1679.805953106905,-216.91942380228807,4349.024005321457
q4_3,0,2025-08-13,72962.03905375492,66062.49037756278,1985.2049173702553,-127.37658916481939,5041.720347986714
q4_3,0,2025-08-14,75199.30125865892,71004.51240460362,724.1285558167685,-561.1831861874324,4031.8434844259755
q4_3,0,2025-08-15,39769.13154482955,37363.61665443584,187.30038755034707,-551.4194677621063,2769.633970605472
q4_3,0,2025-08-16,39834.48810998962,37786.62002970194,174.5347123918636,-732.8668232865502,2606.200191182366
q4_3,0,2025-08-17,73344.499921879,68004.62507000916,1730.0793758583552,-309.0726922242567,3918.8681682357396
q4_3,0,2025-08-18,74905.68442589152,71243.47485595668,268.7915256024364,-465.6964687299506,3859.1145130623545
q4_3,0,2025-08-19,72309.73829921421,69196.20985678778,111.25612903479423,-341.6741999306074,3343.94651332225
q4_3,0,2025-08-20,78492.95200798399,74088.15359740083,908.0793352892306,-1096.9649497693488,4593.684025063271
q4_3,0,2025-08-21,72673.77163998938,69538.26620755388,669.1377641257715,-444.7757238240483,2911.143392133762
q4_3,0,2025-08-22,40173.10870165777,36878.966630444724,172.88356750474014,-249.82123307105644,3371.0797367793675
q4_3,0,2025-08-23,37787.7825612956,35907.21082371834,741.308070503258,-63.88101757357836,1203.1446846475878
q4_3,0,2025-08-24,74694.1140068667,72117.03791297946,641.2888061694974,-628.2989494175505,2564.0862371353205
q4_3,0,2025-08-25,81151.27968884908,84036.96228697717,1.1681873401492113,-5594.771660908438,2707.9208754402093
q4_3,0,2025-08-26,72637.76992062485,71817.69965483528,421.3745126522854,-338.32771605163816,737.0234691889267
q4_3,0,2025-08-27,75581.17835081383,71197.42912755805,2989.861159205256,-387.13466293568933,1781.022726986197
q4_3,0,2025-08-28,78162.85771500581,68847.77241825139,2525.8262536207612,-160.45182482004748,6949.710867953716
q4_3,0,2025-08-29,40588.79402810029,38654.786012499164,36.54608457342287,-278.28433193926577,2175.7462629669712
q4_3,0,2025-08-30,39462.90116452896,37859.196042135554,61.06119260703183,-335.3994055975745,1878.0433353839464
q4_3,0,2025-08-31,72879.42087518674,68342.36059565973,1440.5328481605593,-221.3520165934305,3317.8794479598946
q4_3,0,2025-09-01,60688.88639169969,62435.81544945009,27.56617335910403,-1774.4952311095024,0.0
q4_3,0,2025-09-02,61272.14207566839,60869.492501984176,1334.1402780845456,-1240.535966433876,309.0452620335447
q4_3,0,2025-09-03,63180.00850993033,62288.855074884545,179.4929777251159,-1147.637973486354,1859.29843080702
q4_3,0,2025-09-04,63437.08020653069,63580.954417595596,156.46182674737193,-1305.7113428014438,1005.3753049891625
q4_3,0,2025-09-05,30563.73875223586,31127.463616310557,18.661362923725278,-846.1643308865665,263.77810388814135
q4_3,0,2025-09-06,31446.518305866033,31703.014190244037,9.692868597698663,-689.6835100292554,423.4947570535528
q4_3,0,2025-09-07,62254.4170083701,60647.34594272515,229.3820568631741,-728.4854266526564,2106.1744354344355
q4_3,0,2025-09-08,60556.24892376468,55194.76174147016,2439.734084146527,-435.9596943711072,3357.712792519103
q4_3,0,2025-09-09,58962.34899139877,52046.8536683925,2752.5861802636255,-62.83787488665904,4225.747017629308
q4_3,0,2025-09-10,61673.11684175888,56341.77196459722,1365.1475154039856,-90.34792987783389,4056.545291635504
q4_3,0,2025-09-11,60209.290339003746,57308.18322552705,998.8344177666693,-1539.9057275567586,3442.1784232667856
q4_3,0,2025-09-12,28379.080252816435,26043.112720745357,578.2411860979928,-49.68501920715801,1807.4113651802436
q4_3,0,2025-09-13,29428.33929801058,25285.972792671622,924.1148150142986,-1.8576429283712058e-14,3218.2516903246606
q4_3,0,2025-09-14,62017.24418489222,58904.692845495825,807.4811053205603,-1013.0770623472762,3318.1472964231043
q4_3,0,2025-09-15,60013.50740708408,55557.58511880611,698.0098627181188,-27.387042312231237,3785.299467872084
q4_3,0,2025-09-16,61349.42630042527,58821.145972939994,749.9650904802118,-1143.3343986343627,2921.6496356394337
q4_3,0,2025-09-17,61892.22329084609,60682.05572970692,446.1454359412805,-1733.889538124778,2497.911663322654
q4_3,0,2025-09-18,61100.4341195553,55028.88418001145,1946.4175071189024,-23.627225780141742,4148.759658205089
q4_3,0,2025-09-19,28357.67266151071,26436.733612043332,420.35230015247635,-33.87791488627423,1534.4646642011764
q4_3,0,2025-09-20,28714.52435720965,26402.15213397266,259.36969897297394,-91.91381597011576,2144.9163402341323
q4_3,0,2025-09-21,60196.76088289656,57903.63808585638,311.83174552373634,-714.6879475490025,2695.9789990654526
q4_3,0,2025-09-22,63878.007005295374,62206.76058441962,608.4739258188563,-1883.9391463579486,2946.71164141485
q4_3,0,2025-09-23,63528.19623753955,59531.305987847605,562.9331927993871,-367.5536208481957,3801.510677740761
q4_3,0,2025-09-24,61287.91919237542,56887.03847700982,1758.6194390333064,-13.226743389017155,2655.4880197213115
q4_3,0,2025-09-25,63796.13816394782,58992.01808225084,722.2485211539624,-111.39389762974174,4193.265458172762
q4_3,0,2025-09-26,28513.599329143606,26782.776218689218,223.8853706886457,-394.4017678533722,1901.339507619112
q4_3,0,2025-09-27,31898.584519253647,26628.671365243852,868.304496813872,-1.0578300445602071,4402.6664872404845
q4_3,0,2025-09-28,63087.51429272057,57772.951002096546,1569.1189440309877,-0.6853273478155839,3746.1296739408476
q4_3,0,2025-09-29,65976.4730793206,63093.92683808319,71.85636904670865,-1521.0536320993874,4331.74350429009
q4_3,0,2025-09-30,67163.07425424305,61904.03331821062,1803.7333138331398,-693.2019208800748,4148.509543079364
q4_3,0,2025-10-01,55749.51907979621,55723.69696526426,129.20138271616392,-407.53152236540376,304.15225418120053
q4_3,0,2025-10-02,58184.334775463365,59451.563364024376,91.57941177895583,-2260.4249797628545,901.6169794228822
q4_3,0,2025-10-03,25574.289870784225,24369.906093217767,474.1640835141046,-6.67384371903043,736.893537771385
q4_3,0,2025-10-04,28040.165705687432,27312.461404693076,22.52660105622959,-254.5248408061247,959.7025407442491
q4_3,0,2025-10-05,59072.36858761085,59881.79011851387,9.20278932205257,-1775.1458052009493,956.5214849758687
q4_3,0,2025-10-06,58835.806947550635,56165.158350635145,871.6194893289776,-44.66152432720928,1843.6906319137242
q4_3,0,2025-10-07,59134.45871658784,56035.851829647785,1900.5209768077923,-101.25516792682586,1299.3410780590946
q4_3,0,2025-10-08,57149.94300583763,53522.0773021871,83.70600443460748,-273.27129051000264,3817.430989725942
q4_3,0,2025-10-09,58826.068374432245,57758.52963662322,21.116501292000326,-2053.6375195240516,3100.0597560410724
q4_3,0,2025-10-10,26405.345104319735,24326.89661584417,93.01776868045991,-193.58069434726514,2179.011414142371
q4_3,0,2025-10-11,26568.138163478667,24823.5224620925,39.46475385935418,-29.327588821712038,1734.4785363485246
q4_3,0,2025-10-12,58285.85158651382,53877.1969349399,603.8220777296636,-573.6024432843892,4378.435017128641
q4_3,0,2025-10-13,57838.05719225836,55729.79853894139,497.08624466546485,-820.216327880347,2431.388736531862
q4_3,0,2025-10-14,60459.803225982745,57979.59797249135,748.0789567476978,-1125.5275262523446,2857.653822996048
q4_3,0,2025-10-15,59582.007474159014,59846.18748832474,25.02758323354894,-1156.2254006200424,867.0178032207724
q4_3,0,2025-10-16,62117.33808491964,56883.20653035888,1685.2510509660906,-10.953475269305518,3559.8339788639696
q4_3,0,2025-10-17,26628.672272700685,24087.42076114891,1164.6222000656396,-5.461285790859811,1382.090597276987
q4_3,0,2025-10-18,26654.030721053598,25104.5304909525,92.4586235031083,-311.4936504365148,1768.5352570345049
q4_3,0,2025-10-19,63131.71893975133,62141.75768074103,35.45641400519451,-911.4116715806224,1865.9165165857175
q4_3,0,2025-10-20,62631.90221809605,61564.48726899388,60.3000435558223,-838.6433018614437,1845.7582074077877
q4_3,0,2025-10-21,61895.3813091262,59313.853851081294,652.2337044344223,-140.65937224357043,2069.9531258540537
q4_3,0,2025-10-22,63544.71658133492,60005.62038828331,275.14715933141633,-295.7263701576235,3559.6754038778176
q4_3,0,2025-10-23,65003.014157938414,66108.30738186213,317.03758160218473,-3567.808050760591,2145.4772452346842
q4_3,0,2025-10-24,27870.08328673677,25466.718233295,210.35452274624615,-76.5446741587871,2269.555204854313
q4_3,0,2025-10-25,27763.988065847723,25056.369704274442,475.6716857565789,-58.66287866230015,2290.6095544790005
q4_3,0,2025-10-26,63397.204674143024,63814.45516233487,194.4866895424634,-2371.3300181829363,1759.5928404486276
q4_3,0,2025-10-27,61705.80718991478,59845.01012772452,1175.3105738329145,-119.79359375367056,805.2800821110231
q4_3,0,2025-10-28,63873.28461268486,60577.19104308709,2123.608633460286,-620.2632813399614,1792.7482174774427
q4_3,0,2025-10-29,65640.6521880709,63180.15985430953,1038.9776394062537,-167.71648887880423,1589.2311832339162
q4_3,0,2025-10-30,63094.77866425868,58329.02271905444,2764.344474206531,-155.40414050696472,2156.815611504674
q4_3,0,2025-10-31,28204.596787529812,26822.183250541668,19.668555587162174,-88.51894658665208,1451.2639279876357
q4_3,0,2025-11-01,27347.595670046587,26490.04138175892,71.03928302799727,-185.9189759936731,972.4339812533408
q4_3,0,2025-11-02,65890.25342540903,62732.559986865555,802.8943971273296,-156.9944425132515,2511.7934839293976
q4_3,0,2025-11-03,64674.90600911264,63605.51787377652,189.9129594801683,-513.3026897768623,1392.7778656328176
q4_3,0,2025-11-04,64888.90437284389,63130.57815231303,242.05201776010165,-431.969103214817,1948.243305985579
q4_3,0,2025-11-05,67385.71657416873,65789.11526202135,91.9753539315164,-1428.2804452709092,2932.906403486771
q4_3,0,2025-11-06,68738.51491481782,65333.75098705479,708.6611872227594,-280.22288784171917,2976.3256283819956
q4_3,0,2025-11-07,28689.111799920924,26809.842165425835,472.71689605275174,-49.28181457035543,1455.8345530126926
q4_3,0,2025-11-08,27947.668767842464,27302.179990240555,32.45758202770695,-302.7190557456856,915.7502513198917
q4_3,0,2025-11-09,67169.86414561156,64592.68929944418,1073.4698157754624,-236.42587677921227,1740.1309071711125
q4_3,0,2025-11-10,71509.8696653047,66524.96395728044,3183.114335974145,-481.7438670306594,2283.5352390807707
q4_3,0,2025-11-11,69178.11538344913,69367.95011812884,69.39305555513809,-1779.6197814236234,1520.3919911887733
q4_3,0,2025-11-12,68409.65837595683,65764.96582488567,1159.4668769465347,-210.5986420913009,1695.8243162159229
q4_3,0,2025-11-13,70523.03261205337,65138.982390690835,2647.2226118771778,-646.8962145422951,3383.72382402766
q4_3,0,2025-11-14,28665.235191265983,27659.080221447777,11.015560666841978,-51.398965232283516,1046.5383743836437
q4_3,0,2025-11-15,30231.482314311972,28990.635942719717,47.728823121443895,-740.536878350015,1933.654426820824
q4_3,0,2025-11-16,71392.6460348013,66482.8163164311,1776.5339036444918,-8.343627880424316,3141.639442606133
q4_3,0,2025-11-17,70126.41637471707,66158.44183370311,2471.3720978726697,-50.46319264764024,1547.0656357889147
q4_3,0,2025-11-18,71002.1078262403,66356.93987862888,1739.8393604955727,-605.951195733603,3511.2797828494454
q4_3,0,2025-11-19,73144.86923967156,67314.42242868533,3600.183400256636,-148.90626855562093,2379.1696792852035
q4_3,0,2025-11-20,70658.5002542841,65921.86339128263,2325.916354107741,-106.1487602816041,2516.869269175309
q4_3,0,2025-11-21,29273.527673737135,28079.597972089665,163.62640080801123,-19.983938925486058,1050.2872397649417
q4_3,0,2025-11-22,30361.22994254579,29347.110950653892,0.773573320374819,-296.0559841003329,1309.4014026718614
q4_3,0,2025-11-23,72312.64076799026,67369.86523928889,2908.4802667218178,-113.42676975577135,2147.722031735317
q4_3,0,2025-11-24,70554.27666005504,66561.63880471291,781.5605993969224,-115.36993191387253,3326.4471878590603
q4_3,0,2025-11-25,74645.18532168887,74930.45534023954,9.86190175911241,-2415.5293689396576,2120.3974486298634
q4_3,0,2025-11-26,73664.38827202379,71748.45096117722,1594.1322691728412,-886.8499619418179,1208.6550036155306
q4_3,0,2025-11-27,71463.24906752,69472.12693919695,505.2803239696014,-194.9939467369807,1680.8357510904352
q4_3,0,2025-11-28,30741.19655617184,28523.00545266222,48.6469741828072,-152.7399709333048,2322.2841002601126
q4_3,0,2025-11-29,30822.515500296886,30148.017245828334,5.5133566286285065,-383.82357910293206,1052.8084769428565
q4_3,0,2025-11-30,76811.36834815075,71900.90927845804,2284.2533942829373,-433.2911120088942,3059.4967874186423
q4_3,0,2025-12-01,95515.23095516118,81947.8860539929,1429.4266383809595,-1114.0562383715114,13251.974501158835
q4_3,0,2025-12-02,100090.60914784932,84326.58554415451,1845.6638134602304,-1420.5580996811045,15338.917889915689
q4_3,0,2025-12-03,95380.45023490165,75248.55692351678,10413.307039457695,-8.067786438914482e-14,9718.586271927177
q4_3,0,2025-12-04,97219.15268893773,82032.11118298766,2619.5276737303575,-1468.4995567482756,14036.013388967986
q4_3,0,2025-12-05,40062.71178978194,33106.22381728346,1559.478133121904,-6.898855130327784,5403.9086945069075
q4_3,0,2025-12-06,41938.82071908519,33185.537521420614,1596.9079116481614,-76.19672549032701,7232.572011506747
q4_3,0,2025-12-07,97606.92793953692,85105.7671133233,1450.3466558481841,-2146.4198622836643,13197.234032649096
q4_3,0,2025-12-08,92843.7077986775,91748.90619541536,178.61864773620113,-924.9578044249815,1841.1407599509203
q4_3,0,2025-12-09,91897.0443377142,91499.31073048555,110.51743313704078,-1401.8375576851083,1689.0537317767012
q4_3,0,2025-12-10,91533.61411751516,83365.71107476615,3876.4592044846722,-237.4218929959534,4528.865731260289
q4_3,0,2025-12-11,88652.70185777149,88846.10113303833,0.11295923310794148,-1858.3490179329067,1664.8367834329656
q4_3,0,2025-12-12,38564.126438316125,36289.79268543482,591.674364080661,-49.017714902129015,1731.6771037027736
q4_3,0,2025-12-13,39504.14439792253,38081.92371688153,705.8639125939275,-545.4731099411432,1261.829878388212
q4_3,0,2025-12-14,91541.76555474788,86414.75559192756,2776.0222901277207,-156.81948321332618,2507.8071559059276
q4_3,0,2025-12-15,91134.02600941446,83844.35502190812,5222.3025536271725,-157.97594829530607,2225.34438217447
q4_3,0,2025-12-16,91731.41189318278,91672.01541808521,26.765120548104825,-1276.2313780427376,1308.8627325922018
q4_3,0,2025-12-17,91211.58523566787,91170.2726258358,1.3327412616219612,-2049.578405728733,2089.558274299175
q4_3,0,2025-12-18,88560.5390004501,86097.54918243014,1003.8352662565659,-118.1206405238456,1577.2751922872335
q4_3,0,2025-12-19,38173.62119594619,36344.201474555535,266.18310852081737,-251.5363586392387,1814.7729715090704
q4_3,0,2025-12-20,38304.96436345771,37520.61252645789,8.059415513340337,-687.3499034303128,1463.6423249167951
q4_3,0,2025-12-21,91761.18079994096,89533.25530555581,762.8209384609614,-701.0837537799559,2166.1883097041627
q4_3,0,2025-12-22,92195.62970874575,87876.3865831497,1175.2554900643397,-122.21891447190944,3266.2065500036247
q4_3,0,2025-12-23,88638.08066111375,88596.89660023348,47.45198527573567,-1378.0609187809505,1371.7929943855029
q4_3,0,2025-12-24,89804.33524764636,84963.66408654957,2072.423392004068,-311.11337597556644,3079.361145068298
q4_3,0,2025-12-25,89652.86282296585,84773.94533459717,1045.4802535166555,-315.1852857921201,4148.622520644152
q4_3,0,2025-12-26,38749.275347686525,36813.782602578605,570.9462446647474,-79.7183834422314,1444.264883885401
q4_3,0,2025-12-27,37482.72687068748,35955.44109590353,769.0714572067175,-98.38347622147903,856.5977937987084
q4_3,0,2025-12-28,88942.26394976734,84918.8517709903,1718.136543631355,-877.7673360550816,3183.04297120078
q4_3,0,2025-12-29,88294.0921561878,86073.42730555608,1430.092234135148,-169.0697532600875,959.642369756685
q4_3,0,2025-12-30,87606.53517753372,86805.63473214937,288.14671900808594,-1299.8225317590477,1812.5762581353208
q4_3,0,2025-12-31,90317.2359153518,88594.18585395764,176.01462565628643,-481.44254469309635,2028.477980430978
q4_3,4800,2025-02-01,25316.96280702736,26566.297309174653,9.251266419596504e-14,-1249.3345021473103,2.2992942660948757e-11
q4_3,4800,2025-02-02,67215.59043277502,70120.45682413313,6.846448741271161e-13,-2904.866391358174,5.468788621953991e-11
q4_3,4800,2025-02-03,69736.58594463354,72676.7217456286,9.349832907901145e-13,-2940.135800995122,5.275406067539734e-11
q4_3,4800,2025-02-04,71770.24676780585,75108.34706243443,3.341902088394022e-13,-3338.10029462863,5.540734093756327e-11
q4_3,4800,2025-02-05,67138.94600689392,67321.07785668188,1129.049632827615,-1311.1814826156478,8.843729071283946e-11
q4_3,4800,2025-02-06,68753.41442562433,72098.55136263226,4.82183359906685e-13,-3392.7627740427024,47.625837034777675
q4_3,4800,2025-02-07,25371.68271663313,25859.239139355042,3.460911557340296e-13,-930.2179971301351,442.6615744082264
q4_3,4800,2025-02-08,22025.107346601435,21279.794627888237,812.9171391660477,-67.60442045288556,3.487462763018812e-11
q4_3,4800,2025-02-09,65321.689724205906,66477.68707541804,1.539666527605732e-12,-1155.9973512122037,7.192885576046138e-11
q4_3,4800,2025-02-10,61701.92319005025,63902.38776837247,5.950087089701128e-13,-2200.464578322288,5.984709949835576e-11
q4_3,4800,2025-02-11,63739.848365141916,62863.14110410055,438.8157039538893,-1936.0275440800929,2373.9191011675675
q4_3,4800,2025-02-12,63885.02599318496,63930.92143466659,1.4943566384317818e-12,-1747.1373838800232,1701.2419423984
q4_3,4800,2025-02-13,56897.06296866886,58402.89660585194,8.967496412104481e-13,-1808.4361329506198,302.60249576754035
q4_3,4800,2025-02-14,21968.352825273232,21018.277360519038,924.421161582288,-304.35869018319084,330.01299335509935
q4_3,4800,2025-02-15,22558.236631537686,22542.446506432047,208.04552408688744,-192.25539898128255,3.89319083637929e-11
q4_3,4800,2025-02-16,61566.793587308275,63301.11178629867,816.0968587777508,-2702.3910229421144,151.97596517397236
q4_3,4800,2025-02-17,60019.693315789526,63060.87892457245,63.82028332600657,-3547.8953231078294,442.88943099890366
q4_3,4800,2025-02-18,56607.28538675885,55782.97370996815,885.4908460324225,-61.17916924179745,7.144060631958382e-11
q4_3,4800,2025-02-19,57394.3942660771,56415.09562147746,709.2787320399627,-126.72157977015208,396.7414923298229
q4_3,4800,2025-02-20,57297.5658057503,58540.05942107365,175.72020805819756,-1450.0730469566588,31.859223575111844
q4_3,4800,2025-02-21,20766.192506066218,20768.414662361763,4.673552211897912e-13,-2.2221562955860925,4.129154262955126e-11
q4_3,4800,2025-02-22,21153.55061129806,21231.043515523048,3.8177034866748726e-13,-77.49290422501923,3.1155039437180675e-11
q4_3,4800,2025-02-23,55867.72426145405,56919.384419540205,443.56764282526535,-1495.2278009114762,6.564553256538376e-11
q4_3,4800,2025-02-24,55188.946734145524,55096.184907216564,831.4164795931471,-738.654652664228,4.3425597340274184e-11
q4_3,4800,2025-02-25,55721.250535446794,58678.138078503995,7.126459422579501e-14,-3016.4306994553144,59.54315639810712
q4_3,4800,2025-02-26,54447.15649262325,52702.25136815421,1821.6936695692618,-76.78854510029976,8.236035675679433e-11
q4_3,4800,2025-02-27,51912.81367807937,49757.07319403948,2186.785059931984,-31.044575892156523,6.166508370597512e-11
q4_3,4800,2025-02-28,19671.17971007374,19526.72848801317,237.93650576481932,-93.48528370427579,2.2806119659435356e-11
q4_3,4800,2025-03-01,21253.061586798576,20884.08545884786,1.8549681790602788e-13,-539.0048827767855,907.9810107274992
q4_3,4800,2025-03-02,58814.98415347996,59011.041523875836,1167.565950016115,-1363.6233204120492,5.1067583051178645e-11
q4_3,4800,2025-03-03,58103.822601691325,58494.77130542983,973.6233329106622,-1364.5720366492078,4.7110127354699216e-11
q4_3,4800,2025-03-04,55053.23149247114,51632.36168775381,2624.037805081909,-18.62111707930352,815.453116714721
q4_3,4800,2025-03-05,55266.5227685189,58271.92081683273,5.904098543396685e-13,-3005.3980483138835,5.5971710821722804e-11
q4_3,4800,2025-03-06,51171.7662266874,51779.98039776256,278.9721807697572,-887.1863518449743,5.48120411281161e-11
q4_3,4800,2025-03-07,19713.758458196382,20168.207107708993,8.335518941748888e-14,-454.44864951264515,3.459884112544387e-11
q4_3,4800,2025-03-08,19070.169401355735,18459.56643820247,610.6029631532409,-8.495248948747758e-15,2.3243828195518292e-11
q4_3,4800,2025-03-09,49801.73022448417,51184.583797546395,338.3585228431199,-1721.2120959054018,5.7049908797068845e-11
q4_3,4800,2025-03-10,53285.64785745363,52216.88197635311,1127.1542336283871,-58.38835252792128,6.128621077294838e-11
q4_3,4800,2025-03-11,48039.05004567823,46231.66058146747,1808.4294673564114,-1.0400031457110737,5.878270226133964e-11
q4_3,4800,2025-03-12,50256.56389474581,51374.95058750044,9.739665074448567e-13,-1118.386692754694,5.209221853874625e-11
q4_3,4800,2025-03-13,52679.9410822269,52330.97036851852,725.5095692837223,-949.2885331460448,572.749677570694
q4_3,4800,2025-03-14,18545.03640292236,17916.14227952787,626.1338019694647,-9.495693120697979e-15,2.760321425023833
q4_3,4800,2025-03-15,18780.211628982917,18077.766683063863,429.5658817696156,-0.2632709574499169,273.14233510689064
q4_3,4800,2025-03-16,49816.78683965361,49480.157008052454,401.47583468180585,-64.84600308072571,5.988825746428006e-11
q4_3,4800,2025-03-17,44286.35280460511,43587.33381843948,849.1850593625777,-171.95520116366663,21.789127966707788
q4_3,4800,2025-03-18,49710.955430881004,52614.19170549061,9.863811101240573e-13,-2903.2362746096705,6.189861134764384e-11
q4_3,4800,2025-03-19,46585.894998320655,46060.996109183216,524.9529332071833,-0.05404406979769924,4.4944499677512796e-11
q4_3,4800,2025-03-20,47331.29278841788,47462.35869563895,309.5740337415985,-1173.0739363657344,732.4339954030744
q4_3,4800,2025-03-21,18344.67526826733,18127.31255308505,281.2831496336577,-63.92043445140676,2.7968383164989065e-11
q4_3,4800,2025-03-22,18408.846176953204,18441.345339266696,2.1521191495565972e-13,-32.4991623135178,2.2071674266044283e-11
q4_3,4800,2025-03-23,47920.8400328906,49557.25260947369,4.313957191470763e-13,-1920.4804213125167,284.06784472942996
q4_3,4800,2025-03-24,45868.904057301654,46493.32230807142,201.05338562672426,-825.471636396539,4.6420137067570977e-11
q4_3,4800,2025-03-25,49416.49337891771,51586.46871139345,6.94382354528566,-2176.91915602106,3.4039800311802533e-11
q4_3,4800,2025-03-26,46046.87096370947,46328.197860614004,824.9854577065146,-1106.3123546110792,3.160387151979194e-11
q4_3,4800,2025-03-27,44310.974707580426,44954.09231118733,461.7009655425344,-1104.8185691494941,5.767249433574762e-11
q4_3,4800,2025-03-28,18000.28419131832,18147.73967731683,1.2817906736017903e-13,-147.4554859985319,2.3544316718471238e-11
q4_3,4800,2025-03-29,17913.007272940224,17059.02701477691,440.07708424819566,-0.19328367251522338,414.096457587628
q4_3,4800,2025-03-30,42544.96063503793,44291.57391567842,1.89731963473605e-13,-1746.6132806405435,5.6920764990309176e-11
q4_3,4800,2025-03-31,42639.44097021573,42259.91676784228,385.27876948124566,-5.754567107861041,5.979372730280375e-11
q4_3,4800,2025-04-01,47128.654208537744,47075.25344903768,202.89785068512066,-149.49709118511214,5.4483987099729344e-11
q4_3,4800,2025-04-02,46864.57806403739,47441.84565905052,29.946454470817503,-607.2140494839848,4.460005209594442e-11
q4_3,4800,2025-04-03,45898.08766520154,47599.095502344135,17.473628393941684,-1718.4814655365622,3.38053212090017e-11
q4_3,4800,2025-04-04,16813.815315540684,16787.15890362234,26.76972970716261,-0.11331778884176069,1.9886329027940522e-11
q4_3,4800,2025-04-05,16877.83219534362,16526.583976773574,352.13122871808736,-0.883010148085333,4.84170392667238e-11
q4_3,4800,2025-04-06,43880.937535594094,43860.093059419814,379.4399804367623,-835.7026944014262,477.1071901389469
q4_3,4800,2025-04-07,40365.44019160451,39008.44979005854,1692.2765289082263,-335.28612736230644,4.718286561455898e-11
q4_3,4800,2025-04-08,45487.20737362934,47132.873125968064,1.117356873692188e-12,-1645.665752338772,4.7009100972994484e-11
q4_3,4800,2025-04-09,45147.85612006481,46363.41015293803,8.563176834286425e-13,-1215.5540328732711,5.382280754417934e-11
q4_3,4800,2025-04-10,41975.71299851371,42521.81470571851,3.8104133182059743e-13,-546.1017072048544,5.4415545847064094e-11
q4_3,4800,2025-04-11,16787.49131597074,15984.56478235673,402.94210948536283,-1.108848371381641,401.0932725000279
q4_3,4800,2025-04-12,16583.673985129815,16779.428609298477,3.410860927033355e-13,-195.75462416868396,2.1489960033704848e-11
q4_3,4800,2025-04-13,40874.88366682196,41651.493961339256,91.39740370444544,-868.0076982218018,6.02465668464447e-11
q4_3,4800,2025-04-14,41409.39484573102,42044.65671789806,257.2435558998286,-1715.4903245854198,822.9848965185486
q4_3,4800,2025-04-15,40574.5153974157,40150.25620807147,883.2099155130622,-458.95072616886233,4.111311113774718e-11
q4_3,4800,2025-04-16,41471.716908801434,40792.80021325726,1065.2628342270125,-386.3461386828913,5.200202801702858e-11
q4_3,4800,2025-04-17,40323.87136846594,39755.81197020722,821.4698935069582,-253.4104952482932,5.23821035436356e-11
q4_3,4800,2025-04-18,16039.07992423052,16179.813644242515,9.583800419932231e-14,-140.73372001202011,2.6434619826432024e-11
q4_3,4800,2025-04-19,16515.698921311025,15970.260764532155,587.4955870157094,-42.057430236855325,1.7320530787401368e-11
q4_3,4800,2025-04-20,39557.25812409364,39410.71396501353,261.1847225160052,-154.88258049344256,40.24201705754909
q4_3,4800,2025-04-21,40680.4792987415,39454.80890466082,7.076835117914015e-13,-581.266207512953,1806.93660159363
q4_3,4800,2025-04-22,40372.61662606638,40540.53161373506,307.02676391859967,-474.94175158733026,4.7991217222431715e-11
q4_3,4800,2025-04-23,38910.05341481195,37163.45610544725,1758.6110885241296,-12.013779159484056,5.294984628534394e-11
q4_3,4800,2025-04-24,38053.88163958721,37864.09045837353,960.6860718562781,-770.8948906426427,4.100547812413424e-11
q4_3,4800,2025-04-25,16222.879989421177,16348.39464949773,0.0,-125.51466007657484,2.3721426600786797e-11
q4_3,4800,2025-04-26,15370.983514195057,15371.563142880095,1.4526053693231235e-13,-0.5796286850620664,2.4876030124687533e-11
q4_3,4800,2025-04-27,39529.97692804673,36666.824293060316,1937.6990050317438,-335.3051118786128,1260.7587418332848
q4_3,4800,2025-04-28,43919.2496950179,43231.89811004594,1439.0216688681187,-751.670083896227,5.956825432917868e-11
q4_3,4800,2025-04-29,37780.70125279622,37348.34122387574,700.0835536317655,-267.72352471132854,4.228679983953043e-11
q4_3,4800,2025-04-30,39068.35347789629,37988.80069275807,223.25253905116085,-394.27191883232695,1250.5721649193952
q4_3,4800,2025-05-01,49060.23757100926,39375.37037773724,1630.1798556511376,-284.21838956253646,8338.905727183419
q4_3,4800,2025-05-02,23542.377596698803,17350.427745650228,465.6448611920165,-7.685240916253885,5733.99023077281
q4_3,4800,2025-05-03,21924.331513218687,16697.526316455012,30.545530814911,-4.2157921598118266e-14,5196.259665948767
q4_3,4800,2025-05-04,46262.47804595399,41458.63263133354,292.8543396598534,-1627.8166311991745,6138.807706159772
q4_3,4800,2025-05-05,47953.45123256266,43463.56722154731,1183.609366444325,-1291.652402563583,4597.927047134612
q4_3,4800,2025-05-06,48557.55026351873,40209.186364607835,3305.675755384514,-126.89982675186577,5169.587970278259
q4_3,4800,2025-05-07,48919.84304641003,41111.60003684721,2230.884083035248,-57.85733330281858,5635.216259830397
q4_3,4800,2025-05-08,45075.01787683358,46538.62579324473,187.65346084956954,-1651.261377260786,6.66280710603928e-11
q4_3,4800,2025-05-09,18147.314768700406,18053.788295175505,100.74160793918765,-7.215134414321182,3.2067589472717373e-11
q4_3,4800,2025-05-10,19321.131479679723,19100.702069555846,222.06049345499943,-1.6310833311500392,2.8652596739675575e-11
q4_3,4800,2025-05-11,41421.84317067585,41186.765334211595,326.9472304535459,-102.96367752500701,11.09428353571734
q4_3,4800,2025-05-12,43143.63426954992,42474.66007334028,697.6221851921443,-28.647988982559028,4.860083180346919e-11
q4_3,4800,2025-05-13,44106.98334087323,45377.46843804035,349.9340999386054,-2312.6259859245597,692.2067888188413
q4_3,4800,2025-05-14,44793.50777367038,46331.539989760444,1.7738921482388865,-1539.8061082383629,6.009878905643973e-11
q4_3,4800,2025-05-15,43230.59763098267,44241.88795901579,1.1114903005948986,-1012.4018183337738,6.705822030994568e-11
q4_3,4800,2025-05-16,18242.46961655428,18213.921723154213,4.07609945796139e-14,-89.0058055666219,117.55369896668857
q4_3,4800,2025-05-17,19150.82436528489,19312.274873256534,6.916034502285987,-168.36654247395077,2.2720783476870563e-11
q4_3,4800,2025-05-18,42985.813068473566,44979.412965018426,6.290168386158257e-13,-1993.599896544901,4.0862341954550635e-11
q4_3,4800,2025-05-19,40185.26086348145,40548.41154175886,9.62743484933526e-13,-363.15067827744207,3.0356005709109013e-11
q4_3,4800,2025-05-20,41757.07483183391,41098.56319430958,702.7003407425781,-44.188703218310145,6.73802720285721e-11
q4_3,4800,2025-05-21,41900.429792973635,41289.35964854083,611.0701444327696,-3.971013740056151e-13,3.7968185040426764e-11
q4_3,4800,2025-05-22,41377.67910024908,42422.48421115426,3.94681620718984e-13,-1044.8051109052253,3.918713531447793e-11
q4_3,4800,2025-05-23,17041.354030950984,16491.095246724333,550.258784226623,-8.554934538551606e-14,2.4798850972729267e-11
q4_3,4800,2025-05-24,18753.36631535366,18911.481440462114,0.0,-158.11512510846165,1.1498144658617095e-11
q4_3,4800,2025-05-25,38723.80021612581,39060.77380069364,7.048207351090241e-13,-336.97358456788714,5.5883162985992383e-11
q4_3,4800,2025-05-26,42694.12492879841,42372.51833142776,508.63610278569155,-187.02950541509193,4.858171998023409e-11
q4_3,4800,2025-05-27,40520.8250771288,40158.97549536156,2.5599788955332775e-13,-108.91873609310153,470.76831786034955
q4_3,4800,2025-05-28,42900.82820028393,43675.36405635244,1.521803483228723e-12,-774.5358560685437,3.977173435032455e-11
q4_3,4800,2025-05-29,42861.0983946642,41990.46704490008,870.6313497640773,-3.3559786061232445e-13,4.547878518224025e-11
q4_3,4800,2025-05-30,18797.77508525678,18829.268875701604,0.8603137052198765,-32.354104150059754,1.7357081105728866e-11
q4_3,4800,2025-05-31,19009.530572564334,19314.32203094034,2.4695987464752203,-307.26105712251564,2.893865769237891e-11
q4_3,4800,2025-06-01,67359.30381524836,57663.64494122659,4241.456869720005,-3076.650950678828,8530.852954980603
q4_3,4800,2025-06-02,66176.50198458185,57319.93482263042,3419.1059093986223,-3037.6508411356235,8475.112093688427
q4_3,4800,2025-06-03,59803.62308608964,53630.75277699591,3637.9086812612486,-382.3578624950612,2917.3194903275426
q4_3,4800,2025-06-04,62195.15633439045,62731.422475629304,277.39224084946045,-4342.8451571025935,3529.1867750142774
q4_3,4800,2025-06-05,64163.547582945095,54958.788910782976,3517.445939918063,-704.756170060172,6392.068902304228
q4_3,4800,2025-06-06,32100.484840594298,22184.99157188793,2332.481589643032,-403.9193816506335,7986.931060713967
q4_3,4800,2025-06-07,28989.263923493243,23246.072135587623,2524.1427841487234,-192.7328590913025,3411.7818628482005
q4_3,4800,2025-06-08,56458.960861356274,56443.75931641339,2059.694587622651,-2044.4930426798169,4.782769380540231e-11
q4_3,4800,2025-06-09,63193.19748782719,65718.1770233905,4.639616690838011e-13,-2524.979535563357,4.3318112652457334e-11
q4_3,4800,2025-06-10,59442.52740050785,60454.17915071476,1.7625495729589603e-12,-1011.6517502069668,6.534202690033907e-11
q4_3,4800,2025-06-11,65001.05376977721,62488.91775939817,3193.9555641602683,-681.8195537812949,6.06717902584819e-11
q4_3,4800,2025-06-12,62077.6377704302,62562.99768962714,179.95808552518682,-665.3180047221779,5.2406847750319234e-11
q4_3,4800,2025-06-13,26592.432849789817,26421.48293622552,245.06630023808344,-140.31087107380142,66.19448440001148
q4_3,4800,2025-06-14,27266.76240369895,27753.387132965698,0.0,-486.6247292667633,1.687459416643833e-11
q4_3,4800,2025-06-15,57672.80421274419,56961.17918312794,549.775709873011,-363.6725936157665,525.5219133590101
q4_3,4800,2025-06-16,60912.63339605561,60180.42831714742,837.4538483700926,-105.24876946197921,6.524606810387468e-11
q4_3,4800,2025-06-17,64326.84731593101,62850.149030466564,1746.6252647047647,-269.92697924036514,5.8177735962061657e-11
q4_3,4800,2025-06-18,61217.966908006245,62580.5690058735,131.95932856926748,-1494.5614264365793,5.724390828021342e-11
q4_3,4800,2025-06-19,59420.80624863294,57799.71412932135,2659.018262001083,-2070.4248943252037,1032.4987516357269
q4_3,4800,2025-06-20,23931.7148151055,24125.367269595765,8.967333542386768e-14,-193.65245449029476,2.6787773776959514e-11
q4_3,4800,2025-06-21,26214.345795471025,26178.156410870062,216.53475392662946,-180.3453693256763,1.1039475111829234e-11
q4_3,4800,2025-06-22,55459.8564458671,54034.43960893173,2498.429917121086,-1073.0130801857622,4.515108642522136e-11
q4_3,4800,2025-06-23,55529.62818821485,55982.82488895955,1.1976702296578878e-12,-453.1967007447623,5.3346913997387445e-11
q4_3,4800,2025-06-24,65403.09018896134,67396.28287041021,12.730411739975063,-2005.9230931889258,6.02635097379789e-11
q4_3,4800,2025-06-25,58699.10926313042,56548.28240294242,2972.2493630187328,-821.4225028308127,8.272914842066827e-11
q4_3,4800,2025-06-26,58760.81624002476,58120.68619274637,1530.7834815837102,-890.6534343053456,3.732933961941853e-11
q4_3,4800,2025-06-27,23776.56745498996,24201.658710714684,89.36289419631942,-514.4541499210687,2.1409476858025297e-11
q4_3,4800,2025-06-28,23916.555304751826,23990.071005624482,6.779674026866042,-80.29537489954787,2.5994751240432377e-11
q4_3,4800,2025-06-29,56014.604628423585,49871.09540517305,6317.051049254709,-173.54182600421925,4.114330565130331e-11
q4_3,4800,2025-06-30,58481.6058803653,59112.27920611505,269.6466003524531,-900.3199261022482,5.3289656576360755e-11
q4_3,4800,2025-07-01,76826.66713832301,57981.13984826257,12630.317089129145,-6.875708891129762e-14,6215.210200931293
q4_3,4800,2025-07-02,72198.79839256995,57166.11300582756,6299.4761686531065,-3.02009084407473e-14,8733.209218089283
q4_3,4800,2025-07-03,77283.55650534511,63126.60551895769,8690.380744688677,-102.10478600852576,5568.675027707277
q4_3,4800,2025-07-04,36994.135135170945,27248.588343417752,4466.2363333080775,-3.100026901847741e-14,5279.3104584451185
q4_3,4800,2025-07-05,37450.49534231252,27452.053307668593,6226.157972362537,-3.013269633811433e-14,3772.2840622813887
q4_3,4800,2025-07-06,77008.86061968778,61706.80400146586,9591.48019283166,-127.14628491578088,5837.722710306038
q4_3,4800,2025-07-07,76938.61633146714,58733.300013630374,5309.957088692627,-258.29579402239267,13153.655023166542
q4_3,4800,2025-07-08,73081.36380246922,74968.59109777742,503.3237996399819,-2401.1057127268923,10.55461777871126
q4_3,4800,2025-07-09,70159.84446105146,71446.87649931718,274.8756121168538,-1561.9076503826275,4.822702526219302e-11
q4_3,4800,2025-07-10,68555.43014786403,70027.28856500567,231.95392414351997,-1703.8123412852146,4.9763482223852404e-11
q4_3,4800,2025-07-11,34696.69450643661,34900.243159498605,8.355129921255866e-13,-296.2940384120453,92.74538535004697
q4_3,4800,2025-07-12,35781.717866317405,35458.356237930755,418.75680912756377,-190.83291164094263,95.43773090002838
q4_3,4800,2025-07-13,67249.11536318995,69751.5916235824,880.3905581098494,-3382.8668185023535,5.370028333118171e-11
q4_3,4800,2025-07-14,69583.42016482304,71666.78200880055,294.3977874182167,-2377.759631395786,4.8925600903970696e-11
q4_3,4800,2025-07-15,67122.11122706512,70545.52077938142,9.291297646054861,-3432.7008499624035,6.675536923239633e-11
q4_3,4800,2025-07-16,69989.43522387727,71773.70172522565,335.8869053937108,-2120.15340674216,5.702916716643358e-11
q4_3,4800,2025-07-17,69239.03690254384,69413.63122005365,1275.020033640395,-1449.614351150269,5.6655443003705835e-11
q4_3,4800,2025-07-18,33993.42391638211,34599.99496772778,107.49420824244483,-714.0652595881378,2.8436460297598384e-11
q4_3,4800,2025-07-19,34276.60305674317,35475.12707108472,5.967706329101929e-13,-1198.5240143415735,3.1825322821532606e-11
q4_3,4800,2025-07-20,66574.87337982419,68261.75814348675,45.46978017261108,-1732.3545438352176,5.284990423071179e-11
q4_3,4800,2025-07-21,72414.4335287177,74462.92920253256,6.938308883737233,-2055.433982698638,3.9654978856162874e-11
q4_3,4800,2025-07-22,70748.46980379407,67070.78213300303,4221.593578353565,-543.905907562573,5.3928447485418473e-11
q4_3,4800,2025-07-23,72480.18111404238,74807.37456230166,25.531059014823285,-4423.191722310601,2070.4672150364922
q4_3,4800,2025-07-24,72137.93358222113,76735.07415309826,9.090967978409025e-14,-4597.1405708771945,6.203024938145063e-11
q4_3,4800,2025-07-25,30592.684077375347,30897.558359506842,5.999275742851751e-13,-304.8742821315219,2.4436843659714216e-11
q4_3,4800,2025-07-26,35547.2665045498,35557.084761211154,158.99101007479652,-168.80926673616943,2.7838666483148703e-11
q4_3,4800,2025-07-27,68144.2505702283,70339.11221263098,202.7898653349322,-2397.651507737683,6.533085716853292e-11
q4_3,4800,2025-07-28,68993.31750562454,69802.4453210879,333.73483176804973,-1142.862647231458,6.027747678771788e-11
q4_3,4800,2025-07-29,70554.37763930195,70005.68394658479,1783.4928151500226,-1234.7991224329348,6.485754244778263e-11
q4_3,4800,2025-07-30,72122.30519461227,66459.72321816722,5848.103149387436,-185.5211729424195,5.3826127555112175e-11
q4_3,4800,2025-07-31,67013.66404332989,66593.21755050661,806.2992308916326,-385.8527380684194,6.197879187652688e-11
q4_3,4800,2025-08-01,32917.95587099384,33147.501688778946,137.54243171341855,-367.08824949854494,1.801180360416765e-11
q4_3,4800,2025-08-02,33516.93384893003,34452.29973054862,2.6947191145154646e-13,-935.3658816186243,3.1625518204236873e-11
q4_3,4800,2025-08-03,58296.32989213057,58797.865230035706,9.616968554837513e-13,-501.5353379051702,4.00698922931042e-11
q4_3,4800,2025-08-04,61219.94973977775,62384.81190161075,260.76126402247166,-1425.623425855535,6.148327891253302e-11
q4_3,4800,2025-08-05,60653.60731813885,61141.57163837893,20.39828774235798,-508.362607982501,5.6673194137601965e-11
q4_3,4800,2025-08-06,64087.493341981564,66943.05110563186,129.42687606921297,-2984.9846397195906,7.13597003709765e-11
q4_3,4800,2025-08-07,62076.726670417,64289.73168302006,2.1898728164160276e-12,-2213.0050126030865,3.630060518844402e-11
q4_3,4800,2025-08-08,29837.966022095374,30182.07317275198,1.5883188098086976e-13,-344.1071506566349,2.8551880859595256e-11
q4_3,4800,2025-08-09,29932.868513883073,30025.37925238182,3.2104477822495374,-95.72118628101657,2.365152340644272e-11
q4_3,4800,2025-08-10,60032.322456768154,61658.61939488715,14.14375992272791,-1640.440698041781,4.633966455003247e-11
q4_3,4800,2025-08-11,60154.25429055029,59388.57169619331,66.66775781143451,-520.6663220815799,1219.6811586271438
q4_3,4800,2025-08-12,61589.56100949746,60984.79801955077,516.0958879681348,-813.9747137570953,902.6418157356546
q4_3,4800,2025-08-13,59613.1735745575,57334.25125971339,2292.8186095645806,-13.89629472054372,6.300728827568491e-11
q4_3,4800,2025-08-14,60174.24507186674,60246.79866492879,703.7482870769339,-776.3018801390484,5.381827961059571e-11
q4_3,4800,2025-08-15,29534.958717509257,29929.721622799414,391.7241464197213,-838.4800730557193,51.993021345843
q4_3,4800,2025-08-16,32941.65780178955,32606.299965136743,110.57565631334032,-926.1124030473252,1150.8945833867888
q4_3,4800,2025-08-17,58315.90053149978,56174.41617349601,1331.4290115552449,-198.23606069598816,1008.2914071445108
q4_3,4800,2025-08-18,61491.38628540211,61824.65828884268,446.3646922612951,-779.6366957019064,4.270577846909873e-11
q4_3,4800,2025-08-19,58805.22445713736,59142.75642483849,8.377128324354999e-13,-569.5348566958345,232.00288899470837
q4_3,4800,2025-08-20,64204.12961051761,65617.75330580867,612.4598209803644,-2026.0835162714861,5.106040745772589e-11
q4_3,4800,2025-08-21,59655.23609155678,60268.99843895249,241.17659182246015,-854.9389392182128,4.164446210097594e-11
q4_3,4800,2025-08-22,29869.367858057463,29863.705641973454,53.762585372584816,-376.93929316410527,328.8389238755258
q4_3,4800,2025-08-23,31596.55321477624,30777.566831285527,826.2556012115311,-7.269217720845717,2.960990741485148e-11
q4_3,4800,2025-08-24,60333.903631687455,60585.89837541073,270.1075094192198,-522.102253142539,4.6713282131349845e-11
q4_3,4800,2025-08-25,69311.43596392173,75303.18912483637,24.069559415829655,-6803.351943479367,787.5292231488975
q4_3,4800,2025-08-26,61359.04924751626,61692.02804711928,227.52319895623768,-560.5019985593117,4.256779106981413e-11
q4_3,4800,2025-08-27,62733.15729846698,61062.92188563943,2164.5523096982415,-494.31689687075186,5.781138057159296e-11
q4_3,4800,2025-08-28,61574.851649523094,59691.20260309353,1745.8442795565109,-5.794674962089629e-13,137.8047668730554
q4_3,4800,2025-08-29,31551.262911215796,31854.06586705955,11.337574287228083,-314.1405301310092,2.0437608938550512e-11
q4_3,4800,2025-08-30,31838.789275121002,32198.083026910695,6.497202775790356e-14,-465.50500389466015,106.21125210496562
q4_3,4800,2025-08-31,57515.56435713066,56781.25861772666,885.177276070498,-150.87153666654973,5.967638116999296e-11
q4_3,4800,2025-09-01,52036.21571578307,54865.372471968716,2.2575648017664208e-13,-2829.156756185671,2.48320617401987e-11
q4_3,4800,2025-09-02,51423.02457293005,52043.14390122611,858.5784533837304,-1478.6977816798346,3.3382734798692583e-11
q4_3,4800,2025-09-03,52634.70090219788,55173.31834589254,8.132587936415802e-14,-2834.1187642836267,295.50132058896133
q4_3,4800,2025-09-04,54009.11384522477,54579.448039521,8.00093857833417e-13,-1959.17453401776,1388.8403397215436
q4_3,4800,2025-09-05,23946.401961341748,25075.346145359377,0.0,-1128.9441840176369,1.0128303529199911e-11
q4_3,4800,2025-09-06,24968.511593423515,25966.034124522575,6.10498318565078e-14,-997.5225310990688,1.1032852853531948e-11
q4_3,4800,2025-09-07,50976.25316899023,52203.40920899181,197.47648169258673,-1424.6325216942064,3.504363021988865e-11
q4_3,4800,2025-09-08,49183.07150884421,48495.79690495207,1527.4563782758382,-840.1817743837371,4.663839803242809e-11
q4_3,4800,2025-09-09,47510.122561461,44529.104291954296,3115.668482745553,-134.65021323887407,3.327920339302182e-11
q4_3,4800,2025-09-10,47859.90201989346,47666.85542748793,538.0125446021941,-344.96595219673264,7.292822701288059e-11
q4_3,4800,2025-09-11,48356.483529283614,49646.475990078216,915.3400603641874,-2205.332521158835,4.567411338030069e-11
q4_3,4800,2025-09-12,21008.86741699296,20733.834807277635,117.06007777610522,-137.0927965060881,295.0653284453097
q4_3,4800,2025-09-13,21678.90398112824,20652.70281086365,1029.3211039422222,-3.1199336776699003,3.291888361900419e-11
q4_3,4800,2025-09-14,49280.12613926246,50644.90338616375,410.24065354026686,-1775.0179004415993,4.525540475697198e-11
q4_3,4800,2025-09-15,47940.08944805529,47642.81113532967,362.7316343707878,-76.92119439520567,11.467872750040556
q4_3,4800,2025-09-16,50490.00813771915,52109.788142209436,232.0561662618058,-1851.8361707521685,7.272121393953056e-11
q4_3,4800,2025-09-17,51397.658297979724,53153.49085153769,68.99273724372114,-1824.8252908017391,5.7894425253834926e-11
q4_3,4800,2025-09-18,46399.15091093964,45394.01815194627,1006.3499540976588,-1.217195104361519,6.81623893439287e-11
q4_3,4800,2025-09-19,20822.815592550338,20890.77661263108,21.097814748964133,-89.05883482973425,2.496500428605941e-11
q4_3,4800,2025-09-20,21463.206627806816,21537.682437328487,26.144097854068757,-100.61990737576946,3.003233928211557e-11
q4_3,4800,2025-09-21,49283.31760350718,50227.276089002546,6.916366146469955e-13,-943.9584854953998,3.576782070524587e-11
q4_3,4800,2025-09-22,51847.05132010739,54270.840564078724,251.29939956770025,-2675.0886435390807,4.4067697047012194e-11
q4_3,4800,2025-09-23,50401.74549162366,51232.41469832012,30.826807369363124,-861.4960140658702,4.704703826519107e-11
q4_3,4800,2025-09-24,49218.041728043034,48156.43442571489,1085.729622295134,-24.12231996702951,4.1399374595130215e-11
q4_3,4800,2025-09-25,50889.79175138134,51182.279236583454,23.433566471197082,-315.92105167335467,4.594893887599483e-11
q4_3,4800,2025-09-26,21016.27392906402,21510.985390796886,1.0172982456424506e-13,-494.7114617329027,3.6354393273541066e-11
q4_3,4800,2025-09-27,22409.07491567511,21706.104946853164,278.73083045663054,-10.474704610492218,434.71384297580806
q4_3,4800,2025-09-28,49918.023640723644,48933.7329572601,1008.5014343318326,-24.21075086836067,6.777162298021722e-11
q4_3,4800,2025-09-29,53447.64090578457,54752.29112083903,10.54517751033196,-2194.9174738056727,879.7220812408771
q4_3,4800,2025-09-30,54259.772182503584,53641.6694312552,1677.6314248183166,-1059.5286735699797,5.010693993057203e-11
q4_3,4800,2025-10-01,47608.090114066246,48702.61006912182,6.50948095426429e-13,-1094.5199550555928,1.8295679637958528e-11
q4_3,4800,2025-10-02,48797.040729876906,52117.83273962978,7.5437361944662635,-3328.33574594738,3.185468244737422e-11
q4_3,4800,2025-10-03,19163.748288099174,19000.463170292925,180.02699739998744,-16.741879593759947,1.9517969462867767e-11
q4_3,4800,2025-10-04,20541.831949712192,20852.475870739858,2.770264018181479e-14,-310.64392102768517,1.7892435977273636e-11
q4_3,4800,2025-10-05,48793.121465979195,51290.22299604627,3.8674556890327955e-13,-2497.1015300671065,3.08312451124948e-11
q4_3,4800,2025-10-06,47209.110764761404,47270.51642430647,66.43783392380664,-127.84349346893165,6.04793495284639e-11
q4_3,4800,2025-10-07,49074.34801974507,48573.03732203235,975.7950999183871,-474.4844022056966,2.735751536420139e-11
q4_3,4800,2025-10-08,46913.20625162123,46726.89510764852,9.9615249382623e-13,-615.0004738615557,801.3116178342651
q4_3,4800,2025-10-09,47278.38742209976,48866.94689574523,1.898207291947133,-2866.279940721076,1275.8222597836484
q4_3,4800,2025-10-10,19071.695310343093,18863.601562823984,327.36339144858255,-119.26964392950273,2.819556854660732e-11
q4_3,4800,2025-10-11,19004.182848723038,19004.54727821464,46.88370319270463,-53.58793684545115,6.339804161144928
q4_3,4800,2025-10-12,48428.62061541265,46181.03384021568,1100.8623602231344,-1228.4620436352407,2375.186458609081
q4_3,4800,2025-10-13,46687.991261445626,47995.6126943676,43.28284290293682,-1350.9042758249805,7.231905740923138e-11
q4_3,4800,2025-10-14,49709.75365302058,50329.12565254468,520.4593768366509,-1139.831376360798,4.892123683930549e-11
q4_3,4800,2025-10-15,50605.59816521066,52543.73445106054,8.731231773661763,-1946.8675176235952,5.5250553299135424e-11
q4_3,4800,2025-10-16,48663.512830259424,46558.60691726986,2104.905912989499,-3.229956746508833e-13,6.083456582928193e-11
q4_3,4800,2025-10-17,20026.558647744867,19182.21255271015,926.8929682910231,-82.54687325633253,2.651964337019308e-11
q4_3,4800,2025-10-18,18488.524060987096,18852.13090276126,9.620464425097453e-14,-363.6068417741921,2.6610763370626953e-11
q4_3,4800,2025-10-19,52402.77643963089,53742.948228020236,2.63160559454697,-1342.8033939839295,4.561020716664643e-11
q4_3,4800,2025-10-20,53123.61199297423,53928.19962930295,1.1381935394183529e-12,-804.5876363287836,6.298354193745582e-11
q4_3,4800,2025-10-21,51792.67071963519,51961.40446633284,66.69812896549976,-235.43187566321984,6.818285669396573e-11
q4_3,4800,2025-10-22,51443.68465003641,51894.48889811034,42.27301408171874,-586.2876117121189,93.21034955646931
q4_3,4800,2025-10-23,53926.115617376505,57969.08626241871,41.443643226665884,-4659.539457011293,575.1251687424252
q4_3,4800,2025-10-24,19095.486852554837,19100.71267788449,71.02545722041909,-76.25128255010408,3.334449560910002e-11
q4_3,4800,2025-10-25,20521.4305076273,19623.58016443489,340.11804446995666,-87.50527217728376,645.2375708997363
q4_3,4800,2025-10-26,53647.40961673614,57315.65399996559,6.169443622638937e-13,-3668.244383229504,5.941790348629183e-11
q4_3,4800,2025-10-27,51199.50113368486,50496.47936506843,768.5321199646395,-65.51035134826314,5.3000647870504737e-11
q4_3,4800,2025-10-28,54020.44651729359,52853.876080806396,1346.1347926853932,-179.5643561982646,5.646093370614835e-11
q4_3,4800,2025-10-29,55025.46091995956,55505.641784660416,18.315988063935848,-498.49685276485957,5.997411811620167e-11
q4_3,4800,2025-10-30,50844.95959217372,48775.76395023621,2367.939016773279,-298.7433748358237,5.321221863141545e-11
q4_3,4800,2025-10-31,21689.444760339673,21968.255252012554,1.3466774362314027e-13,-278.81049167290996,2.3861780107381487e-11
q4_3,4800,2025-11-01,19679.537270937257,19855.95726316235,21.791683923625364,-198.21167614874423,3.034807605217793e-11
q4_3,4800,2025-11-02,55663.8993608969,53421.89842920681,1739.7257162240005,-332.0568849119576,834.3321003780464
q4_3,4800,2025-11-03,56588.07499649185,57691.594133075116,44.05142982416611,-1147.5705664074967,6.693810883362516e-11
q4_3,4800,2025-11-04,54408.36364661431,55222.49500107829,7.572737104055704e-13,-814.1313544640373,5.138622763412038e-11
q4_3,4800,2025-11-05,58174.71636784836,60060.51531319147,3.8841676541778724e-13,-2144.2437943480136,258.44484900491
q4_3,4800,2025-11-06,56911.061178946096,56485.79510241275,851.1700568197596,-446.4003552308995,20.496374944490167
q4_3,4800,2025-11-07,20648.568943902363,20393.34609802324,310.71838618232033,-55.495540303238194,3.954458804855676e-11
q4_3,4800,2025-11-08,21248.76056072967,21600.196560112105,52.33487005953294,-403.77086944199084,2.3065808818500956e-11
q4_3,4800,2025-11-09,56362.69014803758,56714.31718604911,9.966448999421118e-13,-351.62703801160245,6.984492095796213e-11
q4_3,4800,2025-11-10,62329.73825346715,58954.09565408197,4119.072820300832,-1020.8962748049352,277.46605388928276
q4_3,4800,2025-11-11,59090.82900445572,61486.43217087531,1.3693068012798905e-12,-2395.6031664196453,5.5774719953660685e-11
q4_3,4800,2025-11-12,59778.953908251206,58972.79406373766,1620.7869784094137,-814.6271338959176,4.699837319321887e-11
q4_3,4800,2025-11-13,59768.59175598384,56616.374232862065,2790.181630498734,-559.8743241001315,921.9102167231778
q4_3,4800,2025-11-14,21650.500513570376,21753.194975756942,5.015891701987129e-13,-102.69446218659434,2.980976920863299e-11
q4_3,4800,2025-11-15,21765.51055797081,22557.423924525407,2.378605128161607,-794.2919716827876,3.5676166021403334e-11
q4_3,4800,2025-11-16,59969.96225265943,58929.52009775065,1106.2169676793117,-65.77481277059913,6.896046311766213e-11
q4_3,4800,2025-11-17,61300.004787696496,58752.35195826749,2687.235131956203,-139.58230252725713,4.826335597840625e-11
q4_3,4800,2025-11-18,59962.52224921774,58933.70445212147,1316.2256716851325,-287.4078745889055,5.7134792896818e-11
q4_3,4800,2025-11-19,64998.507089289626,60859.29338440031,4551.594560270675,-412.3808553814198,5.942327874208786e-11
q4_3,4800,2025-11-20,58260.39494424747,57126.119997714486,1172.1562453277481,-37.88129879483559,6.199091906466948e-11
q4_3,4800,2025-11-21,22801.95783879824,22766.214721653894,38.61824242203938,-2.8751252777339373,3.840620976802711e-11
q4_3,4800,2025-11-22,22181.99066619714,22677.84414374183,3.304748474874941e-13,-495.85347754473503,4.44452883385793e-11
q4_3,4800,2025-11-23,62118.15950643666,59513.995872349995,3173.8513110412428,-569.6876769546326,5.928894841744636e-11
q4_3,4800,2025-11-24,59376.45098472503,58756.685697954,907.4585971997832,-287.69331042880265,4.744398918177239e-11
q4_3,4800,2025-11-25,65369.21560627408,68572.61754407207,1.1458013204901362e-12,-3203.4019377980185,3.4677260174476035e-11
q4_3,4800,2025-11-26,64947.544026847376,65003.219135081934,1319.7912641490143,-1375.4663723836206,4.497064409747509e-11
q4_3,4800,2025-11-27,62029.21321787423,62170.18182985118,476.6919472236863,-617.6605592007106,6.744655900448037e-11
q4_3,4800,2025-11-28,22630.3094471092,22139.13106880476,5.414323793208142,-169.8762592208102,655.6403137320477
q4_3,4800,2025-11-29,23770.943439813214,24844.955612254344,3.0365683301170066e-13,-1074.0121724411615,3.33752829817513e-11
q4_3,4800,2025-11-30,65478.14712780769,64527.21547134426,840.3136421724109,-349.9486998563315,460.566714147347
q4_3,4800,2025-12-01,89699.94555458233,74803.03401088393,1495.439577717951,-1090.8293765251528,14492.301342505598
q4_3,4800,2025-12-02,90907.01659376101,76793.58994136349,2392.1561682798974,-1389.8572907522748,13111.127774869896
q4_3,4800,2025-12-03,85549.60355376759,67267.66355062516,13425.724525133133,-1.0188472288064076e-14,4856.215478009289
q4_3,4800,2025-12-04,87110.30691694433,73182.0278062638,4137.133500661025,-1497.1247373965741,11288.270347416073
q4_3,4800,2025-12-05,32564.468819511472,26362.080783461093,2186.701961116324,-215.95026102820785,4231.63633596226
q4_3,4800,2025-12-06,30529.375736999464,26162.76059508273,2683.2835847657516,-39.582373957841895,1722.9139311088265
q4_3,4800,2025-12-07,87288.51037515802,76475.95769895654,2631.933482540659,-1655.4289143226881,9836.048107983497
q4_3,4800,2025-12-08,81392.6674859823,82596.00891727705,8.767216286287294e-13,-1203.3414312948019,4.272147435813167e-11
q4_3,4800,2025-12-09,80627.65011630033,82404.40061260611,1.009146899377811e-12,-1776.7504963058532,5.910436584599666e-11
q4_3,4800,2025-12-10,78528.6576818183,75988.43112183752,2704.1138193264424,-163.88725934574856,7.076430108554631e-11
q4_3,4800,2025-12-11,76610.54563126597,78716.30266372356,9.85839676559408e-13,-2105.757032457657,6.308005295885266e-11
q4_3,4800,2025-12-12,31051.48475430651,30812.817949089174,437.2068147735424,-377.03198233901827,178.49197278281065
q4_3,4800,2025-12-13,29941.722287677178,30553.841779432507,193.52817892025084,-805.6476706756362,5.699217275889623e-11
q4_3,4800,2025-12-14,80336.86100545485,78020.14928088611,2532.26469091995,-215.55296635123892,3.260079495248647e-11
q4_3,4800,2025-12-15,80017.7683674398,76344.2453088701,3839.4051421418803,-165.88208357225025,8.03823638761969e-11
q4_3,4800,2025-12-16,81339.37770581059,83111.4752132206,7.381402156170225e-13,-1772.0975074100606,5.4921429182286374e-11
q4_3,4800,2025-12-17,79950.64021334804,82411.7896618913,4.1740897405162506e-13,-2461.1494485433213,6.455938716953824e-11
q4_3,4800,2025-12-18,77477.69431962864,78522.03186451214,1.5788565121965802e-12,-1044.3375448835543,5.973275563064818e-11
q4_3,4800,2025-12-19,29011.305202082553,29158.896761020384,187.90469095460287,-335.4962498924826,5.227789756645507e-11
q4_3,4800,2025-12-20,28130.968346230984,28779.537255156418,141.38034743251606,-792.8191710246424,2.8699146666945348
q4_3,4800,2025-12-21,81142.1520845903,81656.559560141,9.76249481254854e-13,-707.1134164088278,192.7059408581287
q4_3,4800,2025-12-22,79844.73694809407,78866.62036557283,296.0214034146088,-203.46944861912053,885.5646277257414
q4_3,4800,2025-12-23,78676.98636465968,80261.22188527427,512.3076830783256,-2096.5432036929797,5.905086908342128e-11
q4_3,4800,2025-12-24,77419.4206048029,76502.83403918751,1012.5488183826789,-505.20755620726743,409.2453034399797
q4_3,4800,2025-12-25,75896.88571477805,75185.86652565433,75.93377132297577,-346.6199550514404,981.7053728521732
q4_3,4800,2025-12-26,29745.817167332618,29845.84156031115,303.1215226287989,-403.14591560737443,4.086814797688021e-11
q4_3,4800,2025-12-27,28604.359595819333,28299.01511235581,630.9634380665922,-325.6189546031072,3.936814252369913e-11
q4_3,4800,2025-12-28,75949.646971218,76034.29088044824,1018.9779071977491,-1103.6218164280765,8.446666655004264e-11
q4_3,4800,2025-12-29,78165.1797104083,78390.32132803256,376.8790026998006,-602.0206203241497,7.12260685986621e-11
q4_3,4800,2025-12-30,76183.5134078559,77712.14668186098,85.30179223520224,-1774.7131019968485,160.77803575658663
q4_3,4800,2025-12-31,80845.17574021273,81503.33032202696,2.1567238661646116e-12,-759.2132318142924,101.058650000048
q4_3,9600,2025-02-01,20866.872237886364,22417.229849057738,7.244977950904286e-14,-1550.357611171402,2.705911406053474e-11
q4_3,9600,2025-02-02,61846.66983119196,64655.14447666421,3.2071625355456486e-13,-2808.474645472286,4.190064117892689e-11
q4_3,9600,2025-02-03,63986.34640511639,66921.19552430887,1.5936052477627528e-13,-2934.8491191925677,7.972836257863492e-11
q4_3,9600,2025-02-04,66916.82205923522,70207.74163961524,4.250978236086667e-13,-3290.9195803800876,6.392637885710428e-11
q4_3,9600,2025-02-05,63600.26571882318,63895.84516389652,984.3755024193027,-1279.9549474927462,1.0154700680331529e-10
q4_3,9600,2025-02-06,63439.320372771836,66938.65760502544,3.389800440345425e-13,-3549.757612252103,50.420379998491484
q4_3,9600,2025-02-07,20235.873857918086,21068.12643660046,2.8256863515707663e-14,-1150.146468971996,317.8938902896183
q4_3,9600,2025-02-08,17260.755423793296,16476.280230011074,784.4751937821804,-1.4784617974328285e-15,3.980654739166311e-11
q4_3,9600,2025-02-09,60147.39353480625,61130.33208085518,1.9443518795014823e-12,-982.9385460489946,6.818342512815434e-11
q4_3,9600,2025-02-10,57252.61632607425,59503.677592624634,8.793211492275078e-13,-2251.061266550443,4.438625356151249e-11
q4_3,9600,2025-02-11,58400.37130320927,57636.60790616684,175.07335414301647,-1832.9681528578176,2421.658195757228
q4_3,9600,2025-02-12,57216.06891453073,58602.21687088979,6.575985089796177e-13,-1386.1479563591297,7.79115119087237e-11
q4_3,9600,2025-02-13,51498.76316845731,53205.46887940781,4.5379323632133147e-13,-1832.980393735616,126.2746827851205
q4_3,9600,2025-02-14,17281.51043444963,16817.863428557954,692.3512573440964,-228.70425145245937,3.823117822321364e-11
q4_3,9600,2025-02-15,18305.365810662566,18762.692954009617,3.6590795644198844,-460.9862229115167,4.494707894764361e-11
q4_3,9600,2025-02-16,56231.33595069761,58022.10051269393,826.1956878190142,-2686.8384972367,69.87824742137514
q4_3,9600,2025-02-17,54527.28372505769,57706.838860723605,3.476167014898804,-3346.7566110464313,163.72530836562544
q4_3,9600,2025-02-18,51533.04353334301,50777.91082533685,765.4010377413649,-10.268329735287601,7.610479002551074e-11
q4_3,9600,2025-02-19,53942.21743660294,52544.233137726864,1316.464458125076,-172.76389581222097,254.28373656322998
q4_3,9600,2025-02-20,51699.30561827199,52817.13099572363,103.33972732368932,-1406.864205777992,185.69910100265776
q4_3,9600,2025-02-21,16495.188374907695,16594.140900520746,1.6727312868169976e-13,-98.95252561308985,3.65353116649203e-11
q4_3,9600,2025-02-22,17011.59992835242,17079.365081089927,7.408686997223413e-14,-67.76515273753648,3.4737368537207654e-11
q4_3,9600,2025-02-23,50850.37126766583,51707.62193925837,523.8041402650779,-1468.832159829099,87.7773479714755
q4_3,9600,2025-02-24,50047.5492394439,49951.38281217367,466.41252682826564,-518.7918679914324,148.54576843338936
q4_3,9600,2025-02-25,50762.65113324103,53517.78280511647,7.034714144538156e-13,-2914.7112118754994,159.5795400000608
q4_3,9600,2025-02-26,49795.926418028495,48031.49136574422,1862.5448647600638,-98.10981247586317,7.504146459780259e-11
q4_3,9600,2025-02-27,45612.74654146221,43166.33876740506,2448.6006587971833,-2.1928847401143883,6.98874256244153e-11
q4_3,9600,2025-02-28,14621.025693449352,14691.29433628591,22.34067657652789,-92.60931941312055,3.6842521922153536e-11
q4_3,9600,2025-03-01,17667.876713180496,18422.380127277127,0.0,-754.5034140966554,2.522811115568402e-11
q4_3,9600,2025-03-02,52455.526421856805,53104.73177617323,857.1457347193757,-1506.3510890358762,6.844268707340006e-11
q4_3,9600,2025-03-03,54217.08931259068,54664.614342529414,892.6931512381883,-1340.218181176977,5.7222163007963906e-11
q4_3,9600,2025-03-04,49708.191237461586,47241.032759177804,2545.506705555271,-78.34822727157322,8.688581942806194e-11
q4_3,9600,2025-03-05,52796.34292053344,54595.59340096678,782.0964983571489,-3366.7895863272033,785.4426075367019
q4_3,9600,2025-03-06,44883.487278356115,45750.01970303427,1.7502552740467082e-13,-866.5324246782104,6.250422757148044e-11
q4_3,9600,2025-03-07,15384.386483043007,15667.40321147759,1.2052225883962822e-13,-283.0167284346102,2.7379130074223212e-11
q4_3,9600,2025-03-08,15187.115228578175,14574.987627765167,612.1276008129773,-4.42355485574808e-14,2.881176897062687e-11
q4_3,9600,2025-03-09,44115.41959177109,45802.99233407267,56.06511685175656,-1743.6378591534144,7.234911247877562e-11
q4_3,9600,2025-03-10,49194.95608621372,48141.67250387092,1086.276731892365,-32.99314954963246,7.202421947738458e-11
q4_3,9600,2025-03-11,44441.25876508764,40734.23544899943,3707.555649138634,-0.5323330505069135,7.96766901345336e-11
q4_3,9600,2025-03-12,46069.48242875435,47096.02705970123,5.201513886277099e-13,-1026.5446309469226,5.581613038430078e-11
q4_3,9600,2025-03-13,46960.03983334564,46807.883653373225,545.6099479808282,-793.1883139871618,399.73454597874616
q4_3,9600,2025-03-14,14276.304311056007,13652.984399212233,620.9806594356935,-0.42106901693978255,2.760321425020156
q4_3,9600,2025-03-15,15163.57216949126,14605.929033307144,401.1012559051975,-2.056963399340014,158.59884367825703
q4_3,9600,2025-03-16,44803.64741797367,44002.05146795729,1393.659496663443,-600.1446466471139,8.08110000004926
q4_3,9600,2025-03-17,39110.710611313974,38030.417923425266,1971.9533800214315,-891.6606921328034,7.452017314335535e-11
q4_3,9600,2025-03-18,46316.841695157476,49177.73250966762,6.144034614408156e-13,-2860.890814510205,5.7833313249489035e-11
q4_3,9600,2025-03-19,41427.81995623724,39208.525747726686,2219.5958236518863,-0.30161514136959033,3.977721002752788e-11
q4_3,9600,2025-03-20,42369.443201248374,43206.46397894042,8.762953029872733e-13,-837.0207776921092,5.426641536132592e-11
q4_3,9600,2025-03-21,13605.740798095127,13388.074418043954,282.13670754992256,-64.4703274987751,2.4192274850065585e-11
q4_3,9600,2025-03-22,15114.928611379122,15118.078709257512,0.0,-3.1500978784124163,2.2172059743752467e-11
q4_3,9600,2025-03-23,41012.31878746523,43074.78384319606,4.022808752779383e-13,-2190.9071149578676,128.4420592270302
q4_3,9600,2025-03-24,41735.31569948888,42578.10062347894,100.38608733612634,-943.1710113262299,4.725704982888601e-11
q4_3,9600,2025-03-25,44131.18892010854,46402.100696092355,9.231536505750851,-2280.1433124896193,6.102287208875622e-11
q4_3,9600,2025-03-26,39831.567575211026,40796.286807684286,564.9252912892332,-1529.6445237625605,7.222194753353505e-11
q4_3,9600,2025-03-27,39275.04956334186,39919.08446155383,337.7809796230795,-981.8158778351274,8.191327793838355e-11
q4_3,9600,2025-03-28,13662.597786951523,13819.289054557841,1.4754704125152784e-13,-156.69126760633455,1.520751879979798e-11
q4_3,9600,2025-03-29,13626.100243166984,13133.632536506466,440.133121153759,-0.4882879852298642,52.82287349199012
q4_3,9600,2025-03-30,36745.13957017333,39030.75231462617,3.765308065339923e-13,-2285.6127444529093,6.623708515007821e-11
q4_3,9600,2025-03-31,37643.28559110356,37594.38594271676,147.97479442397577,-99.07514603724967,6.357230830644766e-11
q4_3,9600,2025-04-01,42660.63439539561,42598.45784605225,233.67710538794637,-171.50055604463645,4.303785416936989e-11
q4_3,9600,2025-04-02,42504.67960733323,43353.9512729315,4.696019573202648e-13,-849.2716655983164,4.9026342985314384e-11
q4_3,9600,2025-04-03,40115.245241707074,41833.42379106212,13.70502648707686,-1731.883575842165,3.700407091855595e-11
q4_3,9600,2025-04-04,12121.55486965039,12117.418662489516,4.422474332632649,-0.2862671717837035,2.422028444470925e-11
q4_3,9600,2025-04-05,14154.926558671166,13612.194530849662,543.7784723363603,-1.0464445148989574,4.287549870696239e-11
q4_3,9600,2025-04-06,37551.10884837184,37874.63483775809,362.8902980962868,-1148.2657588085895,461.8494713260559
q4_3,9600,2025-04-07,35343.54956868112,34279.10112523675,1275.7578818554384,-211.30943841113938,6.510930461445241e-11
q4_3,9600,2025-04-08,40084.67855978519,42191.20875770236,13.245357264916455,-2119.7755551821556,6.776690089638215e-11
q4_3,9600,2025-04-09,41112.07410259913,42282.17940193528,2.600756943138549e-13,-1170.1052993362061,5.554223037051997e-11
q4_3,9600,2025-04-10,35578.86302430123,35322.05131368532,726.0299883823253,-469.21827776645443,3.996075115253461e-11
q4_3,9600,2025-04-11,11744.487665715771,11420.27421037765,325.53597156997625,-1.3225162318896129,3.182497465559209e-11
q4_3,9600,2025-04-12,13428.032077106187,13619.019582136916,1.2303758012421897e-13,-190.98750503075507,2.5839916872882895e-11
q4_3,9600,2025-04-13,35312.87769833852,36428.83470311971,206.0229767239538,-1321.9799815052095,6.29205665347854e-11
q4_3,9600,2025-04-14,36301.94367349705,37295.26372627821,638.2297243949486,-2312.515653856077,680.9658766799718
q4_3,9600,2025-04-15,35120.68651382184,35016.451928376366,458.2711062622857,-354.03652081686926,5.839698768994595e-11
q4_3,9600,2025-04-16,37312.317553692905,36864.48053958838,902.4378062147202,-454.60079211024254,5.0369382609272154e-11
q4_3,9600,2025-04-17,34706.27203126729,33763.78446140205,1434.457695447784,-491.97012558261736,6.908398919591719e-11
q4_3,9600,2025-04-18,11490.484951172293,11673.016646807706,1.7951080621969595e-13,-182.53169563543474,2.393242937159812e-11
q4_3,9600,2025-04-19,12978.763775599315,12453.653728763522,525.3636795933519,-0.2536327575783737,1.957769768523576e-11
q4_3,9600,2025-04-20,34190.7828813339,34814.589411209,50.85564337438663,-674.6621732495414,5.460583807348485e-11
q4_3,9600,2025-04-21,33933.06767140541,34951.287371606864,3.412992555240635e-13,-1018.2197002015009,4.7976769224078453e-11
q4_3,9600,2025-04-22,36007.751736726,35359.41168426983,768.4734291851256,-120.1333767290097,5.6185011310105886e-11
q4_3,9600,2025-04-23,34429.140394267786,31430.63748516911,3007.7611830008163,-9.258273902219102,7.019319792078704e-11
q4_3,9600,2025-04-24,31790.96818709345,31634.312229802606,748.5949290876842,-591.9389717968792,3.938680492865387e-11
q4_3,9600,2025-04-25,11927.680052585274,12049.935914989728,9.20948650673381e-14,-122.25586240447132,1.7390078710377567e-11
q4_3,9600,2025-04-26,11664.968274293344,11663.456623680346,1.5116506129761862,0.0,2.1934511096333152e-11
q4_3,9600,2025-04-27,31802.012409712843,30317.33304402543,872.988865821657,-388.07624101734837,999.7667408831066
q4_3,9600,2025-04-28,40577.34203624365,40430.687664253644,1123.1402181388344,-976.4858461488855,5.695101634728416e-11
q4_3,9600,2025-04-29,33196.98033480377,33074.74629902732,753.5278952769447,-631.2938595005389,3.7417663634187194e-11
q4_3,9600,2025-04-30,33407.76327128535,33633.25093886971,1.5872103631409119e-13,-225.4876675844073,5.924317036942739e-11
q4_3,9600,2025-05-01,41530.53090995915,32586.586098172145,1138.8802526671363,-530.1247818399822,8335.189340959843
q4_3,9600,2025-05-02,18398.29015453851,12640.1987667715,456.21600038262665,-1.4160650724700126,5303.291452456852
q4_3,9600,2025-05-03,17584.972698676553,13198.41043942302,31.732504683570074,-2.991100700455718e-14,4354.829754569965
q4_3,9600,2025-05-04,41378.178658703,37786.12590522617,211.94038886325774,-2130.5475811561455,5510.659945769719
q4_3,9600,2025-05-05,40639.47335917555,36960.93309651197,556.8218446259663,-1178.9987241912133,4300.717142228822
q4_3,9600,2025-05-06,42790.569104424496,35319.1265582331,3090.5505227909243,-442.1253836327898,4823.017407033259
q4_3,9600,2025-05-07,43495.49852126526,37033.303501940245,1122.6907297325783,-5.479016790310701,5344.983306382748
q4_3,9600,2025-05-08,40015.62340062282,41460.601949720076,188.28604984738558,-1633.2645989446953,5.429330496298235e-11
q4_3,9600,2025-05-09,13213.28374802834,13179.057042574816,42.68040624382121,-8.453700790319251,2.0533690303636832e-11
q4_3,9600,2025-05-10,15814.910405075556,15595.745543019362,219.16486205615908,0.0,3.402116277584355e-11
q4_3,9600,2025-05-11,36089.588550589644,36023.67557244785,314.1142548304077,-248.20127668868633,7.096518928051409e-11
q4_3,9600,2025-05-12,38616.272035299284,38494.52182540866,609.3953556444568,-487.64514575388847,5.968028560232596e-11
q4_3,9600,2025-05-13,39886.60097567414,41702.502456371236,346.85195733989036,-2162.753438037041,5.637326516705343e-11
q4_3,9600,2025-05-14,39905.695297520375,41830.32301686928,1.7066561497358634e-13,-1924.6277193489768,6.799559404413458e-11
q4_3,9600,2025-05-15,38015.368515857146,38408.38162751824,746.5766630161643,-1139.5897746773287,7.096327792055491e-11
q4_3,9600,2025-05-16,13272.044314381568,13245.610636611738,1.0925873539235908e-13,-91.12002119685741,117.55369896669093
q4_3,9600,2025-05-17,15753.721713917883,15916.187858564977,9.766267794475425e-14,-162.46614464712673,3.362295331044152e-11
q4_3,9600,2025-05-18,37388.67075660468,39447.5189312235,10.377732119670142,-2069.2259067385394,5.205563180510353e-11
q4_3,9600,2025-05-19,36595.56201505243,36871.3585082339,3.7367016147982216e-13,-275.7964931815189,5.2842572095812557e-11
q4_3,9600,2025-05-20,37757.979084649196,37001.86170432479,902.3186572892996,-146.20127696496604,7.365352772126244e-11
q4_3,9600,2025-05-21,37015.44170547285,36995.31134509226,241.541411836379,-221.4110514558471,5.283659731958323e-11
q4_3,9600,2025-05-22,36536.03418656532,37395.20852347599,3.1883615747574367e-13,-859.17433691071,3.9961406628208346e-11
q4_3,9600,2025-05-23,12123.942343483033,11659.25207440466,464.69026907835325,-2.60925503425824e-14,2.017637257267779e-11
q4_3,9600,2025-05-24,15340.773682785875,15425.569427563993,0.410565410754414,-85.2063101888856,1.4778038348595147e-11
q4_3,9600,2025-05-25,33248.41393189666,33672.55759200913,6.446768452406104e-13,-424.14366011250723,3.758768585271354e-11
q4_3,9600,2025-05-26,39460.90196881688,38206.97421750003,1485.7281719238686,-231.8004206070634,5.329415841970331e-11
q4_3,9600,2025-05-27,35046.78133770448,34873.264737050755,469.9612766977586,-296.44467604407606,3.880601262551409e-11
q4_3,9600,2025-05-28,38649.005461516565,39797.90130358514,3.1659794785809937e-13,-1148.8958420686363,6.108639638569001e-11
q4_3,9600,2025-05-29,37644.16671623979,37307.82218403463,666.6541086099732,-330.30957640487765,7.095758292052778e-11
q4_3,9600,2025-05-30,13948.208954855954,13970.107702530884,1.029491158988094e-13,-21.89874767495077,1.9108526316813368e-11
q4_3,9600,2025-05-31,15630.563728778749,15902.367867302848,0.0,-271.80413852411584,1.4298791484179674e-11
q4_3,9600,2025-06-01,59680.30688066661,51634.25655008349,2593.6005694220185,-2775.5143882184375,8227.964149379532
q4_3,9600,2025-06-02,61054.09400447711,54038.91389294865,2831.4761848473167,-2815.0528845672334,6998.756811248385
q4_3,9600,2025-06-03,54216.333165915465,49839.663714235336,3208.9037558646596,-433.28401234015485,1601.0497081556239
q4_3,9600,2025-06-04,56747.39575650501,58555.33657188955,234.900545965969,-4106.004805903305,2063.1634445527907
q4_3,9600,2025-06-05,57613.30009397706,49818.60523605023,3140.5681553403983,-560.0248559335887,5214.15155852002
q4_3,9600,2025-06-06,26513.441114738118,17810.2721868026,2572.3492437476957,-715.4611912542074,6846.280875442035
q4_3,9600,2025-06-07,26422.667588476434,21636.092593352365,2382.4292765705754,-956.5046867988524,3360.6504053523468
q4_3,9600,2025-06-08,50705.53624705331,50798.192110870135,1905.472232613332,-1998.1280964302186,6.466972735097443e-11
q4_3,9600,2025-06-09,59458.92204871207,61936.4391237653,8.706678045200533e-13,-2506.766078597736,29.2490035445057
q4_3,9600,2025-06-10,55342.84288030238,56341.24238125824,1.2832849449750939e-12,-998.3995009559299,6.211972536362964e-11
q4_3,9600,2025-06-11,59296.63572131559,58201.6553106638,1508.4274000454097,-413.4469893936574,4.906242878632838e-11
q4_3,9600,2025-06-12,57880.92691044068,58469.69577741216,59.51744436775972,-648.2863113392978,5.855512341668145e-11
q4_3,9600,2025-06-13,21032.827109160302,21067.31211529305,128.48093604593052,-229.16042657870918,66.19448440003032
q4_3,9600,2025-06-14,22958.92179071866,23598.296075297185,0.0,-639.3742845785357,1.1136506827824633e-11
q4_3,9600,2025-06-15,52093.72262324902,52104.476167021174,395.7815765427864,-406.53512031499184,6.765643867367998e-11
q4_3,9600,2025-06-16,57197.64936651698,56480.69064976309,898.0186491253842,-181.05993237154857,5.287937554498967e-11
q4_3,9600,2025-06-17,60689.20907489763,58625.089632932024,2550.1355817009526,-486.01613973540566,5.367582778248448e-11
q4_3,9600,2025-06-18,57534.183654575696,59003.49956891509,62.611888074030205,-1607.4211777345986,75.4933753211648
q4_3,9600,2025-06-19,54487.502283683556,52754.21656893083,3247.5045632130823,-1735.1134573681259,220.8946089077691
q4_3,9600,2025-06-20,19054.62995025432,19209.39853970914,1.8352466213400476e-13,-154.76858945484022,1.881690536720271e-11
q4_3,9600,2025-06-21,21833.05262875802,21898.243729757723,116.87390926841198,-182.06501026813237,1.895062951007276e-11
q4_3,9600,2025-06-22,50499.33648491269,49236.78236961845,2442.9653986695103,-1180.4112833753268,5.678634451555808e-11
q4_3,9600,2025-06-23,52088.72866738737,52779.20353744559,7.41451107034707,-697.8893811286151,5.73105296552967e-11
q4_3,9600,2025-06-24,60839.3222480276,62779.27333688387,4.738722356153599,-1944.6898112124823,5.907248556979994e-11
q4_3,9600,2025-06-25,54076.661998326825,51801.22586042185,2933.3064142801118,-657.870276375202,5.867582020258055e-11
q4_3,9600,2025-06-26,53487.20223777977,53173.80602562776,1042.5616187515,-729.1654065995469,6.057881840604297e-11
q4_3,9600,2025-06-27,18770.252038354854,19262.177096472016,59.8100842285275,-551.7351423457136,2.048446390290337e-11
q4_3,9600,2025-06-28,20189.04124347363,20230.85354094109,1.6416698752413077,-43.45396734271521,1.3851789049112997e-11
q4_3,9600,2025-06-29,50522.25307441764,44641.56241203811,5961.881633134919,-81.19097075545389,5.651743395507225e-11
q4_3,9600,2025-06-30,54045.48080189176,54452.567114742764,264.61863261354915,-671.7049454646011,4.4329387605124286e-11
q4_3,9600,2025-07-01,69729.92187638034,52541.100905801584,13532.588962810394,-2.6319784176955467,3658.863986186059
q4_3,9600,2025-07-02,67013.239088543,51939.333546892114,9812.005199144396,-6.269260666158516e-14,5261.900342506496
q4_3,9600,2025-07-03,71465.79121726242,58385.923585041135,8504.89325588816,-347.78873036683893,4922.763106699951
q4_3,9600,2025-07-04,30327.00145272073,21131.138511581077,4149.51323797267,-4.5422154926200163e-14,5046.349703166983
q4_3,9600,2025-07-05,32366.05113559841,22851.752235812273,6192.207480026233,-6.328377821773756e-14,3322.091419759899
q4_3,9600,2025-07-06,69139.43458538993,56139.59891840417,9964.820025085466,-102.36715944983138,3137.3828013501375
q4_3,9600,2025-07-07,67707.3227866766,55817.278209239215,6227.428026491194,-164.2526689671363,5826.86921991332
q4_3,9600,2025-07-08,66988.08844887231,68910.15256407904,502.0542786195999,-2450.9652982743564,26.846904448042217
q4_3,9600,2025-07-09,64812.81978836472,65833.42497888797,338.08925904769,-1635.8516626603366,277.15721308940186
q4_3,9600,2025-07-10,63371.690235723225,65306.45945243282,22.95106206025214,-1959.010993510774,1.2907147409259236
q4_3,9600,2025-07-11,28391.836351055146,28809.811210240903,6.828031473560259e-13,-510.72024453578763,92.74538535003292
q4_3,9600,2025-07-12,30796.17131481582,30487.523963345244,454.6836825229106,-241.47406195235095,95.43773090002118
q4_3,9600,2025-07-13,59813.50650425081,62455.528116162386,1007.9792156346375,-3650.000827546266,5.253775370306357e-11
q4_3,9600,2025-07-14,64106.33357423768,66061.70491320232,329.08549250367804,-2284.456831468386,5.665531110921051e-11
q4_3,9600,2025-07-15,62123.13351981217,65631.91686594236,0.10600755991375418,-3508.889353690198,9.154491209528714e-11
q4_3,9600,2025-07-16,65768.05035044189,67111.13103911754,401.62267398497374,-1984.5944397453004,239.8910770846909
q4_3,9600,2025-07-17,62952.6513088805,63242.167287150434,1306.2844941754379,-1595.8004724454486,7.398106127709525e-11
q4_3,9600,2025-07-18,27695.229482727198,28247.9298759151,134.14976336630434,-686.8501565542256,1.8870423446060157e-11
q4_3,9600,2025-07-19,28681.89501759503,29712.81953530444,4.729432845351767e-13,-1030.9245177094401,3.2804123861751574e-11
q4_3,9600,2025-07-20,61247.97340391558,63139.555273000566,58.43638819400357,-1950.0182572790422,5.473528097432733e-11
q4_3,9600,2025-07-21,66951.26263397059,68917.69559229846,4.356626435648878,-1970.789584763562,3.821659877445427e-11
q4_3,9600,2025-07-22,65993.12464190398,62921.856820737565,3788.495417850345,-717.2275966839809,5.6562447170449555e-11
q4_3,9600,2025-07-23,65260.68866554918,68916.70393406555,59.477390712575954,-4168.185978230022,452.6933190010881
q4_3,9600,2025-07-24,67109.28852545533,71899.862434804,7.306792211626223,-4797.880701560356,6.023125997955958e-11
q4_3,9600,2025-07-25,24295.756613595557,24598.408751532752,4.1632670644276e-13,-302.6521379372207,2.8516790706589742e-11
q4_3,9600,2025-07-26,30441.181176261292,30706.32023010061,94.03707287571125,-359.17612671505617,2.418900635348109e-11
q4_3,9600,2025-07-27,60650.27976284124,62762.46292383585,237.80173368770232,-2349.984894682375,6.123272022762193e-11
q4_3,9600,2025-07-28,63677.27165615992,64713.34084360929,22.36623413677485,-1058.4354215861954,5.704092220781832e-11
q4_3,9600,2025-07-29,64712.99529687228,64909.909204194235,546.591347909737,-767.7222114903793,24.21695625868801
q4_3,9600,2025-07-30,68640.11299431356,60838.67120308832,8190.488652765553,-389.04686154038416,5.4650467262717944e-11
q4_3,9600,2025-07-31,60927.276869219655,60827.229356990545,471.9962977595668,-371.9487855305452,9.222467056702043e-11
q4_3,9600,2025-08-01,26555.56969972596,26784.369166920125,157.44673514117537,-386.2462023353597,1.7507978178343822e-11
q4_3,9600,2025-08-02,27627.533205474174,28520.41226421089,2.128643927790108e-13,-892.8790587367354,2.3937388959893723e-11
q4_3,9600,2025-08-03,50795.02260438079,51294.86376930104,41.87805900907573,-898.6296787468634,356.91045481754264
q4_3,9600,2025-08-04,55623.06121439631,55049.56748925173,1917.794734676901,-1344.3010095323798,5.999599750339257e-11
q4_3,9600,2025-08-05,54874.423022225885,55337.57501103064,343.6605803947262,-806.8125691995393,5.652766077446358e-11
q4_3,9600,2025-08-06,58257.34447703006,61546.434320006025,4.42986447524163e-13,-3289.08984297603,6.107311634195867e-11
q4_3,9600,2025-08-07,55920.07563197063,58742.415245023454,8.56893223044608e-13,-2822.3396130528777,4.960013200161484e-11
q4_3,9600,2025-08-08,23569.190222985926,23903.58913500484,3.3978793112510176e-13,-334.39891201894545,3.237653345422587e-11
q4_3,9600,2025-08-09,24983.137179307796,25051.522970422095,5.036611128161894e-13,-68.38579111431943,2.1269158878567395e-11
q4_3,9600,2025-08-10,53219.20577228506,55505.74513336026,7.2102851013627145,-2293.7496461766027,5.849445372518857e-11
q4_3,9600,2025-08-11,53981.555846026575,53507.213111865254,1.4713776863573003e-12,-852.7836169396555,1327.126351100972
q4_3,9600,2025-08-12,56407.044850780265,56043.986231896044,469.492848076681,-899.2486949304558,792.81446573799
q4_3,9600,2025-08-13,53977.320989364685,51897.66450257464,2007.7667478017443,-1.0860787824640283e-13,71.889738988301
q4_3,9600,2025-08-14,53323.3620917248,53900.71584173353,364.35846857927896,-1315.0849733968953,373.3727548088836
q4_3,9600,2025-08-15,23275.300234735336,23602.888155250563,385.3901467983857,-764.9710886594478,51.99302134583428
q4_3,9600,2025-08-16,26391.698321326832,26691.51498012267,106.2460427052564,-918.5717819427946,512.509080441696
q4_3,9600,2025-08-17,51313.016560247925,49860.8691541662,1148.3102382484371,-350.9227049362084,654.7598727694956
q4_3,9600,2025-08-18,54519.441630210815,55280.052688502954,106.36178596508934,-1023.319513936415,156.34666967919117
q4_3,9600,2025-08-19,54076.426058800935,54636.96988303669,3.5451535040920134e-13,-827.6655545375154,267.1217303017594
q4_3,9600,2025-08-20,58355.9003695202,59847.634483063914,205.89916998194929,-2007.2096248139046,309.57634128824327
q4_3,9600,2025-08-21,53608.899110592596,54442.91692012371,126.30578241661105,-960.3235919477838,5.840087879960266e-11
q4_3,9600,2025-08-22,23685.0428107275,23724.042223844728,69.4088830942245,-161.48835692011085,53.080060708660994
q4_3,9600,2025-08-23,26004.79742971655,25279.800870442006,731.7439186328515,-6.747359358336746,2.398212473053718e-11
q4_3,9600,2025-08-24,53342.47439254314,54197.3431283,1.2665367421504923e-12,-854.8687357569189,4.930157970761683e-11
q4_3,9600,2025-08-25,63162.504497368835,69307.2437167934,7.547733819931817,-6880.963506874907,728.6765536304192
q4_3,9600,2025-08-26,53518.05338359505,53224.35703051928,795.1203544032837,-501.42400132757496,5.305413708356355e-11
q4_3,9600,2025-08-27,55347.634656786904,53649.653626965424,2128.356624461596,-430.3755946401937,7.547798830387365e-11
q4_3,9600,2025-08-28,56588.21150780136,54790.733180163654,1706.6186554477172,-41.410527415010485,132.27019960499834
q4_3,9600,2025-08-29,25230.803296486716,25512.010417243768,13.153562789041905,-294.3606835461094,1.7753549741428285e-11
q4_3,9600,2025-08-30,27023.948321257118,27380.774349917992,2.575347934907768e-13,-463.0372807658577,106.21125210498133
q4_3,9600,2025-08-31,50744.58325349468,49225.33431965225,1912.579397162761,-393.330463320391,6.11665562644248e-11
q4_3,9600,2025-09-01,47328.03929676221,50326.94565323263,1.4742340681550557e-13,-2998.9063564704475,3.1635373431981864e-11
q4_3,9600,2025-09-02,45694.762623363145,45946.67249043158,979.0816976151643,-1230.9915646836218,2.377706742606733e-11
q4_3,9600,2025-09-03,48584.92540553076,51671.91914143486,5.87067461310653e-13,-3086.993735904127,2.8008543040414223e-11
q4_3,9600,2025-09-04,47048.21242501809,49450.346019416844,5.421497917268424e-13,-2402.1335943987883,3.313580521080439e-11
q4_3,9600,2025-09-05,18930.90318951081,20063.45554012204,0.0,-1132.5523506112386,1.0248953685731977e-11
q4_3,9600,2025-09-06,20719.153936460913,21789.525212127824,0.0,-1070.3712756669343,2.324199499526003e-11
q4_3,9600,2025-09-07,44466.59658762747,46191.41031402073,301.7895502970954,-2026.603276690379,2.5735901409973393e-11
q4_3,9600,2025-09-08,44401.121320967104,43883.31659589021,1287.1515982563176,-769.3468731794796,5.5565774204069385e-11
q4_3,9600,2025-09-09,41336.6326376957,38248.2491018542,3089.1371146955053,-0.7535788540617308,6.30364347387058e-11
q4_3,9600,2025-09-10,41884.78240061876,41862.16862526766,499.11454896985487,-476.50077361884263,8.549500307708514e-11
q4_3,9600,2025-09-11,42244.06543625677,45402.06956769654,0.7441586433742099,-3158.7482900831933,4.493409377914759e-11
q4_3,9600,2025-09-12,16407.837623342573,16191.464848830206,47.176272279249794,-125.86882621219554,295.06532844531154
q4_3,9600,2025-09-13,17848.66950120597,16791.579329930435,1062.7919145911196,-5.701743315605466,2.8313628774867537e-11
q4_3,9600,2025-09-14,42439.0480435312,43794.75051231246,290.71096428722467,-1646.4134330685488,7.012660319105634e-11
q4_3,9600,2025-09-15,41001.367877796554,40762.234365299475,342.12725713386027,-102.99374463681846,3.34188712258765e-11
q4_3,9600,2025-09-16,44687.93969060653,46845.16574737765,81.49542773505438,-2238.721484506245,7.189121831174817e-11
q4_3,9600,2025-09-17,46563.449535453736,48682.548543909856,48.99176375242346,-2168.0907722086204,7.644562671771383e-11
q4_3,9600,2025-09-18,39960.710754591535,37770.55739918156,2190.963973744163,-0.8106183342495222,4.899953670589597e-11
q4_3,9600,2025-09-19,15887.03990637897,15938.67551487332,16.388383216800666,-68.02399171117796,2.7055804707742937e-11
q4_3,9600,2025-09-20,18130.93967977231,18232.904132176944,0.0,-101.96445240465786,2.5180113993883424e-11
q4_3,9600,2025-09-21,42540.555942513856,43923.498924439526,5.3684949818944e-13,-1440.9685769257396,58.025595000062644
q4_3,9600,2025-09-22,45781.440246566926,48963.18719939812,294.8497173980135,-3476.596670229288,8.843917420620073e-11
q4_3,9600,2025-09-23,45213.48340773338,46193.69130853773,37.33425236909997,-1017.5421531735267,7.058250628411146e-11
q4_3,9600,2025-09-24,43930.055581135086,40970.540340461885,2959.6613950865144,-0.1461544133672377,5.500149713455471e-11
q4_3,9600,2025-09-25,44992.6506421108,45521.8224853921,142.9428867056781,-672.1147299870285,5.462491969865368e-11
q4_3,9600,2025-09-26,16151.64536731529,16844.039843227984,1.1252918596937889e-13,-692.394475912725,2.935067300313676e-11
q4_3,9600,2025-09-27,18954.519852223915,18356.870337488654,301.3687840278617,-36.983340255852056,333.2640709632505
q4_3,9600,2025-09-28,44214.47630437514,42658.95562424022,1588.8304471086362,-33.30976697378969,7.606943475124694e-11
q4_3,9600,2025-09-29,46569.994530293116,48623.91589360518,0.7226766045677359,-2144.622784715873,89.97874479923487
q4_3,9600,2025-09-30,50133.36754735412,49025.13711257554,1659.7452901763004,-551.5148553977647,5.199341668316038e-11
q4_3,9600,2025-10-01,41492.317110939475,43015.671621926005,5.647876832881593e-13,-1523.3545109865631,3.620220390132545e-11
q4_3,9600,2025-10-02,42323.72127726898,46027.63348429806,7.004371163846429,-3710.916578192944,3.079426846852584e-11
q4_3,9600,2025-10-03,14450.197666088892,14333.927265373793,171.27497029744055,-55.00456958237365,3.034566020687635e-11
q4_3,9600,2025-10-04,16828.93803214355,17378.488573240546,0.0,-549.5505410970233,2.4426325850868126e-11
q4_3,9600,2025-10-05,41338.38887757789,44727.87722866502,8.163794973370387e-13,-3389.4883510871664,3.880187193772145e-11
q4_3,9600,2025-10-06,41318.38974907451,40119.68577768426,1213.3525007127319,-14.648529322551589,6.438978594758282e-11
q4_3,9600,2025-10-07,44477.446556475275,44352.88650110724,885.5425608596086,-760.9825054916336,5.620989007582012e-11
q4_3,9600,2025-10-08,41270.210879394086,41922.7527678085,6.326160928438185e-13,-1347.8577741924091,695.3158857779879
q4_3,9600,2025-10-09,40579.44078284985,43178.50143171678,2.407781646812171,-3788.179134549198,1186.7107040354551
q4_3,9600,2025-10-10,14812.211345473173,14583.98860861334,347.53144621999724,-119.30870936018944,2.4771299678150172e-11
q4_3,9600,2025-10-11,15327.1802630091,15340.136433172258,3.271423703064127,-16.227593866258616,3.516687741011993e-11
q4_3,9600,2025-10-12,41364.205882660186,40822.61157585973,510.6612643329847,-1405.532159057785,1436.4652015252502
q4_3,9600,2025-10-13,41254.981487068144,42885.8659149486,492.4767564302972,-2123.3611843108183,7.241742139285634e-11
q4_3,9600,2025-10-14,43786.0434136473,44957.31872638937,545.8289694543121,-1717.1042821964274,4.538239295470703e-11
q4_3,9600,2025-10-15,45086.053640323524,47382.81638197707,3.9839761088347196,-2300.746717762442,5.906158123680783e-11
q4_3,9600,2025-10-16,42413.89856818164,40117.832044840885,2303.853789149686,-7.787265808981745,6.000231600467032e-11
q4_3,9600,2025-10-17,15527.204589857694,14735.012268074392,898.7797979089413,-106.58747612566336,2.3443760710506468e-11
q4_3,9600,2025-10-18,14618.477352440697,14982.812478047059,1.3938290521764428e-13,-364.3351256064001,3.838127327071561e-11
q4_3,9600,2025-10-19,46300.17660980635,48031.44876444318,3.717858021445864e-13,-1731.2721546368932,7.004383029141082e-11
q4_3,9600,2025-10-20,47886.6122877643,48612.47699930715,102.47602248761409,-828.3407340305188,5.36997646349846e-11
q4_3,9600,2025-10-21,47574.11222716917,47289.97190277887,610.8816323245823,-326.7413079343587,7.779973998367495e-11
q4_3,9600,2025-10-22,46402.913257111904,46736.845632219665,4.62341631646268e-13,-333.9323751078332,7.664031009824157e-11
q4_3,9600,2025-10-23,47008.26908360024,51833.00285983954,43.971315203058474,-4868.705091442429,7.439118565599756e-11
q4_3,9600,2025-10-24,14591.339928085064,14534.160549159938,57.27711510127549,-0.09773617617670671,2.7386566348042153e-11
q4_3,9600,2025-10-25,16895.10505331093,16336.326867343225,386.40439030058246,-19.29896267756567,191.67275834468714
q4_3,9600,2025-10-26,47360.61218152252,50997.62478272019,1.1377096598153003e-12,-3637.0126011977236,5.963255844676496e-11
q4_3,9600,2025-10-27,45738.9147463548,45296.91316045097,770.6198125340959,-328.6182266303224,5.901203437019831e-11
q4_3,9600,2025-10-28,47491.61214411838,47012.19766482935,689.1782115210376,-209.76373223208904,7.656305245351547e-11
q4_3,9600,2025-10-29,50978.24597490358,51350.57384628222,76.13203877696468,-448.4599101556801,7.192319628757104e-11
q4_3,9600,2025-10-30,45022.41726905742,41575.28993837859,3614.10118258105,-166.97385190229429,7.162481452382963e-11
q4_3,9600,2025-10-31,17526.916421383845,17810.35212339081,7.03778368915664e-14,-283.43570200698645,2.017646494323344e-11
q4_3,9600,2025-11-01,15431.578019081775,15657.533279906376,1.3176872926123907e-13,-225.9552608246267,2.5237909540010148e-11
q4_3,9600,2025-11-02,49113.56603485007,47166.283965433,1283.6604630919517,-196.30153190898818,859.9231382341059
q4_3,9600,2025-11-03,52232.80977035717,53372.62549694475,2.9633030511204264,-1142.7790296387577,6.426480902987918e-11
q4_3,9600,2025-11-04,49357.36921386891,50444.37342168803,7.46316608513098e-13,-1087.0042078191752,4.945627987695822e-11
q4_3,9600,2025-11-05,54408.078332115154,56407.40140845008,14.524596725416863,-2224.579675089056,210.73200202870802
q4_3,9600,2025-11-06,50611.86703050469,50556.87305143456,391.6737215783502,-336.67974250828786,7.147543712449078e-11
q4_3,9600,2025-11-07,15873.10841601654,15673.009355874085,201.02816658015155,-0.9291064377358945,3.8217578435251196e-11
q4_3,9600,2025-11-08,17404.33690071167,17472.57458717459,37.79119373091704,-106.02888019386978,3.3521246223244815e-11
q4_3,9600,2025-11-09,50842.90847590064,51173.91317071309,8.90901219463558e-13,-331.00469481252867,7.082447694983784e-11
q4_3,9600,2025-11-10,56355.809331279335,53594.84978152124,3623.7410994397997,-1088.4253800719448,225.6438303902439
q4_3,9600,2025-11-11,54757.27440964217,56964.404607483055,7.855646799725946e-13,-2207.1301978409356,5.646197465125624e-11
q4_3,9600,2025-11-12,53732.152901131005,53468.910291098844,1190.376614383598,-927.1340043514917,5.37222391017167e-11
q4_3,9600,2025-11-13,54345.2034311992,51291.45407317564,2514.405424619007,-381.37803824713535,920.7219716516922
q4_3,9600,2025-11-14,17127.9492261042,16815.311177221323,333.9470708689077,-21.309021986085646,5.380145751132658e-11
q4_3,9600,2025-11-15,18686.72130631582,19500.068884788678,1.2893792700197082e-13,-813.3475784728992,4.119310403893905e-11
q4_3,9600,2025-11-16,53905.72063754043,53045.49611958098,941.0802519936838,-80.85573403429916,6.015329034880779e-11
q4_3,9600,2025-11-17,56146.467968834055,53914.51617464344,2391.624792587534,-159.67299839697998,6.224469650817356e-11
q4_3,9600,2025-11-18,55335.33904836592,54899.66778396585,585.3259579334328,-149.65469353342144,6.052454359917193e-11
q4_3,9600,2025-11-19,59921.619725135264,56355.08163497537,4057.84993408339,-491.3118439235739,7.508825916602291e-11
q4_3,9600,2025-11-20,52374.78236615046,51062.57166827367,1468.6456888441712,-156.4349909674685,8.615212898632762e-11
q4_3,9600,2025-11-21,18434.115125397497,18026.85552564511,408.6177590012266,-1.358159248889672,5.061397345684782e-11
q4_3,9600,2025-11-22,18551.394281741683,19501.32505310029,1.376093905491871e-13,-949.9307713586518,4.558769983731281e-11
q4_3,9600,2025-11-23,55807.387150782946,53611.07658072604,2905.0599424025763,-708.7493723457525,7.76115576250902e-11
q4_3,9600,2025-11-24,54160.34252956846,53433.2319940059,903.4156754260724,-176.3051398635932,7.613290975427844e-11
q4_3,9600,2025-11-25,61139.43071240229,64358.09550160029,3.813568127952749e-13,-3218.6647891980733,6.158679610734907e-11
q4_3,9600,2025-11-26,59027.61015491697,59937.755975231914,237.21808184891813,-1159.2982561997715,11.934354035906278
q4_3,9600,2025-11-27,56725.18125905862,57175.818720970616,142.57566857654865,-593.213130488627,8.459247391456869e-11
q4_3,9600,2025-11-28,17282.280178515513,17534.928938701993,2.1722996734752088e-13,-252.6487601865211,3.937797821151889e-11
q4_3,9600,2025-11-29,20817.0792917611,21924.939576836878,1.2886971489933786e-13,-1107.8602850758184,3.9643925475729706e-11
q4_3,9600,2025-11-30,59688.65187216147,59444.288569580356,572.3331744778626,-327.9698718968348,7.983218353047051e-11
q4_3,9600,2025-12-01,81174.0147391973,68728.90181029071,1008.1751133148412,-411.60009795264625,11848.537913544398
q4_3,9600,2025-12-02,85566.70947069325,71601.71589549168,2084.5758506076136,-1136.1728964526997,13016.590621046664
q4_3,9600,2025-12-03,78332.83530428266,61352.708209367214,15268.339802355831,-2.815454536175821e-13,1711.7872925596134
q4_3,9600,2025-12-04,80138.22452856848,67588.32796960082,3915.554329714734,-1131.5448265149407,9765.887055767862
q4_3,9600,2025-12-05,26549.94513888843,22075.0206021712,1983.8346316793693,-377.6150361786547,2868.704941216513
q4_3,9600,2025-12-06,26085.715278245298,22949.774504795445,3136.3707402845207,-0.42996683473295716,6.648738093417705e-11
q4_3,9600,2025-12-07,80725.3857504739,70784.43623594375,2162.259921921118,-1152.02279625476,8930.71238886379
q4_3,9600,2025-12-08,75376.32179473844,76637.62764158829,3.863704023387982e-13,-1261.305846849923,7.045620264989338e-11
q4_3,9600,2025-12-09,73750.45483025607,75738.88220387182,9.13564690563362e-13,-1988.4273736158334,7.46812141017017e-11
q4_3,9600,2025-12-10,73160.53496080425,70431.02813354821,2874.118878670522,-144.6120514145818,8.431739928482783e-11
q4_3,9600,2025-12-11,69577.12633389363,71693.36621087271,1.0868745903280796e-12,-2116.2398769791885,9.005484002955199e-11
q4_3,9600,2025-12-12,27357.60131024787,27471.89694004663,483.49967420864164,-597.7953040074407,3.826259842298896e-11
q4_3,9600,2025-12-13,25949.61533457085,26684.344886423343,4.618044613380334e-13,-734.7295518525409,4.7349798748541614e-11
q4_3,9600,2025-12-14,72387.23528926991,70618.2118124009,1961.7565242797166,-192.73304741078283,8.321634226149399e-11
q4_3,9600,2025-12-15,74033.5591823603,71021.95585304165,3113.1605751210946,-101.55724580253172,9.558318936342402e-11
q4_3,9600,2025-12-16,75981.45644817108,77640.63539578361,8.510383731064053e-13,-1659.1789476125964,6.759650261756178e-11
q4_3,9600,2025-12-17,73141.30980592598,75800.92720341739,8.34276647765364e-13,-2659.617397491499,8.347777225026221e-11
q4_3,9600,2025-12-18,70499.17398781121,71640.84303545242,8.053120836848394e-13,-1141.6690476412975,8.205483625900456e-11
q4_3,9600,2025-12-19,24889.501821572372,24832.80683545464,726.472401722806,-669.7774156051444,7.127812295948387e-11
q4_3,9600,2025-12-20,23927.115527737806,24936.246060654306,1.4671570625068852e-13,-1009.1305329165472,4.4960758671663824e-11
q4_3,9600,2025-12-21,73838.35809313454,74580.89544037334,8.563006304029841e-13,-848.3080109822431,105.77066374345867
q4_3,9600,2025-12-22,73280.43201312849,72675.14371292724,254.94966112270424,-211.89455808650294,562.2331971650574
q4_3,9600,2025-12-23,73702.58189763439,75219.29953662277,419.42647783136704,-1936.1441168198419,8.806184581544584e-11
q4_3,9600,2025-12-24,71649.33488520476,71496.95580273544,689.0276267354018,-594.8386263856243,58.19008211955806
q4_3,9600,2025-12-25,67832.47887995801,67366.13150817882,282.1803935454907,-397.9547210677394,582.121699301447
q4_3,9600,2025-12-26,26215.239583076993,26661.69386195978,5.885851805942366e-14,-446.45427888284956,6.162266075193657e-11
q4_3,9600,2025-12-27,24287.691794889448,24350.73317054761,444.4072468768868,-507.44862253511667,7.003921620452047e-11
q4_3,9600,2025-12-28,68511.04103085784,68956.82159812983,399.4300223808343,-845.210589652888,7.920557720808574e-11
q4_3,9600,2025-12-29,72033.77936984447,72434.53713512977,323.1222373309104,-723.880002616294,7.938535873108776e-11
q4_3,9600,2025-12-30,70555.97269124314,72284.11583086589,72.61787621099505,-1827.1884034239818,26.427387590234513
q4_3,9600,2025-12-31,74430.14738330939,75281.33039078553,5.284007897898845e-13,-937.6116574761995,86.42865000006043
