problem,seed,method,stress,n,cleared,time_s,avg_s,move_m,measures,switches,miss,fallbacks,dp_calls,dp_actions,dp_fallbacks,dp_expanded,dp_budget_hits,aux_calls,aux_positive,joint_steps,runtime_s,certificate
3,1,0,0,12,12,2988.498001,249.0415000833,11407.49000068,106,99,6,0,32,28,4,6222,0,0,0,0,0.0256642,seven_point_per_channel
3,1,1,0,12,12,2866.698596,238.8915496667,10873.49298658,104,100,4,0,27,26,1,4322,0,4,4,0,0.0182612,seven_point_per_channel
3,1,2,0,12,12,3188.171606,265.6809671667,12045.85803078,117,110,8,1,163,35,4,32138,0,0,0,46,0.123518,seven_point_per_channel
3,1,3,0,12,12,3195.749354,266.3124461667,12053.74677106,118,111,8,1,151,33,4,29054,0,3,3,44,0.1134858,seven_point_per_channel
3,1,4,0,12,12,2919.884966,243.3237471667,11144.42483708,104,99,4,0,29,28,1,5450,0,0,0,0,0.0212956,seven_point_per_channel
3,1,5,0,12,12,3194.835179,266.2362649167,12009.17589256,121,113,5,1,109,23,3,20209,0,14,14,33,0.0764539,seven_point_per_channel
3,1,6,0,12,12,2874.200133,239.51667775,11086.00066681,99,96,2,0,18,18,0,2299,0,12,12,0,0.0129108,seven_point_per_channel
3,1,7,0,12,12,3105.488923,258.7907435833,11727.44461762,117,109,2,0,83,14,4,15915,0,19,19,25,0.0632984,seven_point_per_channel
3,1,8,0,12,12,3287.244389,273.9370324167,12651.22194994,113,105,9,1,99,20,3,20468,0,18,18,30,0.0814692,seven_point_per_channel
3,1,9,0,12,12,3330.21988,277.5183233333,12936.09940524,112,105,6,1,95,18,2,20476,0,19,19,27,0.0806079,seven_point_per_channel
3,1,10,0,12,12,3293.154204,274.429517,12550.77102409,119,110,6,1,118,27,3,26934,0,14,14,37,0.1278612,seven_point_per_channel
3,1,11,0,12,12,3287.244389,273.9370324167,12651.22194994,113,105,9,1,99,20,3,24093,0,18,18,30,0.1158315,seven_point_per_channel
3,2,0,0,11,11,2743.53238,249.4120345455,10527.66190442,97,92,2,0,25,25,0,5330,0,0,0,0,0.0223872,seven_point_per_channel
3,2,1,0,11,11,2687.013141,244.2739219091,10185.06571468,100,95,0,0,16,14,2,2915,0,9,9,0,0.0141668,seven_point_per_channel
3,2,2,0,11,11,2606.892181,236.9901982727,9664.460923123,104,99,0,0,206,28,2,43221,0,0,0,37,0.1652225,seven_point_per_channel
3,2,3,0,11,11,2633.433296,239.4030269091,9677.166491868,108,103,0,0,180,23,3,38218,0,7,7,33,0.1462577,seven_point_per_channel
3,2,4,0,11,11,2793.06495,253.9149954545,10925.32476147,91,83,5,0,29,27,2,6310,0,0,0,0,0.025676,seven_point_per_channel
3,2,5,0,11,11,2665.312117,242.3011015455,9636.560587161,115,108,0,0,149,18,2,31309,0,21,20,27,0.1186531,seven_point_per_channel
3,2,6,0,11,11,2749.707843,249.9734402727,10203.53922408,110,104,0,0,16,14,2,2749,0,19,18,0,0.0137267,seven_point_per_channel
3,2,7,0,11,11,2737.730346,248.8845769091,9973.651738861,115,107,2,0,125,18,1,25993,0,24,21,26,0.1019065,seven_point_per_channel
3,2,8,0,11,11,2746.745311,249.7041191818,10323.72654525,104,101,2,0,112,13,1,24169,0,27,27,21,0.092758,seven_point_per_channel
3,2,9,0,11,11,2940.97631,267.3614827273,11534.8815571,97,94,0,0,91,11,0,19292,0,20,20,18,0.0785675,seven_point_per_channel
3,2,10,0,11,11,2665.312117,242.3011015455,9636.560587161,115,108,0,0,149,18,2,37491,0,21,20,27,0.177901,seven_point_per_channel
3,2,11,0,11,11,2746.745311,249.7041191818,10323.72654525,104,101,2,0,112,13,1,29006,0,27,27,21,0.1391878,seven_point_per_channel
3,3,0,0,16,16,3684.694127,230.2933829375,15043.47062234,96,89,9,0,43,40,3,9079,0,0,0,0,0.0390306,upper_bound_16
3,3,1,0,16,16,3711.359763,231.9599851875,15226.79881285,96,91,5,0,32,30,2,6344,0,8,8,0,0.0286746,upper_bound_16
3,3,2,0,16,16,3308.065777,206.7541110625,13080.32887964,100,91,7,0,316,43,5,66078,0,0,0,54,0.2814885,upper_bound_16
3,3,3,0,16,16,3321.398855,207.5874284375,13086.99426971,102,93,7,0,298,41,5,62193,0,4,4,52,0.2638957,upper_bound_16
3,3,4,0,16,16,3627.224507,226.7015316875,14816.12253346,93,80,13,0,47,42,5,9252,0,0,0,0,0.0392885,upper_bound_16
3,3,5,0,16,16,3363.856431,210.2410269375,13009.28214787,110,102,10,0,243,31,7,48833,0,24,24,44,0.2048219,upper_bound_16
3,3,6,0,16,16,3696.983597,231.0614748125,14939.91797705,104,97,4,0,26,24,2,4850,0,21,21,0,0.0228355,upper_bound_16
3,3,7,0,16,16,3489.299122,218.081195125,13416.4955916,118,109,9,0,153,25,6,30120,0,27,27,38,0.1249746,upper_bound_16
3,3,8,0,16,16,3771.852596,235.74078725,15304.26297603,105,100,2,0,152,17,5,32606,0,32,32,28,0.1258346,upper_bound_16
3,3,9,0,16,16,3823.613526,238.975845375,15593.06762412,103,98,4,0,148,18,4,31587,0,32,32,28,0.1225759,upper_bound_16
3,3,10,0,16,16,3379.210227,211.2006391875,13051.05112888,112,102,9,0,243,30,8,57244,0,24,24,44,0.3023903,upper_bound_16
3,3,11,0,16,16,3741.075438,233.817214875,14740.37717159,116,109,8,0,183,28,3,46236,0,30,30,38,0.2191233,upper_bound_16
3,4,0,0,11,11,2852.635622,259.3305110909,11078.1781178,92,89,11,0,32,31,1,5262,0,0,0,0,0.0219643,seven_point_per_channel
3,4,1,0,11,11,2779.202667,252.6547879091,10796.0133377,91,89,7,0,23,22,1,3540,0,6,6,0,0.0168211,seven_point_per_channel
3,4,2,0,11,11,2730.266561,248.206051,10246.33279983,103,99,4,0,229,30,3,56275,0,0,0,40,0.2091016,seven_point_per_channel
3,4,3,0,11,11,2738.988243,248.9989311818,10229.94120976,105,101,4,0,225,29,3,52420,0,3,3,39,0.1971865,seven_point_per_channel
3,4,4,0,11,11,2653.925215,241.2659286364,10004.62607488,98,93,5,0,27,25,2,5426,0,0,0,0,0.0223679,seven_point_per_channel
3,4,5,0,11,11,2757.835337,250.7123033636,10239.1766737,108,103,4,0,164,21,3,35721,0,14,14,31,0.1381411,seven_point_per_channel
3,4,6,0,11,11,2718.542475,247.140225,10307.71237579,98,94,6,0,20,19,1,2741,0,15,15,0,0.0135281,seven_point_per_channel
3,4,7,0,11,11,2708.11221,246.1920190909,10155.56104287,102,100,4,0,166,19,1,33095,0,17,17,27,0.1234751,seven_point_per_channel
3,4,8,0,11,11,2810.276225,255.4796568182,10361.38113231,111,104,8,0,117,18,2,25183,0,21,21,27,0.097426,seven_point_per_channel
3,4,9,0,11,11,2798.63413,254.4212845455,10273.17065499,112,105,8,0,113,17,2,24167,0,24,24,26,0.0928846,seven_point_per_channel
3,4,10,0,11,11,2754.900053,250.4454593636,10229.50025478,109,103,2,0,157,20,3,42241,0,14,14,30,0.196223,seven_point_per_channel
3,4,11,0,11,11,2662.815603,242.0741457273,9559.078018258,113,104,9,0,123,18,3,31524,0,23,23,28,0.1521685,seven_point_per_channel
3,5,0,0,15,15,3422.474214,228.1649476,14117.37106643,87,80,3,0,35,32,3,7630,0,0,0,0,0.0330604,seven_point_per_channel
3,5,1,0,15,15,3210.28456,214.0189706667,13086.42280075,86,82,2,0,25,23,2,4535,0,10,10,0,0.0221464,seven_point_per_channel
3,5,2,0,15,15,3394.54993,226.3033286667,13292.74966185,108,100,7,0,285,42,6,59252,0,0,0,55,0.2346473,seven_point_per_channel
3,5,3,0,15,15,3382.703384,225.5135589333,13198.51693158,110,103,5,0,263,39,5,54401,0,5,5,51,0.2172877,seven_point_per_channel
3,5,4,0,15,15,3803.779164,253.5852776,15588.89582784,99,89,9,0,43,39,4,8895,0,0,0,0,0.0361406,seven_point_per_channel
3,5,5,0,15,15,3391.875858,226.1250572,13099.37929461,117,109,1,0,168,22,6,35978,0,25,25,35,0.1360804,seven_point_per_channel
3,5,6,0,15,15,3269.418461,217.9612307333,13032.09231798,99,93,0,0,19,18,1,3372,0,27,26,0,0.0182031,seven_point_per_channel
3,5,7,0,15,15,3508.686077,233.9124051333,13778.43037965,114,105,1,0,145,19,6,31010,0,25,25,32,0.1194422,seven_point_per_channel
3,5,8,0,15,15,3603.714377,240.2476251333,14658.57188627,99,93,3,0,173,19,4,33608,0,28,27,30,0.1298755,seven_point_per_channel
3,5,9,0,15,15,3543.58905,236.23927,14447.94524445,96,90,3,0,157,17,3,30578,0,28,27,27,0.1209267,seven_point_per_channel
3,5,10,0,15,15,3332.151624,222.1434416,12850.75811709,115,106,2,0,165,27,3,42840,0,24,24,37,0.2030015,seven_point_per_channel
3,5,11,0,15,15,3683.966317,245.5977544667,14674.83158376,113,106,1,0,154,15,3,38148,0,31,30,25,0.194376,seven_point_per_channel
3,6,0,0,10,10,3383.415794,338.3415794,13567.07898797,104,94,2,0,25,22,3,5355,0,0,0,0,0.0226192,seven_point_per_channel
3,6,1,0,10,10,2970.000882,297.0000882,11430.00441807,106,101,1,0,16,15,1,3271,0,7,7,0,0.0156674,seven_point_per_channel
3,6,2,0,10,10,2727.177251,272.7177251,10000.8862568,111,104,6,0,166,34,3,35993,0,0,0,44,0.142406,seven_point_per_channel
3,6,3,0,10,10,2734.088605,273.4088605,9990.443033231,112,108,6,0,159,34,1,32756,0,4,4,42,0.1293537,seven_point_per_channel
3,6,4,0,10,10,3269.301077,326.9301077,12806.50539304,109,101,4,0,25,22,3,5630,0,0,0,0,0.0219645,seven_point_per_channel
3,6,5,0,10,10,2757.317558,275.7317558,9996.587793426,117,108,5,0,99,20,1,21125,0,21,21,28,0.0818073,seven_point_per_channel
3,6,6,0,10,10,2999.078285,299.9078285,11420.39142764,112,105,0,0,13,11,2,2354,0,15,15,0,0.0124877,seven_point_per_channel
3,6,7,0,10,10,2747.228303,274.7228303,9996.141515652,115,108,5,0,87,18,1,18706,0,21,21,26,0.0714959,seven_point_per_channel
3,6,8,0,10,10,2875.617973,287.5617973,10468.0898632,123,114,1,0,76,10,3,17679,0,20,20,20,0.0643133,seven_point_per_channel
3,6,9,0,10,10,3008.374403,300.8374403,11186.87201579,120,112,3,0,76,9,4,17758,0,19,19,20,0.0659758,seven_point_per_channel
3,6,10,0,10,10,2758.914191,275.8914191,9979.570956078,118,108,5,0,100,21,1,26111,0,21,21,29,0.1217918,seven_point_per_channel
3,6,11,0,10,10,2881.37002,288.137002,10416.85008885,124,113,5,0,109,18,2,28896,0,20,20,27,0.1382413,seven_point_per_channel
3,7,0,0,11,11,2963.04955,269.3681409091,11075.247739,114,108,5,0,27,24,3,5229,0,0,0,0,0.0201431,seven_point_per_channel
3,7,1,0,11,11,3092.741318,281.1583016364,11713.70658917,116,109,2,0,21,19,2,4116,0,5,5,0,0.016238,seven_point_per_channel
3,7,2,0,11,11,3048.469689,277.1336080909,11462.34843913,115,111,5,0,157,29,4,31878,0,0,0,40,0.1219399,seven_point_per_channel
3,7,3,0,11,11,3048.441671,277.131061,11462.20835263,115,111,5,0,143,26,4,29092,0,3,3,37,0.1119497,seven_point_per_channel
3,7,4,0,11,11,3099.746453,281.7951320909,11848.73227928,111,102,6,0,28,23,5,5859,0,0,0,0,0.0225612,seven_point_per_channel
3,7,5,0,11,11,3095.225638,281.3841489091,11471.12818866,123,119,4,0,128,22,4,24908,0,14,14,33,0.0951816,seven_point_per_channel
3,7,6,0,11,11,3098.552382,281.6865801818,11662.76190703,119,110,2,0,17,13,4,3102,0,12,12,0,0.012816,seven_point_per_channel
3,7,7,0,11,11,3078.301034,279.8455485455,11671.5051669,115,108,2,0,109,18,2,24884,0,16,16,27,0.0919193,seven_point_per_channel
3,7,8,0,11,11,3209.946024,291.8132749091,12099.73011528,123,114,2,0,78,13,3,14448,0,21,21,23,0.0569727,seven_point_per_channel
3,7,9,0,11,11,3281.779637,298.3436033636,12673.89818759,114,107,5,0,63,16,2,11997,0,15,15,25,0.046219,seven_point_per_channel
3,7,10,0,11,11,2965.126177,269.5569251818,11090.63089698,115,108,3,0,124,22,3,34707,0,11,11,32,0.1551265,seven_point_per_channel
3,7,11,0,11,11,3087.872375,280.7156704545,11749.36188135,114,107,2,0,56,15,3,13213,0,12,12,25,0.0649635,seven_point_per_channel
3,8,0,0,16,16,3199.934118,199.995882375,13029.67058118,81,73,12,0,46,42,4,9154,0,0,0,0,0.0390463,upper_bound_16
3,8,1,0,16,16,3091.56004,193.2225025,12802.80020158,73,68,6,0,31,28,3,5777,0,11,11,0,0.0268326,upper_bound_16
3,8,2,0,16,16,2639.343208,164.9589505,10296.71604403,82,81,3,0,450,44,5,99511,0,0,0,54,0.3925202,upper_bound_16
3,8,3,0,16,16,2618.044971,163.6278106875,10180.22485718,83,81,2,0,409,42,2,88914,0,7,7,49,0.3460182,upper_bound_16
3,8,4,0,16,16,2937.424366,183.589022875,11722.12181735,82,73,10,0,44,39,5,8962,0,0,0,0,0.035788,upper_bound_16
3,8,5,0,16,16,2666.129079,166.6330674375,10190.64539464,91,87,2,0,286,29,2,58963,0,28,28,36,0.2369036,upper_bound_16
3,8,6,0,16,16,3144.666533,196.5416583125,12773.33265804,84,75,5,0,26,24,2,4079,0,27,25,0,0.0213145,upper_bound_16
3,8,7,0,16,16,2641.642962,165.102685125,10193.21480626,87,82,2,0,247,25,2,51255,0,28,28,32,0.204321,upper_bound_16
3,8,8,0,16,16,2847.520794,177.970049625,11002.60396747,95,86,2,0,192,21,1,41823,0,41,41,27,0.1592376,upper_bound_16
3,8,9,0,16,16,2936.068601,183.5042875625,11635.34301441,89,81,1,0,160,14,3,35844,0,38,38,22,0.1334842,upper_bound_16
3,8,10,0,16,16,2699.21676,168.7010475,10226.08379844,95,90,3,0,306,31,4,77867,0,28,28,40,0.3757497,upper_bound_16
3,8,11,0,16,16,2842.146572,177.63416075,10955.73285615,95,84,4,0,201,23,1,50221,0,41,41,29,0.2437436,upper_bound_16
3,9,0,0,11,11,3243.48761,294.86251,12427.43806145,116,108,5,0,29,25,4,5643,0,0,0,0,0.0206998,seven_point_per_channel
3,9,1,0,11,11,3163.778569,287.6162335455,12068.89285101,115,108,4,0,24,21,3,4198,0,4,4,0,0.015575,seven_point_per_channel
3,9,2,0,11,11,3145.790728,285.9809752727,11938.95363206,115,110,6,0,131,32,3,29110,0,0,0,42,0.1042397,seven_point_per_channel
3,9,3,0,11,11,3155.996631,286.9087846364,11909.98315005,118,114,5,0,127,32,2,28238,0,3,3,41,0.1010788,seven_point_per_channel
3,9,4,0,11,11,3074.842561,279.5311419091,11524.21281483,117,106,8,0,32,27,5,6181,0,0,0,0,0.0226588,seven_point_per_channel
3,9,5,0,11,11,3177.706124,288.8823749091,11998.53061407,120,114,3,0,96,23,3,20249,0,11,10,33,0.0718024,seven_point_per_channel
3,9,6,0,11,11,3139.754395,285.4322177273,11833.77198769,119,111,4,0,21,18,3,3376,0,11,11,0,0.0128323,seven_point_per_channel
3,9,7,0,11,11,3178.056002,288.914182,12000.27999941,120,114,3,0,106,23,2,21607,0,14,14,32,0.0823185,seven_point_per_channel
3,9,8,0,11,11,3123.23683,283.9306209091,12036.18417382,110,102,3,0,95,17,1,19751,0,15,14,25,0.0716767,seven_point_per_channel
3,9,9,0,11,11,3123.23683,283.9306209091,12036.18417382,110,102,3,0,95,17,1,19751,0,15,14,25,0.0735112,seven_point_per_channel
3,9,10,0,11,11,3128.33994,284.39454,11841.69971259,117,105,5,0,92,23,5,21099,0,9,7,35,0.0961674,seven_point_per_channel
3,9,11,0,11,11,3164.567749,287.6879771818,12082.83876365,114,102,7,0,119,23,2,29197,0,15,14,32,0.1356802,seven_point_per_channel
3,10,0,0,14,14,3641.022764,260.0730545714,14710.1138064,104,97,4,0,33,29,4,6842,0,0,0,0,0.0280294,seven_point_per_channel
3,10,1,0,14,14,3525.738019,251.8384299286,14073.69009223,107,100,2,0,23,17,6,4451,0,10,10,0,0.0203475,seven_point_per_channel
3,10,2,0,14,14,3392.527592,242.3233994286,13342.63797555,108,105,3,0,221,34,5,43972,0,0,0,46,0.226889,seven_point_per_channel
3,10,3,0,14,14,3394.566943,242.4690673571,13282.83471838,110,106,4,0,207,33,4,39264,0,7,7,44,0.1638062,seven_point_per_channel
3,10,4,0,14,14,3482.524571,248.7517550714,14012.62286268,100,89,7,0,37,32,5,7893,0,0,0,0,0.0321518,seven_point_per_channel
3,10,5,0,14,14,3478.196976,248.4426411429,13380.98489262,120,114,6,0,152,22,6,26405,0,27,26,35,0.1137897,seven_point_per_channel
3,10,6,0,14,14,3550.231955,253.5879967857,14081.15976836,111,103,2,0,21,16,5,3836,0,16,15,0,0.0182639,seven_point_per_channel
3,10,7,0,14,14,3132.012059,223.7151470714,11645.0603028,121,113,5,0,167,23,5,33505,0,27,23,35,0.1395778,seven_point_per_channel
3,10,8,0,14,14,3283.522395,234.5373139286,12387.61197577,122,114,4,0,145,19,4,30743,0,33,29,30,0.1247424,seven_point_per_channel
3,10,9,0,14,14,3410.833267,243.6309476429,13099.16633248,120,112,3,0,134,16,5,27888,0,32,28,28,0.1135394,seven_point_per_channel
3,10,10,0,14,14,3275.723884,233.9802774286,12438.61942486,120,112,2,0,148,21,6,32302,0,23,22,34,0.1746253,seven_point_per_channel
3,10,11,0,14,14,3266.090865,233.2922046429,12325.45431507,121,111,5,0,154,22,2,37766,0,34,30,31,0.1916167,seven_point_per_channel
3,11,0,0,10,10,3060.526946,306.0526946,11662.63473285,113,104,3,0,24,20,4,4819,0,0,0,0,0.0181403,seven_point_per_channel
3,11,1,0,10,10,3064.35132,306.435132,11651.75659481,115,106,1,0,20,16,4,4029,0,4,4,0,0.0154158,seven_point_per_channel
3,11,2,0,10,10,2776.114806,277.6114806,10270.57402844,112,109,1,0,56,23,1,11022,0,0,0,31,0.040589,seven_point_per_channel
3,11,3,0,10,10,2776.114806,277.6114806,10270.57402844,112,109,1,0,53,22,1,10276,0,1,1,30,0.0383032,seven_point_per_channel
3,11,4,0,10,10,3038.797925,303.8797925,11513.98962894,113,106,5,0,28,25,3,4873,0,0,0,0,0.0178463,seven_point_per_channel
3,11,5,0,10,10,2820.598893,282.0598893,10327.99446286,118,112,1,0,34,13,3,6129,0,13,13,23,0.0224948,seven_point_per_channel
3,11,6,0,10,10,2914.111277,291.4111277,10900.5563819,115,106,1,0,16,12,4,2863,0,9,9,0,0.0114524,seven_point_per_channel
3,11,7,0,10,10,2820.598893,282.0598893,10327.99446286,118,112,1,0,34,13,3,6129,0,13,13,23,0.0228056,seven_point_per_channel
3,11,8,0,10,10,2926.208398,292.6208398,10471.04200459,130,123,3,0,49,12,4,10120,0,18,18,23,0.0371437,seven_point_per_channel
3,11,9,0,10,10,3271.331776,327.1331776,12606.6588831,117,109,2,0,86,13,2,15279,0,13,12,22,0.0545556,seven_point_per_channel
3,11,10,0,10,10,2820.598893,282.0598893,10327.99446286,118,112,1,0,34,13,3,7331,0,13,13,23,0.0356459,seven_point_per_channel
3,11,11,0,10,10,2926.208398,292.6208398,10471.04200459,130,123,3,0,49,12,4,11974,0,18,18,23,0.0557152,seven_point_per_channel
3,12,0,0,13,13,3403.373627,261.7979713077,13386.86813935,108,100,7,0,33,30,3,6252,0,0,0,0,0.0244109,seven_point_per_channel
3,12,1,0,13,13,3396.72491,261.2865315385,13298.62456032,111,102,5,0,25,21,4,4652,0,5,5,0,0.0187709,seven_point_per_channel
3,12,2,0,13,13,3360.390358,258.491566,12856.95181033,120,112,4,0,177,32,7,39777,0,0,0,46,0.1506587,seven_point_per_channel
3,12,3,0,13,13,3334.928251,256.5329423846,12714.64126479,122,114,1,0,159,29,5,35851,0,6,6,41,0.1362109,seven_point_per_channel
3,12,4,0,13,13,3219.546987,247.6574605385,12342.7349361,112,102,8,0,36,31,5,7328,0,0,0,0,0.0266886,seven_point_per_channel
3,12,5,0,13,13,3355.147648,258.0882806154,12715.7382574,125,116,2,0,115,20,5,25514,0,19,19,32,0.0959711,seven_point_per_channel
3,12,6,0,13,13,3297.298143,253.6383186923,12646.49072072,117,109,3,0,20,16,4,3564,0,18,18,0,0.014296,seven_point_per_channel
3,12,7,0,13,13,3339.630894,256.8946841538,12693.15448606,123,115,2,0,107,19,5,23849,0,20,20,31,0.0904852,seven_point_per_channel
3,12,8,0,13,13,3465.868865,266.6052973077,13409.34433782,119,112,4,0,131,19,4,24454,0,21,19,30,0.0945302,seven_point_per_channel
3,12,9,0,13,13,3427.128585,263.6252757692,13435.64292993,112,106,3,0,103,16,2,19198,0,20,18,25,0.0748738,seven_point_per_channel
3,12,10,0,13,13,3342.995044,257.1534649231,12679.97524189,124,113,3,0,119,21,5,31655,0,19,19,33,0.1502063,seven_point_per_channel
3,12,11,0,13,13,3443.384914,264.8757626154,13426.92457945,115,109,3,0,111,17,3,24509,0,20,18,27,0.1223657,seven_point_per_channel
3,13,0,0,15,15,3226.65219,215.110146,12983.260955,92,83,4,0,37,35,2,7658,0,0,0,0,0.0315192,seven_point_per_channel
3,13,1,0,15,15,3282.151176,218.8100784,13250.75588298,91,87,5,0,29,27,2,4833,0,10,10,0,0.0226076,seven_point_per_channel
3,13,2,0,15,15,3136.42906,209.0952706667,12157.14528705,104,98,4,0,292,42,4,62653,0,0,0,53,0.2466847,seven_point_per_channel
3,13,3,0,15,15,3148.028528,209.8685685333,12150.14263986,107,102,2,0,277,35,6,55938,0,6,6,48,0.2236091,seven_point_per_channel
3,13,4,0,15,15,3249.095593,216.6063728667,13055.47796147,92,82,7,0,39,35,4,8187,0,0,0,0,0.0330479,seven_point_per_channel
3,13,5,0,15,15,3195.022002,213.0014668,12110.11000026,115,108,5,0,201,26,5,37064,0,27,24,38,0.149144,seven_point_per_channel
3,13,6,0,15,15,3066.199228,204.4132818667,11875.99613546,101,93,6,0,28,25,3,4272,0,21,20,0,0.0219178,seven_point_per_channel
3,13,7,0,15,15,3068.78709,204.585806,11528.93544341,115,107,2,0,148,22,4,28299,0,30,27,33,0.1138083,seven_point_per_channel
3,13,8,0,15,15,3259.85741,217.3238273333,12719.28704487,107,94,4,0,193,23,0,39970,0,32,31,30,0.156743,seven_point_per_channel
3,13,9,0,15,15,3201.396693,213.4264462,12546.98346176,103,93,3,0,172,20,0,36061,0,30,29,27,0.141281,seven_point_per_channel
3,13,10,0,15,15,3253.857081,216.9238054,12304.28539169,119,111,4,0,201,24,7,45716,0,27,24,38,0.2342435,seven_point_per_channel
3,13,11,0,15,15,3287.772069,219.1848046,12798.86034228,109,96,4,0,193,22,1,47959,0,32,31,30,0.2417767,seven_point_per_channel
3,14,0,0,11,11,3105.144167,282.2858333636,11985.72084064,106,102,7,0,29,26,3,5729,0,0,0,0,0.0225541,seven_point_per_channel
3,14,1,0,11,11,2965.441423,269.5855839091,11262.20712524,107,102,7,0,25,21,4,4517,0,5,5,0,0.0185953,seven_point_per_channel
3,14,2,0,11,11,2823.530108,256.6845552727,10287.65054416,118,112,3,0,174,33,3,34505,0,0,0,43,0.136273,seven_point_per_channel
3,14,3,0,11,11,2833.102846,257.5548041818,10275.51423646,120,114,3,0,158,29,4,30950,0,5,5,40,0.122242,seven_point_per_channel
3,14,4,0,11,11,3077.838825,279.8035295455,11759.19413238,112,102,3,0,28,25,3,6256,0,0,0,0,0.0235148,seven_point_per_channel
3,14,5,0,11,11,2859.078693,259.9162448182,10215.39346389,126,122,3,0,103,21,1,19377,0,24,23,29,0.0763798,seven_point_per_channel
3,14,6,0,11,11,2932.200159,266.5636508182,10976.00080764,111,106,7,0,20,18,2,3274,0,14,14,0,0.014065,seven_point_per_channel
3,14,7,0,11,11,2859.078693,259.9162448182,10215.39346389,126,122,3,0,102,21,1,19245,0,24,23,29,0.0759545,seven_point_per_channel
3,14,8,0,11,11,3090.310236,280.9372941818,11471.55119256,122,116,5,0,90,17,2,18072,0,18,18,26,0.071809,seven_point_per_channel
3,14,9,0,11,11,3088.574143,280.7794675455,11477.87072953,121,115,6,0,86,17,1,17482,0,20,19,25,0.0686199,seven_point_per_channel
3,14,10,0,11,11,2859.078693,259.9162448182,10215.39346389,126,122,3,0,103,21,1,22726,0,24,23,29,0.1154353,seven_point_per_channel
3,14,11,0,11,11,3090.310236,280.9372941818,11471.55119256,122,116,5,0,90,17,2,21558,0,18,18,26,0.1106141,seven_point_per_channel
3,15,0,0,14,14,3025.44831,216.1034507143,11932.24155405,91,87,9,0,39,38,1,7042,0,0,0,0,0.030101,seven_point_per_channel
3,15,1,0,14,14,3102.065927,221.5761376429,12360.32963291,93,89,2,0,25,22,3,4429,0,9,9,0,0.0219672,seven_point_per_channel
3,15,2,0,14,14,3041.309266,217.2363761429,11591.54632237,102,95,16,0,339,46,6,74079,0,0,0,59,0.291028,seven_point_per_channel
3,15,3,0,14,14,2976.597224,212.6140874286,11282.98610959,105,101,8,0,298,40,3,66080,0,6,6,50,0.260988,seven_point_per_channel
3,15,4,0,14,14,3066.798082,219.0570058571,11758.99039996,103,94,12,0,43,38,5,8556,0,0,0,0,0.0327292,seven_point_per_channel
3,15,5,0,14,14,3007.419843,214.8157030714,11252.09922147,115,106,2,0,197,25,3,42328,0,25,25,35,0.1660204,seven_point_per_channel
3,15,6,0,14,14,3069.903898,219.2788498571,12054.51949064,98,93,2,0,23,21,2,4129,0,16,16,0,0.0209218,seven_point_per_channel
3,15,7,0,14,14,3007.599624,214.8285445714,11252.99813197,114,105,4,0,196,27,2,43876,0,26,26,36,0.1684735,seven_point_per_channel
3,15,8,0,14,14,3415.870867,243.9907762143,13359.35432923,110,106,6,0,104,20,2,18721,0,25,25,29,0.0716661,seven_point_per_channel
3,15,9,0,14,14,3267.912901,233.4223500714,12699.56449592,107,102,7,0,117,21,1,24876,0,27,27,29,0.091483,seven_point_per_channel
3,15,10,0,14,14,3047.991877,217.7137055,11409.95939182,115,109,4,0,209,28,2,54850,0,26,26,37,0.2669827,seven_point_per_channel
3,15,11,0,14,14,3426.844855,244.7746325,13359.22427188,112,107,6,0,103,19,3,22303,0,25,25,29,0.1076099,seven_point_per_channel
3,16,0,0,14,14,3327.936056,237.7097182857,13519.68027357,91,87,4,0,34,33,1,6904,0,0,0,0,0.0278445,seven_point_per_channel
3,16,1,0,14,14,3242.364307,231.5974505,12921.82152592,96,90,6,0,31,28,3,6264,0,9,9,0,0.0258886,seven_point_per_channel
3,16,2,0,14,14,3149.79835,224.9855964286,12468.9917438,96,91,5,0,296,39,4,67450,0,0,0,50,0.2512598,seven_point_per_channel
3,16,3,0,14,14,3138.067275,224.1476625,12350.33636766,99,94,3,0,266,34,3,58873,0,8,8,44,0.2208233,seven_point_per_channel
3,16,4,0,14,14,3094.326416,221.0233154286,12456.6320648,88,81,4,0,34,31,3,7107,0,0,0,0,0.0297008,seven_point_per_channel
3,16,5,0,14,14,3180.853568,227.2038262857,12379.26783133,105,98,4,0,188,26,2,39033,0,24,24,35,0.1495448,seven_point_per_channel
3,16,6,0,14,14,3275.008604,233.929186,12855.04302232,104,96,6,0,27,23,4,5067,0,21,21,0,0.0222147,seven_point_per_channel
3,16,7,0,14,14,3135.443782,223.9602701429,12282.21890982,101,95,3,0,124,20,4,27204,0,21,21,31,0.1041524,seven_point_per_channel
3,16,8,0,14,14,3320.257498,237.1612498571,12936.28748876,109,97,7,0,171,18,5,35591,0,26,26,30,0.1398062,seven_point_per_channel
3,16,9,0,14,14,3372.642117,240.9030083571,13278.21058647,106,99,6,0,143,16,3,29678,0,28,28,26,0.1173184,seven_point_per_channel
3,16,10,0,14,14,3191.091828,227.9351305714,12365.45913609,107,98,5,0,204,27,3,53150,0,24,24,37,0.2500632,seven_point_per_channel
3,16,11,0,14,14,3320.257498,237.1612498571,12936.28748876,109,97,7,0,171,18,5,42060,0,26,26,30,0.2081239,seven_point_per_channel
3,17,0,0,14,14,3632.934213,259.4953009286,15014.6710562,90,83,9,0,37,32,5,7601,0,0,0,0,0.0316168,seven_point_per_channel
3,17,1,0,14,14,3214.080893,229.5772066429,13035.40446866,89,83,3,0,22,18,4,4153,0,9,9,0,0.0195052,seven_point_per_channel
3,17,2,0,14,14,3123.517769,223.1084120714,12312.58885757,97,94,4,0,194,37,4,45513,0,0,0,48,0.1814787,seven_point_per_channel
3,17,3,0,14,14,3125.139474,223.2242481429,12320.69738591,97,94,4,0,181,34,4,41838,0,3,3,45,0.1662365,seven_point_per_channel
3,17,4,0,14,14,3305.089345,236.0778103571,13140.44671792,96,88,13,0,42,37,5,8494,0,0,0,0,0.0325389,seven_point_per_channel
3,17,5,0,14,14,3161.998611,225.8570436429,12224.99307178,108,98,3,0,124,24,4,27863,0,22,22,35,0.1088228,seven_point_per_channel
3,17,6,0,14,14,3298.483273,235.6059480714,13002.41636782,105,97,2,0,20,17,3,3290,0,26,26,0,0.0158179,seven_point_per_channel
3,17,7,0,14,14,2971.848252,212.2748751429,11109.24126287,112,108,4,0,156,22,4,36348,0,22,22,33,0.1379354,seven_point_per_channel
3,17,8,0,14,14,3054.980937,218.2129240714,11809.9046921,105,98,0,0,125,16,4,28133,0,24,24,27,0.1081428,seven_point_per_channel
3,17,9,0,14,14,3158.904213,225.6360152143,12134.52106302,111,104,1,0,141,15,2,31416,0,26,26,24,0.1186795,seven_point_per_channel
3,17,10,0,14,14,3160.361084,225.7400774286,11931.80542677,118,108,2,0,157,22,4,36602,0,27,27,33,0.188441,seven_point_per_channel
3,17,11,0,14,14,3054.980937,218.2129240714,11809.9046921,105,98,0,0,125,16,4,32787,0,24,24,27,0.1596447,seven_point_per_channel
3,18,0,0,10,10,2789.2443,278.92443,10096.22149522,119,113,4,0,24,22,2,4531,0,0,0,0,0.0159008,seven_point_per_channel
3,18,1,0,10,10,2784.17218,278.417218,10120.86090084,118,114,2,0,19,17,2,3320,0,4,4,0,0.012174,seven_point_per_channel
3,18,2,0,10,10,2840.513921,284.0513921,10592.56960303,112,109,1,0,98,25,1,22538,0,0,0,33,0.0840078,seven_point_per_channel
3,18,3,0,10,10,2841.193095,284.1193095,10580.96547608,113,110,0,0,95,23,1,19240,0,2,2,31,0.076617,seven_point_per_channel
3,18,4,0,10,10,2720.668801,272.0668801,10078.34399666,109,104,2,0,22,21,1,4343,0,0,0,0,0.016792,seven_point_per_channel
3,18,5,0,10,10,2862.929173,286.2929173,10469.64586611,118,114,5,0,80,20,1,15515,0,15,15,28,0.0593644,seven_point_per_channel
3,18,6,0,10,10,2800.087289,280.0087289,10115.43644691,121,116,2,0,15,14,1,2378,0,11,11,0,0.0089613,seven_point_per_channel
3,18,7,0,10,10,2862.929173,286.2929173,10469.64586611,118,114,5,0,80,20,1,15515,0,15,15,28,0.0601956,seven_point_per_channel
3,18,8,0,10,10,2845.316743,284.5316743,10556.5837148,112,109,5,0,92,15,2,20247,0,16,16,24,0.0727757,seven_point_per_channel
3,18,9,0,10,10,2845.316743,284.5316743,10556.5837148,112,109,5,0,92,15,2,20247,0,16,16,24,0.0727126,seven_point_per_channel
3,18,10,0,10,10,2867.213074,286.7213074,10451.06537315,119,114,6,0,82,20,2,19424,0,15,15,29,0.0952582,seven_point_per_channel
3,18,11,0,10,10,2845.316743,284.5316743,10556.5837148,112,109,5,0,92,15,2,23233,0,16,16,24,0.1072053,seven_point_per_channel
3,19,0,0,13,13,3367.355878,259.0273752308,13646.77938477,93,87,7,0,35,32,3,6303,0,0,0,0,0.0264768,seven_point_per_channel
3,19,1,0,13,13,3339.157111,256.8582393077,13525.78554406,92,88,7,0,27,25,2,4326,0,7,7,0,0.0212315,seven_point_per_channel
3,19,2,0,13,13,3132.715547,240.978119,11953.57772716,112,108,3,0,193,37,3,42036,0,0,0,47,0.1563231,seven_point_per_channel
3,19,3,0,13,13,3121.783433,240.1371871538,11898.91716399,112,108,3,0,184,36,2,39812,0,3,3,45,0.1515584,seven_point_per_channel
3,19,4,0,13,13,3248.997275,249.9228673077,12864.98637928,100,90,7,0,38,35,3,7543,0,0,0,0,0.0292734,seven_point_per_channel
3,19,5,0,13,13,2879.070827,221.4669866923,10540.35412641,117,112,3,0,119,23,3,25136,0,20,17,33,0.0959302,seven_point_per_channel
3,19,6,0,13,13,3355.370441,258.1054185385,13516.85220886,97,93,3,0,19,17,2,2832,0,16,16,0,0.0152971,seven_point_per_channel
3,19,7,0,13,13,2866.909161,220.5314739231,10544.54579478,115,109,3,0,107,19,4,22919,0,21,18,30,0.0851251,seven_point_per_channel
3,19,8,0,13,13,2925.031856,225.0024504615,11005.15927981,109,105,3,0,132,21,1,28970,0,19,19,29,0.1119215,seven_point_per_channel
3,19,9,0,13,13,3053.610742,234.893134,11733.05370563,107,101,2,0,115,17,1,26021,0,20,20,25,0.0978996,seven_point_per_channel
3,19,10,0,13,13,2909.645734,223.8189026154,10503.22866818,123,114,5,0,140,27,5,35755,0,21,18,39,0.1734335,seven_point_per_channel
3,19,11,0,13,13,2943.91762,226.4552015385,10944.58811439,114,108,4,0,148,22,2,38543,0,20,20,31,0.1910204,seven_point_per_channel
3,20,0,0,10,10,3131.978101,313.1978101,12339.89050261,102,98,2,0,22,20,2,4545,0,0,0,0,0.0205387,seven_point_per_channel
3,20,1,0,10,10,3119.40766,311.940766,12187.03829691,104,100,4,0,17,14,3,2782,0,8,8,0,0.0141246,seven_point_per_channel
3,20,2,0,10,10,2981.476549,298.1476549,11197.38275136,113,109,6,0,184,30,4,35037,0,0,0,41,0.1388314,seven_point_per_channel
3,20,3,0,10,10,2985.877838,298.5877838,11174.3891921,115,111,5,0,162,27,3,30539,0,5,5,37,0.1215259,seven_point_per_channel
3,20,4,0,10,10,2691.124912,269.1124912,10090.62455565,105,98,0,0,22,19,3,4802,0,0,0,0,0.0202586,seven_point_per_channel
3,20,5,0,10,10,3026.455708,302.6455708,11152.27854758,123,116,5,0,142,25,3,25930,0,15,12,35,0.1019178,seven_point_per_channel
3,20,6,0,10,10,2913.178995,291.3178995,11105.89496931,107,101,2,0,14,12,2,2069,0,13,13,0,0.0114995,seven_point_per_channel
3,20,7,0,10,10,2901.467386,290.1467386,10642.33693948,120,114,3,0,95,16,4,18744,0,16,13,27,0.0749697,seven_point_per_channel
3,20,8,0,10,10,3113.520151,311.3520151,11757.60076347,118,113,3,0,84,13,3,18330,0,16,16,23,0.0706242,seven_point_per_channel
3,20,9,0,10,10,3104.434458,310.4434458,11882.17228756,113,110,1,0,93,12,1,20585,0,17,17,20,0.0802635,seven_point_per_channel
3,20,10,0,10,10,3056.255325,305.6255325,11271.27662429,124,117,5,0,149,24,4,32715,0,15,12,35,0.1634975,seven_point_per_channel
3,20,11,0,10,10,3113.520151,311.3520151,11757.60076347,118,113,3,0,84,13,3,21309,0,16,16,23,0.1035757,seven_point_per_channel
3,21,0,0,10,10,3003.283282,300.3283282,11256.4164093,115,109,6,0,26,24,2,4949,0,0,0,0,0.0196847,seven_point_per_channel
3,21,1,0,10,10,2943.287024,294.3287024,10956.4351211,115,109,6,0,23,20,3,4097,0,3,3,0,0.0165412,seven_point_per_channel
3,21,2,0,10,10,2922.407799,292.2407799,10362.03899361,131,124,7,0,59,25,6,11772,0,0,0,38,0.0425549,seven_point_per_channel
3,21,3,0,10,10,2925.44129,292.544129,10347.20645194,132,125,7,0,59,26,5,11677,0,2,2,38,0.0426948,seven_point_per_channel
3,21,4,0,10,10,2971.401496,297.1401496,11142.00746716,113,104,8,0,32,29,3,6053,0,0,0,0,0.0210556,seven_point_per_channel
3,21,5,0,10,10,2926.902728,292.6902728,10344.51363792,132,127,7,0,47,23,3,8285,0,9,7,33,0.0306601,seven_point_per_channel
3,21,6,0,10,10,2971.846524,297.1846524,11219.23260963,110,104,8,0,24,22,2,3545,0,7,6,0,0.0135368,seven_point_per_channel
3,21,7,0,10,10,2988.483535,298.8483535,10997.4176685,122,114,5,1,109,20,4,21959,0,12,12,31,0.0784878,seven_point_per_channel
3,21,8,0,10,10,3040.713296,304.0713296,11238.56648138,122,118,5,0,77,17,1,13596,0,13,12,25,0.0507726,seven_point_per_channel
3,21,9,0,10,10,3040.713296,304.0713296,11238.56648138,122,118,5,0,77,17,1,13596,0,13,12,25,0.0504588,seven_point_per_channel
3,21,10,0,10,10,2919.337823,291.9337823,10211.68911044,137,127,5,0,45,22,3,9570,0,12,10,32,0.0461909,seven_point_per_channel
3,21,11,0,10,10,3040.713296,304.0713296,11238.56648138,122,118,5,0,77,17,1,16584,0,13,12,25,0.0809028,seven_point_per_channel
3,22,0,0,14,14,3367.268034,240.5191452857,13711.34017499,87,81,13,0,42,39,3,8055,0,0,0,0,0.0329735,seven_point_per_channel
3,22,1,0,14,14,3197.569866,228.3978475714,12862.84933632,86,83,14,0,32,29,3,4612,0,11,11,0,0.0213541,seven_point_per_channel
3,22,2,0,14,14,2974.41244,212.4580314286,11682.06221458,92,87,7,0,386,43,2,82427,0,0,0,52,0.3212127,seven_point_per_channel
3,22,3,0,14,14,2982.159559,213.0113970714,11655.79781074,95,91,5,0,325,34,2,69376,0,10,10,43,0.2726786,seven_point_per_channel
3,22,4,0,14,14,3247.742495,231.9816067857,13043.71246753,96,83,2,1,34,28,6,7488,0,0,0,0,0.0297485,seven_point_per_channel
3,22,5,0,14,14,2981.254668,212.946762,11611.27334869,98,93,2,0,240,25,1,49977,0,21,21,33,0.1963614,seven_point_per_channel
3,22,6,0,14,14,3084.92085,220.3514892857,11954.60424425,101,95,8,0,22,21,1,2093,0,32,31,0,0.0121403,seven_point_per_channel
3,22,7,0,14,14,2798.843551,199.9173965,10834.21774772,93,85,4,0,193,21,0,42191,0,30,30,28,0.1628268,seven_point_per_channel
3,22,8,0,14,14,3053.447255,218.1033753571,11862.23628062,100,96,5,0,175,20,1,33418,0,29,29,28,0.128855,seven_point_per_channel
3,22,9,0,14,14,3041.473791,217.2481279286,11652.36895901,105,98,6,0,162,20,0,31882,0,36,36,27,0.1227404,seven_point_per_channel
3,22,10,0,14,14,2884.043744,206.0031245714,11195.21869963,95,91,3,0,288,31,1,72398,0,20,20,39,0.3386245,seven_point_per_channel
3,22,11,0,14,14,3055.558856,218.254204,11887.79428273,100,96,4,0,170,19,1,38359,0,29,29,27,0.1895067,seven_point_per_channel
3,23,0,0,15,15,3342.01136,222.8007573333,13340.0567996,100,93,2,0,34,32,2,7031,0,0,0,0,0.0297563,seven_point_per_channel
3,23,1,0,15,15,3349.870852,223.3247234667,13379.35425642,100,93,2,0,29,27,2,5624,0,5,5,0,0.0244174,seven_point_per_channel
3,23,2,0,15,15,3364.532313,224.3021542,13097.66156835,110,105,5,0,218,38,5,43208,0,0,0,50,0.1655882,seven_point_per_channel
3,23,3,0,15,15,3377.047907,225.1365271333,13100.23953771,112,107,5,0,208,37,5,40707,0,3,3,49,0.1565224,seven_point_per_channel
3,23,4,0,15,15,3228.498708,215.2332472,12727.49356708,100,90,6,0,37,32,5,7534,0,0,0,0,0.0293681,seven_point_per_channel
3,23,5,0,15,15,3407.20229,227.1468193333,13101.01144302,118,110,4,0,149,25,4,27148,0,22,22,36,0.1045466,seven_point_per_channel
3,23,6,0,15,15,3228.654643,215.2436428667,12568.27321257,106,101,3,0,23,20,3,3910,0,18,17,0,0.0197356,seven_point_per_channel
3,23,7,0,15,15,3363.491576,224.2327717333,12972.45788221,115,107,4,0,139,23,4,27515,0,22,22,34,0.1007969,seven_point_per_channel
3,23,8,0,15,15,3393.958414,226.2638942667,13204.79207423,112,103,5,0,139,20,4,26273,0,25,24,31,0.1080023,seven_point_per_channel
3,23,9,0,15,15,3237.28529,215.8190193333,12266.4264488,118,107,4,0,138,19,4,29682,0,29,28,30,0.1065416,seven_point_per_channel
3,23,10,0,15,15,3436.144952,229.0763301333,13150.72475351,121,108,6,0,165,25,7,35477,0,23,23,39,0.1738263,seven_point_per_channel
3,23,11,0,15,15,3389.70315,225.98021,13108.51575072,115,106,4,0,145,21,4,34233,0,27,25,32,0.1729505,seven_point_per_channel
3,24,0,0,15,15,3245.242984,216.3495322667,13091.21492227,92,83,3,0,37,34,3,7949,0,0,0,0,0.0326388,seven_point_per_channel
3,24,1,0,15,15,3063.675996,204.2450664,12278.37998072,88,84,3,0,26,24,2,4474,0,10,10,0,0.0228605,seven_point_per_channel
3,24,2,0,15,15,2993.821626,199.5881084,11819.10813418,91,88,4,0,435,46,1,92729,0,0,0,54,0.3548837,seven_point_per_channel
3,24,3,0,15,15,3018.560451,201.2373634,11832.80225418,95,93,3,0,398,41,1,84070,0,8,8,49,0.3210542,seven_point_per_channel
3,24,4,0,15,15,3150.879041,210.0586027333,12649.39519426,91,79,4,0,38,34,4,8257,0,0,0,0,0.0340798,seven_point_per_channel
3,24,5,0,15,15,3045.744059,203.0496039333,11758.7202959,102,97,4,0,288,32,1,55656,0,25,25,40,0.2114855,seven_point_per_channel
3,24,6,0,15,15,3143.587023,209.5724682,12262.93511507,102,94,4,0,25,23,2,3789,0,26,24,0,0.0183108,seven_point_per_channel
3,24,7,0,15,15,2889.943942,192.6629294667,10919.71970839,104,99,4,0,231,26,3,49083,0,32,31,36,0.183894,seven_point_per_channel
3,24,8,0,15,15,3410.781458,227.3854305333,13743.90728884,97,90,4,0,236,24,2,50754,0,26,26,33,0.2001623,seven_point_per_channel
3,24,9,0,15,15,3491.916181,232.7944120667,14134.58090525,98,91,3,0,186,19,0,40198,0,33,33,26,0.1541749,seven_point_per_channel
3,24,10,0,15,15,3060.376265,204.0250843333,11781.88131802,104,100,3,0,310,32,2,72513,0,25,25,41,0.35068,seven_point_per_channel
3,24,11,0,15,15,3418.696409,227.9130939333,13713.48203095,99,91,5,0,261,27,1,64595,0,27,27,35,0.3252427,seven_point_per_channel
3,25,0,0,14,14,3359.696455,239.9783182143,12918.48228061,115,110,7,0,33,30,3,5998,0,0,0,0,0.0227799,seven_point_per_channel
3,25,1,0,14,14,3330.35567,237.8825478571,12801.7783532,115,110,5,0,24,20,4,4020,0,7,7,0,0.0160053,seven_point_per_channel
3,25,2,0,14,14,3234.111694,231.0079781429,12760.55845137,101,98,3,0,252,33,5,49106,0,0,0,45,0.1778531,seven_point_per_channel
3,25,3,0,14,14,3242.509772,231.6078408571,12742.5488456,103,100,3,0,237,31,5,45291,0,4,4,43,0.1649968,seven_point_per_channel
3,25,4,0,14,14,3342.492981,238.7494986429,13162.46492355,105,94,7,0,35,30,5,6752,0,0,0,0,0.0279422,seven_point_per_channel
3,25,5,0,14,14,3088.463089,220.6045063571,11582.315447,118,109,1,0,141,25,0,29020,0,26,25,32,0.1066663,seven_point_per_channel
3,25,6,0,14,14,3217.308728,229.8077662857,12161.54364623,120,115,0,0,15,14,1,2074,0,20,20,0,0.0093617,seven_point_per_channel
3,25,7,0,14,14,3177.263851,226.9474179286,12491.31925108,100,97,4,0,217,24,1,37943,0,20,20,32,0.1411993,seven_point_per_channel
3,25,8,0,14,14,3384.802865,241.7716332143,12739.01431998,129,119,1,0,63,14,2,12891,0,25,24,23,0.0464737,seven_point_per_channel
3,25,9,0,14,14,3384.802865,241.7716332143,12739.01431998,129,119,1,0,63,14,2,12891,0,25,24,23,0.0472806,seven_point_per_channel
3,25,10,0,14,14,3086.063235,220.4330882143,11610.31617762,116,108,2,0,130,24,0,33417,0,26,25,31,0.1524412,seven_point_per_channel
3,25,11,0,14,14,3393.86689,242.4190635714,12749.33444115,130,121,1,0,64,15,2,15575,0,25,24,24,0.0731566,seven_point_per_channel
3,26,0,0,10,10,3242.007922,324.2007922,12690.03961798,109,103,2,0,23,21,2,4706,0,0,0,0,0.0182727,seven_point_per_channel
3,26,1,0,10,10,2931.674413,293.1674413,11163.3720752,108,103,2,0,19,17,2,3765,0,3,3,0,0.0145459,seven_point_per_channel
3,26,2,0,10,10,2998.974188,299.8974188,11259.87094194,115,110,4,0,110,26,3,25291,0,0,0,36,0.0854636,seven_point_per_channel
3,26,3,0,10,10,2998.95378,299.895378,11229.76889524,116,111,4,0,99,24,2,22381,0,5,5,33,0.0746196,seven_point_per_channel
3,26,4,0,10,10,3022.371801,302.2371801,11376.85900693,116,111,2,0,21,18,3,4347,0,0,0,0,0.0163662,seven_point_per_channel
3,26,5,0,10,10,2971.621138,297.1621138,11103.10567871,117,113,1,0,74,18,1,16832,0,12,12,26,0.0582271,seven_point_per_channel
3,26,6,0,10,10,2951.177301,295.1177301,11155.88650966,111,106,3,0,16,14,2,2760,0,10,10,0,0.0105186,seven_point_per_channel
3,26,7,0,10,10,2926.714664,292.6714664,10863.57331445,118,114,0,0,65,13,3,14389,0,14,14,23,0.0522885,seven_point_per_channel
3,26,8,0,10,10,2932.739922,293.2739922,10643.69960953,125,117,4,0,72,15,2,15800,0,17,17,24,0.0572587,seven_point_per_channel
3,26,9,0,10,10,3035.039818,303.5039818,11195.19909046,123,116,5,0,72,14,2,15604,0,17,17,23,0.0564556,seven_point_per_channel
3,26,10,0,10,10,2982.742039,298.2742039,11108.71018162,119,113,1,0,80,21,0,21646,0,12,12,28,0.0932705,seven_point_per_channel
3,26,11,0,10,10,2932.739922,293.2739922,10643.69960953,125,117,4,0,72,15,2,18413,0,17,17,24,0.0843376,seven_point_per_channel
3,27,0,0,14,14,3483.2935,248.8066785714,14156.46749336,96,90,4,0,33,30,3,6402,0,0,0,0,0.0262193,seven_point_per_channel
3,27,1,0,14,14,3347.091615,239.0779725,13510.45806926,95,91,3,0,23,19,4,3637,0,7,7,0,0.0179757,seven_point_per_channel
3,27,2,0,14,14,3327.43563,237.6739735714,13202.17814677,103,99,1,0,251,34,4,45811,0,0,0,45,0.1900087,seven_point_per_channel
3,27,3,0,14,14,3348.33417,239.1667264286,13186.67084536,107,103,1,0,250,33,4,42949,0,5,5,44,0.1804605,seven_point_per_channel
3,27,4,0,14,14,3530.105885,252.1504203571,14270.52940348,101,86,5,0,38,32,6,7195,0,0,0,0,0.0306792,seven_point_per_channel
3,27,5,0,14,14,3243.711533,231.6936809286,12558.55765667,111,104,1,0,205,25,4,33009,0,18,17,36,0.1411531,seven_point_per_channel
3,27,6,0,14,14,3172.917587,226.6369705,12594.58792698,97,93,2,0,19,18,1,2820,0,15,15,0,0.0151538,seven_point_per_channel
3,27,7,0,14,14,3157.52915,225.5377964286,12277.64573057,106,99,1,0,116,18,5,21402,0,19,18,30,0.0852945,seven_point_per_channel
3,27,8,0,14,14,3400.035474,242.8596767143,13575.17737988,102,93,4,0,183,20,3,34944,0,18,18,30,0.1339783,seven_point_per_channel
3,27,9,0,14,14,3579.995091,255.7139350714,14554.97545875,99,92,4,0,151,16,3,28899,0,19,19,26,0.1098062,seven_point_per_channel
3,27,10,0,14,14,3243.711533,231.6936809286,12558.55765667,111,104,1,0,205,25,4,39559,0,18,17,36,0.216182,seven_point_per_channel
3,27,11,0,14,14,3441.076233,245.7911595,13575.38116992,107,97,8,0,215,25,1,48467,0,26,25,33,0.2411409,seven_point_per_channel
3,28,0,0,12,12,2851.62109,237.6350908333,10893.10544741,99,91,9,0,33,30,3,6392,0,0,0,0,0.0256027,seven_point_per_channel
3,28,1,0,12,12,2940.181339,245.0151115833,11360.90670619,98,91,9,0,26,23,3,4609,0,6,6,0,0.0201649,seven_point_per_channel
3,28,2,0,12,12,2774.68937,231.2241141667,10108.44685476,115,112,2,0,215,37,3,45167,0,0,0,47,0.1859533,seven_point_per_channel
3,28,3,0,12,12,2767.493097,230.62442475,10072.46548759,115,112,2,0,201,36,1,41680,0,5,5,44,0.1737678,seven_point_per_channel
3,28,4,0,12,12,2804.807748,233.733979,10819.03873983,96,89,4,0,30,27,3,5972,0,0,0,0,0.0260168,seven_point_per_channel
3,28,5,0,12,12,2780.672048,231.7226706667,9963.360237615,121,117,2,0,141,22,2,28616,0,23,22,31,0.1188144,seven_point_per_channel
3,28,6,0,12,12,2851.717526,237.6431271667,10768.58763462,105,98,5,0,19,16,3,3152,0,18,18,0,0.0146236,seven_point_per_channel
3,28,7,0,12,12,2644.050534,220.3375445,9450.252665835,116,111,1,0,128,18,3,27374,0,21,20,28,0.1095694,seven_point_per_channel
3,28,8,0,12,12,2602.073983,216.8394985833,9390.36991536,111,106,1,0,115,15,4,25762,0,18,18,26,0.1022325,seven_point_per_channel
3,28,9,0,12,12,2868.767582,239.0639651667,10638.83790868,112,103,6,0,122,15,4,26221,0,24,24,26,0.1033647,seven_point_per_channel
3,28,10,0,12,12,2778.955398,231.5796165,9929.77698478,122,117,2,0,142,23,2,34803,0,23,22,32,0.1752226,seven_point_per_channel
3,28,11,0,12,12,2602.073983,216.8394985833,9390.36991536,111,106,1,0,115,15,4,30139,0,18,18,26,0.1496042,seven_point_per_channel
3,29,0,0,15,15,3720.52376,248.0349173333,15317.61878845,96,93,3,0,34,33,1,6675,0,0,0,0,0.028521,seven_point_per_channel
3,29,1,0,15,15,3183.678813,212.2452542,12478.39405981,99,94,8,0,33,30,3,6026,0,6,6,0,0.0257422,seven_point_per_channel
3,29,2,0,15,15,3064.468401,204.2978934,11467.34200443,115,109,4,0,151,37,6,30670,0,0,0,50,0.1177834,seven_point_per_channel
3,29,3,0,15,15,3037.375648,202.4917098667,11366.87823435,115,108,2,0,142,36,5,28845,0,2,2,48,0.1103653,seven_point_per_channel
3,29,4,0,15,15,3363.387101,224.2258067333,13216.93551697,105,96,8,0,41,38,3,8034,0,0,0,0,0.0300922,seven_point_per_channel
3,29,5,0,15,15,3068.366269,204.5577512667,11411.83134618,118,109,4,0,105,29,2,19324,0,20,18,38,0.075515,seven_point_per_channel
3,29,6,0,15,15,3228.791108,215.2527405333,12458.95553306,110,103,3,0,21,17,4,3501,0,23,21,0,0.0175343,seven_point_per_channel
3,29,7,0,15,15,3189.886012,212.6590674667,12159.43004957,112,105,6,0,154,24,3,30487,0,29,27,34,0.1186571,seven_point_per_channel
3,29,8,0,15,15,3269.722647,217.9815098,12733.61323923,106,97,7,0,163,23,3,31274,0,24,24,33,0.1169212,seven_point_per_channel
3,29,9,0,15,15,3618.526239,241.2350826,14582.63119819,103,97,5,0,185,18,3,30310,0,25,25,28,0.1239882,seven_point_per_channel
3,29,10,0,15,15,3140.0304,209.33536,11620.15200145,124,109,4,0,117,30,4,27114,0,20,18,41,0.1302402,seven_point_per_channel
3,29,11,0,15,15,3269.722647,217.9815098,12733.61323923,106,97,7,0,163,23,3,37540,0,24,24,33,0.1841967,seven_point_per_channel
3,30,0,0,14,14,3539.471141,252.8193672143,14062.35571322,108,102,5,0,35,32,3,6941,0,0,0,0,0.0287188,seven_point_per_channel
3,30,1,0,14,14,3387.273927,241.9481376429,13336.36963885,109,102,1,0,26,22,4,5120,0,4,4,0,0.021369,seven_point_per_channel
3,30,2,0,14,14,3195.906498,228.2790355714,12004.53248968,117,113,9,0,183,42,3,34827,0,0,0,52,0.1360379,seven_point_per_channel
3,30,3,0,14,14,3198.261521,228.4472515,11986.30759801,119,115,7,0,172,38,4,32529,0,3,3,49,0.1258414,seven_point_per_channel
3,30,4,0,14,14,3335.727978,238.2662841429,13308.63989124,99,91,6,0,39,38,1,7545,0,0,0,0,0.0308256,seven_point_per_channel
3,30,5,0,14,14,3241.015478,231.5011055714,11960.07738927,129,119,5,0,129,26,4,23760,0,22,20,37,0.0918112,seven_point_per_channel
3,30,6,0,14,14,3167.854791,226.2753422143,12159.27396217,111,105,2,0,20,16,4,3245,0,17,17,0,0.0155684,seven_point_per_channel
3,30,7,0,14,14,3251.061597,232.2186855,11950.30798506,131,121,5,0,128,26,4,23677,0,24,22,37,0.0916539,seven_point_per_channel
3,30,8,0,14,14,3193.299548,228.0928248571,12266.4977508,112,107,1,0,125,18,2,24498,0,18,18,27,0.0906212,seven_point_per_channel
3,30,9,0,14,14,3401.861704,242.9901217143,13374.30851895,110,104,1,0,141,14,3,30583,0,24,24,24,0.114297,seven_point_per_channel
3,30,10,0,14,14,3267.267673,233.3762623571,12046.33837297,131,121,4,0,131,25,5,27937,0,22,20,37,0.1422723,seven_point_per_channel
3,30,11,0,14,14,3208.320367,229.1657405,12271.60184522,114,108,2,0,130,19,2,29912,0,20,20,28,0.1445763,seven_point_per_channel
3,31,0,0,15,15,3270.303528,218.0202352,13301.51764994,87,79,7,0,37,32,5,7728,0,0,0,0,0.031351,seven_point_per_channel
3,31,1,0,15,15,3467.499836,231.1666557333,14222.49919483,88,81,9,0,30,27,3,5419,0,9,9,0,0.0248365,seven_point_per_channel
3,31,2,0,15,15,3084.033874,205.6022582667,11940.16936938,103,97,3,0,323,44,4,67877,0,0,0,55,0.2610778,seven_point_per_channel
3,31,3,0,15,15,3261.342573,217.4228382,12656.71287555,109,104,2,0,305,42,3,62652,0,8,8,52,0.2435843,seven_point_per_channel
3,31,4,0,15,15,3224.108938,214.9405958667,13055.544695,88,77,7,0,37,30,7,8161,0,0,0,0,0.0324149,seven_point_per_channel
3,31,5,0,15,15,3310.890315,220.726021,12734.45157008,114,107,4,0,226,27,6,45487,0,26,24,40,0.1786741,seven_point_per_channel
3,31,6,0,15,15,3204.99297,213.666198,12479.9648449,104,96,6,0,22,17,5,3289,0,29,29,0,0.016761,seven_point_per_channel
3,31,7,0,15,15,3143.538423,209.5692282,12002.69211222,112,105,1,0,146,19,3,29926,0,33,29,29,0.1178735,seven_point_per_channel
3,31,8,0,15,15,3437.644699,229.1763132667,13813.2234842,100,91,3,0,149,14,4,32710,0,30,30,25,0.1225686,seven_point_per_channel
3,31,9,0,15,15,3438.255787,229.2170524667,13831.27892964,100,91,2,0,147,14,3,32392,0,31,31,24,0.1210732,seven_point_per_channel
3,31,10,0,15,15,3119.274037,207.9516024667,11786.37017591,114,108,3,0,213,27,3,51588,0,29,25,37,0.2458845,seven_point_per_channel
3,31,11,0,15,15,3437.644699,229.1763132667,13813.2234842,100,91,3,0,149,14,4,38348,0,30,30,25,0.1820367,seven_point_per_channel
3,32,0,0,15,15,3477.34559,231.8230393333,13891.72794635,102,96,6,0,38,37,1,7622,0,0,0,0,0.0303654,seven_point_per_channel
3,32,1,0,15,15,3311.50637,220.7670913333,13072.53184688,102,97,5,0,29,27,2,5456,0,8,8,0,0.0226581,seven_point_per_channel
3,32,2,0,15,15,3350.106582,223.3404388,13435.53291909,97,91,4,0,250,38,4,54050,0,0,0,49,0.2156776,seven_point_per_channel
3,32,3,0,15,15,3368.206127,224.5470751333,13446.03064397,99,94,5,0,245,38,4,52107,0,4,4,49,0.2074033,seven_point_per_channel
3,32,4,0,15,15,3160.13444,210.6756293333,12410.67220113,98,92,7,0,40,39,1,7501,0,0,0,0,0.0314653,seven_point_per_channel
3,32,5,0,15,15,3269.242836,217.9495224,12511.2141835,114,110,4,0,150,24,2,29906,0,27,27,33,0.1188916,seven_point_per_channel
3,32,6,0,15,15,3242.871079,216.1914052667,12494.35540843,110,104,5,0,23,21,2,3507,0,22,22,0,0.016408,seven_point_per_channel
3,32,7,0,15,15,3186.838733,212.4559155333,12454.19368192,104,98,1,0,183,17,3,37195,0,35,35,27,0.1422673,seven_point_per_channel
3,32,8,0,15,15,3356.846846,223.7897897333,12814.23422862,118,108,7,0,171,25,3,37832,0,32,31,35,0.1393508,seven_point_per_channel
3,32,9,0,15,15,3613.978211,240.9318807333,14324.89105521,111,104,5,0,147,19,3,31343,0,28,28,29,0.1202882,seven_point_per_channel
3,32,10,0,15,15,3268.650239,217.9100159333,12498.25120072,115,110,3,0,150,24,2,35985,0,27,27,33,0.1829034,seven_point_per_channel
3,32,11,0,15,15,3390.361318,226.0240878667,12931.80659188,120,111,6,0,178,26,3,45530,0,32,32,36,0.2193766,seven_point_per_channel
3,33,0,0,11,11,3107.238453,282.476223,12116.19226003,104,100,3,0,26,26,0,5111,0,0,0,0,0.0209133,seven_point_per_channel
3,33,1,0,11,11,3152.389915,286.5809013636,12341.94957126,104,100,3,0,22,22,0,4134,0,4,4,0,0.0181475,seven_point_per_channel
3,33,2,0,11,11,2942.56421,267.5058372727,10947.82105635,114,110,6,0,175,36,0,38407,0,0,0,43,0.1447249,seven_point_per_channel
3,33,3,0,11,11,2954.83787,268.6216245455,10949.18935333,116,112,6,0,168,34,0,36044,0,4,4,41,0.1357661,seven_point_per_channel
3,33,4,0,11,11,2976.790895,270.6173540909,11228.9544742,112,104,4,0,30,28,2,6063,0,0,0,0,0.0217717,seven_point_per_channel
3,33,5,0,11,11,2999.557348,272.6870316364,10972.78674233,124,115,5,0,121,23,1,26132,0,20,19,31,0.0980683,seven_point_per_channel
3,33,6,0,11,11,3145.203414,285.9275830909,12116.01707489,111,106,2,0,17,16,1,2899,0,15,15,0,0.0131845,seven_point_per_channel
3,33,7,0,11,11,2999.557348,272.6870316364,10972.78674233,124,115,5,0,121,23,1,26132,0,20,19,31,0.0972676,seven_point_per_channel
3,33,8,0,11,11,3080.824354,280.0749412727,11484.12177462,121,109,5,0,69,19,2,13894,0,18,18,28,0.0554222,seven_point_per_channel
3,33,9,0,11,11,3122.374189,283.852199,11706.87094499,120,108,6,0,65,18,2,13151,0,18,18,27,0.0524104,seven_point_per_channel
3,33,10,0,11,11,3048.479655,277.1345140909,11087.39828372,128,118,6,0,136,25,2,35886,0,20,19,34,0.1714889,seven_point_per_channel
3,33,11,0,11,11,3128.375599,284.3977817273,11631.87799715,124,112,5,0,74,21,1,18341,0,20,20,29,0.088605,seven_point_per_channel
3,34,0,0,12,12,3400.253999,283.3544999167,13251.26999345,114,108,4,0,27,23,4,5193,0,0,0,0,0.0200415,seven_point_per_channel
3,34,1,0,12,12,3605.309951,300.4424959167,14246.54974816,115,109,4,0,23,20,3,3893,0,5,5,0,0.0154924,seven_point_per_channel
3,34,2,0,12,12,3135.254299,261.2711915833,11731.27149264,120,117,4,0,143,31,3,29115,0,0,0,41,0.1048768,seven_point_per_channel
3,34,3,0,12,12,3124.317508,260.3597923333,11681.58753151,120,116,4,0,138,31,2,27823,0,2,2,40,0.0997,seven_point_per_channel
3,34,4,0,12,12,3087.194263,257.2661885833,12015.97131086,102,96,6,0,29,25,4,5459,0,0,0,0,0.0219322,seven_point_per_channel
3,34,5,0,12,12,3120.58202,260.0485016667,11597.91008886,122,119,4,0,119,27,1,22354,0,10,10,35,0.0806997,seven_point_per_channel
3,34,6,0,12,12,3586.174299,298.84785825,14065.8714927,118,111,4,0,20,18,2,3029,0,11,11,0,0.0126698,seven_point_per_channel
3,34,7,0,12,12,3288.971184,274.080932,12454.85590678,121,118,5,0,105,23,2,20026,0,11,11,32,0.0731543,seven_point_per_channel
3,34,8,0,12,12,3351.099646,279.2583038333,12710.49822576,122,112,9,0,101,20,3,19847,0,19,18,30,0.075243,seven_point_per_channel
3,34,9,0,12,12,3351.099646,279.2583038333,12710.49822576,122,112,9,0,101,20,3,19847,0,19,18,30,0.074368,seven_point_per_channel
3,34,10,0,12,12,3124.647329,260.3872774167,11608.2366432,123,119,3,0,119,27,1,27027,0,10,10,35,0.1260448,seven_point_per_channel
3,34,11,0,12,12,3366.039294,280.5032745,12760.19646307,123,112,9,0,103,21,3,23665,0,19,18,31,0.1142425,seven_point_per_channel
3,35,0,0,15,15,3695.794125,246.386275,15308.9706366,93,82,4,0,39,35,4,7745,0,0,0,0,0.0322335,seven_point_per_channel
3,35,1,0,15,15,3557.301013,237.1534008667,14671.50506459,91,84,3,0,27,24,3,4926,0,10,10,0,0.0235346,seven_point_per_channel
3,35,2,0,15,15,3114.385561,207.6257040667,12036.92780496,101,94,11,0,339,44,8,65809,0,0,0,59,0.254843,seven_point_per_channel
3,35,3,0,15,15,3126.488733,208.4325822,12037.4436675,103,96,11,0,339,45,7,65802,0,2,2,59,0.2914905,seven_point_per_channel
3,35,4,0,15,15,3101.242792,206.7495194667,12381.21396786,89,84,7,0,38,35,3,7631,0,0,0,0,0.0317436,seven_point_per_channel
3,35,5,0,15,15,3177.907383,211.8604922,11999.53690896,114,103,10,0,237,33,6,38054,0,28,27,46,0.1464367,seven_point_per_channel
3,35,6,0,15,15,3206.189687,213.7459791333,12670.94844231,100,91,2,0,23,20,3,3948,0,24,24,0,0.0190139,seven_point_per_channel
3,35,7,0,15,15,3126.772726,208.4515150667,11903.86363283,110,103,6,0,192,30,5,33244,0,26,25,42,0.1273542,seven_point_per_channel
3,35,8,0,15,15,3371.002282,224.7334854667,13420.01141558,102,93,3,0,180,18,4,36258,0,28,26,29,0.1445284,seven_point_per_channel
3,35,9,0,15,15,3435.035731,229.0023820667,13800.17865751,101,92,1,0,148,15,2,29903,0,30,28,24,0.1174925,seven_point_per_channel
3,35,10,0,15,15,3143.044366,209.5362910667,11885.22182619,114,103,6,0,240,30,7,45481,0,28,27,44,0.2192811,seven_point_per_channel
3,35,11,0,15,15,3371.002282,224.7334854667,13420.01141558,102,93,3,0,180,18,4,43473,0,28,26,29,0.2195834,seven_point_per_channel
3,36,0,0,10,10,2856.273554,285.6273554,10826.36776713,107,103,1,0,24,23,1,4753,0,0,0,0,0.0193307,seven_point_per_channel
3,36,1,0,10,10,2857.277896,285.7277896,10831.38947262,107,103,1,0,21,20,1,3892,0,3,3,0,0.0156911,seven_point_per_channel
3,36,2,0,10,10,2979.540283,297.9540283,11237.70141594,113,108,3,0,111,27,2,23037,0,0,0,36,0.0925836,seven_point_per_channel
3,36,3,0,10,10,2992.638077,299.2638077,11238.19037875,115,111,3,0,105,27,1,21560,0,3,3,35,0.085675,seven_point_per_channel
3,36,4,0,10,10,3089.786439,308.9786439,11668.93221313,117,112,3,0,23,22,1,4989,0,0,0,0,0.0185609,seven_point_per_channel
3,36,5,0,10,10,3007.286659,300.7286659,11221.43328915,119,112,2,0,71,19,1,14275,0,14,11,27,0.056125,seven_point_per_channel
3,36,6,0,10,10,2881.171235,288.1171235,10835.85616579,111,106,1,0,19,18,1,3388,0,9,8,0,0.0143491,seven_point_per_channel
3,36,7,0,10,10,3093.269465,309.3269465,11531.34731701,120,116,7,0,87,20,4,19408,0,15,13,31,0.0722495,seven_point_per_channel
3,36,8,0,10,10,3243.246583,324.3246583,12246.23291379,123,117,4,0,80,14,4,16343,0,18,15,25,0.0655927,seven_point_per_channel
3,36,9,0,10,10,3188.351084,318.8351084,12136.75542293,119,113,1,0,63,8,4,13232,0,18,15,19,0.0539625,seven_point_per_channel
3,36,10,0,10,10,3025.415457,302.5415457,11307.07728743,120,111,1,0,73,19,2,18152,0,13,10,28,0.088406,seven_point_per_channel
3,36,11,0,10,10,3243.246583,324.3246583,12246.23291379,123,117,4,0,80,14,4,19328,0,18,15,25,0.0941868,seven_point_per_channel
3,37,0,0,10,10,2937.325849,293.7325849,11251.62925125,105,100,4,0,25,23,2,4944,0,0,0,0,0.0189436,seven_point_per_channel
3,37,1,0,10,10,3036.485311,303.6485311,11757.42655298,105,101,3,0,20,18,2,3612,0,5,5,0,0.0150901,seven_point_per_channel
3,37,2,0,10,10,3077.3574,307.73574,11331.78699028,126,122,3,0,91,26,4,19169,0,0,0,37,0.0697229,seven_point_per_channel
3,37,3,0,10,10,3080.881754,308.0881754,11319.40875835,127,123,3,0,82,24,3,16914,0,4,4,34,0.0617026,seven_point_per_channel
3,37,4,0,10,10,3028.883682,302.8883682,11204.41840686,123,114,3,0,26,23,3,5073,0,0,0,0,0.0189545,seven_point_per_channel
3,37,5,0,10,10,3105.331166,310.5331166,11331.65582002,131,125,3,0,71,21,3,14081,0,11,9,31,0.0503503,seven_point_per_channel
3,37,6,0,10,10,3007.378416,300.7378416,11611.89207734,106,102,1,0,15,11,4,2612,0,9,9,0,0.0116406,seven_point_per_channel
3,37,7,0,10,10,3103.782911,310.3782911,11348.91455324,129,124,5,0,65,20,3,12988,0,12,11,30,0.0474837,seven_point_per_channel
3,37,8,0,10,10,3087.103784,308.7103784,11420.51891202,125,122,2,0,59,11,4,13143,0,15,15,22,0.0462532,seven_point_per_channel
3,37,9,0,10,10,3136.994229,313.6994229,11689.97114311,124,120,3,0,61,12,3,12748,0,15,15,22,0.0459505,seven_point_per_channel
3,37,10,0,10,10,3150.88635,315.088635,11444.43173948,135,125,4,0,77,23,4,18196,0,11,9,34,0.0848564,seven_point_per_channel
3,37,11,0,10,10,3087.103784,308.7103784,11420.51891202,125,122,2,0,59,11,4,15322,0,15,15,22,0.071458,seven_point_per_channel
3,38,0,0,10,10,2911.285596,291.1285596,10896.427974,108,100,14,0,35,33,2,5953,0,0,0,0,0.0245813,seven_point_per_channel
3,38,1,0,10,10,2917.41101,291.741101,10842.0550463,110,101,16,0,33,30,4,5670,0,4,4,0,0.0232364,seven_point_per_channel
3,38,2,0,10,10,2787.572077,278.7572077,10347.86038921,110,106,4,0,138,31,1,30975,0,0,0,39,0.1187553,seven_point_per_channel
3,38,3,0,10,10,2787.377044,278.7377044,10346.88522213,110,106,4,0,134,30,1,29797,0,1,1,38,0.1149161,seven_point_per_channel
3,38,4,0,10,10,2693.038746,269.3038746,9930.193726361,105,96,12,0,36,35,2,7306,0,0,0,0,0.0289043,seven_point_per_channel
3,38,5,0,10,10,2805.627646,280.5627646,10348.13823503,113,109,4,0,102,23,1,21323,0,11,11,31,0.0813711,seven_point_per_channel
3,38,6,0,10,10,2873.220241,287.3220241,10596.10119312,114,107,9,0,24,22,2,3635,0,14,14,0,0.0167958,seven_point_per_channel
3,38,7,0,10,10,2707.905565,270.7905565,9854.527822681,113,107,5,0,91,20,2,18531,0,13,13,29,0.0721779,seven_point_per_channel
3,38,8,0,10,10,2824.126409,282.4126409,10595.63203222,109,104,2,0,104,11,2,23030,0,19,19,20,0.0925451,seven_point_per_channel
3,38,9,0,10,10,3083.614383,308.3614383,11808.07191648,112,103,3,0,115,14,0,25177,0,22,20,21,0.0966563,seven_point_per_channel
3,38,10,0,10,10,2799.030206,279.9030206,10355.15103259,112,109,3,0,98,23,0,24764,0,11,11,30,0.118668,seven_point_per_channel
3,38,11,0,10,10,2824.126409,282.4126409,10595.63203222,109,104,2,0,104,11,2,26838,0,19,19,20,0.1320024,seven_point_per_channel
3,39,0,0,11,11,2976.694299,270.6085726364,11333.47149609,108,103,4,0,29,28,1,5420,0,0,0,0,0.0221586,seven_point_per_channel
3,39,1,0,11,11,2951.697188,268.336108,11223.4859417,108,103,3,0,23,22,1,3999,0,5,5,0,0.0173149,seven_point_per_channel
3,39,2,0,11,11,3159.423723,287.2203384545,11852.11860637,118,114,10,0,180,37,3,37060,0,0,0,47,0.1541424,seven_point_per_channel
3,39,3,0,11,11,3141.386094,285.580554,11721.93046536,120,118,8,0,158,34,2,32807,0,6,6,43,0.135536,seven_point_per_channel
3,39,4,0,11,11,2894.090508,263.0991370909,10905.45253625,109,101,4,0,30,29,1,5896,0,0,0,0,0.0232622,seven_point_per_channel
3,39,5,0,11,11,3176.153071,288.7411882727,11605.76535537,132,125,5,0,141,28,2,27808,0,20,19,37,0.1151092,seven_point_per_channel
3,39,6,0,11,11,2966.385107,269.6713733636,11191.92553481,112,107,2,0,20,19,1,3206,0,11,11,0,0.0139999,seven_point_per_channel
3,39,7,0,11,11,3066.584344,278.7803949091,11607.92172665,115,106,3,0,162,23,3,30383,0,13,13,33,0.12817,seven_point_per_channel
3,39,8,0,11,11,2964.574214,269.5067467273,11047.8710716,116,111,3,0,85,16,1,17689,0,19,19,24,0.0736114,seven_point_per_channel
3,39,9,0,11,11,3091.466934,281.0424485455,11747.33467379,114,108,3,0,76,13,1,15284,0,20,20,21,0.0639597,seven_point_per_channel
3,39,10,0,11,11,3167.818584,287.9835076364,11604.09291729,130,121,7,0,144,29,2,33726,0,21,21,38,0.1724486,seven_point_per_channel
3,39,11,0,11,11,2960.618471,269.1471337273,11028.09235856,116,111,3,0,85,16,1,20839,0,19,19,24,0.1081455,seven_point_per_channel
3,40,0,0,13,13,3450.712461,265.4394200769,13898.56231845,98,89,9,0,37,35,2,7057,0,0,0,0,0.0294696,seven_point_per_channel
3,40,1,0,13,13,3427.218429,263.6321868462,13876.09215014,95,91,7,0,26,26,0,3837,0,9,9,0,0.0202793,seven_point_per_channel
3,40,2,0,13,13,3224.25373,248.0195176923,12526.26863729,109,103,2,0,193,31,4,41619,0,0,0,42,0.1626297,seven_point_per_channel
3,40,3,0,13,13,3248.73994,249.9030723077,12543.69969692,112,106,3,0,195,31,4,41065,0,4,4,42,0.1612903,seven_point_per_channel
3,40,4,0,13,13,3143.650273,241.8192517692,12273.25137535,100,94,10,0,36,31,5,7097,0,0,0,0,0.0292223,seven_point_per_channel
3,40,5,0,13,13,3266.387105,251.2605465385,12491.93552211,117,109,3,0,151,26,2,30645,0,18,18,35,0.1195275,seven_point_per_channel
3,40,6,0,13,13,3327.017415,255.9244165385,13075.08707092,105,98,8,0,23,22,1,2493,0,22,21,0,0.0147743,seven_point_per_channel
3,40,7,0,13,13,3202.700676,246.3615904615,12223.50339842,114,105,6,0,135,21,4,28195,0,19,19,32,0.1089374,seven_point_per_channel
3,40,8,0,13,13,3151.367624,242.4128941538,12296.83813328,104,98,3,0,129,15,4,25072,0,22,21,26,0.0974903,seven_point_per_channel
3,40,9,0,13,13,3171.551143,243.9654725385,12427.75571617,103,97,3,0,122,12,6,23745,0,21,20,25,0.0927693,seven_point_per_channel
3,40,10,0,13,13,3260.853108,250.8348544615,12449.26554138,117,109,4,0,151,25,3,37189,0,18,18,35,0.1832332,seven_point_per_channel
3,40,11,0,13,13,3171.551143,243.9654725385,12427.75571617,103,97,3,0,122,12,6,28031,0,21,20,25,0.1405016,seven_point_per_channel
4,1,0,0,12,12,5763.981221,480.3317684167,21099.90611655,250,228,2,0,28,26,2,5023,0,0,0,0,0.0450077,convex_mesh_per_channel
4,1,1,0,12,12,5785.171813,482.0976510833,21275.85907637,245,230,5,0,20,18,2,2108,0,11,10,0,0.0375006,convex_mesh_per_channel
4,1,2,0,12,12,6190.343794,515.8619828333,22636.71897716,265,239,13,1,198,30,6,36594,0,0,0,57,0.2191793,convex_mesh_per_channel
4,1,3,0,12,12,6511.207906,542.6006588333,23686.03952695,267,241,46,1,180,26,6,31512,0,6,4,53,0.1944445,convex_mesh_per_channel
4,1,4,0,12,12,6084.328132,507.0273443333,22506.64066236,254,235,6,0,33,31,2,5430,0,0,0,0,0.0468861,convex_mesh_per_channel
4,1,5,0,12,12,6497.586505,541.4655420833,23577.93252022,269,242,45,1,153,20,6,24350,0,15,12,47,0.158772,convex_mesh_per_channel
4,1,6,0,12,12,5782.018245,481.83485375,21195.09123006,248,234,3,0,19,18,1,2014,0,15,13,0,0.0376134,convex_mesh_per_channel
4,1,7,0,12,12,5839.731955,486.6443295833,20928.65978431,266,249,5,0,131,21,4,20678,0,18,14,46,0.1404474,convex_mesh_per_channel
4,1,8,0,12,12,5692.656513,474.38804275,20523.28255587,255,238,5,0,152,17,3,29486,0,18,16,41,0.1683906,convex_mesh_per_channel
4,1,9,0,12,12,5828.021512,485.6684593333,21230.10755273,254,240,4,0,132,11,4,25441,0,21,19,36,0.1428353,convex_mesh_per_channel
4,1,10,0,12,12,6151.311233,512.6092694167,22416.55617258,269,248,5,0,132,24,4,26240,0,14,11,49,0.1974458,convex_mesh_per_channel
4,1,11,0,12,12,5707.536138,475.6280115,20572.68068076,256,238,5,0,157,18,3,37438,0,18,16,42,0.2378479,convex_mesh_per_channel
4,2,0,0,11,11,6108.764587,555.3422351818,23103.8229329,240,215,6,0,39,37,2,7265,0,0,0,0,0.0641377,convex_mesh_per_channel
4,2,1,0,11,11,6037.607838,548.8734398182,22673.03919266,243,224,3,0,24,23,1,3204,0,17,10,0,0.0462463,convex_mesh_per_channel
4,2,2,0,11,11,5849.970811,531.8155282727,21804.85404024,239,221,6,0,412,39,2,76610,0,0,0,62,0.457893,convex_mesh_per_channel
4,2,3,0,11,11,5754.302334,523.118394,21006.51165486,250,236,4,0,396,37,2,70713,0,14,8,60,0.4232736,convex_mesh_per_channel
4,2,4,0,11,11,6051.707299,550.155209,22893.53649715,239,208,5,0,40,37,3,6997,0,0,0,0,0.0566716,convex_mesh_per_channel
4,2,5,0,11,11,5631.945573,511.9950520909,20374.72785636,251,235,4,0,261,26,2,45659,0,27,20,49,0.2869619,convex_mesh_per_channel
4,2,6,0,11,11,5969.29379,542.6630718182,22176.46895884,248,230,3,0,21,20,1,2899,0,26,16,0,0.0422931,convex_mesh_per_channel
4,2,7,0,11,11,5902.175243,536.5613857273,21505.87620974,260,237,3,0,176,18,3,34111,0,32,18,42,0.200269,convex_mesh_per_channel
4,2,8,0,11,11,6081.935418,552.9032198182,22829.67709867,245,230,2,0,220,15,1,45193,0,26,18,37,0.2443748,convex_mesh_per_channel
4,2,9,0,11,11,6101.641589,554.6946899091,22778.2079466,249,237,3,0,248,13,3,42046,0,32,22,37,0.2471356,convex_mesh_per_channel
4,2,10,0,11,11,5781.958003,525.6325457273,20954.78999833,257,242,3,0,343,31,2,67192,0,25,11,54,0.4707028,convex_mesh_per_channel
4,2,11,0,11,11,5819.959235,529.0872031818,21624.79617798,240,225,5,0,183,18,0,43376,0,28,20,39,0.2865903,convex_mesh_per_channel
4,3,0,0,16,16,5076.507734,317.281733375,20407.53866031,151,139,7,0,42,38,4,8085,0,0,0,0,0.0646316,upper_bound_16
4,3,1,0,16,16,4556.678684,284.79241775,17893.39340357,148,143,5,0,28,27,1,4498,0,14,13,0,0.0489768,upper_bound_16
4,3,2,0,16,16,4522.745368,282.6715855,17258.72683647,163,155,7,0,417,50,4,93702,0,0,0,67,0.516966,upper_bound_16
4,3,3,0,16,16,4916.504391,307.2815244375,18822.52195838,177,172,5,0,396,42,4,78281,0,16,16,60,0.4747982,upper_bound_16
4,3,4,0,16,16,5127.34883,320.459301875,19751.74412726,183,167,5,0,39,34,5,8289,0,0,0,0,0.0662107,upper_bound_16
4,3,5,0,16,16,5537.481063,346.0925664375,21367.40530044,192,173,17,1,374,36,7,71219,0,17,17,58,0.4242812,upper_bound_16
4,3,6,0,16,16,4545.46967,284.091854375,17442.34834348,164,157,0,0,17,15,2,2016,0,32,30,0,0.0373786,upper_bound_16
4,3,7,0,16,16,5308.628875,331.7893046875,20578.14435628,185,167,7,1,300,28,5,60059,0,23,23,47,0.3517428,upper_bound_16
4,3,8,0,16,16,5071.593226,316.974576625,19352.96612335,186,176,5,0,224,18,4,42074,0,29,29,38,0.2531157,upper_bound_16
4,3,9,0,16,16,4188.284965,261.7678103125,16606.4248214,130,128,3,0,218,15,3,40161,0,31,30,28,0.2402797,upper_bound_16
4,3,10,0,16,16,4755.299128,297.2061955,17696.49563131,186,176,10,0,307,36,2,76066,0,41,41,51,0.5106237,upper_bound_16
4,3,11,0,16,16,5071.593226,316.974576625,19352.96612335,186,176,5,0,224,18,4,51898,0,29,29,38,0.3489521,upper_bound_16
4,4,0,0,11,11,5439.151656,494.4683323636,19770.75828431,240,224,2,0,27,27,0,4931,0,0,0,0,0.0430785,convex_mesh_per_channel
4,4,1,0,11,11,5720.404894,520.0368085455,20812.02448885,252,234,3,0,21,19,2,2414,0,16,13,0,0.0351673,convex_mesh_per_channel
4,4,2,0,11,11,5786.141559,526.012869,20740.70779944,258,245,16,1,258,36,3,54061,0,0,0,60,0.2943887,convex_mesh_per_channel
4,4,3,0,11,11,5832.826606,530.2569641818,20709.13303713,267,256,15,1,229,29,3,43713,0,16,11,53,0.2509094,convex_mesh_per_channel
4,4,4,0,11,11,6299.330473,572.6664066364,23291.65234886,259,228,21,2,38,32,6,6216,0,0,0,0,0.0479231,convex_mesh_per_channel
4,4,5,0,11,11,5756.767651,523.3425137273,20173.83823492,272,247,20,2,234,24,5,42235,0,25,21,50,0.261262,convex_mesh_per_channel
4,4,6,0,11,11,5739.555881,521.7778073636,20657.77941867,260,238,5,0,23,20,3,2467,0,22,17,0,0.0359316,convex_mesh_per_channel
4,4,7,0,11,11,5622.065266,511.0968423636,19825.32633067,260,245,19,1,210,25,4,38982,0,19,14,50,0.2186716,convex_mesh_per_channel
4,4,8,0,11,11,6595.263244,599.5693858182,23951.31620181,253,236,83,2,186,14,4,31266,0,29,22,39,0.1913713,convex_mesh_per_channel
4,4,9,0,11,11,5521.188578,501.9262343636,19980.94289533,245,233,4,0,180,12,3,29569,0,28,22,36,0.1773793,convex_mesh_per_channel
4,4,10,0,11,11,5816.809768,528.800888,20759.04890279,255,239,32,1,223,25,3,49231,0,18,13,49,0.3240685,convex_mesh_per_channel
4,4,11,0,11,11,6595.263244,599.5693858182,23951.31620181,253,236,83,2,186,14,4,39048,0,29,22,39,0.2655531,convex_mesh_per_channel
4,5,0,0,15,15,8456.943791,563.7962527333,32764.71877681,251,220,118,3,43,38,5,6360,0,0,0,0,0.0554314,convex_mesh_per_channel
4,5,1,0,15,15,7727.988588,515.1992392,29254.9427958,259,231,92,2,34,28,6,3819,0,18,9,0,0.0448528,convex_mesh_per_channel
4,5,2,0,15,15,8042.065931,536.1377287333,30675.32958178,251,229,116,2,218,50,5,38561,0,0,0,76,0.2615279,convex_mesh_per_channel
4,5,3,0,15,15,8093.819136,539.5879424,30684.09560175,260,237,115,2,207,46,5,34067,0,11,6,72,0.2403259,convex_mesh_per_channel
4,5,4,0,15,15,8571.721085,571.4480723333,32523.60520599,243,207,190,3,51,45,6,7153,0,0,0,0,0.0597685,convex_mesh_per_channel
4,5,5,0,15,15,8108.967874,540.5978582667,30654.83928977,264,238,115,2,162,34,6,25395,0,27,15,61,0.192306,convex_mesh_per_channel
4,5,6,0,15,15,7690.122324,512.6748216,28870.61148033,264,236,95,2,33,30,3,3689,0,25,15,0,0.0436854,convex_mesh_per_channel
4,5,7,0,15,15,6374.947235,424.9964823333,23314.7361296,262,246,27,1,203,35,2,31395,0,34,19,58,0.2293313,convex_mesh_per_channel
4,5,8,0,15,15,7552.57892,503.5052613333,27592.89452842,283,256,96,3,227,21,6,42855,0,31,18,48,0.2617113,convex_mesh_per_channel
4,5,9,0,15,15,8543.826347,569.5884231333,32334.13167645,281,246,117,4,153,9,9,23517,0,31,15,39,0.1627153,convex_mesh_per_channel
4,5,10,0,15,15,8145.278424,543.0185616,30861.39203495,264,239,113,2,152,34,5,29779,0,27,15,60,0.231744,convex_mesh_per_channel
4,5,11,0,15,15,7594.664761,506.3109840667,27703.32373512,284,256,101,3,235,21,7,53915,0,33,17,49,0.3712136,convex_mesh_per_channel
4,6,0,0,10,10,6552.705836,655.2705836,24718.52916923,257,238,12,1,23,22,1,3975,0,0,0,0,0.0362451,convex_mesh_per_channel
4,6,1,0,10,10,7418.869729,741.8869729,26429.34859612,319,290,66,2,24,21,3,2458,0,9,8,0,0.0321676,convex_mesh_per_channel
4,6,2,0,10,10,5864.641762,586.4641762,20158.20881145,299,282,2,0,155,27,2,27668,0,0,0,50,0.193316,convex_mesh_per_channel
4,6,3,0,10,10,5889.706988,588.9706988,20138.53494548,304,289,1,0,137,24,1,23662,0,9,8,46,0.1701373,convex_mesh_per_channel
4,6,4,0,10,10,6968.319817,696.8319817,25916.59904138,261,235,65,2,28,23,5,4385,0,0,0,0,0.0406712,convex_mesh_per_channel
4,6,5,0,10,10,5908.296796,590.8296796,20141.48398666,307,289,2,0,123,20,1,20982,0,17,17,42,0.1554159,convex_mesh_per_channel
4,6,6,0,10,10,7444.701965,744.4701965,26423.50978731,324,295,65,2,22,17,5,2179,0,15,13,0,0.0309294,convex_mesh_per_channel
4,6,7,0,10,10,6826.236461,682.6236461,24696.18224779,278,252,65,3,112,15,3,23335,0,26,20,39,0.1293938,convex_mesh_per_channel
4,6,8,0,10,10,6091.301576,609.1301576,20931.50787391,311,297,1,0,104,8,4,20542,0,21,18,33,0.1316567,convex_mesh_per_channel
4,6,9,0,10,10,6291.845677,629.1845677,22594.22837742,282,265,16,1,100,10,4,19828,0,21,19,35,0.1247484,convex_mesh_per_channel
4,6,10,0,10,10,5969.025078,596.9025078,20400.12539126,308,290,3,0,119,24,1,25028,0,15,15,46,0.192275,convex_mesh_per_channel
4,6,11,0,10,10,6091.301576,609.1301576,20931.50787391,311,297,1,0,104,8,4,24212,0,21,18,33,0.1745421,convex_mesh_per_channel
4,7,0,0,11,11,6096.212372,554.2011247273,22441.06186604,261,239,3,0,32,29,3,5038,0,0,0,0,0.0445698,convex_mesh_per_channel
4,7,1,0,11,11,5770.845057,524.6222779091,20889.22530372,254,235,11,1,17,16,1,1670,0,15,12,0,0.0296639,convex_mesh_per_channel
4,7,2,0,11,11,5932.640032,539.330912,21383.2001613,267,254,4,0,127,25,6,22267,0,0,0,52,0.1587455,convex_mesh_per_channel
4,7,3,0,11,11,5895.40058,535.9455072727,21177.00290469,270,255,0,0,110,23,3,17462,0,8,6,47,0.1321701,convex_mesh_per_channel
4,7,4,0,11,11,6411.865563,582.8968693636,23214.32780082,283,257,14,1,30,25,5,4965,0,0,0,0,0.0415441,convex_mesh_per_channel
4,7,5,0,11,11,5856.397001,532.3997273636,20891.98500817,273,258,0,0,96,14,3,13781,0,20,16,38,0.1079964,convex_mesh_per_channel
4,7,6,0,11,11,5842.165541,531.1059582727,20760.82772091,270,249,12,1,17,14,3,1603,0,23,21,0,0.0287564,convex_mesh_per_channel
4,7,7,0,11,11,6775.08351,615.9166827273,24275.41756403,298,276,33,2,138,21,3,20683,0,19,13,45,0.1519053,convex_mesh_per_channel
4,7,8,0,11,11,6367.178765,578.8344331818,22870.89379899,286,266,14,1,88,19,2,13520,0,22,17,42,0.1082646,convex_mesh_per_channel
4,7,9,0,11,11,5715.364136,519.5785578182,20806.82067798,251,238,2,0,158,11,2,27658,0,18,16,34,0.165018,convex_mesh_per_channel
4,7,10,0,11,11,5851.665819,531.9696199091,20868.32910453,273,258,0,0,96,14,3,17065,0,20,16,38,0.1466055,convex_mesh_per_channel
4,7,11,0,11,11,6443.885771,585.8077973636,23279.42883308,286,270,11,1,67,13,2,13391,0,23,20,36,0.1138698,convex_mesh_per_channel
4,8,0,0,16,16,6505.175891,406.5734931875,26125.8794293,179,155,50,1,46,44,2,6945,0,0,0,0,0.0738444,upper_bound_16
4,8,1,0,16,16,7138.197092,446.13731825,28185.98541343,193,162,98,2,42,39,3,4886,0,13,8,0,0.0664942,upper_bound_16
4,8,2,0,16,16,4981.488312,311.3430195,18717.44155323,194,182,2,0,248,42,6,51763,0,0,0,64,0.3127835,upper_bound_16
4,8,3,0,16,16,4924.947507,307.8092191875,18249.73753888,200,186,3,0,260,44,5,51335,0,13,8,64,0.314807,upper_bound_16
4,8,4,0,16,16,5879.120638,367.445039875,23045.60315258,178,153,49,1,47,43,4,7774,0,0,0,0,0.0721483,upper_bound_16
4,8,5,0,16,16,4674.534541,292.1584088125,17647.67269653,178,160,5,0,301,33,4,44335,0,35,30,51,0.3256495,upper_bound_16
4,8,6,0,16,16,6575.934265,410.9958915625,25764.67129999,200,175,56,1,36,32,4,3319,0,34,18,0,0.0610868,upper_bound_16
4,8,7,0,16,16,6015.690483,375.9806551875,23233.45240144,203,187,29,1,376,38,4,62766,0,37,22,58,0.3955847,upper_bound_16
4,8,8,0,16,16,6521.748593,407.6092870625,25598.74293826,200,184,46,1,312,25,5,51267,0,42,22,47,0.3244638,upper_bound_16
4,8,9,0,16,16,7995.385145,499.7115715625,31671.92569341,204,186,125,2,273,18,3,52402,0,35,21,41,0.2817295,upper_bound_16
4,8,10,0,16,16,5945.505574,371.594098375,22492.52786833,229,210,4,0,158,27,3,33498,0,36,32,50,0.2517351,upper_bound_16
4,8,11,0,16,16,6742.009617,421.3756010625,26450.04805183,207,187,50,2,324,25,6,65064,0,42,22,48,0.4589393,upper_bound_16
4,9,0,0,11,11,6554.142209,595.8311099091,23495.71102501,296,278,14,1,28,26,2,4497,0,0,0,0,0.0418457,convex_mesh_per_channel
4,9,1,0,11,11,6500.041029,590.9128208182,23185.2051103,298,282,12,1,18,16,2,2404,0,10,10,0,0.0284111,convex_mesh_per_channel
4,9,2,0,11,11,5525.655989,502.3323626364,19633.27995065,258,245,3,0,143,30,2,27785,0,0,0,53,0.1642743,convex_mesh_per_channel
4,9,3,0,11,11,5541.722614,503.7929649091,19588.61306559,262,253,2,0,132,26,2,24998,0,8,8,49,0.1501512,convex_mesh_per_channel
4,9,4,0,11,11,5904.282533,536.7529575455,20866.41266174,281,259,4,0,30,25,5,5718,0,0,0,0,0.0428801,convex_mesh_per_channel
4,9,5,0,11,11,5546.717456,504.2470414545,19588.5872789,263,253,2,0,97,17,2,17600,0,18,16,40,0.1064524,convex_mesh_per_channel
4,9,6,0,11,11,6543.390763,594.8537057273,23186.95378828,305,290,12,1,18,16,2,2095,0,17,16,0,0.028893,convex_mesh_per_channel
4,9,7,0,11,11,5685.710639,516.8827853636,19533.55320513,288,275,3,0,120,19,1,22235,0,22,21,41,0.1400363,convex_mesh_per_channel
4,9,8,0,11,11,5416.323401,492.3930364545,19336.61701769,251,239,0,0,121,11,1,20625,0,25,23,33,0.1254624,convex_mesh_per_channel
4,9,9,0,11,11,5409.02178,491.7292527273,19350.1089096,249,236,1,0,122,11,1,20810,0,24,23,33,0.1249489,convex_mesh_per_channel
4,9,10,0,11,11,5578.667752,507.1516138182,19663.33875291,266,255,2,0,114,21,2,24199,0,17,15,44,0.1707369,convex_mesh_per_channel
4,9,11,0,11,11,5416.323401,492.3930364545,19336.61701769,251,239,0,0,121,11,1,25120,0,25,23,33,0.1731431,convex_mesh_per_channel
4,10,0,0,14,14,5866.776767,419.0554833571,22503.8838259,216,198,6,0,37,33,4,6057,0,0,0,0,0.0512268,convex_mesh_per_channel
4,10,1,0,14,14,6008.136993,429.1526423571,22545.68495873,236,222,9,0,28,24,4,3293,0,16,13,0,0.0389131,convex_mesh_per_channel
4,10,2,0,14,14,5914.155304,422.4396645714,22085.77654297,238,225,4,0,260,34,5,46094,0,0,0,60,0.2987371,convex_mesh_per_channel
4,10,3,0,14,14,5969.858435,426.4184596429,22134.29219472,246,234,3,0,223,29,4,37967,0,13,12,54,0.2545445,convex_mesh_per_channel
4,10,4,0,14,14,6117.092915,436.9352082143,23000.46458919,241,218,8,0,41,37,4,7346,0,0,0,0,0.0584846,convex_mesh_per_channel
4,10,5,0,14,14,5948.314027,424.8795733571,21981.57014875,248,236,2,0,179,21,2,28058,0,26,23,44,0.1916858,convex_mesh_per_channel
4,10,6,0,14,14,5992.14788,428.0105628571,22430.7394065,239,226,5,0,21,19,2,2280,0,22,22,0,0.0338039,convex_mesh_per_channel
4,10,7,0,14,14,6021.25989,430.0899921429,21831.29945073,265,251,3,0,188,23,4,31558,0,30,22,48,0.2138892,convex_mesh_per_channel
4,10,8,0,14,14,5742.797876,410.1998482857,21293.98938811,237,226,1,0,162,15,2,29102,0,31,28,38,0.17218,convex_mesh_per_channel
4,10,9,0,14,14,5794.372839,413.8837742143,21451.86419713,240,225,3,0,167,17,1,29277,0,36,32,39,0.1780352,convex_mesh_per_channel
4,10,10,0,14,14,6062.72844,433.0520314286,22328.6422123,253,235,9,1,188,22,3,35579,0,26,23,46,0.2753105,convex_mesh_per_channel
4,10,11,0,14,14,5748.951809,410.6394149286,21294.75905563,237,226,3,0,168,19,1,35508,0,31,28,41,0.2472875,convex_mesh_per_channel
4,11,0,0,10,10,7199.537787,719.9537787,26417.68894299,310,277,13,2,30,27,4,4677,0,0,0,0,0.0416511,convex_mesh_per_channel
4,11,1,0,10,10,6768.48221,676.848221,24397.41106307,305,281,11,1,23,21,2,2580,0,11,7,0,0.0315928,convex_mesh_per_channel
4,11,2,0,10,10,6438.294252,643.8294252,23066.47126025,297,266,8,2,114,25,6,19873,0,0,0,52,0.1387289,convex_mesh_per_channel
4,11,3,0,10,10,6454.672213,645.4672213,23058.36106479,300,269,8,2,105,21,6,17454,0,7,4,48,0.1262451,convex_mesh_per_channel
4,11,4,0,10,10,7387.439484,738.7439484,27142.19740114,291,262,64,2,33,27,6,5451,0,0,0,0,0.0421482,convex_mesh_per_channel
4,11,5,0,10,10,6366.763029,636.6763029,22733.81515036,296,272,6,1,98,20,5,14684,0,11,9,46,0.1151736,convex_mesh_per_channel
4,11,6,0,10,10,6741.985264,674.1985264,24124.92633079,310,284,11,1,22,18,4,2568,0,16,13,0,0.0314855,convex_mesh_per_channel
4,11,7,0,10,10,7222.472477,722.2472477,25647.36236463,323,290,46,4,57,18,5,8538,0,15,10,44,0.0728987,convex_mesh_per_channel
4,11,8,0,10,10,7739.622688,773.9622688,28073.11354245,312,296,73,3,155,13,4,23887,0,23,20,38,0.1582293,convex_mesh_per_channel
4,11,9,0,10,10,6595.051958,659.5051958,23445.25979548,308,298,6,1,126,7,3,20332,0,27,22,31,0.1325593,convex_mesh_per_channel
4,11,10,0,10,10,6502.039665,650.2039665,23355.19832722,299,271,5,1,80,22,6,15885,0,9,6,49,0.1325491,convex_mesh_per_channel
4,11,11,0,10,10,7753.491897,775.3491897,28132.45958356,313,296,72,3,155,13,4,30230,0,23,20,38,0.2205313,convex_mesh_per_channel
4,12,0,0,13,13,7001.34349,538.5648838462,25936.71739959,261,237,69,3,37,33,4,6118,0,0,0,0,0.0531275,convex_mesh_per_channel
4,12,1,0,13,13,6637.840891,510.6031454615,24399.20442194,266,249,38,2,23,19,4,2576,0,17,16,0,0.0367881,convex_mesh_per_channel
4,12,2,0,13,13,7028.329962,540.6407663077,26146.64994911,254,233,77,1,246,39,4,47817,0,0,0,64,0.2824319,convex_mesh_per_channel
4,12,3,0,13,13,7059.266086,543.0204681538,26141.33056937,259,240,77,1,237,39,2,43676,0,9,8,62,0.2679801,convex_mesh_per_channel
4,12,4,0,13,13,7284.721359,560.3631814615,26533.60692435,268,246,109,2,37,32,5,6134,0,0,0,0,0.0495729,convex_mesh_per_channel
4,12,5,0,13,13,7074.269554,544.1745810769,26146.34790329,262,239,77,1,198,31,2,35216,0,20,17,54,0.2169169,convex_mesh_per_channel
4,12,6,0,13,13,6126.773318,471.2902552308,22183.86658046,268,249,12,1,21,19,2,2351,0,24,21,0,0.0342595,convex_mesh_per_channel
4,12,7,0,13,13,6883.490422,529.4992632308,25322.45223807,258,239,75,1,171,23,4,34280,0,21,18,48,0.1987058,convex_mesh_per_channel
4,12,8,0,13,13,6707.169399,515.9361076154,25105.84696612,257,240,32,1,216,22,2,34220,0,28,18,45,0.2292186,convex_mesh_per_channel
4,12,9,0,13,13,6950.632759,534.6640583846,26428.16376025,253,245,30,1,267,18,1,36599,0,33,19,40,0.2553317,convex_mesh_per_channel
4,12,10,0,13,13,7080.851197,544.6808613077,26154.25611899,263,239,77,1,202,32,2,44955,0,20,17,55,0.2965772,convex_mesh_per_channel
4,12,11,0,13,13,6707.169399,515.9361076154,25105.84696612,257,240,32,1,216,22,2,42222,0,28,18,45,0.3169435,convex_mesh_per_channel
4,13,0,0,15,15,5893.863562,392.9242374667,23459.31782883,189,173,3,0,36,34,2,6919,0,0,0,0,0.0707256,convex_mesh_per_channel
4,13,1,0,15,15,5552.55477,370.170318,21657.77387414,191,179,4,0,23,22,1,3484,0,21,21,0,0.0526756,convex_mesh_per_channel
4,13,2,0,15,15,5610.815645,374.0543763333,21804.07824628,195,179,7,0,415,42,5,89255,0,0,0,68,0.4942232,convex_mesh_per_channel
4,13,3,0,15,15,5663.235683,377.5490455333,21711.17842152,207,196,5,0,359,36,3,75930,0,19,19,60,0.4236024,convex_mesh_per_channel
4,13,4,0,15,15,6254.362041,416.9574694,24556.81020929,202,180,26,1,41,37,4,7922,0,0,0,0,0.0632625,convex_mesh_per_channel
4,13,5,0,15,15,5675.101437,378.3400958,21710.50718672,210,193,5,0,321,30,4,64891,0,27,27,55,0.3824542,convex_mesh_per_channel
4,13,6,0,15,15,5474.597721,364.9731814,20997.98859625,202,190,0,0,15,12,3,1927,0,32,32,0,0.0465698,convex_mesh_per_channel
4,13,7,0,15,15,6719.825827,447.9883884667,26549.12912319,209,191,33,2,227,18,5,39383,0,29,28,44,0.2558779,convex_mesh_per_channel
4,13,8,0,15,15,5634.04024,375.6026826667,21950.20119336,196,180,3,0,279,20,2,46631,0,28,28,43,0.2805821,convex_mesh_per_channel
4,13,9,0,15,15,5548.806388,369.9204258667,21474.03194606,199,184,0,0,186,10,5,30136,0,28,28,36,0.192559,convex_mesh_per_channel
4,13,10,0,15,15,6262.806974,417.5204649333,24279.03487156,218,197,15,1,301,33,2,68870,0,29,29,56,0.4990769,convex_mesh_per_channel
4,13,11,0,15,15,5614.838107,374.3225404667,21879.19052616,195,183,2,0,253,17,2,54114,0,29,29,40,0.3595663,convex_mesh_per_channel
4,14,0,0,11,11,6792.701548,617.5183225455,24398.50774221,310,269,13,2,37,33,4,5495,0,0,0,0,0.0509909,convex_mesh_per_channel
4,14,1,0,11,11,6274.585698,570.4168816364,22237.92849171,294,278,8,0,25,22,3,3202,0,13,9,0,0.0361854,convex_mesh_per_channel
4,14,2,0,11,11,6621.31687,601.9378972727,23656.58434972,305,283,9,0,151,29,6,23423,0,0,0,56,0.1698934,convex_mesh_per_channel
4,14,3,0,11,11,6450.762008,586.4329098182,23043.81003147,299,283,3,1,204,26,2,27572,0,9,8,49,0.1951938,convex_mesh_per_channel
4,14,4,0,11,11,6484.993031,589.544821,23009.96516882,297,265,26,1,33,28,5,5507,0,0,0,0,0.0443981,convex_mesh_per_channel
4,14,5,0,11,11,6487.972196,589.8156541818,23059.86098033,305,284,4,1,188,24,1,23769,0,19,17,46,0.1693262,convex_mesh_per_channel
4,14,6,0,11,11,6290.783719,571.889429,22163.91860836,300,282,7,0,23,19,4,2884,0,20,12,0,0.0355915,convex_mesh_per_channel
4,14,7,0,11,11,6385.467474,580.4970430909,22642.33737344,302,283,3,1,191,20,2,25340,0,18,16,43,0.178075,convex_mesh_per_channel
4,14,8,0,11,11,6332.047386,575.6406714545,22330.23692788,301,282,8,1,129,19,3,22255,0,25,13,43,0.1417089,convex_mesh_per_channel
4,14,9,0,11,11,6475.599946,588.6909041818,22992.99972711,305,288,3,0,166,14,3,24125,0,21,16,38,0.153058,convex_mesh_per_channel
4,14,10,0,11,11,6492.706711,590.2460646364,23063.53354789,306,286,3,1,183,22,2,30094,0,19,16,45,0.2283751,convex_mesh_per_channel
4,14,11,0,11,11,6268.099751,569.8272500909,22085.49876549,301,279,4,1,128,19,3,26791,0,24,13,43,0.1910958,convex_mesh_per_channel
4,15,0,0,14,14,5729.73739,409.2669564286,21783.6869368,215,201,9,0,41,40,1,6980,0,0,0,0,0.0588926,convex_mesh_per_channel
4,15,1,0,14,14,5857.993501,418.4281072143,22049.9675032,229,215,6,0,29,28,1,3390,0,22,18,0,0.045775,convex_mesh_per_channel
4,15,2,0,14,14,5941.417932,424.3869951429,22477.08966792,226,210,12,1,313,42,3,62354,0,0,0,66,0.3700401,convex_mesh_per_channel
4,15,3,0,14,14,6067.602018,433.4001441429,22613.01009184,240,230,15,1,298,42,1,58075,0,19,15,64,0.3529826,convex_mesh_per_channel
4,15,4,0,14,14,5666.666005,404.7618575,21628.33001658,211,192,8,0,39,37,2,7309,0,0,0,0,0.0569283,convex_mesh_per_channel
4,15,5,0,14,14,6079.405001,434.2432143571,22632.0250182,243,223,15,1,225,29,2,41500,0,34,25,52,0.2626967,convex_mesh_per_channel
4,15,6,0,14,14,5829.869414,416.4192438571,21904.3470678,231,215,3,0,26,25,1,3437,0,28,24,0,0.0437267,convex_mesh_per_channel
4,15,7,0,14,14,5367.256886,383.3754918571,19851.28442275,222,208,3,0,249,28,0,45418,0,28,20,49,0.2631818,convex_mesh_per_channel
4,15,8,0,14,14,5995.519591,428.2513993571,22437.59795038,240,229,3,0,219,22,0,39668,0,39,29,43,0.2422361,convex_mesh_per_channel
4,15,9,0,14,14,5941.521212,424.3943722857,22277.60605426,236,227,3,0,197,18,0,36641,0,39,29,39,0.2232705,convex_mesh_per_channel
4,15,10,0,14,14,6147.830335,439.1307382143,22849.15169812,248,226,14,1,220,28,2,49335,0,36,30,51,0.3474435,convex_mesh_per_channel
4,15,11,0,14,14,5777.330674,412.6664767143,21401.6533682,238,231,2,0,199,18,1,47637,0,39,29,40,0.3030391,convex_mesh_per_channel
4,16,0,0,14,14,6181.054042,441.5038601429,23930.27021578,223,204,2,0,35,31,4,6003,0,0,0,0,0.0525738,convex_mesh_per_channel
4,16,1,0,14,14,5736.19766,409.7284042857,21405.98828652,232,216,3,0,23,20,3,3187,0,14,13,0,0.0413,convex_mesh_per_channel
4,16,2,0,14,14,5722.942815,408.7816296429,21694.71406922,221,206,1,0,266,36,3,52968,0,0,0,60,0.2972355,convex_mesh_per_channel
4,16,3,0,14,14,5808.157881,414.8684200714,21815.78939739,231,220,0,0,245,34,1,46489,0,15,13,56,0.2735491,convex_mesh_per_channel
4,16,4,0,14,14,7301.070403,521.5050287857,29150.35200773,235,202,8,0,44,38,6,7159,0,0,0,0,0.058944,convex_mesh_per_channel
4,16,5,0,14,14,5767.085951,411.9347107857,21620.4297496,231,215,1,0,173,22,2,30058,0,27,26,45,0.1851816,convex_mesh_per_channel
4,16,6,0,14,14,5667.398647,404.8141890714,21196.99323311,229,213,0,0,20,17,3,2296,0,26,24,0,0.0361779,convex_mesh_per_channel
4,16,7,0,14,14,5761.37908,411.5270771429,21356.89540606,239,219,2,1,180,22,2,29355,0,29,29,45,0.1904298,convex_mesh_per_channel
4,16,8,0,14,14,5820.405736,415.7432668571,21527.02868805,242,226,3,0,165,17,2,28606,0,29,27,40,0.1784264,convex_mesh_per_channel
4,16,9,0,14,14,5811.932872,415.1380622857,21519.66437325,241,224,3,0,160,16,2,27683,0,29,27,39,0.1724122,convex_mesh_per_channel
4,16,10,0,14,14,5681.696157,405.8354397857,21278.48076758,227,212,3,0,219,28,2,52046,0,25,25,51,0.3419629,convex_mesh_per_channel
4,16,11,0,14,14,5843.75783,417.4112735714,21533.78915898,245,224,6,0,180,20,4,38523,0,28,26,45,0.2691572,convex_mesh_per_channel
4,17,0,0,14,14,7056.677405,504.0483860714,26588.38702911,230,213,102,1,35,33,2,6347,0,0,0,0,0.0594167,convex_mesh_per_channel
4,17,1,0,14,14,6679.028719,477.0734799286,24490.14359508,238,224,99,1,19,18,1,2278,0,22,20,0,0.0407934,convex_mesh_per_channel
4,17,2,0,14,14,6777.560044,484.1114317143,24537.80022083,252,231,103,2,270,39,4,55992,0,0,0,64,0.3287289,convex_mesh_per_channel
4,17,3,0,14,14,6790.840756,485.060054,24439.20377768,257,239,103,2,241,31,5,48855,0,14,14,57,0.2872274,convex_mesh_per_channel
4,17,4,0,14,14,6639.715701,474.2654072143,25683.57849333,188,166,109,1,47,45,2,7540,0,0,0,0,0.0586005,convex_mesh_per_channel
4,17,5,0,14,14,6839.684702,488.5489072857,24418.42351795,268,246,100,2,199,23,5,40080,0,30,29,49,0.2370029,convex_mesh_per_channel
4,17,6,0,14,14,6743.306118,481.6647227143,24496.53059337,250,230,98,1,18,16,2,2098,0,34,31,0,0.0395906,convex_mesh_per_channel
4,17,7,0,14,14,7341.068821,524.3620586429,26795.34407213,257,231,132,2,166,15,6,32314,0,33,26,42,0.1951681,convex_mesh_per_channel
4,17,8,0,14,14,6625.894493,473.2781780714,25174.47247275,205,193,101,1,274,20,2,49399,0,30,25,43,0.291829,convex_mesh_per_channel
4,17,9,0,14,14,7406.375532,529.0268237143,28141.87766784,236,219,103,1,233,21,2,39637,0,38,25,44,0.2566091,convex_mesh_per_channel
4,17,10,0,14,14,6854.320454,489.5943181429,25231.6022742,242,219,103,1,190,28,4,42716,0,34,33,53,0.3080453,convex_mesh_per_channel
4,17,11,0,14,14,6679.280275,477.0914482143,25391.40138314,207,193,101,1,292,21,3,64723,0,30,25,45,0.4407365,convex_mesh_per_channel
4,18,0,0,10,10,6725.725954,672.5725954,23988.62979642,313,280,11,1,31,27,4,5076,0,0,0,0,0.0412608,convex_mesh_per_channel
4,18,1,0,10,10,6547.842647,654.7842647,23479.21323989,300,278,8,0,28,25,3,3153,0,13,6,0,0.0329127,convex_mesh_per_channel
4,18,2,0,10,10,6419.163998,641.9163998,23095.82005327,282,262,26,1,190,24,4,37073,0,0,0,49,0.2315936,convex_mesh_per_channel
4,18,3,0,10,10,6457.277114,645.7277114,23096.38562872,288,270,26,1,177,22,3,31978,0,10,7,46,0.2099209,convex_mesh_per_channel
4,18,4,0,10,10,6986.883153,698.6883153,25519.41576966,282,249,58,2,35,30,5,5435,0,0,0,0,0.0450755,convex_mesh_per_channel
4,18,5,0,10,10,5989.108807,598.9108807,21105.5440395,288,272,2,0,148,17,2,24872,0,18,13,40,0.1601632,convex_mesh_per_channel
4,18,6,0,10,10,6500.336655,650.0336655,23036.68329349,307,284,8,0,28,25,3,2927,0,21,10,0,0.0327766,convex_mesh_per_channel
4,18,7,0,10,10,6037.627112,603.7627112,21528.1355631,283,264,1,0,140,14,2,20813,0,21,10,37,0.148736,convex_mesh_per_channel
4,18,8,0,10,10,6536.832151,653.6832151,22814.16075932,323,309,0,0,124,8,6,20208,0,26,13,35,0.1457166,convex_mesh_per_channel
4,18,9,0,10,10,6667.605571,666.7605571,23803.02787162,311,296,2,0,134,14,2,19578,0,20,11,37,0.1394606,convex_mesh_per_channel
4,18,10,0,10,10,6012.29319,601.229319,21191.46596133,289,273,2,0,152,18,2,32638,0,18,13,41,0.2258947,convex_mesh_per_channel
4,18,11,0,10,10,6717.394713,671.7394713,22811.97355297,341,319,27,1,103,10,6,22745,0,27,12,37,0.1741284,convex_mesh_per_channel
4,19,0,0,13,13,6008.250862,462.1731432308,23296.25431347,215,200,3,0,30,28,2,5593,0,0,0,0,0.0564456,convex_mesh_per_channel
4,19,1,0,13,13,5755.058834,442.6968333846,21875.29416608,220,209,2,0,17,17,0,2095,0,19,17,0,0.0405511,convex_mesh_per_channel
4,19,2,0,13,13,6251.409281,480.877637,23542.0464364,238,216,24,1,274,37,6,55036,0,0,0,64,0.3106719,convex_mesh_per_channel
4,19,3,0,13,13,6275.983318,482.7679475385,23519.91662154,243,226,22,1,233,31,4,46221,0,11,10,56,0.2601214,convex_mesh_per_channel
4,19,4,0,13,13,5752.89502,442.5303861538,22104.47510488,213,193,3,0,34,33,1,5840,0,0,0,0,0.0547955,convex_mesh_per_channel
4,19,5,0,13,13,6307.164604,485.166508,23470.82304633,249,228,25,1,184,25,2,33253,0,29,26,48,0.1969977,convex_mesh_per_channel
4,19,6,0,13,13,5772.198098,444.0152383077,21855.9904856,224,213,1,0,16,16,0,1910,0,23,20,0,0.0405011,convex_mesh_per_channel
4,19,7,0,13,13,6256.704792,481.284984,23448.5239949,241,222,25,1,234,23,3,44784,0,31,28,47,0.2541176,convex_mesh_per_channel
4,19,8,0,13,13,6384.817046,491.1397727692,24194.08525114,238,222,23,1,139,13,1,28225,0,27,26,35,0.1554394,convex_mesh_per_channel
4,19,9,0,13,13,6288.275141,483.7134723846,23766.37573134,236,221,23,1,140,12,2,31439,0,25,24,35,0.1607185,convex_mesh_per_channel
4,19,10,0,13,13,6307.164604,485.166508,23470.82304633,249,228,25,1,184,25,2,40672,0,29,26,48,0.2759255,convex_mesh_per_channel
4,19,11,0,13,13,6384.817046,491.1397727692,24194.08525114,238,222,23,1,139,13,1,33225,0,27,26,35,0.2121436,convex_mesh_per_channel
4,20,0,0,10,10,5670.394472,567.0394472,20481.97235779,256,241,1,0,24,24,0,4471,0,0,0,0,0.0363724,convex_mesh_per_channel
4,20,1,0,10,10,5527.658364,552.7658364,19743.29182153,255,239,5,0,17,13,4,2181,0,14,12,0,0.0301086,convex_mesh_per_channel
4,20,2,0,10,10,5545.381162,554.5381162,19301.90579843,272,257,6,0,243,29,4,48208,0,0,0,54,0.2661111,convex_mesh_per_channel
4,20,3,0,10,10,5532.228446,553.2228446,19196.14222054,276,263,0,0,195,20,3,36640,0,11,9,44,0.2065229,convex_mesh_per_channel
4,20,4,0,10,10,5963.958801,596.3958801,21424.79402388,271,241,11,2,25,22,3,4939,0,0,0,0,0.0373188,convex_mesh_per_channel
4,20,5,0,10,10,5542.232852,554.2232852,19191.16425617,278,264,0,0,166,14,3,29738,0,19,15,38,0.172351,convex_mesh_per_channel
4,20,6,0,10,10,5548.858525,554.8858525,19714.29263312,260,244,4,0,15,11,4,1752,0,20,15,0,0.0274735,convex_mesh_per_channel
4,20,7,0,10,10,5753.379565,575.3379565,19931.89781727,287,264,6,1,123,15,3,21536,0,22,14,39,0.1350376,convex_mesh_per_channel
4,20,8,0,10,10,5860.016589,586.0016589,20635.08294626,282,270,1,0,144,12,1,25664,0,19,13,34,0.1445495,convex_mesh_per_channel
4,20,9,0,10,10,5991.721606,599.1721606,21343.60802316,280,264,3,0,176,9,4,28546,0,21,17,34,0.182169,convex_mesh_per_channel
4,20,10,0,10,10,5811.651177,581.1651177,20108.25589196,292,277,1,0,113,18,3,27646,0,24,17,42,0.1846236,convex_mesh_per_channel
4,20,11,0,10,10,5860.016589,586.0016589,20635.08294626,282,270,1,0,144,12,1,32192,0,19,13,34,0.2084594,convex_mesh_per_channel
4,21,0,0,10,10,5957.590024,595.7590024,21362.9501231,273,255,5,0,29,26,3,4051,0,0,0,0,0.041836,convex_mesh_per_channel
4,21,1,0,10,10,5835.214486,583.5214486,20676.07243354,274,262,6,0,19,17,2,2120,0,13,8,0,0.0298433,convex_mesh_per_channel
4,21,2,0,10,10,6395.060808,639.5060808,21735.30403619,334,310,6,2,139,26,7,23910,0,0,0,54,0.1844535,convex_mesh_per_channel
4,21,3,0,10,10,6409.969714,640.9969714,21639.84858254,340,314,6,2,118,24,5,18213,0,12,5,50,0.1569039,convex_mesh_per_channel
4,21,4,0,10,10,6588.965533,658.8965533,23934.82768176,294,273,3,1,27,24,3,4130,0,0,0,0,0.0351333,convex_mesh_per_channel
4,21,5,0,10,10,6409.169514,640.9169514,21575.8475797,342,316,6,2,106,19,5,15479,0,20,9,45,0.1410086,convex_mesh_per_channel
4,21,6,0,10,10,5832.950417,583.2950417,20574.75208857,278,266,4,0,16,15,1,1595,0,19,11,0,0.0270405,convex_mesh_per_channel
4,21,7,0,10,10,6385.977194,638.5977194,21999.885987,324,310,2,1,99,14,2,15070,0,19,11,37,0.1281608,convex_mesh_per_channel
4,21,8,0,10,10,6263.644782,626.3644782,22498.22392209,287,270,3,0,152,14,4,28433,0,22,11,39,0.1664008,convex_mesh_per_channel
4,21,9,0,10,10,6492.785795,649.2785795,23548.92896889,291,275,1,1,98,10,2,17296,0,16,13,33,0.1038156,convex_mesh_per_channel
4,21,10,0,10,10,6720.081733,672.0081733,23070.40866932,344,321,5,2,55,20,3,10822,0,18,15,44,0.1002889,convex_mesh_per_channel
4,21,11,0,10,10,6104.949549,610.4949549,21799.74774889,284,266,3,0,141,11,4,31798,0,22,11,36,0.2112998,convex_mesh_per_channel
4,22,0,0,14,14,6555.408151,468.2434393571,25647.04075853,222,189,19,2,43,37,6,6794,0,0,0,0,0.0679118,convex_mesh_per_channel
4,22,1,0,14,14,6315.949125,451.1392232143,24479.7456239,220,196,18,2,26,23,3,2732,0,16,13,0,0.0474697,convex_mesh_per_channel
4,22,2,0,14,14,6566.657708,469.0469791429,25368.28852299,228,202,27,3,299,48,5,55832,0,0,0,74,0.3498895,convex_mesh_per_channel
4,22,3,0,14,14,6580.457082,470.0326487143,25337.28539751,232,208,25,3,278,41,6,51813,0,8,7,68,0.3265128,convex_mesh_per_channel
4,22,4,0,14,14,7043.649223,503.1178016429,26088.24611728,282,232,38,4,53,46,7,7630,0,0,0,0,0.0657077,convex_mesh_per_channel
4,22,5,0,14,14,6656.461263,475.4615187857,25347.3062964,244,216,27,3,239,37,5,43945,0,27,15,63,0.2834439,convex_mesh_per_channel
4,22,6,0,14,14,6328.636741,452.0454815,24363.18368711,227,203,16,2,23,20,3,2318,0,26,19,0,0.0453638,convex_mesh_per_channel
4,22,7,0,14,14,6638.356234,474.1683024286,24836.78116121,259,228,26,3,194,29,5,39137,0,32,19,55,0.2345825,convex_mesh_per_channel
4,22,8,0,14,14,6131.807563,437.9862545,23564.03779423,220,198,17,1,216,18,5,36325,0,39,22,44,0.2333254,convex_mesh_per_channel
4,22,9,0,14,14,6870.661364,490.761526,27068.30681175,217,206,32,1,248,16,3,37421,0,26,19,40,0.2470652,convex_mesh_per_channel
4,22,10,0,14,14,6666.755237,476.1968026429,25118.77615987,257,237,17,2,194,29,5,41831,0,27,17,55,0.3097427,convex_mesh_per_channel
4,22,11,0,14,14,6417.152738,458.3680527143,24570.76368384,234,209,18,2,238,20,4,55269,0,34,22,45,0.3580926,convex_mesh_per_channel
4,23,0,0,15,15,6707.066071,447.1377380667,26195.33038557,220,197,32,2,38,36,3,6332,0,0,0,0,0.0546873,convex_mesh_per_channel
4,23,1,0,15,15,6252.373146,416.8248764,24141.86575292,213,194,30,2,22,21,2,2353,0,20,16,0,0.0383909,convex_mesh_per_channel
4,23,2,0,15,15,7534.247515,502.2831676667,28616.23754213,236,211,115,3,335,46,6,65316,0,0,0,73,0.3823316,convex_mesh_per_channel
4,23,3,0,15,15,7555.835968,503.7223978667,28589.17981406,241,216,114,3,277,37,5,51933,0,15,10,63,0.3240042,convex_mesh_per_channel
4,23,4,0,15,15,6090.974925,406.064995,23544.87464973,206,190,29,1,39,37,2,6497,0,0,0,0,0.0831154,convex_mesh_per_channel
4,23,5,0,15,15,7628.768516,508.5845677333,28558.84255681,255,225,114,3,245,32,4,43081,0,36,28,57,0.2740624,convex_mesh_per_channel
4,23,6,0,15,15,6496.113734,433.0742489333,25100.56869311,223,208,26,1,24,23,1,2800,0,28,16,0,0.0423373,convex_mesh_per_channel
4,23,7,0,15,15,6964.405225,464.2936816667,26337.0260929,220,198,108,2,232,22,4,39944,0,37,27,47,0.2787553,convex_mesh_per_channel
4,23,8,0,15,15,6822.33043,454.8220286667,26651.65218608,225,208,28,1,201,18,5,31788,0,33,22,44,0.2292638,convex_mesh_per_channel
4,23,9,0,15,15,6822.33043,454.8220286667,26651.65218608,225,208,28,1,201,18,5,31788,0,33,22,44,0.2120185,convex_mesh_per_channel
4,23,10,0,15,15,7517.456511,501.1637674,28117.28252435,251,225,113,3,227,28,4,51359,0,36,31,53,0.345882,convex_mesh_per_channel
4,23,11,0,15,15,6619.485565,441.2990376667,25787.42786106,220,203,28,1,196,18,4,37662,0,30,22,43,0.2759519,convex_mesh_per_channel
4,24,0,0,15,15,7168.764709,477.9176472667,29173.82348357,196,168,37,1,44,39,5,7146,0,0,0,0,0.0652977,convex_mesh_per_channel
4,24,1,0,15,15,5856.281267,390.4187511333,22756.40633184,207,186,3,1,22,17,5,2533,0,21,20,0,0.0478902,convex_mesh_per_channel
4,24,2,0,15,15,5861.598047,390.7732031333,22392.99022479,217,196,9,1,521,48,6,97654,0,0,0,75,0.5750385,convex_mesh_per_channel
4,24,3,0,15,15,5892.443105,392.8295403333,22287.21552001,226,209,7,1,465,43,3,84407,0,15,14,67,0.5086572,convex_mesh_per_channel
4,24,4,0,15,15,5905.070548,393.6713698667,22690.35274135,217,189,6,1,45,42,3,7077,0,0,0,0,0.0589998,convex_mesh_per_channel
4,24,5,0,15,15,6042.642624,402.8428416,22263.21313271,253,235,5,1,235,29,5,42257,0,27,23,55,0.2661836,convex_mesh_per_channel
4,24,6,0,15,15,5969.663898,397.9775932,23348.31949168,207,181,3,1,21,15,6,2173,0,30,26,0,0.0506228,convex_mesh_per_channel
4,24,7,0,15,15,5856.425865,390.428391,21497.12933301,248,233,3,1,203,24,5,36487,0,30,24,50,0.2304959,convex_mesh_per_channel
4,24,8,0,15,15,5789.53897,385.9692646667,21812.69485473,227,214,1,0,188,13,3,33371,0,36,30,37,0.1956835,convex_mesh_per_channel
4,24,9,0,15,15,5789.53897,385.9692646667,21812.69485473,227,214,1,0,188,13,3,33371,0,36,30,37,0.2417374,convex_mesh_per_channel
4,24,10,0,15,15,6042.642624,402.8428416,22263.21313271,253,235,5,1,235,29,5,52239,0,27,23,55,0.3718403,convex_mesh_per_channel
4,24,11,0,15,15,5789.53897,385.9692646667,21812.69485473,227,214,1,0,188,13,3,41963,0,36,30,37,0.2708796,convex_mesh_per_channel
4,25,0,0,14,14,9206.661313,657.6186652143,35323.30642458,261,224,181,5,38,32,6,5323,0,0,0,0,0.0537706,convex_mesh_per_channel
4,25,1,0,14,14,7946.763871,567.6259907857,29948.8191749,258,234,121,3,23,18,5,2323,0,15,8,0,0.0384428,convex_mesh_per_channel
4,25,2,0,14,14,6926.444346,494.7460247143,25827.22174717,266,235,42,4,281,42,9,46822,0,0,0,72,0.3044633,convex_mesh_per_channel
4,25,3,0,14,14,6815.329423,486.8092445,25306.64712935,265,239,40,3,259,40,8,41158,0,8,4,69,0.2797028,convex_mesh_per_channel
4,25,4,0,14,14,7100.332579,507.1666127857,27226.66288717,245,210,50,3,38,33,5,5688,0,0,0,0,0.0516282,convex_mesh_per_channel
4,25,5,0,14,14,6866.165235,490.4403739286,25360.82617889,272,241,41,3,233,34,7,35993,0,22,17,62,0.249085,convex_mesh_per_channel
4,25,6,0,14,14,7842.051315,560.1465225,29540.25657747,281,249,70,3,30,24,6,3662,0,24,10,0,0.0491981,convex_mesh_per_channel
4,25,7,0,14,14,7327.993526,523.428109,27424.96743522,249,225,101,3,134,23,5,27087,0,16,15,49,0.1579761,convex_mesh_per_channel
4,25,8,0,14,14,7128.160826,509.1543447143,25955.80414552,279,259,71,2,155,23,3,25950,0,33,21,47,0.1717131,convex_mesh_per_channel
4,25,9,0,14,14,6473.467481,462.3905343571,23667.3374418,267,254,27,1,130,16,1,22541,0,30,19,38,0.1839791,convex_mesh_per_channel
4,25,10,0,14,14,7317.18272,522.6559085714,27555.91362274,256,231,75,2,224,36,6,41997,0,24,14,63,0.3066057,convex_mesh_per_channel
4,25,11,0,14,14,7127.848075,509.1320053571,25979.24039258,278,259,71,2,155,23,3,31410,0,33,21,47,0.2301691,convex_mesh_per_channel
4,26,0,0,10,10,6846.614488,684.6614488,24923.07245435,287,266,37,2,26,24,2,3784,0,0,0,0,0.0352573,convex_mesh_per_channel
4,26,1,0,10,10,6247.446906,624.7446906,22482.23453227,280,268,11,1,15,14,1,1586,0,11,10,0,0.0236299,convex_mesh_per_channel
4,26,2,0,10,10,6710.831745,671.0831745,23659.15874272,314,287,24,3,107,28,3,18859,0,0,0,52,0.1223068,convex_mesh_per_channel
4,26,3,0,10,10,6625.095412,662.5095412,23310.47707128,312,290,21,2,86,20,2,12667,0,10,8,43,0.0935501,convex_mesh_per_channel
4,26,4,0,10,10,7006.811957,700.6811957,25344.0597796,295,269,48,3,24,20,4,4266,0,0,0,0,0.0335953,convex_mesh_per_channel
4,26,5,0,10,10,6513.633251,651.3633251,23648.16625993,285,270,13,1,139,21,2,25093,0,17,15,44,0.1526561,convex_mesh_per_channel
4,26,6,0,10,10,6277.853083,627.7853083,22489.26541285,286,273,9,1,11,9,2,1048,0,18,17,0,0.0213849,convex_mesh_per_channel
4,26,7,0,10,10,5992.038223,599.2038223,20780.19111075,298,281,5,1,124,16,1,20757,0,22,19,38,0.1379182,convex_mesh_per_channel
4,26,8,0,10,10,6257.021749,625.7021749,21910.10876232,294,277,26,1,91,9,3,13166,0,19,17,33,0.0851292,convex_mesh_per_channel
4,26,9,0,10,10,6257.021749,625.7021749,21910.10876232,294,277,26,1,91,9,3,13166,0,19,17,33,0.0850342,convex_mesh_per_channel
4,26,10,0,10,10,6455.145487,645.5145487,22660.72745064,311,291,9,1,77,18,1,14577,0,18,14,40,0.1150239,convex_mesh_per_channel
4,26,11,0,10,10,6257.021749,625.7021749,21910.10876232,294,277,26,1,91,9,3,16681,0,19,17,33,0.1175202,convex_mesh_per_channel
4,27,0,0,14,14,6704.441979,478.8887127857,25562.20987333,247,224,21,1,39,37,2,5729,0,0,0,0,0.0495783,convex_mesh_per_channel
4,27,1,0,14,14,6433.825768,459.5589834286,24029.12881887,252,235,21,1,29,28,1,2843,0,13,11,0,0.0382297,convex_mesh_per_channel
4,27,2,0,14,14,6002.149476,428.7249625714,22280.74737881,245,227,8,1,265,38,6,50119,0,0,0,65,0.304707,convex_mesh_per_channel
4,27,3,0,14,14,6032.788949,430.9134963571,22223.94474818,252,237,7,1,250,35,5,46426,0,10,8,61,0.2831599,convex_mesh_per_channel
4,27,4,0,14,14,6581.810334,470.1293095714,25029.05164214,236,206,40,2,41,38,3,6299,0,0,0,0,0.0491843,convex_mesh_per_channel
4,27,5,0,14,14,6045.996735,431.8569096429,22229.9836702,254,236,8,1,223,31,3,39969,0,19,19,55,0.2518343,convex_mesh_per_channel
4,27,6,0,14,14,6428.839706,459.2028361429,23819.19850416,260,241,18,1,23,22,1,2217,0,23,16,0,0.0333892,convex_mesh_per_channel
4,27,7,0,14,14,6435.536147,459.6811533571,24547.68072006,235,218,21,1,146,25,2,29594,0,24,20,48,0.1638435,convex_mesh_per_channel
4,27,8,0,14,14,6429.935649,459.2811177857,23359.67823911,274,255,21,1,91,23,3,14757,0,23,16,47,0.1014797,convex_mesh_per_channel
4,27,9,0,14,14,6315.340236,451.0957311429,23746.70119781,251,235,2,0,159,16,3,23004,0,27,16,40,0.1595682,convex_mesh_per_channel
4,27,10,0,14,14,6466.940393,461.9243137857,23624.70193845,262,239,41,1,226,30,4,50561,0,21,19,55,0.3525955,convex_mesh_per_channel
4,27,11,0,14,14,6482.596327,463.0425947857,23447.98162821,280,254,23,1,102,28,4,19920,0,23,16,53,0.1554028,convex_mesh_per_channel
4,28,0,0,12,12,5947.348432,495.6123693333,21771.74216492,257,236,4,0,37,35,2,5533,0,0,0,0,0.0499692,convex_mesh_per_channel
4,28,1,0,12,12,5761.797879,480.14982325,20643.98940114,262,248,5,0,22,20,2,2168,0,19,11,0,0.0334368,convex_mesh_per_channel
4,28,2,0,12,12,6360.83502,530.069585,23604.17510889,261,233,14,1,158,42,5,32891,0,0,0,68,0.1916695,convex_mesh_per_channel
4,28,3,0,12,12,6220.942365,518.41186375,23094.71182703,257,236,7,0,138,35,4,28289,0,7,5,60,0.1636013,convex_mesh_per_channel
4,28,4,0,12,12,6967.741368,580.645114,26123.7067955,248,218,75,1,40,35,5,6002,0,0,0,0,0.0502971,convex_mesh_per_channel
4,28,5,0,12,12,6176.66204,514.7218366667,22928.31020296,256,236,5,0,119,29,3,21065,0,12,10,53,0.1302837,convex_mesh_per_channel
4,28,6,0,12,12,5746.926771,478.91056425,20539.63385414,265,248,2,0,17,16,1,1436,0,25,15,0,0.0276563,convex_mesh_per_channel
4,28,7,0,12,12,5946.455295,495.53794125,21912.27647782,252,235,3,0,99,20,2,17856,0,15,10,43,0.1104069,convex_mesh_per_channel
4,28,8,0,12,12,6349.996148,529.1663456667,23609.98073827,261,248,5,0,283,17,2,42939,0,29,21,40,0.2957036,convex_mesh_per_channel
4,28,9,0,12,12,6921.370825,576.7809020833,26121.85414646,273,260,4,0,270,14,5,42054,0,30,19,40,0.2752887,convex_mesh_per_channel
4,28,10,0,12,12,5951.758607,495.9798839167,21638.79303168,258,238,12,1,214,30,3,44256,0,21,14,54,0.2949854,convex_mesh_per_channel
4,28,11,0,12,12,6137.471348,511.4559456667,22602.35674031,259,241,7,0,287,21,2,53921,0,29,18,44,0.4288903,convex_mesh_per_channel
4,29,0,0,15,15,8510.868481,567.3912320667,32634.34239861,233,198,182,3,45,38,8,6984,0,0,0,0,0.0602916,convex_mesh_per_channel
4,29,1,0,15,15,7256.206574,483.7471049333,27646.03301601,226,204,106,2,32,26,6,3483,0,16,13,0,0.0420206,convex_mesh_per_channel
4,29,2,0,15,15,7165.18737,477.679158,26985.93699097,233,213,105,1,234,44,6,45708,0,0,0,71,0.2727618,convex_mesh_per_channel
4,29,3,0,15,15,7126.548691,475.1032460667,26762.74359558,235,218,102,1,220,43,4,42283,0,7,4,68,0.2577824,convex_mesh_per_channel
4,29,4,0,15,15,7582.334418,505.4889612,28991.67223154,238,216,101,1,40,35,5,6176,0,0,0,0,0.0557185,convex_mesh_per_channel
4,29,5,0,15,15,7180.225867,478.6817244667,26831.12946632,241,225,103,1,188,33,4,32928,0,22,18,58,0.2146758,convex_mesh_per_channel
4,29,6,0,15,15,7203.958549,480.2639032667,27319.79288577,229,205,105,2,28,21,7,2716,0,25,18,0,0.0398578,convex_mesh_per_channel
4,29,7,0,15,15,7353.354328,490.2236218667,26911.77177375,266,251,105,1,161,30,3,22442,0,30,20,54,0.1679681,convex_mesh_per_channel
4,29,8,0,15,15,7617.081916,507.8054610667,28440.4097169,262,247,99,1,151,17,4,24033,0,38,21,42,0.1619217,convex_mesh_per_channel
4,29,9,0,15,15,7595.483811,506.3655874,28427.41919694,258,248,99,1,146,17,2,22967,0,39,21,40,0.1553261,convex_mesh_per_channel
4,29,10,0,15,15,7459.436564,497.2957709333,27767.18295247,258,226,105,4,183,30,6,38660,0,23,18,57,0.2809527,convex_mesh_per_channel
4,29,11,0,15,15,7676.721082,511.7814054667,28738.60554582,262,247,99,1,154,18,4,29517,0,38,21,43,0.2238866,convex_mesh_per_channel
4,30,0,0,14,14,7850.685375,560.7632410714,29598.42694824,261,229,109,3,43,41,3,5776,0,0,0,0,0.0557346,convex_mesh_per_channel
4,30,1,0,14,14,6951.300117,496.5214369286,26001.50066817,254,237,58,2,26,23,3,2700,0,16,11,0,0.0345679,convex_mesh_per_channel
4,30,2,0,14,14,5641.194311,402.9424507857,21095.9715532,226,216,2,0,222,38,3,37592,0,0,0,62,0.2526814,convex_mesh_per_channel
4,30,3,0,14,14,5692.580024,406.6128588571,21082.90012139,235,225,2,0,203,34,2,33690,0,14,9,57,0.2322235,convex_mesh_per_channel
4,30,4,0,14,14,6560.674141,468.6195815,25043.37073144,236,209,31,2,39,33,6,6666,0,0,0,0,0.0515288,convex_mesh_per_channel
4,30,5,0,14,14,5720.996561,408.6426115,21104.98280355,239,229,2,0,156,25,1,24266,0,29,20,47,0.1786294,convex_mesh_per_channel
4,30,6,0,14,14,6138.217411,438.4441007857,23566.08705299,227,211,3,0,26,25,1,2418,0,20,14,0,0.0338893,convex_mesh_per_channel
4,30,7,0,14,14,5737.83552,409.8453942857,21224.17760026,238,227,2,0,151,22,3,22658,0,30,21,46,0.1725773,convex_mesh_per_channel
4,30,8,0,14,14,6573.560039,469.5400027857,24272.80023721,266,250,23,1,132,17,5,21703,0,36,23,43,0.1553922,convex_mesh_per_channel
4,30,9,0,14,14,6132.467646,438.0334032857,22837.33823833,250,239,2,0,148,16,1,24164,0,36,24,38,0.1724864,convex_mesh_per_channel
4,30,10,0,14,14,5713.302109,408.0930077857,20961.51053484,243,230,2,0,166,27,1,31633,0,31,22,49,0.2542819,convex_mesh_per_channel
4,30,11,0,14,14,7535.731835,538.2665596429,28373.65920998,290,257,28,3,205,19,9,34282,0,39,20,49,0.2803393,convex_mesh_per_channel
4,31,0,0,15,15,6478.986404,431.9324269333,25739.93202355,166,150,92,1,35,32,3,5711,0,0,0,0,0.0588861,convex_mesh_per_channel
4,31,1,0,15,15,5347.749429,356.5166286,21063.74715407,176,165,5,0,23,22,1,2497,0,16,15,0,0.0439163,convex_mesh_per_channel
4,31,2,0,15,15,5359.743465,357.316231,20458.71732243,196,177,12,1,401,47,6,76316,0,0,0,74,0.4702181,convex_mesh_per_channel
4,31,3,0,15,15,5351.320627,356.7547084667,20371.60313789,201,188,3,0,328,41,1,59765,0,23,19,63,0.3747318,convex_mesh_per_channel
4,31,4,0,15,15,5451.839603,363.4559735333,21299.19801083,185,168,8,0,41,39,2,7519,0,0,0,0,0.0599141,convex_mesh_per_channel
4,31,5,0,15,15,5286.50959,352.4339726667,19802.54795547,210,192,3,0,218,24,3,38913,0,46,40,48,0.2470709,convex_mesh_per_channel
4,31,6,0,15,15,5314.959909,354.3306606,20899.79955014,178,164,2,0,17,16,1,1710,0,31,30,0,0.0375747,convex_mesh_per_channel
4,31,7,0,15,15,5620.869298,374.7246198667,21144.34650915,220,202,5,0,325,26,5,54257,0,30,23,52,0.313211,convex_mesh_per_channel
4,31,8,0,15,15,5625.586529,375.0391019333,21097.93265295,222,194,9,2,167,14,3,28154,0,45,39,38,0.1765088,convex_mesh_per_channel
4,31,9,0,15,15,5625.586529,375.0391019333,21097.93265295,222,194,9,2,167,14,3,28154,0,45,39,38,0.176437,convex_mesh_per_channel
4,31,10,0,15,15,5276.715787,351.7810524667,19753.57893936,210,192,3,0,220,26,2,47775,0,46,40,49,0.3326529,convex_mesh_per_channel
4,31,11,0,15,15,5625.586529,375.0391019333,21097.93265295,222,194,9,2,167,14,3,34599,0,45,39,38,0.2457307,convex_mesh_per_channel
4,32,0,0,15,15,6362.901006,424.1934004,25039.50501642,206,181,23,2,38,35,3,5936,0,0,0,0,0.0563765,convex_mesh_per_channel
4,32,1,0,15,15,7071.171147,471.4114098,27635.85572629,207,191,81,1,29,25,5,3100,0,17,14,0,0.0504241,convex_mesh_per_channel
4,32,2,0,15,15,6753.746637,450.2497758,25788.73316947,215,197,83,1,288,43,7,54084,0,0,0,71,0.3418576,convex_mesh_per_channel
4,32,3,0,15,15,5875.363082,391.6908721333,22116.81541141,229,223,3,0,370,40,2,59404,0,16,14,63,0.3692136,convex_mesh_per_channel
4,32,4,0,15,15,7238.98511,482.5990073333,26769.92554865,263,237,86,2,44,40,5,7267,0,0,0,0,0.0599899,convex_mesh_per_channel
4,32,5,0,15,15,6815.475342,454.3650228,25737.37671345,229,211,79,1,195,27,5,31422,0,28,27,53,0.2219288,convex_mesh_per_channel
4,32,6,0,15,15,6301.05378,420.070252,24455.26886997,213,192,26,1,27,23,5,3094,0,26,18,0,0.0493809,convex_mesh_per_channel
4,32,7,0,15,15,6480.18545,432.0123633333,24840.92725185,205,190,74,1,220,21,3,44410,0,30,30,45,0.2477993,convex_mesh_per_channel
4,32,8,0,15,15,6147.68071,409.8453806667,23078.40356294,244,228,3,1,238,14,5,39893,0,39,27,40,0.2491255,convex_mesh_per_channel
4,32,9,0,15,15,6076.893464,405.1262309333,22929.46731592,237,225,2,0,236,14,4,39575,0,38,26,39,0.2464343,convex_mesh_per_channel
4,32,10,0,15,15,6804.96342,453.664228,26034.8170973,220,198,75,2,232,29,4,53049,0,27,27,54,0.353647,convex_mesh_per_channel
4,32,11,0,15,15,6118.337378,407.8891585333,22961.68688318,242,226,5,0,249,18,5,49724,0,38,27,44,0.3616735,convex_mesh_per_channel
4,33,0,0,11,11,6598.16514,599.8331945455,23890.82561706,271,251,53,1,29,28,1,5457,0,0,0,0,0.0463986,convex_mesh_per_channel
4,33,1,0,11,11,6684.263042,607.6602765455,24276.31512124,274,254,50,1,18,17,1,2855,0,11,8,0,0.0346685,convex_mesh_per_channel
4,33,2,0,11,11,5705.685508,518.6986825455,20243.427531,268,250,4,1,196,33,2,39806,0,0,0,56,0.2419821,convex_mesh_per_channel
4,33,3,0,11,11,5768.665076,524.4240978182,20233.32536524,278,262,5,1,179,30,2,33025,0,14,12,53,0.2158823,convex_mesh_per_channel
4,33,4,0,11,11,5872.079095,533.8253722727,20920.39547501,270,247,12,1,35,30,5,5963,0,0,0,0,0.0459278,convex_mesh_per_channel
4,33,5,0,11,11,5850.803099,531.8911908182,20314.01548607,290,268,5,1,140,19,3,24404,0,34,30,43,0.170308,convex_mesh_per_channel
4,33,6,0,11,11,5486.21416,498.7467418182,18811.07079818,280,266,1,0,12,12,0,1512,0,23,23,0,0.0280969,convex_mesh_per_channel
4,33,7,0,11,11,5798.405952,527.1278138182,20177.02975458,286,266,4,0,139,18,4,24493,0,34,30,43,0.1712363,convex_mesh_per_channel
4,33,8,0,11,11,5771.7791,524.7071909091,20703.89549888,263,255,2,0,196,16,1,35418,0,19,18,38,0.2021514,convex_mesh_per_channel
4,33,9,0,11,11,5772.149818,524.7408925455,20495.74909345,270,259,3,0,163,15,1,31210,0,22,18,37,0.1718847,convex_mesh_per_channel
4,33,10,0,11,11,5797.595601,527.0541455455,20162.97800088,285,273,4,0,171,19,3,38878,0,23,23,43,0.2654133,convex_mesh_per_channel
4,33,11,0,11,11,5771.7791,524.7071909091,20703.89549888,263,255,2,0,196,16,1,41737,0,19,18,38,0.2761435,convex_mesh_per_channel
4,34,0,0,12,12,5697.837656,474.8198046667,21234.18827053,232,219,4,0,29,27,2,5257,0,0,0,0,0.0444146,convex_mesh_per_channel
4,34,1,0,12,12,5374.218167,447.8515139167,19891.09083736,224,213,1,0,15,15,0,2037,0,14,13,0,0.0280632,convex_mesh_per_channel
4,34,2,0,12,12,5506.564599,458.88038325,19417.82300808,260,248,5,0,198,36,3,39454,0,0,0,60,0.2398902,convex_mesh_per_channel
4,34,3,0,12,12,5539.620936,461.635078,19428.10468557,266,255,3,0,170,27,3,32311,0,13,12,51,0.2009428,convex_mesh_per_channel
4,34,4,0,12,12,5888.317655,490.6931379167,20691.58827859,283,263,4,0,29,25,4,5152,0,0,0,0,0.0425008,convex_mesh_per_channel
4,34,5,0,12,12,5557.618269,463.13485575,19433.09134585,269,257,3,0,148,21,3,27738,0,22,21,45,0.1753168,convex_mesh_per_channel
4,34,6,0,12,12,5410.556956,450.8797463333,19907.78478289,229,218,2,0,16,15,1,2202,0,20,20,0,0.029854,convex_mesh_per_channel
4,34,7,0,12,12,5620.506098,468.3755081667,20087.53048516,259,239,3,1,159,14,3,29441,0,21,21,38,0.1847516,convex_mesh_per_channel
4,34,8,0,12,12,5683.367694,473.6139745,20311.83847188,260,246,5,0,152,17,1,30348,0,23,22,39,0.171517,convex_mesh_per_channel
4,34,9,0,12,12,5689.145528,474.0954606667,20320.7276387,261,248,4,0,141,15,1,27841,0,25,24,37,0.1606328,convex_mesh_per_channel
4,34,10,0,12,12,5557.618269,463.13485575,19433.09134585,269,257,3,0,148,21,3,33875,0,22,21,45,0.2335193,convex_mesh_per_channel
4,34,11,0,12,12,6012.355633,501.0296360833,22481.77817508,245,231,0,0,194,11,2,36745,0,20,19,34,0.2676242,convex_mesh_per_channel
4,35,0,0,15,15,8092.074646,539.4716430667,32005.37303798,219,188,111,2,42,37,5,6060,0,0,0,0,0.0583802,convex_mesh_per_channel
4,35,1,0,15,15,5963.78862,397.585908,22963.94310457,216,204,4,0,23,21,2,2894,0,19,13,0,0.0374653,convex_mesh_per_channel
4,35,2,0,15,15,6075.785428,405.0523618667,23348.92713176,221,202,8,1,386,43,3,56966,0,0,0,67,0.3751486,convex_mesh_per_channel
4,35,3,0,15,15,6060.973588,404.0649058667,23009.86793162,229,215,8,1,354,39,3,50968,0,12,9,63,0.3501853,convex_mesh_per_channel
4,35,4,0,15,15,7504.192779,500.2795186,29430.96394567,214,167,102,2,59,52,7,8442,0,0,0,0,0.0693241,convex_mesh_per_channel
4,35,5,0,15,15,6083.169755,405.5446503333,22965.84876218,235,216,8,1,302,32,2,44388,0,26,23,55,0.3119779,convex_mesh_per_channel
4,35,6,0,15,15,6431.570402,428.7713601333,25017.85201604,228,207,2,0,24,21,3,2213,0,28,17,0,0.0333051,convex_mesh_per_channel
4,35,7,0,15,15,6608.329838,440.5553225333,24601.64918513,268,243,10,1,310,34,7,43947,0,37,15,62,0.2976235,convex_mesh_per_channel
4,35,8,0,15,15,6350.976173,423.3984115333,24624.88089003,213,199,29,1,222,16,2,33490,0,33,23,39,0.2183449,convex_mesh_per_channel
4,35,9,0,15,15,6136.018725,409.067915,24000.09364238,212,201,0,0,203,16,1,30746,0,39,26,38,0.2073476,convex_mesh_per_channel
4,35,10,0,15,15,6083.169755,405.5446503333,22965.84876218,235,216,8,1,302,32,2,57235,0,26,23,55,0.42492,convex_mesh_per_channel
4,35,11,0,15,15,6504.391807,433.6261204667,25031.95905958,224,201,34,1,196,16,4,38777,0,37,26,41,0.2857895,convex_mesh_per_channel
4,36,0,0,10,10,6223.115003,622.3115003,22355.57501839,285,268,3,0,22,20,2,3823,0,0,0,0,0.032666,convex_mesh_per_channel
4,36,1,0,10,10,6094.179336,609.4179336,21615.89668878,288,275,2,0,13,11,2,1899,0,11,10,0,0.0225077,convex_mesh_per_channel
4,36,2,0,10,10,6389.30118,638.930118,22226.50589187,306,286,26,1,98,26,4,16523,0,0,0,51,0.1169684,convex_mesh_per_channel
4,36,3,0,10,10,6409.379623,640.9379623,22196.89810836,310,292,26,1,90,24,3,14669,0,7,5,48,0.1072251,convex_mesh_per_channel
4,36,4,0,10,10,6219.399566,621.9399566,22121.99783356,293,277,1,0,23,22,1,4094,0,0,0,0,0.0331606,convex_mesh_per_channel
4,36,5,0,10,10,5719.791616,571.9791616,19798.95808566,287,272,1,0,97,18,1,17156,0,13,13,40,0.1101065,convex_mesh_per_channel
4,36,6,0,10,10,5985.865236,598.5865236,20739.32619166,299,287,2,0,13,9,4,1955,0,16,12,0,0.0230983,convex_mesh_per_channel
4,36,7,0,10,10,6785.16919,678.516919,23325.84589671,309,291,78,1,83,16,2,16344,0,18,14,39,0.0984463,convex_mesh_per_channel
4,36,8,0,10,10,5938.578447,593.8578447,21062.89224136,282,266,0,0,113,10,0,21013,0,16,14,31,0.1142715,convex_mesh_per_channel
4,36,9,0,10,10,5938.578447,593.8578447,21062.89224136,282,266,0,0,113,10,0,21013,0,16,14,31,0.1139604,convex_mesh_per_channel
4,36,10,0,10,10,5963.885565,596.3885565,20714.42782671,297,277,3,0,79,18,2,19105,0,13,13,41,0.1348838,convex_mesh_per_channel
4,36,11,0,10,10,5938.578447,593.8578447,21062.89224136,282,266,0,0,113,10,0,25496,0,16,14,31,0.1620172,convex_mesh_per_channel
4,37,0,0,10,10,6938.583922,693.8583922,24932.91961181,307,286,27,1,27,23,4,3709,0,0,0,0,0.0363594,convex_mesh_per_channel
4,37,1,0,10,10,6102.128918,610.2128918,21245.64459425,301,283,5,0,21,18,3,2221,0,12,12,0,0.0301087,convex_mesh_per_channel
4,37,2,0,10,10,5934.572082,593.4572082,20537.86040168,296,279,6,0,119,31,5,18997,0,0,0,57,0.1429338,convex_mesh_per_channel
4,37,3,0,10,10,6612.503928,661.2503928,23162.51962934,318,298,14,1,102,31,3,15945,0,7,4,55,0.1163796,convex_mesh_per_channel
4,37,4,0,10,10,5949.321139,594.9321139,20816.6056884,289,267,8,0,34,32,2,4956,0,0,0,0,0.0423965,convex_mesh_per_channel
4,37,5,0,10,10,5945.873176,594.5873176,20394.36587627,303,281,7,0,92,23,4,14165,0,17,12,48,0.1138949,convex_mesh_per_channel
4,37,6,0,10,10,6115.654804,611.5654804,21253.27402327,303,285,5,0,19,16,3,1853,0,16,14,0,0.0270654,convex_mesh_per_channel
4,37,7,0,10,10,6146.251122,614.6251122,20341.25561544,338,320,6,0,89,22,2,13632,0,21,17,45,0.1111556,convex_mesh_per_channel
4,37,8,0,10,10,6610.953065,661.0953065,23059.76533078,323,310,8,1,71,12,2,10798,0,23,16,35,0.0862309,convex_mesh_per_channel
4,37,9,0,10,10,6836.699433,683.6699433,24263.4971676,321,308,7,1,78,9,3,10560,0,23,15,33,0.089118,convex_mesh_per_channel
4,37,10,0,10,10,6450.698947,645.0698947,22808.49472855,309,279,5,0,124,26,6,21634,0,15,10,53,0.1981312,convex_mesh_per_channel
4,37,11,0,10,10,6610.953065,661.0953065,23059.76533078,323,310,8,1,71,12,2,13262,0,23,16,35,0.1123817,convex_mesh_per_channel
4,38,0,0,10,10,6999.921933,699.9921933,25269.60961506,292,268,56,2,29,26,3,4434,0,0,0,0,0.0371328,convex_mesh_per_channel
4,38,1,0,10,10,7016.753916,701.6753916,25268.76952354,296,274,53,2,19,16,3,2335,0,11,9,0,0.027196,convex_mesh_per_channel
4,38,2,0,10,10,6107.466002,610.7466002,21842.33002716,274,250,23,1,187,32,5,31273,0,0,0,58,0.2114141,convex_mesh_per_channel
4,38,3,0,10,10,6049.3994,604.93994,21511.99701596,276,254,21,1,148,29,3,25156,0,10,7,53,0.1687183,convex_mesh_per_channel
4,38,4,0,10,10,5883.448006,588.3448006,20767.24002551,280,262,6,1,27,26,1,4460,0,0,0,0,0.0370628,convex_mesh_per_channel
4,38,5,0,10,10,5788.223178,578.8223178,20531.11589399,273,258,3,0,108,19,1,20113,0,18,15,41,0.1227536,convex_mesh_per_channel
4,38,6,0,10,10,6153.472621,615.3472621,21987.36311002,285,263,6,1,18,16,2,1934,0,17,14,0,0.0255193,convex_mesh_per_channel
4,38,7,0,10,10,6078.560769,607.8560769,21612.80384769,287,265,2,1,122,15,2,17857,0,17,13,38,0.125945,convex_mesh_per_channel
4,38,8,0,10,10,5806.769318,580.6769318,20988.84660106,260,247,4,0,118,14,0,18530,0,20,14,35,0.1241387,convex_mesh_per_channel
4,38,9,0,10,10,5746.651573,574.6651573,20623.25787047,264,252,0,0,128,9,1,21968,0,19,17,31,0.1395475,convex_mesh_per_channel
4,38,10,0,10,10,5844.076508,584.4076508,20795.38254695,274,259,2,0,115,20,2,24461,0,14,10,43,0.164954,convex_mesh_per_channel
4,38,11,0,10,10,5929.14392,592.914392,21460.71961129,265,247,5,0,119,16,1,25061,0,18,10,38,0.1730971,convex_mesh_per_channel
4,39,0,0,11,11,5895.581521,535.9619564545,21532.9076076,253,230,13,0,37,32,5,5456,0,0,0,0,0.050534,convex_mesh_per_channel
4,39,1,0,11,11,6375.229905,579.566355,22976.14949858,258,237,66,1,20,16,4,2205,0,14,12,0,0.0338112,convex_mesh_per_channel
4,39,2,0,11,11,5585.404975,507.7640886364,19027.02489614,286,274,7,0,160,31,4,30146,0,0,0,56,0.1913946,convex_mesh_per_channel
4,39,3,0,11,11,5607.563223,509.7784748182,18972.81613291,292,283,5,0,142,27,2,25778,0,12,12,50,0.1689276,convex_mesh_per_channel
4,39,4,0,11,11,6091.299449,553.7544953636,21801.49726254,278,259,9,1,34,32,2,6047,0,0,0,0,0.0462404,convex_mesh_per_channel
4,39,5,0,11,11,5630.597637,511.8725124545,18982.98820497,297,279,5,0,125,22,3,20329,0,21,20,46,0.1448936,convex_mesh_per_channel
4,39,6,0,11,11,5622.71684,511.1560763636,20178.58420042,255,239,6,0,18,17,1,1946,0,17,16,0,0.0322435,convex_mesh_per_channel
4,39,7,0,11,11,5667.064915,515.1877195455,20120.32457951,264,253,5,0,185,19,2,34885,0,22,21,42,0.2008142,convex_mesh_per_channel
4,39,8,0,11,11,5887.218758,535.2017052727,21336.09379729,261,248,4,0,120,12,2,19251,0,24,21,35,0.1212706,convex_mesh_per_channel
4,39,9,0,11,11,6054.71395,550.4285409091,22153.56975002,262,244,5,1,220,17,2,31913,0,25,20,40,0.1995002,convex_mesh_per_channel
4,39,10,0,11,11,5723.02954,520.2754127273,19610.14771553,292,274,4,0,123,20,3,23920,0,22,19,44,0.1847718,convex_mesh_per_channel
4,39,11,0,11,11,5832.801073,530.254643,21059.00536361,262,247,3,0,105,12,2,22393,0,24,20,35,0.1502323,convex_mesh_per_channel
4,40,0,0,13,13,5829.083425,448.3910326923,22555.41712577,209,196,4,0,30,29,1,5740,0,0,0,0,0.0471914,convex_mesh_per_channel
4,40,1,0,13,13,5624.496982,432.653614,21407.4849071,214,205,1,0,14,13,1,1582,0,21,20,0,0.02986,convex_mesh_per_channel
4,40,2,0,13,13,5742.13949,441.7030376923,21275.69748279,237,222,5,0,231,32,6,50036,0,0,0,59,0.2704535,convex_mesh_per_channel
4,40,3,0,13,13,5743.801181,441.8308600769,21224.00594011,241,226,1,0,224,29,4,47055,0,6,6,54,0.2633484,convex_mesh_per_channel
4,40,4,0,13,13,5967.007681,459.0005908462,22905.0384058,220,200,7,0,37,32,5,7550,0,0,0,0,0.0518091,convex_mesh_per_channel
4,40,5,0,13,13,5787.034928,445.1565329231,21260.17466101,247,229,2,0,187,22,5,35820,0,19,19,48,0.2150318,convex_mesh_per_channel
4,40,6,0,13,13,5678.794556,436.8303504615,21453.97277944,222,210,1,0,14,14,0,1534,0,29,27,0,0.0297403,convex_mesh_per_channel
4,40,7,0,13,13,5725.813645,440.4472034615,21204.06823449,238,227,1,0,191,16,4,35954,0,23,23,41,0.1961877,convex_mesh_per_channel
4,40,8,0,13,13,5605.402905,431.1848388462,20947.01452805,227,213,1,0,191,13,1,33207,0,28,28,35,0.2104881,convex_mesh_per_channel
4,40,9,0,13,13,5637.886995,433.683615,21049.43498193,229,212,2,0,218,15,0,39153,0,29,27,36,0.2246121,convex_mesh_per_channel
4,40,10,0,13,13,5715.832731,439.6794408462,20999.16365918,244,228,1,0,185,20,6,42859,0,15,15,47,0.2905353,convex_mesh_per_channel
4,40,11,0,13,13,5605.402905,431.1848388462,20947.01452805,227,213,1,0,191,13,1,41260,0,28,28,35,0.2897796,convex_mesh_per_channel
