problem,seed,method,n,cleared,time_s,avg_s,move_m,measures,switches,miss,fallbacks,plans,exact_plans,local_plans,nonlocal_plans,max_route_gap_m,mean_route_gap_m,weighted_gap_ratio,max_relative_gap,skipped,runtime_s,certificate
3,510001,0,14,14,3833.002069,273.7858620714,15980.01035032,96,87,0,0,0,0,0,0,0,0,0,0,0,0.0010051,seven_point_per_channel
3,510001,1,14,14,4052.42896,289.4592114286,17077.14480663,96,87,0,0,0,0,0,0,0,0,0,0,0,0.0009314,seven_point_per_channel
3,510001,2,14,14,4280.941356,305.7815254286,18179.70677988,97,87,1,0,0,0,0,0,0,0,0,0,0,0.0009156,seven_point_per_channel
3,510001,3,14,14,3833.002069,273.7858620714,15980.01035032,96,87,0,0,0,0,0,0,0,0,0,0,0,0.0009086,seven_point_per_channel
3,510001,4,14,14,3833.002069,273.7858620714,15980.01035032,96,87,0,0,21,19,21,0,1009.635968831,62.83864294246,0.01367079249158,0.1285738624393,0,0.0050882,seven_point_per_channel
3,510001,5,14,14,3967.424069,283.3874335,16657.12035419,96,86,0,1,21,17,21,0,1167.101085076,206.5632427499,0.0311366762613,0.1210503434594,0,0.0052707,seven_point_per_channel
3,510002,0,15,15,3985.25993,265.6839953333,16681.29965854,97,89,0,0,0,0,0,0,0,0,0,0,0,0.0007923,seven_point_per_channel
3,510002,1,15,15,4233.539403,282.2359602,17972.69701779,95,89,0,0,0,0,0,0,0,0,0,0,0,0.0007527,seven_point_per_channel
3,510002,2,15,15,4543.765854,302.9177236,19498.82927233,96,89,0,0,0,0,0,0,0,0,0,0,0,0.000873,seven_point_per_channel
3,510002,3,15,15,3985.25993,265.6839953333,16681.29965854,97,89,0,0,0,0,0,0,0,0,0,0,0,0.0007785,seven_point_per_channel
3,510002,4,15,15,3985.25993,265.6839953333,16681.29965854,97,89,0,0,22,21,22,0,658.875015761,29.94886435277,0.006680197845587,0.08510006486646,0,0.0045423,seven_point_per_channel
3,510002,5,15,15,3958.132019,263.8754679333,16855.66008152,86,82,0,0,22,21,22,0,1023.042915157,46.50195068895,0.007106697968744,0.1088846893892,0,0.0054524,seven_point_per_channel
3,510003,0,11,11,3010.526192,273.6841992727,11637.63095252,105,100,1,0,0,0,0,0,0,0,0,0,0,0.000605,seven_point_per_channel
3,510003,1,11,11,3106.40691,282.4006281818,12157.03454648,104,100,0,0,0,0,0,0,0,0,0,0,0,0.0005799,seven_point_per_channel
3,510003,2,11,11,3217.734213,292.5212920909,12713.67106322,104,100,0,0,0,0,0,0,0,0,0,0,0,0.0005793,seven_point_per_channel
3,510003,3,11,11,3010.526192,273.6841992727,11637.63095252,105,100,1,0,0,0,0,0,0,0,0,0,0,0.0005794,seven_point_per_channel
3,510003,4,11,11,3010.526192,273.6841992727,11637.63095252,105,100,1,0,18,17,18,0,745.0285565351,41.39047536306,0.009446875940599,0.09403453713338,0,0.0028542,seven_point_per_channel
3,510003,5,11,11,2842.15287,258.3775336364,10950.76435676,100,94,1,0,18,15,18,0,540.0766842827,81.15703579967,0.01478307841429,0.06041352800069,0,0.0032014,seven_point_per_channel
3,510004,0,14,14,3541.307645,252.9505460714,14686.5382271,91,76,1,1,0,0,0,0,0,0,0,0,0,0.0014175,seven_point_per_channel
3,510004,1,14,14,3713.407513,265.2433937857,15637.03758226,88,76,0,0,0,0,0,0,0,0,0,0,0,0.0013678,seven_point_per_channel
3,510004,2,14,14,3852.12398,275.1517128571,16305.61990511,89,76,0,0,0,0,0,0,0,0,0,0,0,0.0013923,seven_point_per_channel
3,510004,3,14,14,3541.307645,252.9505460714,14686.5382271,91,76,1,1,0,0,0,0,0,0,0,0,0,0.0013943,seven_point_per_channel
3,510004,4,14,14,3541.307645,252.9505460714,14686.5382271,91,76,1,1,21,15,21,0,965.7518222765,178.8025254606,0.03488515952572,0.1208336824742,0,0.0047164,seven_point_per_channel
3,510004,5,14,14,3437.722469,245.5516049286,14053.61234097,94,81,2,1,21,15,21,0,470.316377099,107.2782958671,0.01955584707937,0.05291782330156,0,0.0053725,seven_point_per_channel
3,510005,0,16,16,3624.473091,226.5295681875,14967.36546718,93,86,0,0,0,0,0,0,0,0,0,0,0,0.0008866,upper_bound_16
3,510005,1,16,16,3889.910505,243.1194065625,16279.55253457,93,86,1,0,0,0,0,0,0,0,0,0,0,0.0008671,upper_bound_16
3,510005,2,16,16,4063.730183,253.9831364375,17188.65091949,92,86,0,0,0,0,0,0,0,0,0,0,0,0.0008532,upper_bound_16
3,510005,3,16,16,3558.565692,222.41035575,14662.82846665,92,86,0,0,0,0,0,0,0,0,0,0,1,0.0008373,upper_bound_16
3,510005,4,16,16,3558.565692,222.41035575,14662.82846665,92,86,0,0,22,20,22,0,745.6731510819,54.09963496143,0.01109201920718,0.09252271469025,1,0.0035075,upper_bound_16
3,510005,5,16,16,3904.679866,244.042491625,16238.39932752,98,87,0,0,22,21,22,0,455.437913073,20.7017233215,0.00374168657059,0.04822462066873,1,0.0059716,upper_bound_16
3,510006,0,16,16,3941.297284,246.33108025,16686.48641906,88,78,2,0,0,0,0,0,0,0,0,0,0,0.0011658,upper_bound_16
3,510006,1,16,16,4213.774941,263.3609338125,18088.87469603,87,78,1,0,0,0,0,0,0,0,0,0,0,0.0011342,upper_bound_16
3,510006,2,16,16,4449.671418,278.104463625,19268.35708605,87,78,1,0,0,0,0,0,0,0,0,0,0,0.0011253,upper_bound_16
3,510006,3,16,16,3941.297284,246.33108025,16686.48641906,88,78,2,0,0,0,0,0,0,0,0,0,0,0.0011225,upper_bound_16
3,510006,4,16,16,3941.297284,246.33108025,16686.48641906,88,78,2,0,23,20,23,0,669.4030152523,56.40041931164,0.01025819830967,0.08507325463767,0,0.006818,upper_bound_16
3,510006,5,16,16,3904.085942,244.005371375,16105.42970593,101,92,2,0,23,19,23,0,593.8885293053,77.80694845543,0.01398522784674,0.06539286562963,0,0.0035685,upper_bound_16
3,510007,0,11,11,3745.00132,340.4546654545,15170.0066034,110,106,0,0,0,0,0,0,0,0,0,0,0,0.0004533,seven_point_per_channel
3,510007,1,11,11,4020.691319,365.5173926364,16523.45659895,111,106,0,0,0,0,0,0,0,0,0,0,0,0.0004526,seven_point_per_channel
3,510007,2,11,11,4182.447581,380.2225073636,17357.23791561,110,106,0,0,0,0,0,0,0,0,0,0,0,0.0004343,seven_point_per_channel
3,510007,3,11,11,3745.00132,340.4546654545,15170.0066034,110,106,0,0,0,0,0,0,0,0,0,0,0,0.0004355,seven_point_per_channel
3,510007,4,11,11,3745.00132,340.4546654545,15170.0066034,110,106,0,0,18,18,18,0,0,0,0,0,0,0.0015662,seven_point_per_channel
3,510007,5,11,11,3784.826624,344.0751476364,15519.13312667,105,101,0,0,18,18,18,0,0,0,0,0,0,0.0030106,seven_point_per_channel
3,510008,0,13,13,3717.526177,285.9635520769,15542.63088965,92,81,1,1,0,0,0,0,0,0,0,0,0,0.0014282,seven_point_per_channel
3,510008,1,13,13,3837.137374,295.1644133846,16190.68687159,90,81,1,1,0,0,0,0,0,0,0,0,0,0.0013615,seven_point_per_channel
3,510008,2,13,13,3989.006731,306.8466716154,16950.03366062,90,81,1,1,0,0,0,0,0,0,0,0,0,0.0013508,seven_point_per_channel
3,510008,3,13,13,3717.526177,285.9635520769,15542.63088965,92,81,1,1,0,0,0,0,0,0,0,0,0,0.0013627,seven_point_per_channel
3,510008,4,13,13,3717.526177,285.9635520769,15542.63088965,92,81,1,1,20,15,20,0,996.0006251337,174.8610337546,0.03540156657491,0.1202507364094,0,0.0054004,seven_point_per_channel
3,510008,5,13,13,3504.843513,269.6033471538,14644.21756503,86,81,0,0,20,15,20,0,575.2096784489,117.4309497159,0.02073712293226,0.05867711918502,0,0.0047264,seven_point_per_channel
3,510009,0,10,10,2966.88624,296.688624,11249.43121638,112,107,0,0,0,0,0,0,0,0,0,0,0,0.0004365,seven_point_per_channel
3,510009,1,10,10,3055.194313,305.5194313,11715.97157809,111,107,0,0,0,0,0,0,0,0,0,0,0,0.0004213,seven_point_per_channel
3,510009,2,10,10,3161.630127,316.1630127,12273.15064894,110,107,0,0,0,0,0,0,0,0,0,0,0,0.0004092,seven_point_per_channel
3,510009,3,10,10,2966.88624,296.688624,11249.43121638,112,107,0,0,0,0,0,0,0,0,0,0,0,0.0004223,seven_point_per_channel
3,510009,4,10,10,2966.88624,296.688624,11249.43121638,112,107,0,0,17,17,17,0,0,0,0,0,0,0.001434,seven_point_per_channel
3,510009,5,10,10,3155.33491,315.533491,12386.67455207,106,98,0,0,17,16,17,0,411.4492215985,24.20289538814,0.004671620777328,0.04402592315054,0,0.0034402,seven_point_per_channel
3,510010,0,11,11,3450.515795,313.6832540909,13727.57897974,109,102,1,0,0,0,0,0,0,0,0,0,0,0.0006101,seven_point_per_channel
3,510010,1,11,11,3584.639845,325.8763495455,14438.19922931,108,102,0,0,0,0,0,0,0,0,0,0,0,0.0006414,seven_point_per_channel
3,510010,2,11,11,3742.351599,340.2137817273,15226.75800576,108,102,0,0,0,0,0,0,0,0,0,0,0,0.0005962,seven_point_per_channel
3,510010,3,11,11,3450.515795,313.6832540909,13727.57897974,109,102,1,0,0,0,0,0,0,0,0,0,0,0.0005876,seven_point_per_channel
3,510010,4,11,11,3450.515795,313.6832540909,13727.57897974,109,102,1,0,18,18,18,0,0,0,0,0,0,0.0031457,seven_point_per_channel
3,510010,5,11,11,3495.793114,317.799374,14098.96556532,104,98,1,0,18,18,18,0,0,0,0,0,0,0.0029959,seven_point_per_channel
3,510011,0,13,13,2717.870361,209.0669508462,10324.35181345,99,93,0,0,0,0,0,0,0,0,0,0,0,0.0006363,seven_point_per_channel
3,510011,1,13,13,2890.346679,222.3343599231,11186.7333891,99,93,0,0,0,0,0,0,0,0,0,0,0,0.0005993,seven_point_per_channel
3,510011,2,13,13,3059.173935,235.3210719231,12030.86967994,99,93,0,0,0,0,0,0,0,0,0,0,0,0.0006016,seven_point_per_channel
3,510011,3,13,13,2717.870361,209.0669508462,10324.35181345,99,93,0,0,0,0,0,0,0,0,0,0,0,0.0005892,seven_point_per_channel
3,510011,4,13,13,2717.870361,209.0669508462,10324.35181345,99,93,0,0,20,20,20,0,0,0,0,0,0,0.0043466,seven_point_per_channel
3,510011,5,13,13,2848.541316,219.1185627692,11057.70657006,96,89,1,0,20,16,20,0,793.7819184443,130.4478301174,0.02279132290719,0.08111248066056,0,0.0062128,seven_point_per_channel
3,510012,0,15,15,3887.875935,259.191729,16394.37968511,90,81,1,0,0,0,0,0,0,0,0,0,0,0.0011647,seven_point_per_channel
3,510012,1,15,15,4201.903926,280.1269284,17924.51964425,91,81,2,1,0,0,0,0,0,0,0,0,0,0.0011516,seven_point_per_channel
3,510012,2,15,15,4557.901679,303.8601119333,19754.50842038,89,81,2,0,0,0,0,0,0,0,0,0,0,0.0011409,seven_point_per_channel
3,510012,3,15,15,3887.875935,259.191729,16394.37968511,90,81,1,0,0,0,0,0,0,0,0,0,0,0.0011344,seven_point_per_channel
3,510012,4,15,15,3887.875935,259.191729,16394.37968511,90,81,1,0,22,17,22,0,945.8317342034,115.8848948407,0.02601252993506,0.11920215517,0,0.0052481,seven_point_per_channel
3,510012,5,15,15,3902.864328,260.1909552,16404.32165045,92,81,2,0,22,16,22,0,581.9225039567,133.2363034487,0.02207824836836,0.05923863017136,0,0.0055861,seven_point_per_channel
3,510013,0,16,16,4199.292424,262.4557765,17576.46211874,102,94,0,1,0,0,0,0,0,0,0,0,0,0.0006988,upper_bound_16
3,510013,1,16,16,4431.813332,276.98833325,18789.06666083,100,94,0,0,0,0,0,0,0,0,0,0,0,0.000671,upper_bound_16
3,510013,2,16,16,4611.521434,288.220089625,19687.60718995,100,94,0,0,0,0,0,0,0,0,0,0,0,0.0006504,upper_bound_16
3,510013,3,16,16,4208.948061,263.0592538125,17719.74029966,99,90,0,1,0,0,0,0,0,0,0,0,1,0.0006691,upper_bound_16
3,510013,4,16,16,4208.948061,263.0592538125,17719.74029966,99,90,0,1,22,22,22,0,0,0,0,0,1,0.0023379,upper_bound_16
3,510013,5,16,16,4154.369181,259.6480738125,17701.84590362,90,84,0,0,22,20,22,0,539.3445621065,25.02106779889,0.003875883357169,0.05061408046525,1,0.0051034,upper_bound_16
3,510014,0,15,15,3754.764284,250.3176189333,15578.82143959,95,86,1,0,0,0,0,0,0,0,0,0,0,0.0010566,seven_point_per_channel
3,510014,1,15,15,3981.168383,265.4112255333,16800.84192336,92,86,0,0,0,0,0,0,0,0,0,0,0,0.0010072,seven_point_per_channel
3,510014,2,15,15,4192.895684,279.5263789333,17859.47842763,92,86,0,0,0,0,0,0,0,0,0,0,0,0.0009879,seven_point_per_channel
3,510014,3,15,15,3754.764284,250.3176189333,15578.82143959,95,86,1,0,0,0,0,0,0,0,0,0,0,0.0009817,seven_point_per_channel
3,510014,4,15,15,3754.764284,250.3176189333,15578.82143959,95,86,1,0,22,18,22,0,793.4060683129,111.0272702546,0.02362011709801,0.09972437772593,0,0.0038076,seven_point_per_channel
3,510014,5,15,15,3432.836176,228.8557450667,14109.18088485,90,86,0,0,22,16,22,0,659.6963462202,128.4531896668,0.02399740431123,0.07198419486733,0,0.0044007,seven_point_per_channel
3,510015,0,11,11,2882.016473,262.0014975455,11250.08237295,97,92,0,0,0,0,0,0,0,0,0,0,0,0.0006389,seven_point_per_channel
3,510015,1,11,11,2989.424595,271.7658722727,11787.12297241,97,92,0,0,0,0,0,0,0,0,0,0,0,0.0006229,seven_point_per_channel
3,510015,2,11,11,3054.414872,277.6740792727,12112.07436329,97,92,0,0,0,0,0,0,0,0,0,0,0,0.0006216,seven_point_per_channel
3,510015,3,11,11,2882.016473,262.0014975455,11250.08237295,97,92,0,0,0,0,0,0,0,0,0,0,0,0.0006108,seven_point_per_channel
3,510015,4,11,11,2882.016473,262.0014975455,11250.08237295,97,92,0,0,18,18,18,0,0,0,0,0,0,0.0051417,seven_point_per_channel
3,510015,5,11,11,3310.307428,300.9370389091,13116.53714025,106,102,0,0,18,18,18,0,0,0,0,0,0,0.0028462,seven_point_per_channel
3,510016,0,12,12,3438.328405,286.5273670833,13761.64202916,106,96,0,0,0,0,0,0,0,0,0,0,0,0.0007278,seven_point_per_channel
3,510016,1,12,12,3663.668289,305.30569075,14888.34145523,106,96,0,0,0,0,0,0,0,0,0,0,0,0.0007698,seven_point_per_channel
3,510016,2,12,12,3851.684628,320.973719,15853.42313828,105,96,0,0,0,0,0,0,0,0,0,0,0,0.0007172,seven_point_per_channel
3,510016,3,12,12,3438.328405,286.5273670833,13761.64202916,106,96,0,0,0,0,0,0,0,0,0,0,0,0.0007426,seven_point_per_channel
3,510016,4,12,12,3438.328405,286.5273670833,13761.64202916,106,96,0,0,19,18,19,0,1036.292484272,54.54170969855,0.01405249857135,0.1281362771159,0,0.0045222,seven_point_per_channel
3,510016,5,12,12,3369.164192,280.7636826667,13635.82095528,98,92,0,0,19,16,19,0,1009.662374414,126.961160156,0.02379930736442,0.1090681783916,0,0.0043085,seven_point_per_channel
3,510017,0,14,14,3047.696153,217.6925823571,12268.48075996,88,78,2,0,0,0,0,0,0,0,0,0,0,0.0015623,seven_point_per_channel
3,510017,1,14,14,3194.947741,228.2105529286,13029.73870886,87,78,2,0,0,0,0,0,0,0,0,0,0,0.0015323,seven_point_per_channel
3,510017,2,14,14,3374.719613,241.0514009286,13928.59806489,87,78,2,0,0,0,0,0,0,0,0,0,0,0.0014694,seven_point_per_channel
3,510017,3,14,14,3047.696153,217.6925823571,12268.48075996,88,78,2,0,0,0,0,0,0,0,0,0,0,0.0014812,seven_point_per_channel
3,510017,4,14,14,3047.696153,217.6925823571,12268.48075996,88,78,2,0,21,15,21,0,870.7053643211,160.9048298585,0.03625746523189,0.1082381489022,0,0.0054929,seven_point_per_channel
3,510017,5,14,14,3200.397334,228.5998095714,13101.98666618,86,77,1,0,21,14,21,0,717.4784673861,114.7549082467,0.01810944944239,0.07788580135535,0,0.0046431,seven_point_per_channel
3,510018,0,10,10,3048.646376,304.8646376,11803.23188867,107,103,0,0,0,0,0,0,0,0,0,0,0,0.0004716,seven_point_per_channel
3,510018,1,10,10,3239.818567,323.9818567,12784.0928344,106,103,0,0,0,0,0,0,0,0,0,0,0,0.0004624,seven_point_per_channel
3,510018,2,10,10,3397.174199,339.7174199,13570.87100827,106,103,0,0,0,0,0,0,0,0,0,0,0,0.0004499,seven_point_per_channel
3,510018,3,10,10,3048.646376,304.8646376,11803.23188867,107,103,0,0,0,0,0,0,0,0,0,0,0,0.0004517,seven_point_per_channel
3,510018,4,10,10,3048.646376,304.8646376,11803.23188867,107,103,0,0,17,17,17,0,0,0,0,0,0,0.0015291,seven_point_per_channel
3,510018,5,10,10,3063.785735,306.3785735,11803.92867403,110,103,0,0,17,17,17,0,0,0,0,0,0,0.0017602,seven_point_per_channel
3,510019,0,10,10,2966.102636,296.6102636,11725.5131759,96,91,0,0,0,0,0,0,0,0,0,0,0,0.0008582,seven_point_per_channel
3,510019,1,10,10,3101.228409,310.1228409,12361.14203698,97,91,1,0,0,0,0,0,0,0,0,0,0,0.0008592,seven_point_per_channel
3,510019,2,10,10,3162.133285,316.2133285,12705.66642086,96,91,0,0,0,0,0,0,0,0,0,0,0,0.0008501,seven_point_per_channel
3,510019,3,10,10,2966.102636,296.6102636,11725.5131759,96,91,0,0,0,0,0,0,0,0,0,0,0,0.0008727,seven_point_per_channel
3,510019,4,10,10,2966.102636,296.6102636,11725.5131759,96,91,0,0,17,14,17,0,612.4550543088,87.34367036604,0.0185614688572,0.07736541057527,0,0.0044098,seven_point_per_channel
3,510019,5,10,10,3115.932997,311.5932997,12414.66498669,98,93,0,0,17,15,17,0,698.6722878741,69.62118288316,0.01342947498246,0.07614536107451,0,0.004518,seven_point_per_channel
3,510020,0,11,11,3593.188266,326.6534787273,14410.94134132,110,106,0,0,0,0,0,0,0,0,0,0,0,0.000441,seven_point_per_channel
3,510020,1,11,11,3909.863404,355.4421276364,15954.31703726,111,106,1,0,0,0,0,0,0,0,0,0,0,0.0004357,seven_point_per_channel
3,510020,2,11,11,4113.865422,373.9877656364,16974.32711517,111,106,1,0,0,0,0,0,0,0,0,0,0,0.0004297,seven_point_per_channel
3,510020,3,11,11,3593.188266,326.6534787273,14410.94134132,110,106,0,0,0,0,0,0,0,0,0,0,0,0.000409,seven_point_per_channel
3,510020,4,11,11,3593.188266,326.6534787273,14410.94134132,110,106,0,0,18,18,18,0,0,0,0,0,0,0.0007629,seven_point_per_channel
3,510020,5,11,11,3482.466615,316.5878740909,13857.33307615,110,106,0,0,18,18,18,0,0,0,0,0,0,0.0015258,seven_point_per_channel
3,510021,0,11,11,3370.98933,306.4535754545,13629.9466594,99,95,0,0,0,0,0,0,0,0,0,0,0,0.0005696,seven_point_per_channel
3,510021,1,11,11,3547.374705,322.4886095455,14511.87352399,99,95,0,0,0,0,0,0,0,0,0,0,0,0.0005573,seven_point_per_channel
3,510021,2,11,11,3719.34651,338.12241,15396.73255679,98,95,0,0,0,0,0,0,0,0,0,0,0,0.0005465,seven_point_per_channel
3,510021,3,11,11,3370.98933,306.4535754545,13629.9466594,99,95,0,0,0,0,0,0,0,0,0,0,0,0.000605,seven_point_per_channel
3,510021,4,11,11,3370.98933,306.4535754545,13629.9466594,99,95,0,0,18,18,18,0,0,0,0,0,0,0.0043908,seven_point_per_channel
3,510021,5,11,11,3325.262582,302.2965983636,13296.31290907,103,96,0,0,18,16,18,0,783.8480678535,62.53310249462,0.01276691663543,0.08169522296396,0,0.0041274,seven_point_per_channel
3,510022,0,16,16,3664.926597,229.0579123125,15479.63298847,83,71,1,0,0,0,0,0,0,0,0,0,0,0.00167,upper_bound_16
3,510022,1,16,16,3865.329514,241.583094625,16521.64759051,82,71,0,0,0,0,0,0,0,0,0,0,0,0.0016423,upper_bound_16
3,510022,2,16,16,4062.249155,253.8905721875,17506.2457897,82,71,0,0,0,0,0,0,0,0,0,0,0,0.001603,upper_bound_16
3,510022,3,16,16,3664.926597,229.0579123125,15479.63298847,83,71,1,0,0,0,0,0,0,0,0,0,0,0.0016235,upper_bound_16
3,510022,4,16,16,3664.926597,229.0579123125,15479.63298847,83,71,1,0,23,15,23,0,1261.672803029,276.8768269933,0.0547035113895,0.1456037187409,0,0.0057064,upper_bound_16
3,510022,5,16,16,3818.334012,238.64587575,16081.6700686,88,79,1,0,22,17,22,0,810.1282667626,132.2429869194,0.02437949009824,0.08553776415356,1,0.0045121,upper_bound_16
3,510023,0,10,10,3310.617135,331.0617135,13028.08568283,110,99,2,1,0,0,0,0,0,0,0,0,0,0.0005335,seven_point_per_channel
3,510023,1,10,10,3461.838877,346.1838877,13824.1943933,109,99,1,1,0,0,0,0,0,0,0,0,0,0.0005089,seven_point_per_channel
3,510023,2,10,10,3662.072354,366.2072354,14825.36177473,109,99,1,1,0,0,0,0,0,0,0,0,0,0.0005025,seven_point_per_channel
3,510023,3,10,10,3310.617135,331.0617135,13028.08568283,110,99,2,1,0,0,0,0,0,0,0,0,0,0.0005085,seven_point_per_channel
3,510023,4,10,10,3310.617135,331.0617135,13028.08568283,110,99,2,1,17,17,17,0,0,0,0,0,0,0.0031629,seven_point_per_channel
3,510023,5,10,10,3044.949841,304.4949841,11834.74921036,105,100,1,0,17,17,17,0,0,0,0,0,0,0.0037882,seven_point_per_channel
3,510024,0,14,14,3805.862899,271.8473499286,15754.31451275,98,92,1,0,0,0,0,0,0,0,0,0,0,0.0009049,seven_point_per_channel
3,510024,1,14,14,4044.024612,288.8589008571,16945.1230813,98,92,1,0,0,0,0,0,0,0,0,0,0,0.0008526,seven_point_per_channel
3,510024,2,14,14,4219.97696,301.4269257143,17839.88481591,98,92,0,0,0,0,0,0,0,0,0,0,0,0.000843,seven_point_per_channel
3,510024,3,14,14,3805.862899,271.8473499286,15754.31451275,98,92,1,0,0,0,0,0,0,0,0,0,0,0.0008284,seven_point_per_channel
3,510024,4,14,14,3805.862899,271.8473499286,15754.31451275,98,92,1,0,21,20,21,0,419.1363416566,19.95887341222,0.004388686873371,0.05286238301275,0,0.0047739,seven_point_per_channel
3,510024,5,14,14,3619.969336,258.5692382857,15114.84668955,89,82,0,0,21,16,21,0,481.28337998,74.54892834411,0.01348011427794,0.05439169595815,0,0.0055025,seven_point_per_channel
3,510025,0,10,10,3200.886568,320.0886568,12544.4328338,107,101,2,0,0,0,0,0,0,0,0,0,0,0.0005771,seven_point_per_channel
3,510025,1,10,10,3383.151778,338.3151778,13440.75888889,107,101,3,0,0,0,0,0,0,0,0,0,0,0.0005875,seven_point_per_channel
3,510025,2,10,10,3473.40343,347.340343,13972.0171519,105,101,1,0,0,0,0,0,0,0,0,0,0,0.000544,seven_point_per_channel
3,510025,3,10,10,3200.886568,320.0886568,12544.4328338,107,101,2,0,0,0,0,0,0,0,0,0,0,0.0005499,seven_point_per_channel
3,510025,4,10,10,3200.886568,320.0886568,12544.4328338,107,101,2,0,17,16,17,0,567.4632051049,33.38018853558,0.007622923095283,0.07231539973872,0,0.0025559,seven_point_per_channel
3,510025,5,10,10,2862.019948,286.2019948,11170.09973956,97,93,0,0,17,15,17,0,423.7555980296,48.38429598842,0.008769681792858,0.05018233496933,0,0.004382,seven_point_per_channel
3,510026,0,14,14,4349.070402,310.6478858571,18430.35201888,99,95,1,0,0,0,0,0,0,0,0,0,0,0.0007215,seven_point_per_channel
3,510026,1,14,14,4731.430161,337.9592972143,20342.15082995,99,95,1,0,0,0,0,0,0,0,0,0,0,0.0007051,seven_point_per_channel
3,510026,2,14,14,4951.155704,353.6539788571,21440.7785417,99,95,1,0,0,0,0,0,0,0,0,0,0,0.0007023,seven_point_per_channel
3,510026,3,14,14,4349.070402,310.6478858571,18430.35201888,99,95,1,0,0,0,0,0,0,0,0,0,0,0.0006969,seven_point_per_channel
3,510026,4,14,14,4374.053978,312.432427,18575.26991008,99,94,0,0,21,20,21,0,1033.60487924,49.21927996379,0.01008433504065,0.1253228790359,0,0.0044828,seven_point_per_channel
3,510026,5,14,14,4503.901744,321.7072674286,19139.50872955,102,93,1,0,21,20,21,0,943.9789959397,44.95138075903,0.008753947374961,0.09693939920711,0,0.0044263,seven_point_per_channel
3,510027,0,14,14,3831.089823,273.6492730714,15970.44911641,95,89,1,0,0,0,0,0,0,0,0,0,0,0.0008251,seven_point_per_channel
3,510027,1,14,14,4051.748415,289.4106010714,17088.74207217,95,89,0,0,0,0,0,0,0,0,0,0,0,0.0008007,seven_point_per_channel
3,510027,2,14,14,4257.104471,304.0788907857,18125.52235877,94,89,1,0,0,0,0,0,0,0,0,0,0,0.0007893,seven_point_per_channel
3,510027,3,14,14,3831.089823,273.6492730714,15970.44911641,95,89,1,0,0,0,0,0,0,0,0,0,0,0.0007977,seven_point_per_channel
3,510027,4,14,14,3831.089823,273.6492730714,15970.44911641,95,89,1,0,21,19,21,0,784.5653469159,62.89618510319,0.01479024467165,0.09919908068977,0,0.0046526,seven_point_per_channel
3,510027,5,14,14,3997.978393,285.5698852143,16704.89196141,99,89,1,2,21,18,21,0,709.8319140142,88.5963741992,0.01714317998965,0.07723464974149,0,0.0037908,seven_point_per_channel
3,510028,0,16,16,4240.298024,265.0186265,18126.49012336,90,85,0,0,0,0,0,0,0,0,0,0,0,0.0010649,upper_bound_16
3,510028,1,16,16,4550.166048,284.385378,19660.83025069,90,85,1,0,0,0,0,0,0,0,0,0,0,0.0010627,upper_bound_16
3,510028,2,16,16,4809.071722,300.566982625,20955.3586167,90,85,1,0,0,0,0,0,0,0,0,0,0,0.0010533,upper_bound_16
3,510028,3,16,16,4240.298024,265.0186265,18126.49012336,90,85,0,0,0,0,0,0,0,0,0,0,0,0.0010298,upper_bound_16
3,510028,4,16,16,4240.298024,265.0186265,18126.49012336,90,85,0,0,23,19,23,0,941.3649572541,111.6011032541,0.02609398856013,0.1183495339273,0,0.0043573,upper_bound_16
3,510028,5,16,16,3883.877846,242.742365375,16344.38923323,90,85,0,0,23,19,23,0,992.0833047366,122.6852227688,0.02336653487376,0.1119757662979,0,0.0042773,upper_bound_16
3,510029,0,16,16,4390.605101,274.4128188125,18823.02550328,93,81,0,0,0,0,0,0,0,0,0,0,0,0.0013358,upper_bound_16
3,510029,1,16,16,4683.355462,292.709716375,20311.77731558,92,81,0,0,0,0,0,0,0,0,0,0,0,0.0013535,upper_bound_16
3,510029,2,16,16,4977.683688,311.1052305,21743.41845253,93,81,1,0,0,0,0,0,0,0,0,0,0,0.0014323,upper_bound_16
3,510029,3,16,16,4342.064235,271.3790146875,18725.3211709,88,77,0,0,0,0,0,0,0,0,0,0,1,0.0013882,upper_bound_16
3,510029,4,16,16,4342.064235,271.3790146875,18725.3211709,88,77,0,0,22,16,22,0,961.1956125956,162.2707834724,0.0342763169493,0.1175134196196,1,0.0058587,upper_bound_16
3,510029,5,16,16,4205.809919,262.8631199375,18109.04959445,86,74,0,0,22,14,22,0,500.2900612328,112.2165544578,0.01803312756081,0.04464915744342,1,0.0053675,upper_bound_16
3,510030,0,16,16,3330.388579,208.1492861875,13771.94289822,84,70,2,0,0,0,0,0,0,0,0,0,0,0.0015834,upper_bound_16
3,510030,1,16,16,3430.366316,214.39789475,14296.83158019,83,70,2,0,0,0,0,0,0,0,0,0,0,0.0016821,upper_bound_16
3,510030,2,16,16,3524.597562,220.287347625,14807.98781567,82,70,1,0,0,0,0,0,0,0,0,0,0,0.0016181,upper_bound_16
3,510030,3,16,16,3286.994621,205.4371638125,13649.97311242,81,66,2,0,0,0,0,0,0,0,0,0,2,0.0015097,upper_bound_16
3,510030,4,16,16,3286.994621,205.4371638125,13649.97311242,81,66,2,0,21,14,21,0,1017.592095128,174.7942099617,0.03937207940425,0.1229250636637,2,0.0050494,upper_bound_16
3,510030,5,16,16,3734.039978,233.377498625,15820.19989016,83,69,2,1,22,14,22,0,758.7328067657,218.1854630588,0.03651395485855,0.08878621557994,1,0.0056719,upper_bound_16
3,510031,0,15,15,3860.662982,257.3775321333,15983.31491036,98,90,3,0,0,0,0,0,0,0,0,0,0,0.0008545,seven_point_per_channel
3,510031,1,15,15,4136.475832,275.7650554667,17402.37916864,97,90,2,0,0,0,0,0,0,0,0,0,0,0.0008263,seven_point_per_channel
3,510031,2,15,15,4618.048496,307.8698997333,19850.24248513,96,90,1,0,0,0,0,0,0,0,0,0,0,0.0008062,seven_point_per_channel
3,510031,3,15,15,3860.662982,257.3775321333,15983.31491036,98,90,3,0,0,0,0,0,0,0,0,0,0,0.0008271,seven_point_per_channel
3,510031,4,15,15,3860.662982,257.3775321333,15983.31491036,98,90,3,0,22,21,22,0,449.8193454348,20.4463338834,0.004635541891789,0.05778010326058,0,0.0053122,seven_point_per_channel
3,510031,5,15,15,3828.265594,255.2177062667,15831.32797154,99,89,1,0,22,20,22,0,1173.186746797,87.16466349843,0.01563439480582,0.1068682837171,0,0.0059438,seven_point_per_channel
3,510032,0,16,16,4100.858577,256.3036610625,17529.29290342,88,75,0,1,0,0,0,0,0,0,0,0,0,0.0015124,upper_bound_16
3,510032,1,16,16,4380.011251,273.7507031875,18925.05625824,88,75,0,1,0,0,0,0,0,0,0,0,0,0.0014608,upper_bound_16
3,510032,2,16,16,4654.616449,290.9135280625,20248.08223507,90,75,0,1,0,0,0,0,0,0,0,0,0,0.0014324,upper_bound_16
3,510032,3,16,16,4100.858577,256.3036610625,17529.29290342,88,75,0,1,0,0,0,0,0,0,0,0,0,0.0014471,upper_bound_16
3,510032,4,16,16,3589.858259,224.3661411875,15029.29131831,85,76,1,1,22,18,22,0,787.5837476588,91.10638364249,0.02004538889628,0.09987082311966,1,0.0046545,upper_bound_16
3,510032,5,16,16,3597.922961,224.8701850625,15654.61482946,66,57,0,1,20,12,20,0,619.245341311,93.15548241626,0.0129890081885,0.06107747137571,3,0.0051887,upper_bound_16
3,510033,0,15,15,3969.748315,264.6498876667,16458.74156694,102,93,0,0,0,0,0,0,0,0,0,0,0,0.0006679,seven_point_per_channel
3,510033,1,15,15,4214.896874,280.9931249333,17734.48437738,100,93,0,0,0,0,0,0,0,0,0,0,0,0.0006365,seven_point_per_channel
3,510033,2,15,15,4543.960424,302.9306949333,19339.80213791,101,93,1,1,0,0,0,0,0,0,0,0,0,0.0006471,seven_point_per_channel
3,510033,3,15,15,3969.748315,264.6498876667,16458.74156694,102,93,0,0,0,0,0,0,0,0,0,0,0,0.0006528,seven_point_per_channel
3,510033,4,15,15,3969.748315,264.6498876667,16458.74156694,102,93,0,0,22,22,22,0,0,0,0,0,0,0.0034101,seven_point_per_channel
3,510033,5,15,15,4247.329799,283.1553199333,17836.64899405,102,92,1,0,22,22,22,0,0,0,0,0,0,0.0033846,seven_point_per_channel
3,510034,0,15,15,3656.210059,243.7473372667,15571.05028786,79,72,0,0,0,0,0,0,0,0,0,0,0,0.0018503,seven_point_per_channel
3,510034,1,15,15,3961.663966,264.1109310667,17083.31983667,79,72,1,0,0,0,0,0,0,0,0,0,0,0.0018073,seven_point_per_channel
3,510034,2,15,15,4209.033093,280.6022062,18360.16547425,78,72,0,0,0,0,0,0,0,0,0,0,0,0.0017989,seven_point_per_channel
3,510034,3,15,15,3656.210059,243.7473372667,15571.05028786,79,72,0,0,0,0,0,0,0,0,0,0,0,0.0018256,seven_point_per_channel
3,510034,4,15,15,3656.210059,243.7473372667,15571.05028786,79,72,0,0,22,13,22,0,835.6022744565,210.3247638889,0.04843222135175,0.1044326989794,0,0.0058948,seven_point_per_channel
3,510034,5,15,15,3473.017003,231.5344668667,14640.08501961,79,72,1,0,22,14,22,0,753.3258750765,113.5004636999,0.01784751660754,0.061560450517,0,0.0066775,seven_point_per_channel
3,510035,0,16,16,4185.058621,261.5661638125,17900.29310567,89,80,0,0,0,0,0,0,0,0,0,0,0,0.0008778,upper_bound_16
3,510035,1,16,16,4591.230341,286.9518963125,19906.15173029,90,80,0,0,0,0,0,0,0,0,0,0,0,0.000868,upper_bound_16
3,510035,2,16,16,5161.844757,322.6152973125,22709.22380845,92,80,0,0,0,0,0,0,0,0,0,0,0,0.0008602,upper_bound_16
3,510035,3,16,16,4185.058621,261.5661638125,17900.29310567,89,80,0,0,0,0,0,0,0,0,0,0,1,0.0008324,upper_bound_16
3,510035,4,16,16,4185.058621,261.5661638125,17900.29310567,89,80,0,0,22,21,22,0,784.1801430806,35.64455195821,0.00713184019132,0.09706655311594,1,0.0060198,upper_bound_16
3,510035,5,16,16,4278.717419,267.4198386875,18013.58709669,101,91,0,0,23,23,23,0,0,0,0,0,0,0.0062724,upper_bound_16
3,510036,0,14,14,4398.67685,314.1912035714,18583.38424998,103,94,1,1,0,0,0,0,0,0,0,0,0,0.0008164,seven_point_per_channel
3,510036,1,14,14,4682.63842,334.4741728571,20028.19211314,102,94,1,0,0,0,0,0,0,0,0,0,0,0.0007734,seven_point_per_channel
3,510036,2,14,14,4961.778591,354.4127565,21463.89295794,101,94,0,0,0,0,0,0,0,0,0,0,0,0.0007555,seven_point_per_channel
3,510036,3,14,14,4398.67685,314.1912035714,18583.38424998,103,94,1,1,0,0,0,0,0,0,0,0,0,0.0007717,seven_point_per_channel
3,510036,4,14,14,4398.67685,314.1912035714,18583.38424998,103,94,1,1,21,19,21,0,976.2978702096,57.97886876008,0.01495510283972,0.1233080869882,0,0.0035162,seven_point_per_channel
3,510036,5,14,14,4017.087534,286.9348238571,17095.43767731,89,83,0,0,21,19,21,0,777.9380312049,71.66176416076,0.0128221817558,0.08285851493162,0,0.0059996,seven_point_per_channel
3,510037,0,12,12,3730.297624,310.8581353333,15361.48813321,100,95,1,0,0,0,0,0,0,0,0,0,0,0.0005917,seven_point_per_channel
3,510037,1,12,12,4030.132128,335.844344,16860.66063858,100,95,1,0,0,0,0,0,0,0,0,0,0,0.0005948,seven_point_per_channel
3,510037,2,12,12,4238.485767,353.20714725,17942.42884747,99,95,0,0,0,0,0,0,0,0,0,0,0,0.0005634,seven_point_per_channel
3,510037,3,12,12,3730.297624,310.8581353333,15361.48813321,100,95,1,0,0,0,0,0,0,0,0,0,0,0.0005714,seven_point_per_channel
3,510037,4,12,12,3730.297624,310.8581353333,15361.48813321,100,95,1,0,19,19,19,0,0,0,0,0,0,0.0041197,seven_point_per_channel
3,510037,5,12,12,3670.159525,305.8466270833,15085.79763199,99,95,1,0,19,19,19,0,0,0,0,0,0,0.0052642,seven_point_per_channel
3,510038,0,15,15,3494.070485,232.9380323333,14215.35245529,97,88,1,0,0,0,0,0,0,0,0,0,0,0.0007783,seven_point_per_channel
3,510038,1,15,15,3728.043446,248.5362297333,15420.21722954,95,88,2,0,0,0,0,0,0,0,0,0,0,0.0006982,seven_point_per_channel
3,510038,2,15,15,3928.339445,261.8892963333,16396.69723565,96,88,2,0,0,0,0,0,0,0,0,0,0,0.0006927,seven_point_per_channel
3,510038,3,15,15,3494.070485,232.9380323333,14215.35245529,97,88,1,0,0,0,0,0,0,0,0,0,0,0.0007127,seven_point_per_channel
3,510038,4,15,15,3494.070485,232.9380323333,14215.35245529,97,88,1,0,22,21,22,0,1.000000338536e-06,4.545456084253e-08,9.524663689328e-12,1.433542156265e-10,0,0.0033846,seven_point_per_channel
3,510038,5,15,15,3317.802635,221.1868423333,13274.01319295,99,93,0,0,22,22,22,0,0,0,0,0,0,0.0049056,seven_point_per_channel
3,510039,0,10,10,3651.247595,365.1247595,14521.23797541,117,106,2,1,0,0,0,0,0,0,0,0,0,0.0004537,seven_point_per_channel
3,510039,1,10,10,3809.706647,380.9706647,15303.53324467,118,106,1,1,0,0,0,0,0,0,0,0,0,0.0004366,seven_point_per_channel
3,510039,2,10,10,3908.548361,390.8548361,15847.74181022,116,106,1,1,0,0,0,0,0,0,0,0,0,0.0004098,seven_point_per_channel
3,510039,3,10,10,3651.247595,365.1247595,14521.23797541,117,106,2,1,0,0,0,0,0,0,0,0,0,0.0004269,seven_point_per_channel
3,510039,4,10,10,3651.247595,365.1247595,14521.23797541,117,106,2,1,17,17,17,0,0,0,0,0,0,0.0013878,seven_point_per_channel
3,510039,5,10,10,3428.740009,342.8740009,13513.70004416,114,106,0,0,17,17,17,0,0,0,0,0,0,0.0014288,seven_point_per_channel
3,510040,0,11,11,3424.898581,311.3544164545,13599.49290802,109,105,0,0,0,0,0,0,0,0,0,0,0,0.0004548,seven_point_per_channel
3,510040,1,11,11,3581.28603,325.5714572727,14381.4301557,109,105,0,0,0,0,0,0,0,0,0,0,0,0.0004478,seven_point_per_channel
3,510040,2,11,11,3747.886399,340.7169453636,15214.43200166,109,105,0,0,0,0,0,0,0,0,0,0,0,0.0004395,seven_point_per_channel
3,510040,3,11,11,3424.898581,311.3544164545,13599.49290802,109,105,0,0,0,0,0,0,0,0,0,0,0,0.0004309,seven_point_per_channel
3,510040,4,11,11,3424.898581,311.3544164545,13599.49290802,109,105,0,0,18,18,18,0,0,0,0,0,0,0.0016025,seven_point_per_channel
3,510040,5,11,11,3168.814782,288.0740710909,12539.07390757,102,96,0,0,18,17,18,0,586.2034174667,32.56685652593,0.006037673558464,0.06157679695537,0,0.0033185,seven_point_per_channel
3,510041,0,16,16,4115.163576,257.1977235,17520.81788478,89,80,2,0,0,0,0,0,0,0,0,0,0,0.0014398,upper_bound_16
3,510041,1,16,16,4297.449333,268.5905833125,18512.24666949,87,80,0,0,0,0,0,0,0,0,0,0,0,0.0014057,upper_bound_16
3,510041,2,16,16,4611.431735,288.2144834375,20082.15868484,87,80,0,0,0,0,0,0,0,0,0,0,0,0.0015025,upper_bound_16
3,510041,3,16,16,4115.163576,257.1977235,17520.81788478,89,80,2,0,0,0,0,0,0,0,0,0,0,0.0014376,upper_bound_16
3,510041,4,16,16,4115.163576,257.1977235,17520.81788478,89,80,2,0,23,17,23,0,676.2028961441,77.0299024339,0.0171332376111,0.08376190115271,0,0.0048411,upper_bound_16
3,510041,5,16,16,3646.213197,227.8883248125,15216.06598178,88,80,1,0,23,17,23,0,640.8624176938,110.3879578735,0.01928802727498,0.06176414278878,0,0.0044494,upper_bound_16
3,510042,0,11,11,3366.146712,306.0133374545,13415.73355792,106,98,0,0,0,0,0,0,0,0,0,0,0,0.0005857,seven_point_per_channel
3,510042,1,11,11,3467.551802,315.231982,13922.75901402,106,98,0,0,0,0,0,0,0,0,0,0,0,0.0006048,seven_point_per_channel
3,510042,2,11,11,3588.098306,326.1907550909,14525.49153099,106,98,0,0,0,0,0,0,0,0,0,0,0,0.0005698,seven_point_per_channel
3,510042,3,11,11,3366.146712,306.0133374545,13415.73355792,106,98,0,0,0,0,0,0,0,0,0,0,0,0.0005713,seven_point_per_channel
3,510042,4,11,11,3366.146712,306.0133374545,13415.73355792,106,98,0,0,18,17,18,0,640.7893937124,35.5994107618,0.007634601811276,0.08186497671708,0,0.002992,seven_point_per_channel
3,510042,5,11,11,3024.110094,274.9190994545,11875.55047272,100,94,0,0,18,15,18,0,692.3929553193,87.14736028913,0.01615848578636,0.07646236580977,0,0.0032278,seven_point_per_channel
3,510043,0,11,11,3268.011223,297.0919293636,13100.05612312,100,93,0,0,0,0,0,0,0,0,0,0,0,0.0008481,seven_point_per_channel
3,510043,1,11,11,3443.733851,313.0667137273,14003.669257,99,93,0,0,0,0,0,0,0,0,0,0,0,0.0007933,seven_point_per_channel
3,510043,2,11,11,3610.018268,328.1834789091,14835.0913492,99,93,0,0,0,0,0,0,0,0,0,0,0,0.000802,seven_point_per_channel
3,510043,3,11,11,3268.011223,297.0919293636,13100.05612312,100,93,0,0,0,0,0,0,0,0,0,0,0,0.0007994,seven_point_per_channel
3,510043,4,11,11,3268.011223,297.0919293636,13100.05612312,100,93,0,0,18,16,18,0,713.405021822,75.18963296453,0.01646615739227,0.09145342430231,0,0.0042136,seven_point_per_channel
3,510043,5,11,11,3396.270856,308.751896,13871.35428664,95,92,0,0,18,16,18,0,577.9189501128,62.66546903262,0.0119050524273,0.06391883526385,0,0.0041616,seven_point_per_channel
3,510044,0,10,10,3724.97072,372.497072,14929.85359796,116,109,0,0,0,0,0,0,0,0,0,0,0,0.0003715,seven_point_per_channel
3,510044,1,10,10,3986.343554,398.6343554,16236.71777746,116,109,0,0,0,0,0,0,0,0,0,0,0,0.0003443,seven_point_per_channel
3,510044,2,10,10,4176.226625,417.6226625,17146.13312655,117,109,1,0,0,0,0,0,0,0,0,0,0,0.0003476,seven_point_per_channel
3,510044,3,10,10,3724.97072,372.497072,14929.85359796,116,109,0,0,0,0,0,0,0,0,0,0,0,0.0003384,seven_point_per_channel
3,510044,4,10,10,3724.97072,372.497072,14929.85359796,116,109,0,0,17,17,17,0,0,0,0,0,0,0.000544,seven_point_per_channel
3,510044,5,10,10,3393.250161,339.3250161,13116.25079784,121,115,0,0,17,17,17,0,0,0,0,0,0,0.0006201,seven_point_per_channel
3,510045,0,15,15,3964.317865,264.2878576667,16471.58932402,100,95,0,0,0,0,0,0,0,0,0,0,0,0.0006206,seven_point_per_channel
3,510045,1,15,15,4377.839993,291.8559995333,18539.19997706,100,95,0,0,0,0,0,0,0,0,0,0,0,0.000623,seven_point_per_channel
3,510045,2,15,15,4639.763035,309.3175356667,19873.81517602,99,95,0,0,0,0,0,0,0,0,0,0,0,0.0006174,seven_point_per_channel
3,510045,3,15,15,3964.317865,264.2878576667,16471.58932402,100,95,0,0,0,0,0,0,0,0,0,0,0,0.0005963,seven_point_per_channel
3,510045,4,15,15,3964.317865,264.2878576667,16471.58932402,100,95,0,0,22,22,22,0,0,0,0,0,0,0.0020748,seven_point_per_channel
3,510045,5,15,15,4006.948075,267.1298716667,16419.74037891,109,103,0,0,22,22,22,0,0,0,0,0,0,0.0014131,seven_point_per_channel
3,510046,0,14,14,3744.213094,267.4437924286,15611.06546258,93,87,0,0,0,0,0,0,0,0,0,0,0,0.001098,seven_point_per_channel
3,510046,1,14,14,4003.739694,285.9814067143,16908.69847506,93,87,0,0,0,0,0,0,0,0,0,0,0,0.0010746,seven_point_per_channel
3,510046,2,14,14,4295.187407,306.7991005,18315.93702873,95,87,0,0,0,0,0,0,0,0,0,0,0,0.0010885,seven_point_per_channel
3,510046,3,14,14,3744.213094,267.4437924286,15611.06546258,93,87,0,0,0,0,0,0,0,0,0,0,0,0.0010643,seven_point_per_channel
3,510046,4,14,14,3744.213094,267.4437924286,15611.06546258,93,87,0,0,21,17,21,0,661.6970759054,70.92644276913,0.01563731825114,0.08002074274845,0,0.0045337,seven_point_per_channel
3,510046,5,14,14,3709.143905,264.9388503571,15555.71951869,89,83,0,0,21,16,21,0,634.3503662824,127.3433680645,0.02192309539123,0.06916361286515,0,0.0048039,seven_point_per_channel
3,510047,0,12,12,3850.536663,320.87805525,15627.68331785,112,105,0,0,0,0,0,0,0,0,0,0,0,0.0005542,seven_point_per_channel
3,510047,1,12,12,4076.585896,339.7154913333,16782.92949093,111,105,0,0,0,0,0,0,0,0,0,0,0,0.0005357,seven_point_per_channel
3,510047,2,12,12,4340.233498,361.6861248333,18036.16750452,113,105,1,0,0,0,0,0,0,0,0,0,0,0.0005838,seven_point_per_channel
3,510047,3,12,12,3850.536663,320.87805525,15627.68331785,112,105,0,0,0,0,0,0,0,0,0,0,0,0.0005389,seven_point_per_channel
3,510047,4,12,12,3850.536663,320.87805525,15627.68331785,112,105,0,0,19,19,19,0,0,0,0,0,0,0.0030967,seven_point_per_channel
3,510047,5,12,12,4042.612222,336.8843518333,16838.06110591,104,89,2,2,19,16,19,0,1185.359961657,127.7209783083,0.02025537461959,0.1093835958932,0,0.0057141,seven_point_per_channel
3,510048,0,13,13,3527.49992,271.3461476923,14277.49959411,102,97,0,0,0,0,0,0,0,0,0,0,0,0.0006491,seven_point_per_channel
3,510048,1,13,13,3733.545947,287.1958420769,15332.72973292,101,97,0,0,0,0,0,0,0,0,0,0,0,0.0006439,seven_point_per_channel
3,510048,2,13,13,3916.942305,301.3032542308,16249.71152476,101,97,0,0,0,0,0,0,0,0,0,0,0,0.0006158,seven_point_per_channel
3,510048,3,13,13,3527.49992,271.3461476923,14277.49959411,102,97,0,0,0,0,0,0,0,0,0,0,0,0.0006225,seven_point_per_channel
3,510048,4,13,13,3527.49992,271.3461476923,14277.49959411,102,97,0,0,20,20,20,0,0,0,0,0,0,0.0043455,seven_point_per_channel
3,510048,5,13,13,3457.265195,265.9434765385,14251.32598093,91,87,0,0,20,16,20,0,494.482025974,90.29436115548,0.01580919731362,0.05148422226703,0,0.0061812,seven_point_per_channel
3,510049,0,15,15,4515.427871,301.0285247333,19237.13936349,100,93,0,0,0,0,0,0,0,0,0,0,0,0.0006245,seven_point_per_channel
3,510049,1,15,15,4971.944615,331.4629743333,21479.72308607,101,93,1,0,0,0,0,0,0,0,0,0,0,0.000615,seven_point_per_channel
3,510049,2,15,15,5222.087155,348.1391436667,22770.43577475,100,93,0,0,0,0,0,0,0,0,0,0,0,0.0005997,seven_point_per_channel
3,510049,3,15,15,4515.427871,301.0285247333,19237.13936349,100,93,0,0,0,0,0,0,0,0,0,0,0,0.0006006,seven_point_per_channel
3,510049,4,15,15,4515.427871,301.0285247333,19237.13936349,100,93,0,0,22,22,22,0,0,0,0,0,0,0.0019277,seven_point_per_channel
3,510049,5,15,15,4504.042772,300.2695181333,19065.21386673,104,96,0,0,22,22,22,0,0,0,0,0,0,0.002182,seven_point_per_channel
3,510050,0,10,10,3469.632557,346.9632557,13423.16278831,123,120,0,0,0,0,0,0,0,0,0,0,0,0.0003428,seven_point_per_channel
3,510050,1,10,10,3797.372184,379.7372184,15061.86091996,123,120,0,0,0,0,0,0,0,0,0,0,0,0.0003348,seven_point_per_channel
3,510050,2,10,10,4094.363755,409.4363755,16546.81878343,123,120,0,0,0,0,0,0,0,0,0,0,0,0.0003308,seven_point_per_channel
3,510050,3,10,10,3469.632557,346.9632557,13423.16278831,123,120,0,0,0,0,0,0,0,0,0,0,0,0.000358,seven_point_per_channel
3,510050,4,10,10,3469.632557,346.9632557,13423.16278831,123,120,0,0,17,17,17,0,0,0,0,0,0,0.0004459,seven_point_per_channel
3,510050,5,10,10,3406.452458,340.6452458,13472.26229759,111,107,0,0,17,17,17,0,0,0,0,0,0,0.0013832,seven_point_per_channel
3,510051,0,12,12,4000.553365,333.3794470833,16557.76681125,106,99,0,0,0,0,0,0,0,0,0,0,0,0.0005063,seven_point_per_channel
3,510051,1,12,12,4267.301255,355.6084379167,17916.50627938,105,99,0,0,0,0,0,0,0,0,0,0,0,0.0004901,seven_point_per_channel
3,510051,2,12,12,4520.811738,376.7343115,19184.0586932,105,99,0,0,0,0,0,0,0,0,0,0,0,0.0004771,seven_point_per_channel
3,510051,3,12,12,4000.553365,333.3794470833,16557.76681125,106,99,0,0,0,0,0,0,0,0,0,0,0,0.0004912,seven_point_per_channel
3,510051,4,12,12,4205.366245,350.4471870833,17286.83122122,116,105,1,1,19,19,19,0,0,0,0,0,0,0.0020647,seven_point_per_channel
3,510051,5,12,12,3920.033731,326.6694775833,16150.1686533,106,100,0,0,19,19,19,0,0,0,0,0,0,0.0023145,seven_point_per_channel
3,510052,0,11,11,2773.809759,252.1645235455,10719.04880203,97,90,0,0,0,0,0,0,0,0,0,0,0,0.0008465,seven_point_per_channel
3,510052,1,11,11,2839.748908,258.1589916364,11073.74454576,96,90,0,0,0,0,0,0,0,0,0,0,0,0.000829,seven_point_per_channel
3,510052,2,11,11,2978.008796,270.7280723636,11765.04398774,96,90,0,0,0,0,0,0,0,0,0,0,0,0.0008217,seven_point_per_channel
3,510052,3,11,11,2773.809759,252.1645235455,10719.04880203,97,90,0,0,0,0,0,0,0,0,0,0,0,0.0008053,seven_point_per_channel
3,510052,4,11,11,2773.809759,252.1645235455,10719.04880203,97,90,0,0,18,15,18,0,1095.689632897,125.3717649845,0.02732312611063,0.1360012164509,0,0.003665,seven_point_per_channel
3,510052,5,11,11,2839.04437,258.0949427273,11130.2218497,94,88,0,0,18,14,18,0,689.0370140506,118.5086423177,0.0222632693217,0.06815725299347,0,0.0042449,seven_point_per_channel
3,510053,0,15,15,4070.005821,271.3337214,16925.02912018,103,95,0,0,0,0,0,0,0,0,0,0,0,0.0007814,seven_point_per_channel
3,510053,1,15,15,4405.199866,293.6799910667,18600.9993281,103,95,0,0,0,0,0,0,0,0,0,0,0,0.0009374,seven_point_per_channel
3,510053,2,15,15,4700.269644,313.3513096,20076.3482263,103,95,0,0,0,0,0,0,0,0,0,0,0,0.0008071,seven_point_per_channel
3,510053,3,15,15,4070.005821,271.3337214,16925.02912018,103,95,0,0,0,0,0,0,0,0,0,0,0,0.000788,seven_point_per_channel
3,510053,4,15,15,3996.675537,266.4450358,16553.37767467,103,93,1,0,22,21,22,0,916.786178088,41.672099004,0.008883225095457,0.1141873586277,0,0.0044177,seven_point_per_channel
3,510053,5,15,15,4110.771441,274.0514294,17353.85720342,95,87,1,0,22,21,22,0,830.4732764829,37.74878529468,0.006898197721607,0.09077957436636,0,0.0062917,seven_point_per_channel
3,510054,0,12,12,3589.314732,299.109561,14711.5736562,99,92,0,0,0,0,0,0,0,0,0,0,0,0.0007304,seven_point_per_channel
3,510054,1,12,12,3847.875824,320.6563186667,15979.37912414,100,92,0,0,0,0,0,0,0,0,0,0,0,0.0007247,seven_point_per_channel
3,510054,2,12,12,4023.357291,335.27977425,16856.78648034,100,92,0,0,0,0,0,0,0,0,0,0,0,0.0007231,seven_point_per_channel
3,510054,3,12,12,3589.314732,299.109561,14711.5736562,99,92,0,0,0,0,0,0,0,0,0,0,0,0.0007621,seven_point_per_channel
3,510054,4,12,12,3589.314732,299.109561,14711.5736562,99,92,0,0,19,17,19,0,617.0928586643,53.01409713571,0.01201783422504,0.07668987903412,0,0.0041166,seven_point_per_channel
3,510054,5,12,12,3559.204147,296.6003455833,14531.02074528,100,93,0,0,19,17,19,0,350.3726135558,24.28936472158,0.004649629616133,0.040156743958,0,0.0040756,seven_point_per_channel
3,510055,0,14,14,3836.35062,274.0250442857,15656.75311199,107,100,0,0,0,0,0,0,0,0,0,0,0,0.0005487,seven_point_per_channel
3,510055,1,14,14,4134.76198,295.3401414286,17173.80991714,106,100,0,0,0,0,0,0,0,0,0,0,0,0.0005317,seven_point_per_channel
3,510055,2,14,14,4339.361596,309.9543997143,18221.80797951,105,100,0,0,0,0,0,0,0,0,0,0,0,0.000518,seven_point_per_channel
3,510055,3,14,14,3836.35062,274.0250442857,15656.75311199,107,100,0,0,0,0,0,0,0,0,0,0,0,0.0005284,seven_point_per_channel
3,510055,4,14,14,3836.35062,274.0250442857,15656.75311199,107,100,0,0,21,21,21,0,0,0,0,0,0,0.0013414,seven_point_per_channel
3,510055,5,14,14,3718.227596,265.5876854286,14946.13799579,111,104,0,0,21,21,21,0,0,0,0,0,0,0.001533,seven_point_per_channel
3,510056,0,16,16,3944.414881,246.5259300625,16612.07441152,91,78,3,0,0,0,0,0,0,0,0,0,0,0.001345,upper_bound_16
3,510056,1,16,16,4049.187644,253.07422775,17280.93824204,87,78,0,0,0,0,0,0,0,0,0,0,0,0.001298,upper_bound_16
3,510056,2,16,16,4254.308516,265.89428225,18266.54259389,88,78,1,0,0,0,0,0,0,0,0,0,0,0.0013062,upper_bound_16
3,510056,3,16,16,3930.409402,245.650587625,16662.04700655,87,74,3,0,0,0,0,0,0,0,0,0,1,0.0013631,upper_bound_16
3,510056,4,16,16,3930.409402,245.650587625,16662.04700655,87,74,3,0,22,17,22,0,889.9369213228,109.4583645975,0.02643928657525,0.1067457445217,1,0.0053952,upper_bound_16
3,510056,5,16,16,3657.755497,228.6097185625,15323.77747259,87,75,1,0,22,17,22,0,372.5213725921,58.98285421408,0.01021932893703,0.03726069399562,1,0.0055762,upper_bound_16
3,510057,0,12,12,4064.89397,338.7411641667,16529.46985347,118,109,0,0,0,0,0,0,0,0,0,0,0,0.0004255,seven_point_per_channel
3,510057,1,12,12,4310.108289,359.17569075,17740.5414428,118,109,1,0,0,0,0,0,0,0,0,0,0,0.0004256,seven_point_per_channel
3,510057,2,12,12,4515.021047,376.2517539167,18805.10524205,117,109,0,0,0,0,0,0,0,0,0,0,0,0.000405,seven_point_per_channel
3,510057,3,12,12,4064.89397,338.7411641667,16529.46985347,118,109,0,0,0,0,0,0,0,0,0,0,0,0.000402,seven_point_per_channel
3,510057,4,12,12,4064.89397,338.7411641667,16529.46985347,118,109,0,0,19,19,19,0,0,0,0,0,0,0.0007908,seven_point_per_channel
3,510057,5,12,12,3914.537744,326.2114786667,15992.68873396,111,101,0,0,19,19,19,0,0,0,0,0,0,0.001317,seven_point_per_channel
3,510058,0,12,12,3564.167093,297.0139244167,14125.83546228,115,104,0,0,0,0,0,0,0,0,0,0,0,0.0005492,seven_point_per_channel
3,510058,1,12,12,3783.80038,315.3166983333,15249.00190651,114,104,0,0,0,0,0,0,0,0,0,0,0,0.0005369,seven_point_per_channel
3,510058,2,12,12,3969.634222,330.8028518333,16188.17112209,113,104,1,0,0,0,0,0,0,0,0,0,0,0.0005149,seven_point_per_channel
3,510058,3,12,12,3564.167093,297.0139244167,14125.83546228,115,104,0,0,0,0,0,0,0,0,0,0,0,0.0005143,seven_point_per_channel
3,510058,4,12,12,3564.167093,297.0139244167,14125.83546228,115,104,0,0,19,19,19,0,0,0,0,0,0,0.0012766,seven_point_per_channel
3,510058,5,12,12,3471.109438,289.2591198333,14030.54717692,102,95,0,0,19,18,19,0,710.1907185846,37.37845887287,0.006092474303891,0.06783779287735,0,0.0045289,seven_point_per_channel
3,510059,0,13,13,3622.455373,278.6504133077,14937.27687017,96,90,0,0,0,0,0,0,0,0,0,0,0,0.0008263,seven_point_per_channel
3,510059,1,13,13,3888.452017,299.1116936154,16252.26008819,96,90,1,0,0,0,0,0,0,0,0,0,0,0.0008123,seven_point_per_channel
3,510059,2,13,13,4091.826297,314.755869,17309.13149665,95,90,0,0,0,0,0,0,0,0,0,0,0,0.0007981,seven_point_per_channel
3,510059,3,13,13,3622.455373,278.6504133077,14937.27687017,96,90,0,0,0,0,0,0,0,0,0,0,0,0.0007928,seven_point_per_channel
3,510059,4,13,13,3519.057616,270.6967396923,14400.28807678,97,89,0,0,20,18,20,0,1079.58656887,90.41240775391,0.02114969923454,0.1323266026231,0,0.0051374,seven_point_per_channel
3,510059,5,13,13,3802.197748,292.4767498462,15915.98874503,93,89,0,0,20,17,20,0,1099.752201436,133.4852981248,0.0247547065681,0.1165296007213,0,0.0032093,seven_point_per_channel
3,510060,0,15,15,3897.124327,259.8082884667,16560.62164382,86,80,0,0,0,0,0,0,0,0,0,0,0,0.0016203,seven_point_per_channel
3,510060,1,15,15,4139.671731,275.9781154,17773.358662,86,80,0,0,0,0,0,0,0,0,0,0,0,0.0015832,seven_point_per_channel
3,510060,2,15,15,4401.86259,293.457506,19059.31294336,87,80,0,0,0,0,0,0,0,0,0,0,0,0.0016035,seven_point_per_channel
3,510060,3,15,15,3897.124327,259.8082884667,16560.62164382,86,80,0,0,0,0,0,0,0,0,0,0,0,0.0015889,seven_point_per_channel
3,510060,4,15,15,3897.124327,259.8082884667,16560.62164382,86,80,0,0,22,15,22,0,683.275795969,150.2799955087,0.03566014322177,0.1076302740956,0,0.0056164,seven_point_per_channel
3,510060,5,15,15,4237.176146,282.4784097333,18235.88073471,87,80,0,0,22,16,22,0,297.1716855092,18.6567812902,0.003207042874314,0.03008431025394,0,0.0055654,seven_point_per_channel
3,510061,0,10,10,3570.569355,357.0569355,14327.84677696,110,99,2,1,0,0,0,0,0,0,0,0,0,0.0006437,seven_point_per_channel
3,510061,1,10,10,3743.335159,374.3335159,15176.67580607,110,99,3,0,0,0,0,0,0,0,0,0,0,0.0006116,seven_point_per_channel
3,510061,2,10,10,3805.712264,380.5712264,15553.56132237,108,99,2,0,0,0,0,0,0,0,0,0,0,0.0005964,seven_point_per_channel
3,510061,3,10,10,3570.569355,357.0569355,14327.84677696,110,99,2,1,0,0,0,0,0,0,0,0,0,0.000616,seven_point_per_channel
3,510061,4,10,10,3570.569355,357.0569355,14327.84677696,110,99,2,1,17,17,17,0,0,0,0,0,0,0.0032746,seven_point_per_channel
3,510061,5,10,10,3088.815162,308.8815162,11999.07581098,107,98,2,0,17,17,17,0,0,0,0,0,0,0.0033,seven_point_per_channel
3,510062,0,10,10,2891.211104,289.1211104,11086.05553072,105,99,0,0,0,0,0,0,0,0,0,0,0,0.0006106,seven_point_per_channel
3,510062,1,10,10,3039.722189,303.9722189,11803.61095511,106,99,0,0,0,0,0,0,0,0,0,0,0,0.0005933,seven_point_per_channel
3,510062,2,10,10,3123.711102,312.3711102,12223.55551523,106,99,0,1,0,0,0,0,0,0,0,0,0,0.0006011,seven_point_per_channel
3,510062,3,10,10,2891.211104,289.1211104,11086.05553072,105,99,0,0,0,0,0,0,0,0,0,0,0,0.0005852,seven_point_per_channel
3,510062,4,10,10,2891.211104,289.1211104,11086.05553072,105,99,0,0,17,16,17,0,685.8890445359,40.34641438447,0.009947907910212,0.08575569012746,0,0.0038712,seven_point_per_channel
3,510062,5,10,10,2906.759198,290.6759198,11243.79598654,102,98,0,0,17,16,17,0,339.4385911408,19.96697594946,0.004231937620019,0.03944580468377,0,0.0028695,seven_point_per_channel
3,510063,0,13,13,3854.101802,296.4693693846,16105.50901675,96,88,0,0,0,0,0,0,0,0,0,0,0,0.0009272,seven_point_per_channel
3,510063,1,13,13,4131.954083,317.8426217692,17494.77042146,96,88,0,0,0,0,0,0,0,0,0,0,0,0.0009172,seven_point_per_channel
3,510063,2,13,13,4372.470025,336.3438480769,18697.35013257,96,88,0,0,0,0,0,0,0,0,0,0,0,0.0008753,seven_point_per_channel
3,510063,3,13,13,3854.101802,296.4693693846,16105.50901675,96,88,0,0,0,0,0,0,0,0,0,0,0,0.0009933,seven_point_per_channel
3,510063,4,13,13,3854.101802,296.4693693846,16105.50901675,96,88,0,0,20,17,20,0,932.6703006532,105.9276535629,0.02457476075423,0.1263686290018,0,0.0038462,seven_point_per_channel
3,510063,5,13,13,3820.686966,293.8989973846,16003.43483163,94,85,0,1,20,17,20,0,679.9561527767,74.5999444825,0.01340187629395,0.07027146918629,0,0.0043133,seven_point_per_channel
3,510064,0,14,14,3203.52115,228.8229392857,12767.60576617,97,92,1,0,0,0,0,0,0,0,0,0,0,0.0007295,seven_point_per_channel
3,510064,1,14,14,3392.285521,242.3061086429,13776.42761808,95,92,0,0,0,0,0,0,0,0,0,0,0,0.0006928,seven_point_per_channel
3,510064,2,14,14,3600.794946,257.199639,14818.97475068,95,92,0,0,0,0,0,0,0,0,0,0,0,0.0006855,seven_point_per_channel
3,510064,3,14,14,3203.52115,228.8229392857,12767.60576617,97,92,1,0,0,0,0,0,0,0,0,0,0,0.0006998,seven_point_per_channel
3,510064,4,14,14,3203.52115,228.8229392857,12767.60576617,97,92,1,0,21,21,21,0,0,0,0,0,0,0.0052617,seven_point_per_channel
3,510064,5,14,14,3458.775673,247.0554052143,14058.8783722,97,89,1,0,21,20,21,0,523.8956384346,24.94741135403,0.004686124465436,0.05797260284996,0,0.0050791,seven_point_per_channel
3,510065,0,10,10,3030.81829,303.081829,11819.09144254,104,97,0,0,0,0,0,0,0,0,0,0,0,0.0006515,seven_point_per_channel
3,510065,1,10,10,3131.95749,313.195749,12299.78744798,105,97,0,0,0,0,0,0,0,0,0,0,0,0.0006421,seven_point_per_channel
3,510065,2,10,10,3266.858198,326.6858198,12999.29098336,104,97,0,0,0,0,0,0,0,0,0,0,0,0.0006355,seven_point_per_channel
3,510065,3,10,10,3030.81829,303.081829,11819.09144254,104,97,0,0,0,0,0,0,0,0,0,0,0,0.0006295,seven_point_per_channel
3,510065,4,10,10,3030.81829,303.081829,11819.09144254,104,97,0,0,17,16,17,0,1050.798518576,61.81167756327,0.01320230498885,0.1324463929911,0,0.0039041,seven_point_per_channel
3,510065,5,10,10,2921.473373,292.1473373,11267.36685932,104,98,0,0,17,16,17,0,814.1072341792,47.88866083407,0.009987505056271,0.08779784078467,0,0.0028464,seven_point_per_channel
3,510066,0,16,16,3778.202928,236.137683,15981.01464335,85,74,1,0,0,0,0,0,0,0,0,0,0,0.0017496,upper_bound_16
3,510066,1,16,16,4107.857687,256.7411054375,17574.28844449,86,74,3,0,0,0,0,0,0,0,0,0,0,0.0017469,upper_bound_16
3,510066,2,16,16,4203.451802,262.715737625,18132.25903171,84,74,1,0,0,0,0,0,0,0,0,0,0,0.0017047,upper_bound_16
3,510066,3,16,16,3768.15197,235.509498125,16185.75986177,77,66,0,0,0,0,0,0,0,0,0,0,2,0.0016482,upper_bound_16
3,510066,4,16,16,3768.15197,235.509498125,16185.75986177,77,66,0,0,21,14,21,0,737.2571108445,115.7286672028,0.0211808773356,0.09155040512943,2,0.0067602,upper_bound_16
3,510066,5,16,16,3738.055685,233.6284803125,15930.27844317,80,72,0,0,22,14,22,0,353.0897427259,40.93551197646,0.006241558487752,0.03931644736385,1,0.0062649,upper_bound_16
3,510067,0,11,11,3340.753248,303.7048407273,13543.76623741,97,92,0,0,0,0,0,0,0,0,0,0,0,0.0006904,seven_point_per_channel
3,510067,1,11,11,3539.146405,321.7405822727,14545.73202769,96,92,1,0,0,0,0,0,0,0,0,0,0,0.0006569,seven_point_per_channel
3,510067,2,11,11,3693.111632,335.7374210909,15355.55815473,95,92,0,0,0,0,0,0,0,0,0,0,0,0.0006447,seven_point_per_channel
3,510067,3,11,11,3340.753248,303.7048407273,13543.76623741,97,92,0,0,0,0,0,0,0,0,0,0,0,0.0006608,seven_point_per_channel
3,510067,4,11,11,3340.753248,303.7048407273,13543.76623741,97,92,0,0,18,17,18,0,913.9275966611,50.77375537006,0.0104125664848,0.1140101160993,0,0.0044624,seven_point_per_channel
3,510067,5,11,11,3284.105372,298.5550338182,12965.52686913,107,101,0,1,18,17,18,0,545.6915601786,30.3161977877,0.006330154588411,0.06205642073422,0,0.0028042,seven_point_per_channel
3,510068,0,12,12,3708.483052,309.0402543333,15172.41527635,103,96,1,0,0,0,0,0,0,0,0,0,0,0.0006526,seven_point_per_channel
3,510068,1,12,12,3775.06129,314.5884408333,15520.30646624,103,96,0,0,0,0,0,0,0,0,0,0,0,0.0006232,seven_point_per_channel
3,510068,2,12,12,4203.412838,350.2844031667,17687.06418558,102,96,0,0,0,0,0,0,0,0,0,0,0,0.0006257,seven_point_per_channel
3,510068,3,12,12,3708.483052,309.0402543333,15172.41527635,103,96,1,0,0,0,0,0,0,0,0,0,0,0.0006997,seven_point_per_channel
3,510068,4,12,12,3708.483052,309.0402543333,15172.41527635,103,96,1,0,19,19,19,0,0,0,0,0,0,0.0035243,seven_point_per_channel
3,510068,5,12,12,3673.884301,306.1570250833,14999.4215129,103,96,1,0,19,18,19,0,446.63359504,23.5070313179,0.004710516868643,0.05375855359553,0,0.0037892,seven_point_per_channel
3,510069,0,12,12,3741.143653,311.7619710833,15320.71826673,104,94,1,0,0,0,0,0,0,0,0,0,0,0.0008255,seven_point_per_channel
3,510069,1,12,12,3817.987574,318.1656311667,15754.93786538,102,94,1,0,0,0,0,0,0,0,0,0,0,0.0008124,seven_point_per_channel
3,510069,2,12,12,4030.536758,335.8780631667,16777.68378534,103,94,2,0,0,0,0,0,0,0,0,0,0,0.0008269,seven_point_per_channel
3,510069,3,12,12,3741.143653,311.7619710833,15320.71826673,104,94,1,0,0,0,0,0,0,0,0,0,0,0.0008015,seven_point_per_channel
3,510069,4,12,12,3741.143653,311.7619710833,15320.71826673,104,94,1,0,19,17,19,0,1077.910534213,86.43505646912,0.018585979929,0.1329621572207,0,0.0034879,seven_point_per_channel
3,510069,5,12,12,3418.249017,284.85408475,13851.24508903,99,87,2,0,19,16,19,0,1102.740701648,144.2477838564,0.02721739195639,0.1104168709687,0,0.0051774,seven_point_per_channel
3,510070,0,13,13,3617.82838,278.2944907692,14359.14191326,114,111,0,0,0,0,0,0,0,0,0,0,0,0.0004946,seven_point_per_channel
3,510070,1,13,13,3894.317363,299.5628740769,15741.58683242,114,111,0,0,0,0,0,0,0,0,0,0,0,0.0004823,seven_point_per_channel
3,510070,2,13,13,4147.786717,319.0605166923,16968.93360755,115,111,1,0,0,0,0,0,0,0,0,0,0,0.0004894,seven_point_per_channel
3,510070,3,13,13,3617.82838,278.2944907692,14359.14191326,114,111,0,0,0,0,0,0,0,0,0,0,0,0.0004758,seven_point_per_channel
3,510070,4,13,13,3617.82838,278.2944907692,14359.14191326,114,111,0,0,20,20,20,0,0,0,0,0,0,0.0009396,seven_point_per_channel
3,510070,5,13,13,3311.377917,254.7213782308,13341.88959348,97,93,0,0,20,18,20,0,504.809814259,48.51231509122,0.008906853115855,0.0494136479926,0,0.0033125,seven_point_per_channel
3,510071,0,10,10,3441.29296,344.129296,13961.46480343,101,94,0,0,0,0,0,0,0,0,0,0,0,0.0005939,seven_point_per_channel
3,510071,1,10,10,3564.037981,356.4037981,14600.18990593,100,94,0,0,0,0,0,0,0,0,0,0,0,0.000557,seven_point_per_channel
3,510071,2,10,10,3672.416259,367.2416259,15142.08130358,100,94,0,0,0,0,0,0,0,0,0,0,0,0.0005602,seven_point_per_channel
3,510071,3,10,10,3441.29296,344.129296,13961.46480343,101,94,0,0,0,0,0,0,0,0,0,0,0,0.0005355,seven_point_per_channel
3,510071,4,10,10,3441.29296,344.129296,13961.46480343,101,94,0,0,17,16,17,0,607.4055221742,35.72973659848,0.006830254577637,0.07531058285643,0,0.0042176,seven_point_per_channel
3,510071,5,10,10,3580.619621,358.0619621,14453.09809833,107,99,2,0,17,17,17,0,0,0,0,0,0,0.0038402,seven_point_per_channel
3,510072,0,12,12,3498.049454,291.5041211667,14060.24727487,105,98,1,0,0,0,0,0,0,0,0,0,0,0.0005778,seven_point_per_channel
3,510072,1,12,12,3596.82762,299.735635,14594.13809953,104,98,0,0,0,0,0,0,0,0,0,0,0,0.000544,seven_point_per_channel
3,510072,2,12,12,3716.530165,309.7108470833,15192.65083136,104,98,0,0,0,0,0,0,0,0,0,0,0,0.0005339,seven_point_per_channel
3,510072,3,12,12,3498.049454,291.5041211667,14060.24727487,105,98,1,0,0,0,0,0,0,0,0,0,0,0.0005326,seven_point_per_channel
3,510072,4,12,12,3466.231069,288.8525890833,13966.15535339,103,98,0,0,19,19,19,0,0,0,0,0,0,0.0019177,seven_point_per_channel
3,510072,5,12,12,3747.44562,312.287135,15382.22808989,103,96,0,0,19,19,19,0,0,0,0,0,0,0.0034342,seven_point_per_channel
3,510073,0,15,15,4128.566536,275.2377690667,17082.83268817,108,97,0,0,0,0,0,0,0,0,0,0,0,0.0006334,seven_point_per_channel
3,510073,1,15,15,4462.622367,297.5081578,18778.11185063,107,97,0,0,0,0,0,0,0,0,0,0,0,0.0006119,seven_point_per_channel
3,510073,2,15,15,4695.32134,313.0214226667,19941.60670791,107,97,0,0,0,0,0,0,0,0,0,0,0,0.0006393,seven_point_per_channel
3,510073,3,15,15,4128.566536,275.2377690667,17082.83268817,108,97,0,0,0,0,0,0,0,0,0,0,0,0.0006184,seven_point_per_channel
3,510073,4,15,15,4128.566536,275.2377690667,17082.83268817,108,97,0,0,22,22,22,0,0,0,0,0,0,0.0018299,seven_point_per_channel
3,510073,5,15,15,3770.335854,251.3557236,15551.67927553,99,90,0,0,22,19,22,0,593.7482131326,65.42327717941,0.009936018298871,0.05671967402597,0,0.0065106,seven_point_per_channel
3,510074,0,13,13,3811.127452,293.1636501538,15765.63727594,100,93,0,0,0,0,0,0,0,0,0,0,0,0.0007936,seven_point_per_channel
3,510074,1,13,13,4160.864761,320.0665200769,17424.3238214,103,93,1,0,0,0,0,0,0,0,0,0,0,0.0008136,seven_point_per_channel
3,510074,2,13,13,4337.139871,333.6261439231,18370.69936162,101,93,0,0,0,0,0,0,0,0,0,0,0,0.0007944,seven_point_per_channel
3,510074,3,13,13,3811.127452,293.1636501538,15765.63727594,100,93,0,0,0,0,0,0,0,0,0,0,0,0.0007832,seven_point_per_channel
3,510074,4,13,13,3811.127452,293.1636501538,15765.63727594,100,93,0,0,20,20,20,0,0,0,0,0,0,0.0043824,seven_point_per_channel
3,510074,5,13,13,3933.215283,302.5550217692,16231.07642715,105,94,1,1,20,18,20,0,623.5005779083,59.07465849007,0.01147341126929,0.06894070808478,0,0.0042847,seven_point_per_channel
3,510075,0,16,16,4200.026757,262.5016723125,17975.13380084,89,80,0,0,0,0,0,0,0,0,0,0,0,0.0014625,upper_bound_16
3,510075,1,16,16,4494.379449,280.8987155625,19421.89725182,90,80,0,0,0,0,0,0,0,0,0,0,0,0.0014758,upper_bound_16
3,510075,2,16,16,4761.512617,297.5945385625,20717.56308526,91,80,1,0,0,0,0,0,0,0,0,0,0,0.0014275,upper_bound_16
3,510075,3,16,16,4218.682469,263.6676543125,18213.41236458,84,76,0,0,0,0,0,0,0,0,0,0,1,0.0014189,upper_bound_16
3,510075,4,16,16,4218.682469,263.6676543125,18213.41236458,84,76,0,0,22,18,22,0,1032.892295564,129.8022232542,0.02963125940036,0.1301141539855,1,0.0062015,upper_bound_16
3,510075,5,16,16,3225.041534,201.565095875,13870.20767101,63,56,0,0,20,12,20,0,1553.826362518,474.9979163337,0.06475996847252,0.1300003488035,3,0.0052182,upper_bound_16
3,510076,0,16,16,3982.5652,248.910325,16817.82600992,91,84,0,0,0,0,0,0,0,0,0,0,0,0.0011196,upper_bound_16
3,510076,1,16,16,4328.792201,270.5495125625,18548.9610113,91,84,0,0,0,0,0,0,0,0,0,0,0,0.0010693,upper_bound_16
3,510076,2,16,16,4627.975834,289.248489625,20069.8791639,90,84,0,0,0,0,0,0,0,0,0,0,0,0.0010828,upper_bound_16
3,510076,3,16,16,3982.5652,248.910325,16817.82600992,91,84,0,0,0,0,0,0,0,0,0,0,0,0.0010782,upper_bound_16
3,510076,4,16,16,3982.5652,248.910325,16817.82600992,91,84,0,0,23,19,23,0,1061.279873987,161.6002959707,0.03455204516901,0.1320016213008,0,0.003946,upper_bound_16
3,510076,5,16,16,3826.927222,239.182951375,16334.63611935,81,75,0,0,22,15,22,0,1058.88194437,222.9620291583,0.03671382984141,0.09952447140751,1,0.0057919,upper_bound_16
3,510077,0,10,10,3256.495129,325.6495129,12742.47564978,111,103,0,0,0,0,0,0,0,0,0,0,0,0.0004716,seven_point_per_channel
3,510077,1,10,10,3406.981236,340.6981236,13569.90617554,108,103,0,0,0,0,0,0,0,0,0,0,0,0.0004273,seven_point_per_channel
3,510077,2,10,10,3597.919597,359.7919597,14524.5980006,108,103,0,0,0,0,0,0,0,0,0,0,0,0.000422,seven_point_per_channel
3,510077,3,10,10,3256.495129,325.6495129,12742.47564978,111,103,0,0,0,0,0,0,0,0,0,0,0,0.0004431,seven_point_per_channel
3,510077,4,10,10,3256.495129,325.6495129,12742.47564978,111,103,0,0,17,17,17,0,0,0,0,0,0,0.0013908,seven_point_per_channel
3,510077,5,10,10,3186.262521,318.6262521,12631.3125948,103,95,0,0,17,17,17,0,0,0,0,0,0,0.0039771,seven_point_per_channel
3,510078,0,12,12,3470.807771,289.2339809167,14024.038847,102,90,2,0,0,0,0,0,0,0,0,0,0,0.000877,seven_point_per_channel
3,510078,1,12,12,3631.782604,302.6485503333,14908.91301007,100,90,0,0,0,0,0,0,0,0,0,0,0,0.0008692,seven_point_per_channel
3,510078,2,12,12,3826.169628,318.847469,15880.84814032,100,90,0,0,0,0,0,0,0,0,0,0,0,0.0008632,seven_point_per_channel
3,510078,3,12,12,3470.807771,289.2339809167,14024.038847,102,90,2,0,0,0,0,0,0,0,0,0,0,0.000855,seven_point_per_channel
3,510078,4,12,12,3470.807771,289.2339809167,14024.038847,102,90,2,0,19,17,19,0,850.7927739125,73.7467297096,0.01697259510089,0.1072366795573,0,0.0039471,seven_point_per_channel
3,510078,5,12,12,3430.467096,285.872258,13857.33548995,100,93,2,0,19,16,19,0,621.1562758082,79.5554126494,0.01427146297389,0.07468176002572,0,0.0035077,seven_point_per_channel
3,510079,0,13,13,3365.52756,258.8867353846,13637.63780348,97,88,0,0,0,0,0,0,0,0,0,0,0,0.0007515,seven_point_per_channel
3,510079,1,13,13,3535.945614,271.9958164615,14464.72807461,98,88,0,0,0,0,0,0,0,0,0,0,0,0.0007374,seven_point_per_channel
3,510079,2,13,13,3620.133361,278.471797,14910.66681377,97,88,0,0,0,0,0,0,0,0,0,0,0,0.000722,seven_point_per_channel
3,510079,3,13,13,3365.52756,258.8867353846,13637.63780348,97,88,0,0,0,0,0,0,0,0,0,0,0,0.0007234,seven_point_per_channel
3,510079,4,13,13,3365.52756,258.8867353846,13637.63780348,97,88,0,0,20,19,20,0,170.9975875368,8.549879376842,0.001716654800269,0.02285973113218,0,0.0044501,seven_point_per_channel
3,510079,5,13,13,3407.580644,262.121588,13572.90322996,106,98,0,0,20,20,20,0,0,0,0,0,0,0.0025618,seven_point_per_channel
3,510080,0,13,13,3726.164381,286.6280293077,15390.82191227,99,88,0,0,0,0,0,0,0,0,0,0,0,0.000933,seven_point_per_channel
3,510080,1,13,13,3835.542927,295.0417636154,15972.71463333,97,88,1,0,0,0,0,0,0,0,0,0,0,0.0008768,seven_point_per_channel
3,510080,2,13,13,3983.799387,306.4461066923,16728.99694079,97,88,0,0,0,0,0,0,0,0,0,0,0,0.0008743,seven_point_per_channel
3,510080,3,13,13,3726.164381,286.6280293077,15390.82191227,99,88,0,0,0,0,0,0,0,0,0,0,0,0.0008862,seven_point_per_channel
3,510080,4,13,13,3726.164381,286.6280293077,15390.82191227,99,88,0,0,20,17,20,0,669.2531330913,60.8958320433,0.01327113677505,0.08371536374567,0,0.0039026,seven_point_per_channel
3,510080,5,13,13,3733.95552,287.2273476923,15649.7776107,91,84,0,0,20,15,20,0,982.0150421241,178.3001267442,0.03170334448829,0.09695478963175,0,0.0046146,seven_point_per_channel
3,510081,0,11,11,3253.023841,295.7294400909,12980.11919423,101,94,1,0,0,0,0,0,0,0,0,0,0,0.0007478,seven_point_per_channel
3,510081,1,11,11,3444.405185,313.1277440909,13897.02593396,102,94,2,0,0,0,0,0,0,0,0,0,0,0.0007275,seven_point_per_channel
3,510081,2,11,11,3516.418897,319.6744451818,14297.09449861,101,94,1,0,0,0,0,0,0,0,0,0,0,0.0007634,seven_point_per_channel
3,510081,3,11,11,3253.023841,295.7294400909,12980.11919423,101,94,1,0,0,0,0,0,0,0,0,0,0,0.0008393,seven_point_per_channel
3,510081,4,11,11,3253.023841,295.7294400909,12980.11919423,101,94,1,0,18,17,18,0,1038.620780548,57.70115447489,0.01261031269534,0.1329928000348,0,0.0044475,seven_point_per_channel
3,510081,5,11,11,3191.350333,290.1227575455,12551.75167866,106,96,0,0,18,17,18,0,566.8037187157,31.4890954842,0.006005204607436,0.06354482357088,0,0.0044258,seven_point_per_channel
3,510082,0,16,16,4209.310295,263.0818934375,17686.55148342,100,92,0,0,0,0,0,0,0,0,0,0,0,0.0008251,upper_bound_16
3,510082,1,16,16,4493.49907,280.843691875,19082.49536907,101,92,0,0,0,0,0,0,0,0,0,0,0,0.0008027,upper_bound_16
3,510082,2,16,16,4751.47998,296.96749875,20397.39990534,100,92,0,0,0,0,0,0,0,0,0,0,0,0.0008028,upper_bound_16
3,510082,3,16,16,4209.310295,263.0818934375,17686.55148342,100,92,0,0,0,0,0,0,0,0,0,0,0,0.000793,upper_bound_16
3,510082,4,16,16,4209.310295,263.0818934375,17686.55148342,100,92,0,0,23,23,23,0,0,0,0,0,0,0.0041304,upper_bound_16
3,510082,5,16,16,3974.658365,248.4161478125,16873.29183275,88,80,0,0,22,19,22,0,633.9621990942,73.89263903969,0.009929480354026,0.05790440892054,1,0.0071759,upper_bound_16
3,510083,0,10,10,2990.45369,299.045369,11632.26846166,103,96,1,0,0,0,0,0,0,0,0,0,0,0.0005816,seven_point_per_channel
3,510083,1,10,10,3175.46277,317.546277,12617.31385238,101,97,0,0,0,0,0,0,0,0,0,0,0,0.0005481,seven_point_per_channel
3,510083,2,10,10,3356.81688,335.681688,13464.08441029,103,96,1,0,0,0,0,0,0,0,0,0,0,0.0005543,seven_point_per_channel
3,510083,3,10,10,2990.45369,299.045369,11632.26846166,103,96,1,0,0,0,0,0,0,0,0,0,0,0.000563,seven_point_per_channel
3,510083,4,10,10,2990.45369,299.045369,11632.26846166,103,96,1,0,17,16,17,0,612.4846546918,36.02850909952,0.007324817936363,0.07980285438479,0,0.0044005,seven_point_per_channel
3,510083,5,10,10,3138.893352,313.8893352,12469.46675757,100,92,1,1,17,14,17,0,585.2246593479,83.77460910982,0.01575531370231,0.0621469454889,0,0.0035195,seven_point_per_channel
3,510084,0,13,13,3897.129094,299.7791610769,16250.64546458,98,92,0,0,0,0,0,0,0,0,0,0,0,0.0006909,seven_point_per_channel
3,510084,1,13,13,4192.875633,322.5288948462,17779.37816652,96,92,0,0,0,0,0,0,0,0,0,0,0,0.0006614,seven_point_per_channel
3,510084,2,13,13,4453.829969,342.6023053077,19084.14984479,96,92,0,0,0,0,0,0,0,0,0,0,0,0.0006499,seven_point_per_channel
3,510084,3,13,13,3897.129094,299.7791610769,16250.64546458,98,92,0,0,0,0,0,0,0,0,0,0,0,0.0008504,seven_point_per_channel
3,510084,4,13,13,3897.129094,299.7791610769,16250.64546458,98,92,0,0,20,20,20,0,0,0,0,0,0,0.0042773,seven_point_per_channel
3,510084,5,13,13,3835.789214,295.0607087692,15708.94608138,106,99,0,0,20,20,20,0,0,0,0,0,0,0.0024331,seven_point_per_channel
3,510085,0,16,16,4196.610723,262.2881701875,17558.05361336,102,95,0,0,0,0,0,0,0,0,0,0,0,0.0008557,upper_bound_16
3,510085,1,16,16,4483.358007,280.2098754375,18926.79004098,104,95,1,0,0,0,0,0,0,0,0,0,0,0.0008724,upper_bound_16
3,510085,2,16,16,4614.530008,288.4081255,19647.65004608,102,95,0,0,0,0,0,0,0,0,0,0,0,0.0009465,upper_bound_16
3,510085,3,16,16,4196.610723,262.2881701875,17558.05361336,102,95,0,0,0,0,0,0,0,0,0,0,0,0.0008725,upper_bound_16
3,510085,4,16,16,4196.610723,262.2881701875,17558.05361336,102,95,0,0,23,23,23,0,0,0,0,0,0,0.0047685,upper_bound_16
3,510085,5,16,16,4216.652596,263.54078725,18043.26298534,89,83,0,0,22,21,22,0,673.7304623321,30.62411192419,0.004794660815359,0.06347100468143,1,0.0062171,upper_bound_16
3,510086,0,12,12,3765.064821,313.75540175,15440.32410756,104,97,0,0,0,0,0,0,0,0,0,0,0,0.0007564,seven_point_per_channel
3,510086,1,12,12,4108.155135,342.34626125,17090.77568401,106,97,1,0,0,0,0,0,0,0,0,0,0,0.000743,seven_point_per_channel
3,510086,2,12,12,4226.077729,352.1731440833,17745.38864768,104,97,0,0,0,0,0,0,0,0,0,0,0,0.0007164,seven_point_per_channel
3,510086,3,12,12,3765.064821,313.75540175,15440.32410756,104,97,0,0,0,0,0,0,0,0,0,0,0,0.0007134,seven_point_per_channel
3,510086,4,12,12,3765.064821,313.75540175,15440.32410756,104,97,0,0,19,19,19,0,0,0,0,0,0,0.0033723,seven_point_per_channel
3,510086,5,12,12,3977.589018,331.4657515,16322.94510618,110,103,0,0,19,19,19,0,0,0,0,0,0,0.0018756,seven_point_per_channel
3,510087,0,13,13,3549.192349,273.0147960769,14355.96175076,103,98,0,0,0,0,0,0,0,0,0,0,0,0.0007007,seven_point_per_channel
3,510087,1,13,13,3760.879506,289.2984235385,15414.39753739,103,98,0,0,0,0,0,0,0,0,0,0,0,0.0006881,seven_point_per_channel
3,510087,2,13,13,3914.549817,301.1192166923,16182.74909049,103,98,0,0,0,0,0,0,0,0,0,0,0,0.0006822,seven_point_per_channel
3,510087,3,13,13,3549.192349,273.0147960769,14355.96175076,103,98,0,0,0,0,0,0,0,0,0,0,0,0.0006811,seven_point_per_channel
3,510087,4,13,13,3549.192349,273.0147960769,14355.96175076,103,98,0,0,20,19,20,0,287.5204926479,14.37602463239,0.003090920429016,0.05730961404619,0,0.0031566,seven_point_per_channel
3,510087,5,13,13,3741.796023,287.8304633077,14783.98011931,121,115,0,0,20,20,20,0,0,0,0,0,0,0.001291,seven_point_per_channel
3,510088,0,14,14,4041.548649,288.6820463571,16657.74325709,109,95,0,1,0,0,0,0,0,0,0,0,0,0.0008081,seven_point_per_channel
3,510088,1,14,14,4205.757296,300.4112354286,17528.7864909,107,95,0,1,0,0,0,0,0,0,0,0,0,0.0007476,seven_point_per_channel
3,510088,2,14,14,4420.74778,315.7676985714,18603.738913,107,95,0,1,0,0,0,0,0,0,0,0,0,0.0007468,seven_point_per_channel
3,510088,3,14,14,4041.548649,288.6820463571,16657.74325709,109,95,0,1,0,0,0,0,0,0,0,0,0,0.000764,seven_point_per_channel
3,510088,4,14,14,3965.259747,283.2328390714,16686.29873587,94,88,0,0,21,19,21,0,774.1047698272,65.8795681137,0.01289008468816,0.0938041644079,0,0.0048293,seven_point_per_channel
3,510088,5,14,14,3452.338114,246.5955795714,13896.69056996,102,93,0,1,21,20,21,0,406.2669772953,19.34604653787,0.00375945675629,0.04776864615938,0,0.0047084,seven_point_per_channel
3,510089,0,16,16,4451.958775,278.2474234375,19274.79389402,87,79,1,0,0,0,0,0,0,0,0,0,0,0.0015344,upper_bound_16
3,510089,1,16,16,4814.943664,300.933979,21089.71833048,87,79,1,0,0,0,0,0,0,0,0,0,0,0.0015822,upper_bound_16
3,510089,2,16,16,5156.794445,322.2996528125,22733.97224594,89,79,2,0,0,0,0,0,0,0,0,0,0,0.0013132,upper_bound_16
3,510089,3,16,16,4425.119972,276.56999825,19235.59987478,84,75,1,0,0,0,0,0,0,0,0,0,1,0.0015265,upper_bound_16
3,510089,4,16,16,4425.119972,276.56999825,19235.59987478,84,75,1,0,22,16,22,0,715.5434674795,85.615792444,0.0169736325046,0.09225642838548,1,0.0074693,upper_bound_16
3,510089,5,16,16,4214.287519,263.3929699375,18061.43760491,88,79,1,0,22,17,22,0,417.9286248077,68.87804578926,0.01075908759252,0.04729778575516,1,0.0072143,upper_bound_16
3,510090,0,14,14,4218.076754,301.2911967143,17500.38379878,109,103,0,0,0,0,0,0,0,0,0,0,0,0.0005908,seven_point_per_channel
3,510090,1,14,14,4615.914789,329.7081992143,19514.57394441,108,103,0,0,0,0,0,0,0,0,0,0,0,0.0005772,seven_point_per_channel
3,510090,2,14,14,4959.659333,354.2613809286,21258.29668961,107,103,0,0,0,0,0,0,0,0,0,0,0,0.0005663,seven_point_per_channel
3,510090,3,14,14,4218.076754,301.2911967143,17500.38379878,109,103,0,0,0,0,0,0,0,0,0,0,0,0.0005683,seven_point_per_channel
3,510090,4,14,14,4218.076754,301.2911967143,17500.38379878,109,103,0,0,21,21,21,0,0,0,0,0,0,0.0014029,seven_point_per_channel
3,510090,5,14,14,3945.426584,281.8161845714,16242.13293089,105,102,0,0,21,21,21,0,0,0,0,0,0,0.0013111,seven_point_per_channel
3,510091,0,10,10,3362.33505,336.233505,13641.67525195,98,94,0,0,0,0,0,0,0,0,0,0,0,0.0006439,seven_point_per_channel
3,510091,1,10,10,3595.259634,359.5259634,14806.298169,98,94,0,0,0,0,0,0,0,0,0,0,0,0.0006285,seven_point_per_channel
3,510091,2,10,10,3771.806147,377.1806147,15689.0307417,98,94,0,0,0,0,0,0,0,0,0,0,0,0.0006222,seven_point_per_channel
3,510091,3,10,10,3362.33505,336.233505,13641.67525195,98,94,0,0,0,0,0,0,0,0,0,0,0,0.0006298,seven_point_per_channel
3,510091,4,10,10,3362.33505,336.233505,13641.67525195,98,94,0,0,17,16,17,0,651.7938208996,38.34081299409,0.007315420083699,0.08503271004908,0,0.0036229,seven_point_per_channel
3,510091,5,10,10,3297.826097,329.7826097,12879.13048881,113,107,0,0,17,17,17,0,0,0,0,0,0,0.0017683,seven_point_per_channel
3,510092,0,11,11,3771.485938,342.862358,15497.4296969,104,97,0,1,0,0,0,0,0,0,0,0,0,0.0004811,seven_point_per_channel
3,510092,1,11,11,4072.037098,370.1851907273,17000.1855,104,97,0,1,0,0,0,0,0,0,0,0,0,0.0004695,seven_point_per_channel
3,510092,2,11,11,4375.003046,397.7275496364,18540.01523647,103,97,0,0,0,0,0,0,0,0,0,0,0,0.0004459,seven_point_per_channel
3,510092,3,11,11,3771.485938,342.862358,15497.4296969,104,97,0,1,0,0,0,0,0,0,0,0,0,0.000467,seven_point_per_channel
3,510092,4,11,11,3771.485938,342.862358,15497.4296969,104,97,0,1,18,18,18,0,0,0,0,0,0,0.0017335,seven_point_per_channel
3,510092,5,11,11,3273.363482,297.5784983636,12806.81741418,111,102,0,1,18,18,18,0,0,0,0,0,0,0.0015644,seven_point_per_channel
3,510093,0,11,11,2894.068549,263.0971408182,10960.34274074,109,102,0,0,0,0,0,0,0,0,0,0,0,0.0004968,seven_point_per_channel
3,510093,1,11,11,2998.0734,272.5521272727,11505.36700359,108,102,0,0,0,0,0,0,0,0,0,0,0,0.0004716,seven_point_per_channel
3,510093,2,11,11,3102.887529,282.0806844545,12029.43764134,108,102,0,0,0,0,0,0,0,0,0,0,0,0.0004629,seven_point_per_channel
3,510093,3,11,11,2894.068549,263.0971408182,10960.34274074,109,102,0,0,0,0,0,0,0,0,0,0,0,0.0004747,seven_point_per_channel
3,510093,4,11,11,2894.068549,263.0971408182,10960.34274074,109,102,0,0,18,18,18,0,0,0,0,0,0,0.0029126,seven_point_per_channel
3,510093,5,11,11,3107.738331,282.5216664545,12378.69165041,97,92,0,0,18,15,18,0,535.9583529616,76.05415672584,0.01116177706212,0.05044092161613,0,0.0045355,seven_point_per_channel
3,510094,0,15,15,4046.283405,269.752227,16971.417035,97,92,0,0,0,0,0,0,0,0,0,0,0,0.0007054,seven_point_per_channel
3,510094,1,15,15,4388.672945,292.5781963333,18708.36472202,96,92,0,0,0,0,0,0,0,0,0,0,0,0.0006839,seven_point_per_channel
3,510094,2,15,15,4657.631507,310.5087671333,20053.15755247,96,92,0,0,0,0,0,0,0,0,0,0,0,0.0009154,seven_point_per_channel
3,510094,3,15,15,4046.283405,269.752227,16971.417035,97,92,0,0,0,0,0,0,0,0,0,0,0,0.0007363,seven_point_per_channel
3,510094,4,15,15,4046.283405,269.752227,16971.417035,97,92,0,0,22,21,22,0,439.708463818,19.98674835536,0.00433684249484,0.05732660246592,0,0.0040523,seven_point_per_channel
3,510094,5,15,15,4116.369005,274.4246003333,17376.84503342,96,86,0,0,22,17,22,0,742.3679755152,139.4925779967,0.02391541674681,0.0799173155163,0,0.0047353,seven_point_per_channel
3,510095,0,10,10,3373.362512,337.3362512,13386.8125744,109,101,0,0,0,0,0,0,0,0,0,0,0,0.0005323,seven_point_per_channel
3,510095,1,10,10,3539.273399,353.9273399,14266.36700558,107,101,0,0,0,0,0,0,0,0,0,0,0,0.0004374,seven_point_per_channel
3,510095,2,10,10,3733.770894,373.3770894,15213.85448253,108,101,0,1,0,0,0,0,0,0,0,0,0,0.000446,seven_point_per_channel
3,510095,3,10,10,3373.362512,337.3362512,13386.8125744,109,101,0,0,0,0,0,0,0,0,0,0,0,0.0004422,seven_point_per_channel
3,510095,4,10,10,3373.362512,337.3362512,13386.8125744,109,101,0,0,17,17,17,0,0,0,0,0,0,0.0013029,seven_point_per_channel
3,510095,5,10,10,3514.099632,351.4099632,14140.49816301,107,101,0,0,17,17,17,0,0,0,0,0,0,0.0017289,seven_point_per_channel
3,510096,0,16,16,4324.106697,270.2566685625,18395.53348891,96,85,0,0,0,0,0,0,0,0,0,0,0,0.0007633,upper_bound_16
3,510096,1,16,16,4528.846835,283.0529271875,19469.23418938,94,85,0,0,0,0,0,0,0,0,0,0,0,0.0007143,upper_bound_16
3,510096,2,16,16,4802.430174,300.151885875,20812.15087707,95,85,0,0,0,0,0,0,0,0,0,0,0,0.0007141,upper_bound_16
3,510096,3,16,16,4324.106697,270.2566685625,18395.53348891,96,85,0,0,0,0,0,0,0,0,0,0,1,0.0007197,upper_bound_16
3,510096,4,16,16,4324.106697,270.2566685625,18395.53348891,96,85,0,0,22,22,22,0,0,0,0,0,1,0.004018,upper_bound_16
3,510096,5,16,16,3465.25586,216.57849125,14471.27930228,84,71,0,0,21,17,21,0,780.2217881411,135.0693366523,0.02034783827609,0.08057092178239,2,0.0061228,upper_bound_16
3,510097,0,14,14,3526.485698,251.8918355714,14127.42849664,105,97,3,0,0,0,0,0,0,0,0,0,0,0.0005614,seven_point_per_channel
3,510097,1,14,14,3722.158332,265.8684522857,15170.79166822,103,97,2,0,0,0,0,0,0,0,0,0,0,0.0005284,seven_point_per_channel
3,510097,2,14,14,3899.94616,278.5675828571,16099.73080858,102,97,1,0,0,0,0,0,0,0,0,0,0,0.0005205,seven_point_per_channel
3,510097,3,14,14,3526.485698,251.8918355714,14127.42849664,105,97,3,0,0,0,0,0,0,0,0,0,0,0.0005517,seven_point_per_channel
3,510097,4,14,14,3526.485698,251.8918355714,14127.42849664,105,97,3,0,21,21,21,0,0,0,0,0,0,0.0017213,seven_point_per_channel
3,510097,5,14,14,3281.842863,234.4173473571,13344.21430554,91,85,1,0,21,18,21,0,658.4562638146,89.34008067348,0.01552510568472,0.0643042980189,0,0.005083,seven_point_per_channel
3,510098,0,10,10,3154.819665,315.4819665,12334.09832788,106,102,2,0,0,0,0,0,0,0,0,0,0,0.0004577,seven_point_per_channel
3,510098,1,10,10,3392.873407,339.2873407,13524.36703467,106,102,2,0,0,0,0,0,0,0,0,0,0,0.0004434,seven_point_per_channel
3,510098,2,10,10,3584.810575,358.4810575,14499.05288359,106,102,1,0,0,0,0,0,0,0,0,0,0,0.0004291,seven_point_per_channel
3,510098,3,10,10,3154.819665,315.4819665,12334.09832788,106,102,2,0,0,0,0,0,0,0,0,0,0,0.0004373,seven_point_per_channel
3,510098,4,10,10,3154.819665,315.4819665,12334.09832788,106,102,2,0,17,17,17,0,0,0,0,0,0,0.001168,seven_point_per_channel
3,510098,5,10,10,2969.297824,296.9297824,11131.48912043,116,113,0,0,17,17,17,0,0,0,0,0,0,0.0007896,seven_point_per_channel
3,510099,0,16,16,4031.13272,251.945795,16915.66359219,96,88,0,0,0,0,0,0,0,0,0,0,0,0.0009279,upper_bound_16
3,510099,1,16,16,4344.606874,271.537929625,18443.03437184,97,88,1,0,0,0,0,0,0,0,0,0,0,0.0009074,upper_bound_16
3,510099,2,16,16,4513.651906,282.103244125,19328.25952504,96,88,0,0,0,0,0,0,0,0,0,0,0,0.000888,upper_bound_16
3,510099,3,16,16,4031.13272,251.945795,16915.66359219,96,88,0,0,0,0,0,0,0,0,0,0,0,0.0008916,upper_bound_16
3,510099,4,16,16,4031.13272,251.945795,16915.66359219,96,88,0,0,23,21,23,0,778.1258924214,65.28104726843,0.01423168976753,0.0979574945286,0,0.0048931,upper_bound_16
3,510099,5,16,16,4131.221714,258.201357125,17456.10857468,95,85,0,1,23,19,23,0,584.4805267398,43.98475182749,0.007286508638594,0.06349172214154,0,0.004664,upper_bound_16
3,510100,0,10,10,3546.021409,354.6021409,14240.1070488,109,103,0,0,0,0,0,0,0,0,0,0,0,0.0004509,seven_point_per_channel
3,510100,1,10,10,3759.236861,375.9236861,15356.18430719,107,103,0,0,0,0,0,0,0,0,0,0,0,0.000444,seven_point_per_channel
3,510100,2,10,10,3972.972434,397.2972434,16359.86217993,109,103,1,0,0,0,0,0,0,0,0,0,0,0.0004443,seven_point_per_channel
3,510100,3,10,10,3546.021409,354.6021409,14240.1070488,109,103,0,0,0,0,0,0,0,0,0,0,0,0.0004301,seven_point_per_channel
3,510100,4,10,10,3546.021409,354.6021409,14240.1070488,109,103,0,0,17,17,17,0,0,0,0,0,0,0.0017148,seven_point_per_channel
3,510100,5,10,10,3531.562857,353.1562857,14137.81428203,110,104,0,0,17,17,17,0,0,0,0,0,0,0.0022105,seven_point_per_channel
3,510101,0,10,10,3754.385827,375.4385827,15121.92914259,115,105,0,2,0,0,0,0,0,0,0,0,0,0.0004185,seven_point_per_channel
3,510101,1,10,10,3940.267815,394.0267815,16061.33909107,114,105,1,1,0,0,0,0,0,0,0,0,0,0.0003942,seven_point_per_channel
3,510101,2,10,10,4113.637025,411.3637025,16943.18512877,114,105,0,1,0,0,0,0,0,0,0,0,0,0.0003894,seven_point_per_channel
3,510101,3,10,10,3754.385827,375.4385827,15121.92914259,115,105,0,2,0,0,0,0,0,0,0,0,0,0.0003985,seven_point_per_channel
3,510101,4,10,10,3754.385827,375.4385827,15121.92914259,115,105,0,2,17,17,17,0,0,0,0,0,0,0.0010896,seven_point_per_channel
3,510101,5,10,10,3811.576805,381.1576805,15402.88402976,114,108,1,0,17,17,17,0,0,0,0,0,0,0.0009849,seven_point_per_channel
3,510102,0,12,12,3722.207936,310.1839946667,15321.03968748,101,93,0,0,0,0,0,0,0,0,0,0,0,0.0006813,seven_point_per_channel
3,510102,1,12,12,3902.807412,325.233951,16274.03707647,99,93,0,0,0,0,0,0,0,0,0,0,0,0.0006479,seven_point_per_channel
3,510102,2,12,12,4145.062461,345.42187175,17510.31231211,98,93,0,0,0,0,0,0,0,0,0,0,0,0.0006259,seven_point_per_channel
3,510102,3,12,12,3722.207936,310.1839946667,15321.03968748,101,93,0,0,0,0,0,0,0,0,0,0,0,0.0006515,seven_point_per_channel
3,510102,4,12,12,3722.207936,310.1839946667,15321.03968748,101,93,0,0,19,19,19,0,0,0,0,0,0,0.0046588,seven_point_per_channel
3,510102,5,12,12,3564.758484,297.063207,14533.79240906,101,93,0,0,19,18,19,0,459.172876897,24.16699352089,0.004070632040998,0.04755959048401,0,0.0046255,seven_point_per_channel
3,510103,0,13,13,3501.416858,269.3397583077,14447.0843028,92,84,1,0,0,0,0,0,0,0,0,0,0,0.0009056,seven_point_per_channel
3,510103,1,13,13,3703.838847,284.9106805385,15484.19422534,91,84,1,0,0,0,0,0,0,0,0,0,0,0.0008794,seven_point_per_channel
3,510103,2,13,13,3862.838629,297.141433,16279.19314866,91,84,1,0,0,0,0,0,0,0,0,0,0,0.0009509,seven_point_per_channel
3,510103,3,13,13,3501.416858,269.3397583077,14447.0843028,92,84,1,0,0,0,0,0,0,0,0,0,0,0.0009096,seven_point_per_channel
3,510103,4,13,13,3501.416858,269.3397583077,14447.0843028,92,84,1,0,20,16,20,0,1034.059341606,110.4142436507,0.02139467781302,0.1297019703558,0,0.004617,seven_point_per_channel
3,510103,5,13,13,3558.942299,273.7647922308,14464.71148964,102,91,0,1,20,18,20,0,732.4474970548,62.09119773422,0.01233667192814,0.07605489686413,0,0.0043883,seven_point_per_channel
3,510104,0,11,11,3393.051723,308.4592475455,13595.2586274,104,96,1,1,0,0,0,0,0,0,0,0,0,0.0005552,seven_point_per_channel
3,510104,1,11,11,3562.97759,323.9070536364,14429.88794521,104,96,2,1,0,0,0,0,0,0,0,0,0,0.0005457,seven_point_per_channel
3,510104,2,11,11,3681.814024,334.7103658182,15024.07013444,104,96,2,1,0,0,0,0,0,0,0,0,0,0.0005335,seven_point_per_channel
3,510104,3,11,11,3393.051723,308.4592475455,13595.2586274,104,96,1,1,0,0,0,0,0,0,0,0,0,0.0005302,seven_point_per_channel
3,510104,4,11,11,3393.051723,308.4592475455,13595.2586274,104,96,1,1,18,18,18,0,0,0,0,0,0,0.0020453,seven_point_per_channel
3,510104,5,11,11,3158.779093,287.1617357273,12188.89546477,112,106,0,0,18,18,18,0,0,0,0,0,0,0.0010537,seven_point_per_channel
3,510105,0,15,15,4020.053916,268.0035944,17180.26959041,86,76,1,0,0,0,0,0,0,0,0,0,0,0.0012841,seven_point_per_channel
3,510105,1,15,15,4354.034965,290.2689976667,18785.17483086,88,76,2,0,0,0,0,0,0,0,0,0,0,0.001358,seven_point_per_channel
3,510105,2,15,15,4545.384135,303.025609,19781.92067361,87,76,1,1,0,0,0,0,0,0,0,0,0,0.0012677,seven_point_per_channel
3,510105,3,15,15,4020.053916,268.0035944,17180.26959041,86,76,1,0,0,0,0,0,0,0,0,0,0,0.001266,seven_point_per_channel
3,510105,4,15,15,4020.053916,268.0035944,17180.26959041,86,76,1,0,22,15,22,0,1211.640494046,223.0552274897,0.04856598488196,0.1579616166659,0,0.0045983,seven_point_per_channel
3,510105,5,15,15,3743.201419,249.5467612667,15731.00710366,88,79,1,0,22,17,22,0,876.9372051968,162.0905699782,0.02544333560168,0.08806803849707,0,0.0056057,seven_point_per_channel
3,510106,0,11,11,3384.63943,307.6944936364,13758.19714733,97,90,1,0,0,0,0,0,0,0,0,0,0,0.0006255,seven_point_per_channel
3,510106,1,11,11,3521.96354,320.1785036364,14484.81770603,96,90,0,0,0,0,0,0,0,0,0,0,0,0.0005895,seven_point_per_channel
3,510106,2,11,11,3681.638743,334.6944311818,15308.19372038,95,90,0,0,0,0,0,0,0,0,0,0,0,0.0005748,seven_point_per_channel
3,510106,3,11,11,3384.63943,307.6944936364,13758.19714733,97,90,1,0,0,0,0,0,0,0,0,0,0,0.0005939,seven_point_per_channel
3,510106,4,11,11,3384.63943,307.6944936364,13758.19714733,97,90,1,0,18,17,18,0,137.0867911376,7.61593284098,0.001398834287863,0.01874847586822,0,0.0037669,seven_point_per_channel
3,510106,5,11,11,3603.993129,327.635739,14409.96563538,112,104,1,0,18,18,18,0,0,0,0,0,0,0.0016094,seven_point_per_channel
3,510107,0,13,13,3998.614504,307.5857310769,16678.07252837,101,93,0,0,0,0,0,0,0,0,0,0,0,0.0007185,seven_point_per_channel
3,510107,1,13,13,4265.195284,328.0919449231,18010.9764249,101,93,0,0,0,0,0,0,0,0,0,0,0,0.0007035,seven_point_per_channel
3,510107,2,13,13,4475.415131,344.2627023846,19062.07565112,101,93,0,0,0,0,0,0,0,0,0,0,0,0.000699,seven_point_per_channel
3,510107,3,13,13,3998.614504,307.5857310769,16678.07252837,101,93,0,0,0,0,0,0,0,0,0,0,0,0.000691,seven_point_per_channel
3,510107,4,13,13,3998.614504,307.5857310769,16678.07252837,101,93,0,0,20,20,20,0,0,0,0,0,0,0.0056168,seven_point_per_channel
3,510107,5,13,13,3694.570724,284.197748,15122.85362658,102,95,0,0,20,19,20,0,349.5552239207,17.47776119603,0.003383462004102,0.04178987980623,0,0.0041497,seven_point_per_channel
3,510108,0,11,11,3273.29927,297.5726609091,13131.49635508,99,97,0,0,0,0,0,0,0,0,0,0,0,0.0005771,seven_point_per_channel
3,510108,1,11,11,3529.098194,320.8271085455,14410.49096824,99,97,0,0,0,0,0,0,0,0,0,0,0,0.0005545,seven_point_per_channel
3,510108,2,11,11,3713.771492,337.6155901818,15333.85746567,99,97,0,0,0,0,0,0,0,0,0,0,0,0.000547,seven_point_per_channel
3,510108,3,11,11,3273.29927,297.5726609091,13131.49635508,99,97,0,0,0,0,0,0,0,0,0,0,0,0.0005454,seven_point_per_channel
3,510108,4,11,11,3273.29927,297.5726609091,13131.49635508,99,97,0,0,18,18,18,0,0,0,0,0,0,0.004253,seven_point_per_channel
3,510108,5,11,11,3441.250435,312.8409486364,13731.25217924,107,105,0,0,18,18,18,0,0,0,0,0,0,0.0024387,seven_point_per_channel
3,510109,0,16,16,3497.327497,218.5829685625,14486.63750473,88,77,1,0,0,0,0,0,0,0,0,0,0,0.0009925,upper_bound_16
3,510109,1,16,16,3875.444924,242.21530775,16427.2246215,86,77,1,0,0,0,0,0,0,0,0,0,0,0.0009607,upper_bound_16
3,510109,2,16,16,4019.228536,251.2017835,17096.1426877,88,77,1,0,0,0,0,0,0,0,0,0,0,0.000961,upper_bound_16
3,510109,3,16,16,3406.208577,212.8880360625,14176.04290178,83,73,1,0,0,0,0,0,0,0,0,0,2,0.0009283,upper_bound_16
3,510109,4,16,16,3406.208577,212.8880360625,14176.04290178,83,73,1,0,21,20,21,0,48.74772710855,2.321320338502,0.0005103302682793,0.007221788628392,2,0.0047251,upper_bound_16
3,510109,5,16,16,3236.716851,202.2948031875,12588.58425442,108,99,0,0,22,22,22,0,0,0,0,0,1,0.0015755,upper_bound_16
3,510110,0,16,16,4361.122976,272.570186,18430.61488265,98,87,6,1,0,0,0,0,0,0,0,0,0,0.000789,upper_bound_16
3,510110,1,16,16,4656.868915,291.0543071875,19979.34459968,97,87,3,0,0,0,0,0,0,0,0,0,0,0.0008239,upper_bound_16
3,510110,2,16,16,5014.781489,313.4238430625,21713.90745659,98,87,5,0,0,0,0,0,0,0,0,0,0,0.000843,upper_bound_16
3,510110,3,16,16,4361.122976,272.570186,18430.61488265,98,87,6,1,0,0,0,0,0,0,0,0,1,0.0008906,upper_bound_16
3,510110,4,16,16,4361.122976,272.570186,18430.61488265,98,87,6,1,22,21,22,0,720.4418263125,32.74735574148,0.007220366625771,0.09072732156825,1,0.004156,upper_bound_16
3,510110,5,16,16,3821.158915,238.8224321875,16230.79457389,84,69,2,0,21,14,21,0,1364.682955562,260.8042922018,0.04154149559633,0.1221531919234,2,0.0064135,upper_bound_16
3,510111,0,16,16,3728.35287,233.022054375,15606.76436376,89,79,1,0,0,0,0,0,0,0,0,0,0,0.000808,upper_bound_16
3,510111,1,16,16,3914.739807,244.6712379375,16578.69904712,88,79,0,0,0,0,0,0,0,0,0,0,0,0.0007943,upper_bound_16
3,510111,2,16,16,4059.535752,253.7209845,17302.67875135,88,79,0,0,0,0,0,0,0,0,0,0,0,0.0007768,upper_bound_16
3,510111,3,16,16,3642.581409,227.6613380625,15227.90705495,87,79,1,0,0,0,0,0,0,0,0,0,2,0.0007546,upper_bound_16
3,510111,4,16,16,3642.581409,227.6613380625,15227.90705495,87,79,1,0,21,20,21,0,893.3628996867,42.54109046127,0.008826116321724,0.1122906356929,2,0.0042315,upper_bound_16
3,510111,5,16,16,3386.991387,211.6869616875,14229.95693385,78,71,0,0,21,16,21,0,535.2580035973,33.08983118673,0.005328443530168,0.0588344823139,2,0.006651,upper_bound_16
3,510112,0,12,12,3861.492805,321.7910670833,16147.46403694,96,89,1,0,0,0,0,0,0,0,0,0,0,0.0008694,seven_point_per_channel
3,510112,1,12,12,4027.971015,335.66425125,16979.85509663,96,89,1,0,0,0,0,0,0,0,0,0,0,0.0008527,seven_point_per_channel
3,510112,2,12,12,4169.512273,347.4593560833,17727.5613736,95,89,0,0,0,0,0,0,0,0,0,0,0,0.0008355,seven_point_per_channel
3,510112,3,12,12,3861.492805,321.7910670833,16147.46403694,96,89,1,0,0,0,0,0,0,0,0,0,0,0.0008417,seven_point_per_channel
3,510112,4,12,12,3861.492805,321.7910670833,16147.46403694,96,89,1,0,19,17,19,0,857.9122166714,74.39113989655,0.01456251803124,0.108046116929,0,0.0055215,seven_point_per_channel
3,510112,5,12,12,3393.561437,282.7967864167,13612.80719829,103,96,0,0,19,18,19,0,651.9864286941,34.31507519443,0.006550502400699,0.07118509286746,0,0.0044872,seven_point_per_channel
3,510113,0,12,12,3967.761196,330.6467663333,16363.80599555,107,97,1,0,0,0,0,0,0,0,0,0,0,0.0005957,seven_point_per_channel
3,510113,1,12,12,4184.298844,348.6915703333,17511.49423744,105,97,0,0,0,0,0,0,0,0,0,0,0,0.0005584,seven_point_per_channel
3,510113,2,12,12,4409.149704,367.429142,18580.74852017,106,97,2,1,0,0,0,0,0,0,0,0,0,0.0005615,seven_point_per_channel
3,510113,3,12,12,3967.761196,330.6467663333,16363.80599555,107,97,1,0,0,0,0,0,0,0,0,0,0,0.000565,seven_point_per_channel
3,510113,4,12,12,3967.761196,330.6467663333,16363.80599555,107,97,1,0,19,19,19,0,0,0,0,0,0,0.0028434,seven_point_per_channel
3,510113,5,12,12,4080.510133,340.0425110833,16817.55067085,111,102,0,0,19,19,19,0,0,0,0,0,0,0.0032267,seven_point_per_channel
3,510114,0,15,15,3865.492145,257.6994763333,15877.46073512,104,92,1,0,0,0,0,0,0,0,0,0,0,0.0011829,seven_point_per_channel
3,510114,1,15,15,4080.212672,272.0141781333,16951.06337731,104,92,1,0,0,0,0,0,0,0,0,0,0,0.0010515,seven_point_per_channel
3,510114,2,15,15,4257.258194,283.8172129333,17851.29098993,104,92,0,1,0,0,0,0,0,0,0,0,0,0.0010423,seven_point_per_channel
3,510114,3,15,15,3865.492145,257.6994763333,15877.46073512,104,92,1,0,0,0,0,0,0,0,0,0,0,0.0010282,seven_point_per_channel
3,510114,4,15,15,3865.492145,257.6994763333,15877.46073512,104,92,1,0,22,18,22,0,944.5637001699,119.310605805,0.02964709777455,0.1168574805195,0,0.0036716,seven_point_per_channel
3,510114,5,15,15,3386.420992,225.7613994667,13977.10496246,87,78,1,1,22,15,22,0,954.4234481625,193.6587946104,0.03214604936036,0.09660688572824,0,0.0051255,seven_point_per_channel
3,510115,0,13,13,3932.879886,302.529222,16269.39942467,103,93,2,0,0,0,0,0,0,0,0,0,0,0.0007092,seven_point_per_channel
3,510115,1,13,13,4130.293242,317.7148647692,17296.46621373,102,93,1,0,0,0,0,0,0,0,0,0,0,0.0006763,seven_point_per_channel
3,510115,2,13,13,4355.599556,335.0461196923,18422.99777492,102,93,1,0,0,0,0,0,0,0,0,0,0,0.0006613,seven_point_per_channel
3,510115,3,13,13,3932.879886,302.529222,16269.39942467,103,93,2,0,0,0,0,0,0,0,0,0,0,0.0006632,seven_point_per_channel
3,510115,4,13,13,3932.879886,302.529222,16269.39942467,103,93,2,0,20,20,20,0,0,0,0,0,0,0.0045313,seven_point_per_channel
3,510115,5,13,13,3671.340629,282.4108176154,15101.70314192,99,91,0,0,20,18,20,0,296.8730913251,15.17259693216,0.002648396792913,0.03144656917371,0,0.0053166,seven_point_per_channel
3,510116,0,15,15,3804.539211,253.6359474,16087.69605965,86,79,1,0,0,0,0,0,0,0,0,0,0,0.0011253,seven_point_per_channel
3,510116,1,15,15,4047.540458,269.8360305333,17302.70230409,86,79,1,0,0,0,0,0,0,0,0,0,0,0.001131,seven_point_per_channel
3,510116,2,15,15,4244.601118,282.9734078667,18288.00559441,86,79,1,0,0,0,0,0,0,0,0,0,0,0.0010511,seven_point_per_channel
3,510116,3,15,15,3804.539211,253.6359474,16087.69605965,86,79,1,0,0,0,0,0,0,0,0,0,0,0.0010895,seven_point_per_channel
3,510116,4,15,15,3804.539211,253.6359474,16087.69605965,86,79,1,0,22,16,22,0,815.7627471767,167.5603057649,0.03215109881862,0.09806794853903,0,0.0040315,seven_point_per_channel
3,510116,5,15,15,3626.276832,241.7517888,14966.38417409,93,84,3,0,22,17,22,0,574.9969444849,114.627435351,0.02228052976535,0.07492728777082,0,0.0039165,seven_point_per_channel
3,510117,0,11,11,3940.724821,358.247711,16173.62409086,110,98,1,0,0,0,0,0,0,0,0,0,0,0.0006023,seven_point_per_channel
3,510117,1,11,11,4215.589281,383.2353891818,17572.94640791,109,98,1,0,0,0,0,0,0,0,0,0,0,0.0005831,seven_point_per_channel
3,510117,2,11,11,4378.592521,398.0538655455,18427.96260598,108,98,0,0,0,0,0,0,0,0,0,0,0,0.0005501,seven_point_per_channel
3,510117,3,11,11,3940.724821,358.247711,16173.62409086,110,98,1,0,0,0,0,0,0,0,0,0,0,0.0005726,seven_point_per_channel
3,510117,4,11,11,3940.724821,358.247711,16173.62409086,110,98,1,0,18,18,18,0,0,0,0,0,0,0.0020627,seven_point_per_channel
3,510117,5,11,11,3446.497336,313.3179396364,13867.48668092,104,95,1,0,18,16,18,0,921.0568080875,94.91908260629,0.0177326952759,0.1001920715083,0,0.0043575,seven_point_per_channel
3,510118,0,14,14,4214.418077,301.0298626429,17887.0903889,95,89,1,0,0,0,0,0,0,0,0,0,0,0.0011811,seven_point_per_channel
3,510118,1,14,14,4579.42402,327.1017157143,19777.12011459,93,89,0,0,0,0,0,0,0,0,0,0,0,0.0009114,seven_point_per_channel
3,510118,2,14,14,4952.690714,353.7636224286,21578.45358062,95,89,1,0,0,0,0,0,0,0,0,0,0,0.0009254,seven_point_per_channel
3,510118,3,14,14,4214.418077,301.0298626429,17887.0903889,95,89,1,0,0,0,0,0,0,0,0,0,0,0.0009093,seven_point_per_channel
3,510118,4,14,14,4214.418077,301.0298626429,17887.0903889,95,89,1,0,21,19,21,0,1024.491949818,64.26185745367,0.01385095772766,0.1287157569624,0,0.004642,seven_point_per_channel
3,510118,5,14,14,4132.065162,295.1475115714,17395.32581522,99,88,0,1,21,18,21,0,854.7070053998,109.5988914987,0.01774530388358,0.08333877974926,0,0.0043263,seven_point_per_channel
3,510119,0,12,12,3981.369289,331.7807740833,16426.84644098,107,101,0,0,0,0,0,0,0,0,0,0,0,0.000508,seven_point_per_channel
3,510119,1,12,12,4293.58811,357.7990091667,17987.94055551,107,101,0,0,0,0,0,0,0,0,0,0,0,0.0005013,seven_point_per_channel
3,510119,2,12,12,4545.631798,378.8026498333,19183.15899152,109,101,1,0,0,0,0,0,0,0,0,0,0,0.0005107,seven_point_per_channel
3,510119,3,12,12,3981.369289,331.7807740833,16426.84644098,107,101,0,0,0,0,0,0,0,0,0,0,0,0.0004884,seven_point_per_channel
3,510119,4,12,12,3981.369289,331.7807740833,16426.84644098,107,101,0,0,19,19,19,0,0,0,0,0,0,0.0030108,seven_point_per_channel
3,510119,5,12,12,3552.980016,296.081668,14269.90006819,107,101,1,0,19,19,19,0,0,0,0,0,0,0.003609,seven_point_per_channel
3,510120,0,10,10,3547.688171,354.7688171,14208.44086405,110,106,0,0,0,0,0,0,0,0,0,0,0,0.0004192,seven_point_per_channel
3,510120,1,10,10,3877.75834,387.775834,15818.79171178,111,106,1,0,0,0,0,0,0,0,0,0,0,0.0004187,seven_point_per_channel
3,510120,2,10,10,4095.337997,409.5337997,16906.68999002,111,106,1,0,0,0,0,0,0,0,0,0,0,0.0004135,seven_point_per_channel
3,510120,3,10,10,3547.688171,354.7688171,14208.44086405,110,106,0,0,0,0,0,0,0,0,0,0,0,0.0003917,seven_point_per_channel
3,510120,4,10,10,3547.688171,354.7688171,14208.44086405,110,106,0,0,17,17,17,0,0,0,0,0,0,0.0009046,seven_point_per_channel
3,510120,5,10,10,3596.183531,359.6183531,14520.917664,108,102,0,0,17,17,17,0,0,0,0,0,0,0.0022562,seven_point_per_channel
3,510121,0,13,13,3402.882889,261.7602222308,13849.41445405,96,88,0,0,0,0,0,0,0,0,0,0,0,0.0008892,seven_point_per_channel
3,510121,1,13,13,3584.317439,275.7167260769,14716.58720563,97,88,1,0,0,0,0,0,0,0,0,0,0,0.0009146,seven_point_per_channel
3,510121,2,13,13,3746.113028,288.1625406154,15515.56514197,98,88,0,0,0,0,0,0,0,0,0,0,0,0.0010836,seven_point_per_channel
3,510121,3,13,13,3402.882889,261.7602222308,13849.41445405,96,88,0,0,0,0,0,0,0,0,0,0,0,0.0010521,seven_point_per_channel
3,510121,4,13,13,3402.882889,261.7602222308,13849.41445405,96,88,0,0,20,16,20,0,568.1632603817,56.382284553,0.01424220784574,0.07244572442587,0,0.0039714,seven_point_per_channel
3,510121,5,13,13,3279.406276,252.2620212308,13327.03139563,93,84,0,0,20,15,20,0,341.3074238284,66.69503157633,0.01269297537968,0.0361475249636,0,0.0036011,seven_point_per_channel
3,510122,0,14,14,3472.345456,248.0246754286,13971.72728194,103,93,0,0,0,0,0,0,0,0,0,0,0,0.0007184,seven_point_per_channel
3,510122,1,14,14,3623.571673,258.8265480714,14752.85837953,102,93,0,0,0,0,0,0,0,0,0,0,0,0.000696,seven_point_per_channel
3,510122,2,14,14,3817.119402,272.6513858571,15695.597024,103,93,0,0,0,0,0,0,0,0,0,0,0,0.0008026,seven_point_per_channel
3,510122,3,14,14,3472.345456,248.0246754286,13971.72728194,103,93,0,0,0,0,0,0,0,0,0,0,0,0.0007838,seven_point_per_channel
3,510122,4,14,14,3472.345456,248.0246754286,13971.72728194,103,93,0,0,21,21,21,0,0,0,0,0,0,0.0040322,seven_point_per_channel
3,510122,5,14,14,3780.854475,270.0610339286,15454.27237121,105,95,0,0,21,20,21,0,806.6432175803,38.41158178954,0.007000310006865,0.08402053962597,0,0.0049011,seven_point_per_channel
3,510123,0,11,11,3328.208763,302.564433,13336.04381365,103,91,0,0,0,0,0,0,0,0,0,0,0,0.0007528,seven_point_per_channel
3,510123,1,11,11,3558.562132,323.5056483636,14422.81066609,105,91,1,0,0,0,0,0,0,0,0,0,0,0.0007591,seven_point_per_channel
3,510123,2,11,11,3679.057322,334.4597565455,15090.28661831,103,91,0,0,0,0,0,0,0,0,0,0,0,0.0007332,seven_point_per_channel
3,510123,3,11,11,3328.208763,302.564433,13336.04381365,103,91,0,0,0,0,0,0,0,0,0,0,0,0.0007299,seven_point_per_channel
3,510123,4,11,11,3328.208763,302.564433,13336.04381365,103,91,0,0,18,16,18,0,910.0431975839,83.00868809109,0.01984897658648,0.1185858334695,0,0.0041567,seven_point_per_channel
3,510123,5,11,11,3076.921223,279.7201111818,12079.60611588,102,96,0,0,18,17,18,0,709.605424747,39.42252359706,0.007869561886866,0.07536229411049,0,0.0029423,seven_point_per_channel
3,510124,0,10,10,2935.116508,293.5116508,11450.58252905,100,95,0,0,0,0,0,0,0,0,0,0,0,0.0006613,seven_point_per_channel
3,510124,1,10,10,3029.200838,302.9200838,11906.00418072,100,95,1,0,0,0,0,0,0,0,0,0,0,0.0007747,seven_point_per_channel
3,510124,2,10,10,3076.490687,307.6490687,12182.45342969,99,95,0,0,0,0,0,0,0,0,0,0,0,0.000666,seven_point_per_channel
3,510124,3,10,10,2935.116508,293.5116508,11450.58252905,100,95,0,0,0,0,0,0,0,0,0,0,0,0.0006716,seven_point_per_channel
3,510124,4,10,10,2935.116508,293.5116508,11450.58252905,100,95,0,0,17,15,17,0,640.7105788912,71.77494695164,0.01595145841823,0.08458663439374,0,0.0030803,seven_point_per_channel
3,510124,5,10,10,2952.805572,295.2805572,11469.02786264,102,99,0,0,17,15,17,0,94.18826426749,6.755638385905,0.001457061828795,0.009958194993279,0,0.003,seven_point_per_channel
3,510125,0,10,10,3172.409283,317.2409283,12637.04641633,100,92,1,0,0,0,0,0,0,0,0,0,0,0.0006694,seven_point_per_channel
3,510125,1,10,10,3247.984791,324.7984791,13054.9239688,99,92,0,0,0,0,0,0,0,0,0,0,0,0.0006461,seven_point_per_channel
3,510125,2,10,10,3358.488672,335.8488672,13607.44336772,99,92,0,0,0,0,0,0,0,0,0,0,0,0.0006418,seven_point_per_channel
3,510125,3,10,10,3172.409283,317.2409283,12637.04641633,100,92,1,0,0,0,0,0,0,0,0,0,0,0.0006442,seven_point_per_channel
3,510125,4,10,10,3172.409283,317.2409283,12637.04641633,100,92,1,0,17,16,17,0,627.0626175008,36.88603632358,0.007004550476133,0.08225270410307,0,0.0044109,seven_point_per_channel
3,510125,5,10,10,2888.894807,288.8894807,11109.4740492,104,97,0,0,17,15,17,0,157.7122275079,18.55437970623,0.003542595748859,0.01793543554418,0,0.0039525,seven_point_per_channel
3,510126,0,12,12,3569.589816,297.465818,14487.94909281,103,97,0,0,0,0,0,0,0,0,0,0,0,0.0006469,seven_point_per_channel
3,510126,1,12,12,3812.056778,317.6713981667,15725.28390406,102,97,0,0,0,0,0,0,0,0,0,0,0,0.0006267,seven_point_per_channel
3,510126,2,12,12,4045.106552,337.0922126667,16875.53277252,102,97,1,0,0,0,0,0,0,0,0,0,0,0.0006243,seven_point_per_channel
3,510126,3,12,12,3569.589816,297.465818,14487.94909281,103,97,0,0,0,0,0,0,0,0,0,0,0,0.0006264,seven_point_per_channel
3,510126,4,12,12,3569.589816,297.465818,14487.94909281,103,97,0,0,19,18,19,0,893.8223557445,47.04328188129,0.0105322660234,0.1145441805318,0,0.0028302,seven_point_per_channel
3,510126,5,12,12,3576.953603,298.0794669167,14524.76802808,103,97,0,0,19,17,19,0,640.1426885312,33.69172045638,0.006022757485431,0.06955334979123,0,0.0034983,seven_point_per_channel
3,510127,0,15,15,3815.554943,254.3703295333,15927.77470703,94,85,0,1,0,0,0,0,0,0,0,0,0,0.0009537,seven_point_per_channel
3,510127,1,15,15,3909.623462,260.6415641333,16398.11730702,94,85,0,0,0,0,0,0,0,0,0,0,0,0.0009409,seven_point_per_channel
3,510127,2,15,15,4304.4061,286.9604066667,18397.03050296,93,85,0,0,0,0,0,0,0,0,0,0,0,0.0009903,seven_point_per_channel
3,510127,3,15,15,3815.554943,254.3703295333,15927.77470703,94,85,0,1,0,0,0,0,0,0,0,0,0,0.0009673,seven_point_per_channel
3,510127,4,15,15,3815.554943,254.3703295333,15927.77470703,94,85,0,1,22,19,22,0,986.3500547923,72.45105363744,0.01625211744344,0.1257567417467,0,0.0059104,seven_point_per_channel
3,510127,5,15,15,3675.153496,245.0102330667,15045.76746982,99,90,2,0,22,20,22,0,685.6256206467,47.24358378679,0.009228927822866,0.07199335006167,0,0.0052502,seven_point_per_channel
3,510128,0,11,11,3432.130693,312.0118811818,13565.65346465,112,104,0,1,0,0,0,0,0,0,0,0,0,0.0005067,seven_point_per_channel
3,510128,1,11,11,3671.975954,333.8159958182,14724.87977202,113,104,1,1,0,0,0,0,0,0,0,0,0,0.000493,seven_point_per_channel
3,510128,2,11,11,3859.465347,350.8604860909,15622.32673546,114,104,2,1,0,0,0,0,0,0,0,0,0,0.0004958,seven_point_per_channel
3,510128,3,11,11,3432.130693,312.0118811818,13565.65346465,112,104,0,1,0,0,0,0,0,0,0,0,0,0.0004795,seven_point_per_channel
3,510128,4,11,11,3432.130693,312.0118811818,13565.65346465,112,104,0,1,18,18,18,0,0,0,0,0,0,0.0017252,seven_point_per_channel
3,510128,5,11,11,3676.886267,334.2623879091,14804.43132712,110,105,2,0,18,18,18,0,0,0,0,0,0,0.0015204,seven_point_per_channel
3,510129,0,12,12,3134.645379,261.22044825,12523.22690385,96,90,0,0,0,0,0,0,0,0,0,0,0,0.0007634,seven_point_per_channel
3,510129,1,12,12,3283.971958,273.6643298333,13269.85978901,96,90,0,0,0,0,0,0,0,0,0,0,0,0.0007526,seven_point_per_channel
3,510129,2,12,12,3456.218293,288.0181910833,14131.09146644,96,90,0,0,0,0,0,0,0,0,0,0,0,0.0007383,seven_point_per_channel
3,510129,3,12,12,3134.645379,261.22044825,12523.22690385,96,90,0,0,0,0,0,0,0,0,0,0,0,0.0007295,seven_point_per_channel
3,510129,4,12,12,3250.848614,270.9040511667,12924.2430665,102,93,1,0,19,19,19,0,0,0,0,0,0,0.0048873,seven_point_per_channel
3,510129,5,12,12,3282.647345,273.5539454167,13243.23671716,96,94,0,0,19,19,19,0,0,0,0,0,0,0.0034198,seven_point_per_channel
3,510130,0,14,14,3946.37996,281.8842828571,16541.89980233,96,88,0,0,0,0,0,0,0,0,0,0,0,0.000698,seven_point_per_channel
3,510130,1,14,14,4253.183339,303.7988099286,18100.91669949,95,88,0,0,0,0,0,0,0,0,0,0,0,0.0006747,seven_point_per_channel
3,510130,2,14,14,4562.289766,325.8778404286,19606.44883976,96,88,1,0,0,0,0,0,0,0,0,0,0,0.0006808,seven_point_per_channel
3,510130,3,14,14,3946.37996,281.8842828571,16541.89980233,96,88,0,0,0,0,0,0,0,0,0,0,0,0.0007233,seven_point_per_channel
3,510130,4,14,14,3946.37996,281.8842828571,16541.89980233,96,88,0,0,21,19,21,0,778.5471668639,67.71924940372,0.01383046944341,0.1023055211031,0,0.0039998,seven_point_per_channel
3,510130,5,14,14,3721.181818,265.7987012857,15450.90909586,95,86,0,0,21,16,21,0,1073.876907076,222.3918738267,0.03225428477663,0.1108380457498,0,0.005628,seven_point_per_channel
3,510131,0,11,11,3979.801968,361.8001789091,16209.00983834,115,108,0,0,0,0,0,0,0,0,0,0,0,0.0004396,seven_point_per_channel
3,510131,1,11,11,4267.584974,387.9622703636,17657.92487235,114,108,1,0,0,0,0,0,0,0,0,0,0,0.0004093,seven_point_per_channel
3,510131,2,11,11,4529.122816,411.7384378182,18965.61408417,114,108,1,0,0,0,0,0,0,0,0,0,0,0.0003993,seven_point_per_channel
3,510131,3,11,11,3979.801968,361.8001789091,16209.00983834,115,108,0,0,0,0,0,0,0,0,0,0,0,0.0004044,seven_point_per_channel
3,510131,4,11,11,3979.801968,361.8001789091,16209.00983834,115,108,0,0,18,18,18,0,0,0,0,0,0,0.0009217,seven_point_per_channel
3,510131,5,11,11,3866.529897,351.5027179091,15792.64947268,110,103,0,0,18,18,18,0,0,0,0,0,0,0.0015637,seven_point_per_channel
3,510132,0,11,11,3492.562032,317.5056392727,13802.810157,114,104,1,0,0,0,0,0,0,0,0,0,0,0.0004655,seven_point_per_channel
3,510132,1,11,11,3651.35557,331.9414154545,14596.77784986,114,104,1,0,0,0,0,0,0,0,0,0,0,0.0004843,seven_point_per_channel
3,510132,2,11,11,3813.271021,346.6610019091,15431.35510302,113,104,1,0,0,0,0,0,0,0,0,0,0,0.0004658,seven_point_per_channel
3,510132,3,11,11,3492.562032,317.5056392727,13802.810157,114,104,1,0,0,0,0,0,0,0,0,0,0,0.0004639,seven_point_per_channel
3,510132,4,11,11,3492.562032,317.5056392727,13802.810157,114,104,1,0,18,18,18,0,0,0,0,0,0,0.0010361,seven_point_per_channel
3,510132,5,11,11,3396.292502,308.7538638182,13626.4625128,103,98,1,0,18,16,18,0,442.8059720909,47.35433199792,0.008146366053139,0.04207533126184,0,0.0033547,seven_point_per_channel
3,510133,0,12,12,3021.360027,251.78000225,12016.80014674,94,85,1,0,0,0,0,0,0,0,0,0,0,0.000992,seven_point_per_channel
3,510133,1,12,12,3122.137622,260.1781351667,12585.68811635,92,85,0,0,0,0,0,0,0,0,0,0,0,0.0009643,seven_point_per_channel
3,510133,2,12,12,3242.145119,270.1787599167,13185.72560195,92,85,0,0,0,0,0,0,0,0,0,0,0,0.0009538,seven_point_per_channel
3,510133,3,12,12,3021.360027,251.78000225,12016.80014674,94,85,1,0,0,0,0,0,0,0,0,0,0,0.0009774,seven_point_per_channel
3,510133,4,12,12,3021.360027,251.78000225,12016.80014674,94,85,1,0,19,14,19,0,1015.011948915,179.7017520127,0.04175266503693,0.1308244558698,0,0.0036953,seven_point_per_channel
3,510133,5,12,12,3456.553302,288.0461085,14227.76651546,93,86,0,0,19,14,19,0,718.2546750876,137.9852054126,0.02518480308736,0.07981622182784,0,0.0042025,seven_point_per_channel
3,510134,0,10,10,3462.403837,346.2403837,13812.01918091,110,100,0,0,0,0,0,0,0,0,0,0,0,0.0005045,seven_point_per_channel
3,510134,1,10,10,3739.039378,373.9039378,15220.19688721,109,100,0,1,0,0,0,0,0,0,0,0,0,0.0004963,seven_point_per_channel
3,510134,2,10,10,3863.197927,386.3197927,15890.98965215,107,100,0,0,0,0,0,0,0,0,0,0,0,0.000472,seven_point_per_channel
3,510134,3,10,10,3462.403837,346.2403837,13812.01918091,110,100,0,0,0,0,0,0,0,0,0,0,0,0.000491,seven_point_per_channel
3,510134,4,10,10,3462.403837,346.2403837,13812.01918091,110,100,0,0,17,17,17,0,0,0,0,0,0,0.0021581,seven_point_per_channel
3,510134,5,10,10,3407.325801,340.7325801,13486.62899974,111,105,0,0,17,17,17,0,0,0,0,0,0,0.0024906,seven_point_per_channel
3,510135,0,11,11,3608.656296,328.0596632727,14488.28147622,110,106,0,0,0,0,0,0,0,0,0,0,0,0.0004049,seven_point_per_channel
3,510135,1,11,11,3918.338318,356.2125743636,16036.69159328,110,106,0,0,0,0,0,0,0,0,0,0,0,0.0003988,seven_point_per_channel
3,510135,2,11,11,4153.087546,377.5534132727,17210.43773439,110,106,0,0,0,0,0,0,0,0,0,0,0,0.0003884,seven_point_per_channel
3,510135,3,11,11,3608.656296,328.0596632727,14488.28147622,110,106,0,0,0,0,0,0,0,0,0,0,0,0.0003898,seven_point_per_channel
3,510135,4,11,11,3608.656296,328.0596632727,14488.28147622,110,106,0,0,18,18,18,0,0,0,0,0,0,0.0009737,seven_point_per_channel
3,510135,5,11,11,3298.028252,299.8207501818,13100.14126321,105,98,0,0,18,18,18,0,0,0,0,0,0,0.0025661,seven_point_per_channel
3,510136,0,11,11,3371.64642,306.5133109091,13698.23210389,97,92,0,0,0,0,0,0,0,0,0,0,0,0.0008044,seven_point_per_channel
3,510136,1,11,11,3598.455275,327.1322977273,14817.27638924,97,92,1,0,0,0,0,0,0,0,0,0,0,0.0007873,seven_point_per_channel
3,510136,2,11,11,3796.12615,345.1023772727,15805.6307637,97,92,1,0,0,0,0,0,0,0,0,0,0,0.000832,seven_point_per_channel
3,510136,3,11,11,3371.64642,306.5133109091,13698.23210389,97,92,0,0,0,0,0,0,0,0,0,0,0,0.0007861,seven_point_per_channel
3,510136,4,11,11,3371.64642,306.5133109091,13698.23210389,97,92,0,0,18,16,18,0,540.7397904252,52.58313441734,0.01171094197396,0.06880565833914,0,0.0043075,seven_point_per_channel
3,510136,5,11,11,3514.15426,319.4685690909,14275.77130201,101,93,2,0,18,16,18,0,586.6881705633,54.3717380835,0.009713981892488,0.06553119062883,0,0.0042934,seven_point_per_channel
3,510137,0,16,16,3835.373245,239.7108278125,15756.86622172,101,90,3,0,0,0,0,0,0,0,0,0,0,0.0010596,upper_bound_16
3,510137,1,16,16,4064.64752,254.04047,16968.23761512,99,90,2,0,0,0,0,0,0,0,0,0,0,0.0010179,upper_bound_16
3,510137,2,16,16,4316.088621,269.7555388125,18185.44310337,100,90,3,0,0,0,0,0,0,0,0,0,0,0.0010163,upper_bound_16
3,510137,3,16,16,3835.373245,239.7108278125,15756.86622172,101,90,3,0,0,0,0,0,0,0,0,0,0,0.0010488,upper_bound_16
3,510137,4,16,16,3835.373245,239.7108278125,15756.86622172,101,90,3,0,23,21,23,0,1084.888892246,73.35368076297,0.01821657977495,0.136456177103,0,0.0060582,upper_bound_16
3,510137,5,16,16,3540.564615,221.2852884375,14517.8230713,94,87,0,0,22,20,22,0,732.9415892757,40.05830824547,0.007418367316657,0.08118062553253,1,0.0033845,upper_bound_16
3,510138,0,12,12,3203.041412,266.9201176667,12765.20707305,99,92,1,0,0,0,0,0,0,0,0,0,0,0.0005211,seven_point_per_channel
3,510138,1,12,12,3358.397159,279.8664299167,13581.98579085,98,92,0,0,0,0,0,0,0,0,0,0,0,0.0004919,seven_point_per_channel
3,510138,2,12,12,3554.23222,296.1860183333,14496.161107,100,92,1,0,0,0,0,0,0,0,0,0,0,0.0005008,seven_point_per_channel
3,510138,3,12,12,3203.041412,266.9201176667,12765.20707305,99,92,1,0,0,0,0,0,0,0,0,0,0,0.0004905,seven_point_per_channel
3,510138,4,12,12,3203.041412,266.9201176667,12765.20707305,99,92,1,0,19,19,19,0,0,0,0,0,0,0.0018502,seven_point_per_channel
3,510138,5,12,12,3345.84587,278.8204891667,13304.22935578,105,100,0,0,19,19,19,0,0,0,0,0,0,0.0017992,seven_point_per_channel
3,510139,0,11,11,3238.559451,294.4144955455,12982.79726136,99,92,0,0,0,0,0,0,0,0,0,0,0,0.0006339,seven_point_per_channel
3,510139,1,11,11,3452.198747,313.8362497273,14050.99374158,99,92,0,0,0,0,0,0,0,0,0,0,0,0.00103,seven_point_per_channel
3,510139,2,11,11,3658.30709,332.5733718182,15106.53545222,98,92,0,0,0,0,0,0,0,0,0,0,0,0.0006243,seven_point_per_channel
3,510139,3,11,11,3238.559451,294.4144955455,12982.79726136,99,92,0,0,0,0,0,0,0,0,0,0,0,0.0006141,seven_point_per_channel
3,510139,4,11,11,3236.637514,294.239774,12958.18757548,100,90,0,0,18,16,18,0,693.6788272171,56.88972309671,0.01181823256437,0.0862146439085,0,0.0039264,seven_point_per_channel
3,510139,5,11,11,3162.204533,287.4731393636,12651.02267003,97,92,0,0,18,17,18,0,730.6689992193,40.59272217885,0.007588069471029,0.08169401895335,0,0.0031284,seven_point_per_channel
3,510140,0,16,16,4447.431085,277.9644428125,19002.15541852,96,87,0,0,0,0,0,0,0,0,0,0,0,0.0010546,upper_bound_16
3,510140,1,16,16,4890.276688,305.642293,21106.38345415,98,87,4,0,0,0,0,0,0,0,0,0,0,0.001129,upper_bound_16
3,510140,2,16,16,5066.289428,316.64308925,22041.44713682,97,87,2,0,0,0,0,0,0,0,0,0,0,0.0010841,upper_bound_16
3,510140,3,16,16,4447.431085,277.9644428125,19002.15541852,96,87,0,0,0,0,0,0,0,0,0,0,0,0.0010339,upper_bound_16
3,510140,4,16,16,4447.431085,277.9644428125,19002.15541852,96,87,0,0,23,21,23,0,824.2088893705,55.20602137097,0.01263351633254,0.102808280033,0,0.0059979,upper_bound_16
3,510140,5,16,16,4592.713766,287.044610375,19708.56883114,96,88,1,0,23,21,23,0,640.2301513815,47.09332557462,0.009109205658793,0.07217990620973,0,0.0056379,upper_bound_16
3,510141,0,16,16,4227.417536,264.213596,18197.08768185,86,78,0,0,0,0,0,0,0,0,0,0,0,0.0012316,upper_bound_16
3,510141,1,16,16,4512.03884,282.0024275,19580.1942039,87,78,1,0,0,0,0,0,0,0,0,0,0,0.0012267,upper_bound_16
3,510141,2,16,16,4661.044051,291.3152531875,20365.22025057,86,78,0,0,0,0,0,0,0,0,0,0,0,0.0012253,upper_bound_16
3,510141,3,16,16,4203.981737,262.7488585625,18199.90869175,82,74,0,0,0,0,0,0,0,0,0,0,1,0.0012342,upper_bound_16
3,510141,4,16,16,4203.981737,262.7488585625,18199.90869175,82,74,0,0,22,16,22,0,776.3629981213,149.4473826939,0.02702449771513,0.09603714554257,1,0.0066746,upper_bound_16
3,510141,5,16,16,4037.452146,252.340759125,17127.26072291,90,82,0,0,22,19,22,0,399.575694657,32.82285998142,0.005606045398271,0.04558622702623,1,0.0051907,upper_bound_16
3,510142,0,14,14,4251.085467,303.6489619286,18145.42733948,93,84,1,0,0,0,0,0,0,0,0,0,0,0.0011099,seven_point_per_channel
3,510142,1,14,14,4588.648402,327.7606001429,19833.24200709,93,84,1,0,0,0,0,0,0,0,0,0,0,0.0010929,seven_point_per_channel
3,510142,2,14,14,4829.014732,344.9296237143,21035.07366704,93,84,1,1,0,0,0,0,0,0,0,0,0,0.0010945,seven_point_per_channel
3,510142,3,14,14,4251.085467,303.6489619286,18145.42733948,93,84,1,0,0,0,0,0,0,0,0,0,0,0.001073,seven_point_per_channel
3,510142,4,14,14,4251.085467,303.6489619286,18145.42733948,93,84,1,0,21,17,21,0,1041.983189813,141.5421471847,0.03210499353953,0.1321101530604,0,0.0051698,seven_point_per_channel
3,510142,5,14,14,3837.48454,274.1060385714,16007.42270224,95,91,0,0,21,18,21,0,868.3177959442,64.39233515531,0.01142769822443,0.09160539250447,0,0.0035394,seven_point_per_channel
3,510143,0,13,13,3840.433738,295.4179798462,15947.16869693,99,91,0,0,0,0,0,0,0,0,0,0,0,0.0006569,seven_point_per_channel
3,510143,1,13,13,4181.920336,321.6861796923,17679.6016841,98,91,0,0,0,0,0,0,0,0,0,0,0,0.0006535,seven_point_per_channel
3,510143,2,13,13,4201.734736,323.2103643077,17778.67368149,98,91,0,0,0,0,0,0,0,0,0,0,0,0.0006382,seven_point_per_channel
3,510143,3,13,13,3840.433738,295.4179798462,15947.16869693,99,91,0,0,0,0,0,0,0,0,0,0,0,0.0006358,seven_point_per_channel
3,510143,4,13,13,3840.433738,295.4179798462,15947.16869693,99,91,0,0,20,20,20,0,0,0,0,0,0,0.0036459,seven_point_per_channel
3,510143,5,13,13,3773.520548,290.2708113846,15617.60274227,99,90,0,0,20,16,20,0,990.1136094567,126.0659547191,0.0208119474237,0.1114431193714,0,0.004249,seven_point_per_channel
3,510144,0,15,15,3551.65952,236.7773013333,14398.29760125,101,92,0,0,0,0,0,0,0,0,0,0,0,0.0007871,seven_point_per_channel
3,510144,1,15,15,3728.576926,248.5717950667,15242.88463253,102,92,1,0,0,0,0,0,0,0,0,0,0,0.0007837,seven_point_per_channel
3,510144,2,15,15,3795.278209,253.0185472667,15641.39105223,100,92,0,0,0,0,0,0,0,0,0,0,0,0.000752,seven_point_per_channel
3,510144,3,15,15,3551.65952,236.7773013333,14398.29760125,101,92,0,0,0,0,0,0,0,0,0,0,0,0.0007579,seven_point_per_channel
3,510144,4,15,15,3551.65952,236.7773013333,14398.29760125,101,92,0,0,22,21,22,0,787.8435817771,35.81107189896,0.008823942383165,0.100705711608,0,0.0042728,seven_point_per_channel
3,510144,5,15,15,3660.010505,244.0007003333,14955.05253059,100,94,0,0,22,21,22,0,862.1723290175,39.18965131898,0.008076182160721,0.09228323822206,0,0.0038069,seven_point_per_channel
3,510145,0,15,15,4194.00489,279.600326,17945.02443414,90,80,0,0,0,0,0,0,0,0,0,0,0,0.00115,seven_point_per_channel
3,510145,1,15,15,4469.769282,297.9846188,19323.84641028,90,80,0,1,0,0,0,0,0,0,0,0,0,0.0011579,seven_point_per_channel
3,510145,2,15,15,4751.707395,316.780493,20783.53698891,88,80,0,0,0,0,0,0,0,0,0,0,0,0.0012069,seven_point_per_channel
3,510145,3,15,15,4194.00489,279.600326,17945.02443414,90,80,0,0,0,0,0,0,0,0,0,0,0,0.0011548,seven_point_per_channel
3,510145,4,15,15,4194.00489,279.600326,17945.02443414,90,80,0,0,22,16,22,0,1179.34796016,208.8089981378,0.04441474617587,0.1469230119294,0,0.0044543,seven_point_per_channel
3,510145,5,15,15,4262.055214,284.1370142667,18050.27606421,98,84,1,1,22,18,22,0,777.9633792234,98.88763612227,0.01687046060349,0.08564984714941,0,0.0033981,seven_point_per_channel
3,510146,0,15,15,3733.886127,248.9257418,15664.4306432,89,78,1,0,0,0,0,0,0,0,0,0,0,0.0010145,seven_point_per_channel
3,510146,1,15,15,3930.655562,262.0437041333,16713.27781137,87,78,0,0,0,0,0,0,0,0,0,0,0,0.0009683,seven_point_per_channel
3,510146,2,15,15,4205.439649,280.3626432667,18007.19825254,89,78,2,1,0,0,0,0,0,0,0,0,0,0.0009876,seven_point_per_channel
3,510146,3,15,15,3733.886127,248.9257418,15664.4306432,89,78,1,0,0,0,0,0,0,0,0,0,0,0.0011329,seven_point_per_channel
3,510146,4,15,15,3733.886127,248.9257418,15664.4306432,89,78,1,0,22,18,22,0,779.5185228633,48.37311019233,0.009841082371157,0.09884946199417,0,0.0056277,seven_point_per_channel
3,510146,5,15,15,3629.898968,241.9932645333,14854.49484629,98,88,2,0,22,20,22,0,659.6427144038,42.84321750586,0.007837002729083,0.07288444755002,0,0.0045826,seven_point_per_channel
3,510147,0,14,14,3368.287837,240.5919883571,13771.43918297,92,84,0,0,0,0,0,0,0,0,0,0,0,0.0011473,seven_point_per_channel
3,510147,1,14,14,3548.343593,253.4531137857,14696.7179693,91,84,0,0,0,0,0,0,0,0,0,0,0,0.0010893,seven_point_per_channel
3,510147,2,14,14,3744.317833,267.4512737857,15676.58916452,91,84,0,0,0,0,0,0,0,0,0,0,0,0.001083,seven_point_per_channel
3,510147,3,14,14,3368.287837,240.5919883571,13771.43918297,92,84,0,0,0,0,0,0,0,0,0,0,0,0.0010926,seven_point_per_channel
3,510147,4,14,14,3368.287837,240.5919883571,13771.43918297,92,84,0,0,21,17,21,0,596.1193511476,92.60446179277,0.02143800267847,0.08253100295082,0,0.0050263,seven_point_per_channel
3,510147,5,14,14,3451.084574,246.506041,14360.4228601,86,79,0,0,21,14,21,0,312.0753801741,24.51265522525,0.003852304635524,0.03049810528908,0,0.0046696,seven_point_per_channel
3,510148,0,10,10,2573.97886,257.397886,9764.894306371,96,91,0,0,0,0,0,0,0,0,0,0,0,0.0008593,seven_point_per_channel
3,510148,1,10,10,2639.587922,263.9587922,10117.9396167,95,91,0,0,0,0,0,0,0,0,0,0,0,0.0008331,seven_point_per_channel
3,510148,2,10,10,2769.300383,276.9300383,10766.50191832,95,91,0,0,0,0,0,0,0,0,0,0,0,0.0008284,seven_point_per_channel
3,510148,3,10,10,2573.97886,257.397886,9764.894306371,96,91,0,0,0,0,0,0,0,0,0,0,0,0.000834,seven_point_per_channel
3,510148,4,10,10,2573.97886,257.397886,9764.894306371,96,91,0,0,17,14,17,0,854.3093246559,127.9041975175,0.02955970138397,0.1038274960424,0,0.0038282,seven_point_per_channel
3,510148,5,10,10,2550.527858,255.0527858,9732.63928913,93,89,0,0,17,13,17,0,519.5543926211,73.10940239919,0.01186568189765,0.05292809130599,0,0.0036516,seven_point_per_channel
3,510149,0,10,10,3272.669051,327.2669051,12923.34525343,106,102,2,0,0,0,0,0,0,0,0,0,0,0.0004985,seven_point_per_channel
3,510149,1,10,10,3468.009173,346.8009173,13980.04585977,104,102,0,0,0,0,0,0,0,0,0,0,0,0.0004657,seven_point_per_channel
3,510149,2,10,10,3810.556795,381.0556795,15612.78398196,106,102,2,0,0,0,0,0,0,0,0,0,0,0.0005006,seven_point_per_channel
3,510149,3,10,10,3272.669051,327.2669051,12923.34525343,106,102,2,0,0,0,0,0,0,0,0,0,0,0.0004917,seven_point_per_channel
3,510149,4,10,10,3272.669051,327.2669051,12923.34525343,106,102,2,0,17,17,17,0,0,0,0,0,0,0.0029432,seven_point_per_channel
3,510149,5,10,10,3328.762996,332.8762996,13323.81498326,102,98,2,0,17,17,17,0,0,0,0,0,0,0.0041465,seven_point_per_channel
3,510150,0,11,11,3838.00889,348.9098990909,15395.04445701,118,111,1,0,0,0,0,0,0,0,0,0,0,0.0003674,seven_point_per_channel
3,510150,1,11,11,4069.013467,369.9103151818,16590.06733794,117,111,0,0,0,0,0,0,0,0,0,0,0,0.0003443,seven_point_per_channel
3,510150,2,11,11,4280.715173,389.1559248182,17648.57587081,117,111,0,0,0,0,0,0,0,0,0,0,0,0.000339,seven_point_per_channel
3,510150,3,11,11,3838.00889,348.9098990909,15395.04445701,118,111,1,0,0,0,0,0,0,0,0,0,0,0.0003452,seven_point_per_channel
3,510150,4,11,11,3838.00889,348.9098990909,15395.04445701,118,111,1,0,18,18,18,0,0,0,0,0,0,0.0008176,seven_point_per_channel
3,510150,5,11,11,3845.581667,349.5983333636,15387.90833912,119,112,2,0,18,18,18,0,0,0,0,0,0,0.0008658,seven_point_per_channel
3,510151,0,11,11,3374.413877,306.7648979091,13502.06939952,104,96,1,0,0,0,0,0,0,0,0,0,0,0.0007053,seven_point_per_channel
3,510151,1,11,11,3532.95817,321.1780154545,14344.79087255,102,96,1,0,0,0,0,0,0,0,0,0,0,0.0006765,seven_point_per_channel
3,510151,2,11,11,3726.448621,338.7680564545,15312.24311966,102,96,1,0,0,0,0,0,0,0,0,0,0,0.0006804,seven_point_per_channel
3,510151,3,11,11,3374.413877,306.7648979091,13502.06939952,104,96,1,0,0,0,0,0,0,0,0,0,0,0.0006817,seven_point_per_channel
3,510151,4,11,11,3217.737119,292.5215562727,12673.68560419,106,98,0,0,18,18,18,0,0,0,0,0,0,0.0042033,seven_point_per_channel
3,510151,5,11,11,3454.472351,314.042941,13852.36175872,106,96,1,0,18,17,18,0,875.5907631567,48.64393128648,0.009631649623753,0.09833489957012,0,0.0047599,seven_point_per_channel
3,510152,0,13,13,3742.340347,287.8723343846,15251.70174867,105,96,2,1,0,0,0,0,0,0,0,0,0,0.0006073,seven_point_per_channel
3,510152,1,13,13,4170.137089,320.7797760769,17485.68546524,102,98,0,0,0,0,0,0,0,0,0,0,0,0.0005728,seven_point_per_channel
3,510152,2,13,13,4491.599612,345.5076624615,19092.9980696,102,98,0,0,0,0,0,0,0,0,0,0,0,0.0005511,seven_point_per_channel
3,510152,3,13,13,3742.340347,287.8723343846,15251.70174867,105,96,2,1,0,0,0,0,0,0,0,0,0,0.0005755,seven_point_per_channel
3,510152,4,13,13,3742.340347,287.8723343846,15251.70174867,105,96,2,1,20,20,20,0,0,0,0,0,0,0.0024626,seven_point_per_channel
3,510152,5,13,13,3484.894107,268.0687774615,14049.47053893,102,94,2,1,20,19,20,0,991.2283443744,49.56141721872,0.008935122009744,0.100470851201,0,0.0034321,seven_point_per_channel
3,510153,0,12,12,3282.624635,273.5520529167,13278.12316928,96,87,0,0,0,0,0,0,0,0,0,0,0,0.0007801,seven_point_per_channel
3,510153,1,12,12,3421.608684,285.134057,13973.0434215,96,87,0,0,0,0,0,0,0,0,0,0,0,0.0007595,seven_point_per_channel
3,510153,2,12,12,3544.180665,295.34838875,14585.90333151,96,87,0,0,0,0,0,0,0,0,0,0,0,0.0007995,seven_point_per_channel
3,510153,3,12,12,3282.624635,273.5520529167,13278.12316928,96,87,0,0,0,0,0,0,0,0,0,0,0,0.0007725,seven_point_per_channel
3,510153,4,12,12,3282.624635,273.5520529167,13278.12316928,96,87,0,0,19,18,19,0,937.324986982,49.33289405168,0.009135109617075,0.1180844769493,0,0.0056466,seven_point_per_channel
3,510153,5,12,12,3639.506081,303.2921734167,14917.5304108,101,91,0,0,19,17,19,0,622.609006822,55.60355462887,0.009907086542154,0.06762788449797,0,0.0036047,seven_point_per_channel
3,510154,0,10,10,3288.403939,328.8403939,12917.0196926,110,102,1,0,0,0,0,0,0,0,0,0,0,0.0004384,seven_point_per_channel
3,510154,1,10,10,3486.423288,348.6423288,13907.11645413,110,102,1,0,0,0,0,0,0,0,0,0,0,0.0004253,seven_point_per_channel
3,510154,2,10,10,3637.945204,363.7945204,14664.72603466,110,102,1,0,0,0,0,0,0,0,0,0,0,0.000425,seven_point_per_channel
3,510154,3,10,10,3288.403939,328.8403939,12917.0196926,110,102,1,0,0,0,0,0,0,0,0,0,0,0.0004197,seven_point_per_channel
3,510154,4,10,10,3236.8999,323.68999,12779.49949817,106,98,1,0,17,17,17,0,0,0,0,0,0,0.0017674,seven_point_per_channel
3,510154,5,10,10,3346.764759,334.6764759,13203.82379103,110,103,1,0,17,17,17,0,0,0,0,0,0,0.0017233,seven_point_per_channel
3,510155,0,10,10,3911.494638,391.1494638,15682.47318086,122,112,1,1,0,0,0,0,0,0,0,0,0,0.0004027,seven_point_per_channel
3,510155,1,10,10,4210.278052,421.0278052,17096.39025596,124,112,3,1,0,0,0,0,0,0,0,0,0,0.0004137,seven_point_per_channel
3,510155,2,10,10,4348.703713,434.8703713,17843.51856834,123,112,1,1,0,0,0,0,0,0,0,0,0,0.0003953,seven_point_per_channel
3,510155,3,10,10,3911.494638,391.1494638,15682.47318086,122,112,1,1,0,0,0,0,0,0,0,0,0,0.0003891,seven_point_per_channel
3,510155,4,10,10,4132.635448,413.2635448,16398.17724131,134,124,3,0,17,17,17,0,0,0,0,0,0,0.0004838,seven_point_per_channel
3,510155,5,10,10,4034.299542,403.4299542,15951.49770583,133,123,2,0,17,17,17,0,0,0,0,0,0,0.0004898,seven_point_per_channel
3,510156,0,14,14,4001.790378,285.8421698571,16923.95188461,94,77,0,2,0,0,0,0,0,0,0,0,0,0.0011744,seven_point_per_channel
3,510156,1,14,14,4152.19791,296.585565,17735.98955674,91,77,1,1,0,0,0,0,0,0,0,0,0,0.0011602,seven_point_per_channel
3,510156,2,14,14,4397.758957,314.1256397857,19028.79480484,89,77,0,0,0,0,0,0,0,0,0,0,0,0.0011209,seven_point_per_channel
3,510156,3,14,14,4001.790378,285.8421698571,16923.95188461,94,77,0,2,0,0,0,0,0,0,0,0,0,0.0011534,seven_point_per_channel
3,510156,4,14,14,4001.790378,285.8421698571,16923.95188461,94,77,0,2,21,16,21,0,774.3808813262,103.0242669453,0.02053170669765,0.09705319345518,0,0.0045559,seven_point_per_channel
3,510156,5,14,14,3825.964334,273.2831667143,15989.8216693,95,83,0,1,21,16,21,0,341.2683819273,53.71718502935,0.009720283187856,0.03833644010201,0,0.0041862,seven_point_per_channel
3,510157,0,12,12,4154.031862,346.1693218333,17245.15930327,108,105,0,0,0,0,0,0,0,0,0,0,0,0.0004367,seven_point_per_channel
3,510157,1,12,12,4463.537883,371.96149025,18792.68943518,108,105,0,0,0,0,0,0,0,0,0,0,0,0.0004417,seven_point_per_channel
3,510157,2,12,12,4701.410784,391.784232,19982.05392815,108,105,0,0,0,0,0,0,0,0,0,0,0,0.0004395,seven_point_per_channel
3,510157,3,12,12,4154.031862,346.1693218333,17245.15930327,108,105,0,0,0,0,0,0,0,0,0,0,0,0.0004275,seven_point_per_channel
3,510157,4,12,12,4154.031862,346.1693218333,17245.15930327,108,105,0,0,19,19,19,0,0,0,0,0,0,0.0013519,seven_point_per_channel
3,510157,5,12,12,4233.876125,352.8230104167,17334.38062771,119,112,0,0,19,19,19,0,0,0,0,0,0,0.000768,seven_point_per_channel
3,510158,0,10,10,3443.876371,344.3876371,13389.38184838,120,110,2,0,0,0,0,0,0,0,0,0,0,0.0005228,seven_point_per_channel
3,510158,1,10,10,3650.9866,365.09866,14449.93299374,119,110,2,0,0,0,0,0,0,0,0,0,0,0.0005016,seven_point_per_channel
3,510158,2,10,10,3872.638014,387.2638014,15543.19007666,119,110,3,0,0,0,0,0,0,0,0,0,0,0.0005003,seven_point_per_channel
3,510158,3,10,10,3443.876371,344.3876371,13389.38184838,120,110,2,0,0,0,0,0,0,0,0,0,0,0.0005435,seven_point_per_channel
3,510158,4,10,10,3443.876371,344.3876371,13389.38184838,120,110,2,0,17,17,17,0,0,0,0,0,0,0.0017028,seven_point_per_channel
3,510158,5,10,10,3504.823033,350.4823033,13849.11516735,115,107,1,0,17,17,17,0,0,0,0,0,0,0.0013869,seven_point_per_channel
3,510159,0,16,16,4177.87094,261.11693375,17449.3547214,101,91,4,0,0,0,0,0,0,0,0,0,0,0.0010139,upper_bound_16
3,510159,1,16,16,4471.981659,279.4988536875,18999.90829775,99,91,2,0,0,0,0,0,0,0,0,0,0,0.0009789,upper_bound_16
3,510159,2,16,16,4750.964921,296.9353075625,20394.82461175,99,91,2,0,0,0,0,0,0,0,0,0,0,0.0009797,upper_bound_16
3,510159,3,16,16,4177.87094,261.11693375,17449.3547214,101,91,4,0,0,0,0,0,0,0,0,0,0,0.000984,upper_bound_16
3,510159,4,16,16,4177.87094,261.11693375,17449.3547214,101,91,4,0,23,20,23,0,868.942306051,84.86959877311,0.02260079157349,0.1091646001951,0,0.0049164,upper_bound_16
3,510159,5,16,16,4252.563064,265.7851915,18202.8153278,89,75,4,1,22,17,22,0,1262.145457715,193.124353204,0.02829243164238,0.1253253009865,1,0.0062258,upper_bound_16
3,510160,0,11,11,3679.930663,334.5391511818,14699.65331814,115,110,0,0,0,0,0,0,0,0,0,0,0,0.0003898,seven_point_per_channel
3,510160,1,11,11,3924.090575,356.7355068182,15920.45287867,115,110,0,0,0,0,0,0,0,0,0,0,0,0.0003848,seven_point_per_channel
3,510160,2,11,11,4109.668731,373.6062482727,16848.34366023,115,110,0,0,0,0,0,0,0,0,0,0,0,0.0003745,seven_point_per_channel
3,510160,3,11,11,3679.930663,334.5391511818,14699.65331814,115,110,0,0,0,0,0,0,0,0,0,0,0,0.0003706,seven_point_per_channel
3,510160,4,11,11,3587.831422,326.1664929091,14399.15712133,110,103,0,0,18,18,18,0,0,0,0,0,0,0.0010712,seven_point_per_channel
3,510160,5,11,11,3580.698721,325.5180655455,14278.49360614,113,105,0,0,18,18,18,0,0,0,0,0,0,0.0018615,seven_point_per_channel
3,510161,0,12,12,4197.257589,349.77146575,17446.28794218,109,103,0,0,0,0,0,0,0,0,0,0,0,0.0005308,seven_point_per_channel
3,510161,1,12,12,4578.903459,381.57528825,19304.51730737,111,103,0,0,0,0,0,0,0,0,0,0,0,0.0005325,seven_point_per_channel
3,510161,2,12,12,4788.160309,399.0133590833,20425.80156449,108,103,0,0,0,0,0,0,0,0,0,0,0,0.0005045,seven_point_per_channel
3,510161,3,12,12,4197.257589,349.77146575,17446.28794218,109,103,0,0,0,0,0,0,0,0,0,0,0,0.000509,seven_point_per_channel
3,510161,4,12,12,4197.257589,349.77146575,17446.28794218,109,103,0,0,19,19,19,0,0,0,0,0,0,0.0018761,seven_point_per_channel
3,510161,5,12,12,3615.204235,301.2670195833,14656.0211697,105,96,1,0,19,19,19,0,0,0,0,0,0,0.0044824,seven_point_per_channel
3,510162,0,13,13,3765.410985,289.6469988462,15387.05493942,105,98,0,0,0,0,0,0,0,0,0,0,0,0.0005947,seven_point_per_channel
3,510162,1,13,13,4083.993193,314.1533225385,16954.96597402,106,98,0,0,0,0,0,0,0,0,0,0,0,0.0006947,seven_point_per_channel
3,510162,2,13,13,4312.600873,331.7385286923,18098.004379,106,98,0,1,0,0,0,0,0,0,0,0,0,0.0006101,seven_point_per_channel
3,510162,3,13,13,3765.410985,289.6469988462,15387.05493942,105,98,0,0,0,0,0,0,0,0,0,0,0,0.0005804,seven_point_per_channel
3,510162,4,13,13,3765.410985,289.6469988462,15387.05493942,105,98,0,0,20,20,20,0,0,0,0,0,0,0.0019434,seven_point_per_channel
3,510162,5,13,13,3823.139222,294.0876324615,15670.69611072,105,99,0,0,20,20,20,0,0,0,0,0,0,0.0033861,seven_point_per_channel
3,510163,0,16,16,4159.972459,259.9982786875,17764.86231406,89,82,0,0,0,0,0,0,0,0,0,0,0,0.0011925,upper_bound_16
3,510163,1,16,16,4487.615097,280.4759435625,19378.07550058,90,82,0,0,0,0,0,0,0,0,0,0,0,0.0011972,upper_bound_16
3,510163,2,16,16,4842.076445,302.6297778125,21070.38223509,92,82,2,1,0,0,0,0,0,0,0,0,0,0.001259,upper_bound_16
3,510163,3,16,16,4159.972459,259.9982786875,17764.86231406,89,82,0,0,0,0,0,0,0,0,0,0,0,0.001202,upper_bound_16
3,510163,4,16,16,4159.972459,259.9982786875,17764.86231406,89,82,0,0,23,18,23,0,1053.257851063,137.5396856529,0.0324964150357,0.1333927272328,0,0.0045879,upper_bound_16
3,510163,5,16,16,3968.912236,248.05701475,17084.56118182,80,72,0,0,22,17,22,0,660.7271151806,118.4543728729,0.02033679737584,0.06668273512145,1,0.0054961,upper_bound_16
3,510164,0,12,12,3385.039682,282.0866401667,13675.19841638,100,90,0,1,0,0,0,0,0,0,0,0,0,0.0008792,seven_point_per_channel
3,510164,1,12,12,3590.11785,299.1764875,14700.58925347,100,90,0,1,0,0,0,0,0,0,0,0,0,0.0008654,seven_point_per_channel
3,510164,2,12,12,3748.109963,312.3424969167,15515.54982364,99,90,0,0,0,0,0,0,0,0,0,0,0,0.0008726,seven_point_per_channel
3,510164,3,12,12,3385.039682,282.0866401667,13675.19841638,100,90,0,1,0,0,0,0,0,0,0,0,0,0.0008496,seven_point_per_channel
3,510164,4,12,12,3385.039682,282.0866401667,13675.19841638,100,90,0,1,19,16,19,0,1076.509564601,155.18042903,0.03097273411585,0.1337836777483,0,0.0033751,seven_point_per_channel
3,510164,5,12,12,3569.852313,297.48769275,14679.26156168,97,89,0,0,19,16,19,0,825.6368363335,119.2961618681,0.02148027285052,0.1020923318846,0,0.0045407,seven_point_per_channel
3,510165,0,15,15,3974.394466,264.9596310667,16456.97234305,103,93,0,0,0,0,0,0,0,0,0,0,0,0.0007731,seven_point_per_channel
3,510165,1,15,15,4160.007465,277.333831,17385.03732248,103,93,0,0,0,0,0,0,0,0,0,0,0,0.000757,seven_point_per_channel
3,510165,2,15,15,4360.890038,290.7260025333,18389.45018612,103,93,0,0,0,0,0,0,0,0,0,0,0,0.0007597,seven_point_per_channel
3,510165,3,15,15,3974.394466,264.9596310667,16456.97234305,103,93,0,0,0,0,0,0,0,0,0,0,0,0.0007473,seven_point_per_channel
3,510165,4,15,15,3974.394466,264.9596310667,16456.97234305,103,93,0,0,22,22,22,0,0,0,0,0,0,0.0043688,seven_point_per_channel
3,510165,5,15,15,4028.413576,268.5609050667,16927.06788856,96,85,1,0,22,20,22,0,710.6061574734,53.53002692927,0.008653893624842,0.06958432893584,0,0.0075755,seven_point_per_channel
3,510166,0,16,16,4255.174119,265.9483824375,18400.87060603,84,75,0,0,0,0,0,0,0,0,0,0,0,0.0014966,upper_bound_16
3,510166,1,16,16,4596.966364,287.31039775,20084.83183499,85,75,0,0,0,0,0,0,0,0,0,0,0,0.0014338,upper_bound_16
3,510166,2,16,16,4931.893019,308.2433136875,21719.46510994,86,75,1,0,0,0,0,0,0,0,0,0,0,0.0014469,upper_bound_16
3,510166,3,16,16,4038.201568,252.387598,17386.00784873,82,71,0,0,0,0,0,0,0,0,0,0,1,0.0014685,upper_bound_16
3,510166,4,16,16,4038.201568,252.387598,17386.00784873,82,71,0,0,22,16,22,0,1225.968899336,171.0709805677,0.03605035853732,0.1496373575154,1,0.0054785,upper_bound_16
3,510166,5,16,16,4077.394814,254.837175875,17411.97408386,87,77,1,0,23,15,23,0,798.481688891,217.8773603371,0.03472774167483,0.08557916467061,0,0.0044462,upper_bound_16
3,510167,0,11,11,3595.372223,326.8520202727,14716.86111486,100,94,1,0,0,0,0,0,0,0,0,0,0,0.0007501,seven_point_per_channel
3,510167,1,11,11,3877.316764,352.4833421818,16126.58383144,100,94,1,0,0,0,0,0,0,0,0,0,0,0.00074,seven_point_per_channel
3,510167,2,11,11,4054.601992,368.6001810909,17013.0099522,100,94,1,0,0,0,0,0,0,0,0,0,0,0.0007319,seven_point_per_channel
3,510167,3,11,11,3595.372223,326.8520202727,14716.86111486,100,94,1,0,0,0,0,0,0,0,0,0,0,0.0007267,seven_point_per_channel
3,510167,4,11,11,3595.372223,326.8520202727,14716.86111486,100,94,1,0,18,16,18,0,711.1073778076,50.14541804882,0.01117741771703,0.09156201909003,0,0.004109,seven_point_per_channel
3,510167,5,11,11,3667.866248,333.4423861818,14994.33125441,103,96,1,0,18,17,18,0,553.7340507159,30.76300281755,0.005605382491457,0.05922161708711,0,0.0037393,seven_point_per_channel
3,510168,0,13,13,4052.565113,311.7357779231,16552.82556068,114,104,1,0,0,0,0,0,0,0,0,0,0,0.0005266,seven_point_per_channel
3,510168,1,13,13,4256.006477,327.3851136154,17635.03239046,112,104,0,0,0,0,0,0,0,0,0,0,0,0.0004885,seven_point_per_channel
3,510168,2,13,13,4483.320806,344.8708312308,18796.60403174,111,104,0,0,0,0,0,0,0,0,0,0,0,0.0004717,seven_point_per_channel
3,510168,3,13,13,4052.565113,311.7357779231,16552.82556068,114,104,1,0,0,0,0,0,0,0,0,0,0,0.0004978,seven_point_per_channel
3,510168,4,13,13,4052.565113,311.7357779231,16552.82556068,114,104,1,0,20,20,20,0,0,0,0,0,0,0.0017492,seven_point_per_channel
3,510168,5,13,13,4016.848064,308.9883126154,16759.24032046,101,92,1,1,20,18,20,0,474.82519409,43.78944012074,0.006927071215429,0.04550140389462,0,0.0049857,seven_point_per_channel
3,510169,0,12,12,3705.305106,308.7754255,15051.52553903,107,100,0,0,0,0,0,0,0,0,0,0,0,0.0005022,seven_point_per_channel
3,510169,1,12,12,3994.878381,332.90653175,16509.39192341,106,100,1,0,0,0,0,0,0,0,0,0,0,0.0004883,seven_point_per_channel
3,510169,2,12,12,4237.865939,353.1554949167,17764.3297034,105,100,0,0,0,0,0,0,0,0,0,0,0,0.0004684,seven_point_per_channel
3,510169,3,12,12,3705.305106,308.7754255,15051.52553903,107,100,0,0,0,0,0,0,0,0,0,0,0,0.0004848,seven_point_per_channel
3,510169,4,12,12,3705.305106,308.7754255,15051.52553903,107,100,0,0,19,19,19,0,0,0,0,0,0,0.001026,seven_point_per_channel
3,510169,5,12,12,3791.787294,315.9822745,15058.93647973,121,112,1,0,19,19,19,0,0,0,0,0,0,0.0007079,seven_point_per_channel
3,510170,0,14,14,3990.153085,285.0109346429,16545.76544524,103,90,2,0,0,0,0,0,0,0,0,0,0,0.0009785,seven_point_per_channel
3,510170,1,14,14,4204.42538,300.3160985714,17642.12691496,102,90,2,0,0,0,0,0,0,0,0,0,0,0.0009447,seven_point_per_channel
3,510170,2,14,14,4393.620655,313.8300467857,18588.10329193,102,90,2,0,0,0,0,0,0,0,0,0,0,0.0009449,seven_point_per_channel
3,510170,3,14,14,3990.153085,285.0109346429,16545.76544524,103,90,2,0,0,0,0,0,0,0,0,0,0,0.00095,seven_point_per_channel
3,510170,4,14,14,3990.153085,285.0109346429,16545.76544524,103,90,2,0,21,19,21,0,1013.534536805,85.08008873981,0.01890224020724,0.1267853295631,0,0.0058097,seven_point_per_channel
3,510170,5,14,14,4099.096399,292.7925999286,17010.48199817,106,94,1,0,21,20,21,0,744.6291107408,35.4585290829,0.006831821312472,0.08091378291012,0,0.0035564,seven_point_per_channel
3,510171,0,12,12,4031.854044,335.987837,16489.27021953,113,109,0,0,0,0,0,0,0,0,0,0,0,0.00043,seven_point_per_channel
3,510171,1,12,12,4394.166961,366.1805800833,18260.83482153,114,109,1,0,0,0,0,0,0,0,0,0,0,0.0004293,seven_point_per_channel
3,510171,2,12,12,4698.349869,391.52915575,19796.74934348,114,109,0,0,0,0,0,0,0,0,0,0,0,0.0004209,seven_point_per_channel
3,510171,3,12,12,4031.854044,335.987837,16489.27021953,113,109,0,0,0,0,0,0,0,0,0,0,0,0.0004091,seven_point_per_channel
3,510171,4,12,12,4031.854044,335.987837,16489.27021953,113,109,0,0,19,19,19,0,0,0,0,0,0,0.0009299,seven_point_per_channel
3,510171,5,12,12,3674.737388,306.2281156667,14918.68694051,106,101,0,0,19,19,19,0,0,0,0,0,0,0.00285,seven_point_per_channel
3,510172,0,11,11,3148.47486,286.2249872727,12327.37431172,106,95,1,0,0,0,0,0,0,0,0,0,0,0.0007854,seven_point_per_channel
3,510172,1,11,11,3282.598892,298.4180810909,12982.99446832,106,95,2,0,0,0,0,0,0,0,0,0,0,0.000781,seven_point_per_channel
3,510172,2,11,11,3352.624779,304.7840708182,13373.12390284,105,95,1,0,0,0,0,0,0,0,0,0,0,0.0007559,seven_point_per_channel
3,510172,3,11,11,3148.47486,286.2249872727,12327.37431172,106,95,1,0,0,0,0,0,0,0,0,0,0,0.0007667,seven_point_per_channel
3,510172,4,11,11,3148.47486,286.2249872727,12327.37431172,106,95,1,0,18,17,18,0,936.2898155951,52.0161008664,0.01151602454302,0.115762143412,0,0.0042733,seven_point_per_channel
3,510172,5,11,11,3238.763272,294.4330247273,12878.81636357,102,98,0,0,18,17,18,0,819.1164050006,45.50646694448,0.009600125896539,0.09110029393923,0,0.0035139,seven_point_per_channel
3,510173,0,15,15,3637.573745,242.5049163333,15152.86872354,89,84,1,0,0,0,0,0,0,0,0,0,0,0.0009155,seven_point_per_channel
3,510173,1,15,15,3917.196203,261.1464135333,16575.9810166,88,84,1,0,0,0,0,0,0,0,0,0,0,0.0008819,seven_point_per_channel
3,510173,2,15,15,4189.362401,279.2908267333,17896.81200928,89,84,2,0,0,0,0,0,0,0,0,0,0,0.000893,seven_point_per_channel
3,510173,3,15,15,3637.573745,242.5049163333,15152.86872354,89,84,1,0,0,0,0,0,0,0,0,0,0,0.0008871,seven_point_per_channel
3,510173,4,15,15,3637.573745,242.5049163333,15152.86872354,89,84,1,0,22,20,22,0,845.3461108364,49.41161793339,0.01032740221892,0.1090607227833,0,0.0053813,seven_point_per_channel
3,510173,5,15,15,3629.834222,241.9889481333,14959.17111223,94,87,2,0,22,19,22,0,438.3259865637,45.9754884336,0.008201141145821,0.0478055820726,0,0.0059717,seven_point_per_channel
3,510174,0,10,10,3193.446802,319.3446802,12442.23400769,110,105,0,0,0,0,0,0,0,0,0,0,0,0.0004468,seven_point_per_channel
3,510174,1,10,10,3395.143037,339.5143037,13475.71519216,109,105,0,0,0,0,0,0,0,0,0,0,0,0.000413,seven_point_per_channel
3,510174,2,10,10,3586.022519,358.6022519,14405.11259178,110,105,0,0,0,0,0,0,0,0,0,0,0,0.0004165,seven_point_per_channel
3,510174,3,10,10,3193.446802,319.3446802,12442.23400769,110,105,0,0,0,0,0,0,0,0,0,0,0,0.0004198,seven_point_per_channel
3,510174,4,10,10,3193.446802,319.3446802,12442.23400769,110,105,0,0,17,17,17,0,0,0,0,0,0,0.0012453,seven_point_per_channel
3,510174,5,10,10,3528.924814,352.8924814,14044.62407313,113,105,0,0,17,17,17,0,0,0,0,0,0,0.001895,seven_point_per_channel
3,510175,0,15,15,4112.792464,274.1861642667,17698.96233421,84,72,2,0,0,0,0,0,0,0,0,0,0,0.0018621,seven_point_per_channel
3,510175,1,15,15,4314.272894,287.6181929333,18761.36446904,83,72,0,1,0,0,0,0,0,0,0,0,0,0.0019032,seven_point_per_channel
3,510175,2,15,15,4479.133319,298.6088879333,19570.66659436,83,72,1,0,0,0,0,0,0,0,0,0,0,0.0019592,seven_point_per_channel
3,510175,3,15,15,4112.792464,274.1861642667,17698.96233421,84,72,2,0,0,0,0,0,0,0,0,0,0,0.0018869,seven_point_per_channel
3,510175,4,15,15,4112.792464,274.1861642667,17698.96233421,84,72,2,0,22,15,22,0,609.3155594358,87.23147510047,0.01785229131874,0.07861902313615,0,0.0059617,seven_point_per_channel
3,510175,5,15,15,4155.441611,277.0294407333,17837.20805322,87,75,1,1,22,15,22,0,456.3859103727,55.18596322326,0.008977051383826,0.04816030498021,0,0.0067122,seven_point_per_channel
3,510176,0,16,16,3730.154258,233.134641125,15600.77129732,89,73,4,1,0,0,0,0,0,0,0,0,0,0.0015958,upper_bound_16
3,510176,1,16,16,3961.831149,247.6144468125,16769.15574515,88,73,5,1,0,0,0,0,0,0,0,0,0,0.0015679,upper_bound_16
3,510176,2,16,16,4134.306251,258.3941406875,17671.53125945,87,73,4,0,0,0,0,0,0,0,0,0,0,0.0015533,upper_bound_16
3,510176,3,16,16,3600.660611,225.0412881875,15193.30306927,81,65,4,1,0,0,0,0,0,0,0,0,2,0.0015587,upper_bound_16
3,510176,4,16,16,3751.404207,234.4627629375,15662.02103834,89,73,7,0,22,16,22,0,635.903942239,125.6807070651,0.0269268910287,0.08309597424205,1,0.0069996,upper_bound_16
3,510176,5,16,16,3971.969779,248.2481111875,16744.84890669,89,77,7,1,22,17,22,0,778.0307260706,106.3491292439,0.01877853038028,0.09072733395088,1,0.0054772,upper_bound_16
3,510177,0,16,16,3702.988518,231.436782375,15584.9425881,86,76,0,0,0,0,0,0,0,0,0,0,0,0.0013447,upper_bound_16
3,510177,1,16,16,3871.504697,241.9690435625,16452.52348422,85,76,0,0,0,0,0,0,0,0,0,0,0,0.0013335,upper_bound_16
3,510177,2,16,16,4156.754426,259.797151625,17838.77212082,86,76,1,0,0,0,0,0,0,0,0,0,0,0.0012988,upper_bound_16
3,510177,3,16,16,3877.922116,242.37013225,16419.61058121,87,76,1,0,0,0,0,0,0,0,0,0,1,0.0013088,upper_bound_16
3,510177,4,16,16,3877.922116,242.37013225,16419.61058121,87,76,1,0,22,17,22,0,385.0898594006,25.44561855072,0.005285710858337,0.04668639734451,1,0.0047952,upper_bound_16
3,510177,5,16,16,3735.458906,233.466181625,15862.29453611,82,70,1,0,22,13,22,0,508.9336113036,80.62731959934,0.01190057075033,0.04847761365548,1,0.0063431,upper_bound_16
3,510178,0,13,13,3457.784017,265.9833859231,14013.92009284,99,92,1,0,0,0,0,0,0,0,0,0,0,0.0008038,seven_point_per_channel
3,510178,1,13,13,3651.821822,280.9093709231,15024.10910438,98,92,0,0,0,0,0,0,0,0,0,0,0,0.0007799,seven_point_per_channel
3,510178,2,13,13,3855.376043,296.5673879231,16041.88023038,98,92,0,0,0,0,0,0,0,0,0,0,0,0.0009078,seven_point_per_channel
3,510178,3,13,13,3457.784017,265.9833859231,14013.92009284,99,92,1,0,0,0,0,0,0,0,0,0,0,0.0009759,seven_point_per_channel
3,510178,4,13,13,3457.784017,265.9833859231,14013.92009284,99,92,1,0,20,19,20,0,970.2314994478,48.51157497239,0.01075386321536,0.1189049739897,0,0.0059519,seven_point_per_channel
3,510178,5,13,13,3374.102422,259.5463401538,13745.51211961,94,87,1,0,20,15,20,0,694.0299694194,137.9836367727,0.02513666784738,0.08676878499927,0,0.0046603,seven_point_per_channel
3,510179,0,16,16,3973.036451,248.3147781875,17035.18226223,82,76,0,0,0,0,0,0,0,0,0,0,0,0.0014468,upper_bound_16
3,510179,1,16,16,4288.753078,268.047067375,18598.76540336,82,76,1,0,0,0,0,0,0,0,0,0,0,0.0014085,upper_bound_16
3,510179,2,16,16,4498.829405,281.1768378125,19689.14704092,81,76,0,0,0,0,0,0,0,0,0,0,0,0.0013999,upper_bound_16
3,510179,3,16,16,3800.720382,237.545023875,16293.6019155,78,72,0,0,0,0,0,0,0,0,0,0,1,0.001417,upper_bound_16
3,510179,4,16,16,3800.720382,237.545023875,16293.6019155,78,72,0,0,22,15,22,0,747.6026487681,121.90082156,0.02739321710546,0.09367830414328,1,0.0049943,upper_bound_16
3,510179,5,16,16,3430.154248,214.3846405,14515.77124021,76,67,0,0,21,14,21,0,1175.445087122,231.8994597251,0.03723120238548,0.1183401343422,2,0.0054734,upper_bound_16
3,510180,0,16,16,3950.713748,246.91960925,16813.56875518,86,78,0,0,0,0,0,0,0,0,0,0,0,0.001392,upper_bound_16
3,510180,1,16,16,4138.96979,258.685611875,17804.84895966,84,78,0,0,0,0,0,0,0,0,0,0,0,0.0013381,upper_bound_16
3,510180,2,16,16,4362.753413,272.6720883125,18873.76706916,86,78,0,0,0,0,0,0,0,0,0,0,0,0.0013402,upper_bound_16
3,510180,3,16,16,3952.158074,247.009879625,16915.79038453,83,74,0,0,0,0,0,0,0,0,0,0,1,0.0013447,upper_bound_16
3,510180,4,16,16,3952.158074,247.009879625,16915.79038453,83,74,0,0,22,16,22,0,935.7267477093,152.7896130342,0.02896771513378,0.1193526929408,1,0.0055749,upper_bound_16
3,510180,5,16,16,3906.246712,244.1404195,16596.23356941,86,77,0,0,22,16,22,0,706.1108336544,180.4690444127,0.0292877318749,0.0802884670208,1,0.0048344,upper_bound_16
3,510181,0,11,11,3652.565143,332.0513766364,14867.82572555,105,96,1,0,0,0,0,0,0,0,0,0,0,0.0007082,seven_point_per_channel
3,510181,1,11,11,3846.780406,349.7073096364,15853.90203939,105,96,0,0,0,0,0,0,0,0,0,0,0,0.0006733,seven_point_per_channel
3,510181,2,11,11,4105.283566,373.2075969091,17171.4178317,104,96,0,0,0,0,0,0,0,0,0,0,0,0.0006797,seven_point_per_channel
3,510181,3,11,11,3652.565143,332.0513766364,14867.82572555,105,96,1,0,0,0,0,0,0,0,0,0,0,0.0006835,seven_point_per_channel
3,510181,4,11,11,3652.565143,332.0513766364,14867.82572555,105,96,1,0,18,17,18,0,1089.090091725,60.50500509586,0.01296275340969,0.1372526246018,0,0.003925,seven_point_per_channel
3,510181,5,11,11,3186.098485,289.6453168182,12735.49242756,98,94,0,0,18,16,18,0,747.4638927661,81.11938249923,0.0155519580445,0.08549876654026,0,0.0036575,seven_point_per_channel
3,510182,0,12,12,3571.850952,297.654246,14369.25476652,106,99,3,0,0,0,0,0,0,0,0,0,0,0.0006629,seven_point_per_channel
3,510182,1,12,12,3813.960019,317.8300015833,15594.80009568,106,99,2,0,0,0,0,0,0,0,0,0,0,0.0006287,seven_point_per_channel
3,510182,2,12,12,4031.002324,335.9168603333,16640.01162507,107,99,3,0,0,0,0,0,0,0,0,0,0,0.0006439,seven_point_per_channel
3,510182,3,12,12,3571.850952,297.654246,14369.25476652,106,99,3,0,0,0,0,0,0,0,0,0,0,0.0006201,seven_point_per_channel
3,510182,4,12,12,3571.850952,297.654246,14369.25476652,106,99,3,0,19,19,19,0,0,0,0,0,0,0.003558,seven_point_per_channel
3,510182,5,12,12,3619.586308,301.6321923333,14652.93153569,105,101,1,0,19,19,19,0,0,0,0,0,0,0.0017567,seven_point_per_channel
3,510183,0,10,10,3454.155872,345.4155872,13445.77937024,120,112,1,1,0,0,0,0,0,0,0,0,0,0.00044,seven_point_per_channel
3,510183,1,10,10,3668.581165,366.8581165,14492.90583424,121,112,1,1,0,0,0,0,0,0,0,0,0,0.0004239,seven_point_per_channel
3,510183,2,10,10,3839.379007,383.9379007,15331.89504618,121,112,2,1,0,0,0,0,0,0,0,0,0,0.0004183,seven_point_per_channel
3,510183,3,10,10,3454.155872,345.4155872,13445.77937024,120,112,1,1,0,0,0,0,0,0,0,0,0,0.0004113,seven_point_per_channel
3,510183,4,10,10,3553.680938,355.3680938,14183.40470317,112,107,0,0,17,17,17,0,0,0,0,0,0,0.0009926,seven_point_per_channel
3,510183,5,10,10,3330.627466,333.0627466,13218.13733752,107,102,0,0,17,17,17,0,0,0,0,0,0,0.0033657,seven_point_per_channel
3,510184,0,11,11,3139.243346,285.3857587273,12346.21673285,103,97,1,0,0,0,0,0,0,0,0,0,0,0.000686,seven_point_per_channel
3,510184,1,11,11,3328.174676,302.5613341818,13290.87338891,103,97,1,0,0,0,0,0,0,0,0,0,0,0.0008454,seven_point_per_channel
3,510184,2,11,11,3465.570474,315.0518612727,13992.85237615,103,97,0,0,0,0,0,0,0,0,0,0,0,0.0006776,seven_point_per_channel
3,510184,3,11,11,3139.243346,285.3857587273,12346.21673285,103,97,1,0,0,0,0,0,0,0,0,0,0,0.0006666,seven_point_per_channel
3,510184,4,11,11,3139.243346,285.3857587273,12346.21673285,103,97,1,0,18,17,18,0,638.4287179089,35.46826210605,0.008471414305681,0.08185048712382,0,0.0039218,seven_point_per_channel
3,510184,5,11,11,2839.349018,258.122638,11176.74509402,92,89,0,0,18,15,18,0,640.6220235681,76.32205534615,0.01220533600411,0.07047502737332,0,0.0044149,seven_point_per_channel
3,510185,0,12,12,3491.894474,290.9912061667,14094.47237268,103,98,0,0,0,0,0,0,0,0,0,0,0,0.0005551,seven_point_per_channel
3,510185,1,12,12,3764.434214,313.7028511667,15457.17106909,103,98,0,0,0,0,0,0,0,0,0,0,0,0.00054,seven_point_per_channel
3,510185,2,12,12,3956.407404,329.700617,16392.03701997,104,98,0,0,0,0,0,0,0,0,0,0,0,0.0005459,seven_point_per_channel
3,510185,3,12,12,3491.894474,290.9912061667,14094.47237268,103,98,0,0,0,0,0,0,0,0,0,0,0,0.0005294,seven_point_per_channel
3,510185,4,12,12,3491.894474,290.9912061667,14094.47237268,103,98,0,0,19,19,19,0,0,0,0,0,0,0.0018804,seven_point_per_channel
3,510185,5,12,12,3558.974063,296.5811719167,14374.87030356,105,99,0,0,19,19,19,0,0,0,0,0,0,0.0031285,seven_point_per_channel
3,510186,0,11,11,3412.762449,310.2511317273,13573.81224796,108,100,1,0,0,0,0,0,0,0,0,0,0,0.000569,seven_point_per_channel
3,510186,1,11,11,3637.672969,330.6975426364,14688.36485662,109,100,0,1,0,0,0,0,0,0,0,0,0,0.0005632,seven_point_per_channel
3,510186,2,11,11,3800.710024,345.5190930909,15503.55013282,109,100,0,1,0,0,0,0,0,0,0,0,0,0.0005593,seven_point_per_channel
3,510186,3,11,11,3412.762449,310.2511317273,13573.81224796,108,100,1,0,0,0,0,0,0,0,0,0,0,0.0005349,seven_point_per_channel
3,510186,4,11,11,3412.762449,310.2511317273,13573.81224796,108,100,1,0,18,18,18,0,0,0,0,0,0,0.00323,seven_point_per_channel
3,510186,5,11,11,3380.459792,307.3145265455,13532.29895737,104,96,1,0,18,17,18,0,466.2622536917,25.90345853843,0.004791452793816,0.05136303715881,0,0.0035908,seven_point_per_channel
3,510187,0,15,15,3303.058972,220.2039314667,13755.29486521,80,77,0,0,0,0,0,0,0,0,0,0,0,0.0014565,seven_point_per_channel
3,510187,1,15,15,3535.992194,235.7328129333,14919.96098771,80,77,0,0,0,0,0,0,0,0,0,0,0,0.0013874,seven_point_per_channel
3,510187,2,15,15,3735.210079,249.0140052667,15916.05040193,80,77,0,0,0,0,0,0,0,0,0,0,0,0.0013913,seven_point_per_channel
3,510187,3,15,15,3303.058972,220.2039314667,13755.29486521,80,77,0,0,0,0,0,0,0,0,0,0,0,0.0014653,seven_point_per_channel
3,510187,4,15,15,3303.058972,220.2039314667,13755.29486521,80,77,0,0,22,15,22,0,727.7361453273,137.3428223942,0.02916946136754,0.09068995040617,0,0.0051279,seven_point_per_channel
3,510187,5,15,15,3174.855062,211.6570041333,13084.27531095,81,78,0,0,22,15,22,0,547.9871954642,128.3897322536,0.02354287003241,0.05756333461699,0,0.0053512,seven_point_per_channel
3,510188,0,12,12,3758.476423,313.2063685833,15487.38212936,100,95,2,0,0,0,0,0,0,0,0,0,0,0.0007952,seven_point_per_channel
3,510188,1,12,12,4038.459967,336.5383305833,16832.29985703,101,95,4,1,0,0,0,0,0,0,0,0,0,0.0007903,seven_point_per_channel
3,510188,2,12,12,4205.715625,350.4763020833,17723.5781392,100,95,2,0,0,0,0,0,0,0,0,0,0,0.0009317,seven_point_per_channel
3,510188,3,12,12,3758.476423,313.2063685833,15487.38212936,100,95,2,0,0,0,0,0,0,0,0,0,0,0.00083,seven_point_per_channel
3,510188,4,12,12,3758.476423,313.2063685833,15487.38212936,100,95,2,0,19,16,19,0,700.3697493476,87.4508754565,0.02006343001246,0.0864865104002,0,0.0033626,seven_point_per_channel
3,510188,5,12,12,3769.816799,314.1513999167,15509.08400615,102,95,1,0,19,16,19,0,726.9342102028,66.2947998328,0.01281271705359,0.08011040404787,0,0.0032368,seven_point_per_channel
3,510189,0,10,10,3641.634327,364.1634327,14648.17163044,111,104,1,0,0,0,0,0,0,0,0,0,0,0.0004312,seven_point_per_channel
3,510189,1,10,10,3882.348476,388.2348476,15916.74238449,109,104,0,0,0,0,0,0,0,0,0,0,0,0.000408,seven_point_per_channel
3,510189,2,10,10,4096.889586,409.6889586,16989.4479384,109,104,0,0,0,0,0,0,0,0,0,0,0,0.0004082,seven_point_per_channel
3,510189,3,10,10,3641.634327,364.1634327,14648.17163044,111,104,1,0,0,0,0,0,0,0,0,0,0,0.0004029,seven_point_per_channel
3,510189,4,10,10,3641.634327,364.1634327,14648.17163044,111,104,1,0,17,17,17,0,0,0,0,0,0,0.0011903,seven_point_per_channel
3,510189,5,10,10,3494.294069,349.4294069,13901.47034756,111,109,0,0,17,17,17,0,0,0,0,0,0,0.0009993,seven_point_per_channel
3,510190,0,13,13,3582.235288,275.5565606154,14521.17644471,103,95,1,0,0,0,0,0,0,0,0,0,0,0.0007793,seven_point_per_channel
3,510190,1,13,13,3689.497301,283.8074846923,15122.48651355,101,95,0,0,0,0,0,0,0,0,0,0,0,0.0007478,seven_point_per_channel
3,510190,2,13,13,3906.293133,300.4840871538,16181.46568227,102,95,0,0,0,0,0,0,0,0,0,0,0,0.0007547,seven_point_per_channel
3,510190,3,13,13,3582.235288,275.5565606154,14521.17644471,103,95,1,0,0,0,0,0,0,0,0,0,0,0.0007549,seven_point_per_channel
3,510190,4,13,13,3582.235288,275.5565606154,14521.17644471,103,95,1,0,20,19,20,0,398.654665422,19.9327332711,0.004629799974687,0.05009546017019,0,0.003646,seven_point_per_channel
3,510190,5,13,13,3461.498316,266.2691012308,14202.49158134,93,85,2,0,20,15,20,0,737.3409340213,107.7498546625,0.01740695544501,0.07347664902206,0,0.0039294,seven_point_per_channel
3,510191,0,12,12,3775.806367,314.6505305833,15549.03185003,102,93,1,0,0,0,0,0,0,0,0,0,0,0.0006908,seven_point_per_channel
3,510191,1,12,12,4032.738761,336.0615634167,16798.69381478,104,93,0,0,0,0,0,0,0,0,0,0,0,0.0006773,seven_point_per_channel
3,510191,2,12,12,4184.320841,348.6934034167,17606.6042146,102,93,0,0,0,0,0,0,0,0,0,0,0,0.0006745,seven_point_per_channel
3,510191,3,12,12,3775.806367,314.6505305833,15549.03185003,102,93,1,0,0,0,0,0,0,0,0,0,0,0.0006636,seven_point_per_channel
3,510191,4,12,12,3775.806367,314.6505305833,15549.03185003,102,93,1,0,19,19,19,0,0,0,0,0,0,0.0043451,seven_point_per_channel
3,510191,5,12,12,3344.079153,278.67326275,13280.39576601,106,98,0,0,19,19,19,0,0,0,0,0,0,0.0024651,seven_point_per_channel
3,510192,0,13,13,3440.98758,264.6913523077,14009.93790013,97,89,0,0,0,0,0,0,0,0,0,0,0,0.0009109,seven_point_per_channel
3,510192,1,13,13,3679.069817,283.0053705385,15250.34909766,95,89,0,0,0,0,0,0,0,0,0,0,0,0.0009363,seven_point_per_channel
3,510192,2,13,13,3906.216858,300.4782198462,16386.08429939,95,89,0,0,0,0,0,0,0,0,0,0,0,0.0009135,seven_point_per_channel
3,510192,3,13,13,3440.98758,264.6913523077,14009.93790013,97,89,0,0,0,0,0,0,0,0,0,0,0,0.0009284,seven_point_per_channel
3,510192,4,13,13,3440.98758,264.6913523077,14009.93790013,97,89,0,0,20,18,20,0,537.3006386897,46.91289845178,0.01117876475025,0.0682875953878,0,0.0044894,seven_point_per_channel
3,510192,5,13,13,3409.624638,262.2788183077,13938.12318886,94,87,0,0,20,17,20,0,633.5131931759,78.3533776667,0.01363178949184,0.07261193584423,0,0.0053063,seven_point_per_channel
3,510193,0,13,13,3967.533516,305.1948858462,16532.6675837,100,96,0,0,0,0,0,0,0,0,0,0,0,0.0005896,seven_point_per_channel
3,510193,1,13,13,4329.285468,333.0219590769,18301.42734774,101,96,1,0,0,0,0,0,0,0,0,0,0,0.000564,seven_point_per_channel
3,510193,2,13,13,4512.506632,347.1158947692,19232.53316884,101,96,0,0,0,0,0,0,0,0,0,0,0,0.0006142,seven_point_per_channel
3,510193,3,13,13,3967.533516,305.1948858462,16532.6675837,100,96,0,0,0,0,0,0,0,0,0,0,0,0.000552,seven_point_per_channel
3,510193,4,13,13,3967.533516,305.1948858462,16532.6675837,100,96,0,0,20,20,20,0,0,0,0,0,0,0.0029853,seven_point_per_channel
3,510193,5,13,13,4026.145694,309.7035149231,16645.72847201,106,102,0,0,20,20,20,0,0,0,0,0,0,0.0019746,seven_point_per_channel
3,510194,0,11,11,3614.745373,328.6132157273,14438.72687832,113,107,0,1,0,0,0,0,0,0,0,0,0,0.0005246,seven_point_per_channel
3,510194,1,11,11,3843.541333,349.4128484545,15582.7066837,113,107,0,1,0,0,0,0,0,0,0,0,0,0.000501,seven_point_per_channel
3,510194,2,11,11,4022.4157,365.6741545455,16477.07852045,113,107,0,1,0,0,0,0,0,0,0,0,0,0.0005012,seven_point_per_channel
3,510194,3,11,11,3614.745373,328.6132157273,14438.72687832,113,107,0,1,0,0,0,0,0,0,0,0,0,0.0004957,seven_point_per_channel
3,510194,4,11,11,3614.745373,328.6132157273,14438.72687832,113,107,0,1,18,18,18,0,0,0,0,0,0,0.0016582,seven_point_per_channel
3,510194,5,11,11,3550.901061,322.8091873636,14224.50531417,110,101,0,1,18,18,18,0,0,0,0,0,0,0.0035873,seven_point_per_channel
3,510195,0,13,13,3917.705352,301.3619501538,16293.5267627,100,91,1,1,0,0,0,0,0,0,0,0,0,0.0008416,seven_point_per_channel
3,510195,1,13,13,4164.448004,320.3421541538,17542.24002052,100,91,0,1,0,0,0,0,0,0,0,0,0,0.0008428,seven_point_per_channel
3,510195,2,13,13,4303.232522,331.0178863077,18286.16261104,98,91,0,0,0,0,0,0,0,0,0,0,0,0.0008086,seven_point_per_channel
3,510195,3,13,13,3917.705352,301.3619501538,16293.5267627,100,91,1,1,0,0,0,0,0,0,0,0,0,0.0008688,seven_point_per_channel
3,510195,4,13,13,3917.705352,301.3619501538,16293.5267627,100,91,1,1,20,18,20,0,1009.387166237,83.76847673973,0.01774545285259,0.1267264755575,0,0.0047708,seven_point_per_channel
3,510195,5,13,13,3566.299732,274.3307486154,14601.49865502,98,91,0,0,20,17,20,0,745.4975655844,80.08966600772,0.01498545915932,0.07801846363911,0,0.0038469,seven_point_per_channel
3,510196,0,15,15,3007.202373,200.4801582,12181.01187029,84,76,0,0,0,0,0,0,0,0,0,0,0,0.0016742,seven_point_per_channel
3,510196,1,15,15,3082.455024,205.4970016,12582.27512736,83,76,0,0,0,0,0,0,0,0,0,0,0,0.0016411,seven_point_per_channel
3,510196,2,15,15,3147.820585,209.8547056667,12909.10293634,83,76,0,0,0,0,0,0,0,0,0,0,0,0.0016393,seven_point_per_channel
3,510196,3,15,15,3007.202373,200.4801582,12181.01187029,84,76,0,0,0,0,0,0,0,0,0,0,0,0.0017361,seven_point_per_channel
3,510196,4,15,15,3007.202373,200.4801582,12181.01187029,84,76,0,0,22,16,22,0,575.0720594727,122.8676392638,0.02533597928174,0.0767808338961,0,0.0058163,seven_point_per_channel
3,510196,5,15,15,3003.912727,200.2608484667,12314.56363744,79,71,0,0,22,13,22,0,645.7329981803,182.7423063172,0.02957633185447,0.07205656839089,0,0.007569,seven_point_per_channel
3,510197,0,12,12,3039.045565,253.2537970833,12210.22782995,90,87,0,0,0,0,0,0,0,0,0,0,0,0.0008445,seven_point_per_channel
3,510197,1,12,12,3212.821556,267.7351296667,13079.10778029,90,87,0,0,0,0,0,0,0,0,0,0,0,0.0008326,seven_point_per_channel
3,510197,2,12,12,3314.260606,276.1883838333,13586.30304383,90,87,0,0,0,0,0,0,0,0,0,0,0,0.0008629,seven_point_per_channel
3,510197,3,12,12,3039.045565,253.2537970833,12210.22782995,90,87,0,0,0,0,0,0,0,0,0,0,0,0.0008446,seven_point_per_channel
3,510197,4,12,12,3039.045565,253.2537970833,12210.22782995,90,87,0,0,19,17,19,0,90.42753700914,7.394015419097,0.001471200603832,0.01218459719886,0,0.0054161,seven_point_per_channel
3,510197,5,12,12,2910.932399,242.5776999167,11354.66199984,97,95,0,0,19,17,19,0,633.3215315648,54.80419750739,0.01089257973674,0.06777022586919,0,0.004613,seven_point_per_channel
3,510198,0,14,14,3495.842556,249.7030397143,14089.21278689,102,95,1,0,0,0,0,0,0,0,0,0,0,0.0007713,seven_point_per_channel
3,510198,1,14,14,3668.510607,262.0364719286,14967.55303729,102,95,0,0,0,0,0,0,0,0,0,0,0,0.0007441,seven_point_per_channel
3,510198,2,14,14,3804.439463,271.7456759286,15672.19732152,101,95,0,0,0,0,0,0,0,0,0,0,0,0.000733,seven_point_per_channel
3,510198,3,14,14,3495.842556,249.7030397143,14089.21278689,102,95,1,0,0,0,0,0,0,0,0,0,0,0.0008621,seven_point_per_channel
3,510198,4,14,14,3495.842556,249.7030397143,14089.21278689,102,95,1,0,21,20,21,0,981.2934990415,46.72826185912,0.01153489387216,0.1233701315713,0,0.0041269,seven_point_per_channel
3,510198,5,14,14,3302.320028,235.880002,13521.60013978,89,83,0,0,21,15,21,0,1185.929431121,267.8045871477,0.04526286729573,0.1175547507236,0,0.0042796,seven_point_per_channel
3,510199,0,11,11,3194.944186,290.4494714545,12489.72094307,108,102,0,0,0,0,0,0,0,0,0,0,0,0.0005759,seven_point_per_channel
3,510199,1,11,11,3376.256489,306.9324080909,13396.28244899,108,102,0,0,0,0,0,0,0,0,0,0,0,0.0005579,seven_point_per_channel
3,510199,2,11,11,3535.895733,321.4450666364,14194.47867307,108,102,0,0,0,0,0,0,0,0,0,0,0,0.0005509,seven_point_per_channel
3,510199,3,11,11,3194.944186,290.4494714545,12489.72094307,108,102,0,0,0,0,0,0,0,0,0,0,0,0.0005474,seven_point_per_channel
3,510199,4,11,11,3194.944186,290.4494714545,12489.72094307,108,102,0,0,18,18,18,0,0,0,0,0,0,0.0021665,seven_point_per_channel
3,510199,5,11,11,3194.944186,290.4494714545,12489.72094307,108,102,0,0,18,18,18,0,0,0,0,0,0,0.0021235,seven_point_per_channel
3,510200,0,16,16,3813.357743,238.3348589375,15661.78871084,102,91,0,0,0,0,0,0,0,0,0,0,0,0.0011067,upper_bound_16
3,510200,1,16,16,4064.895473,254.0559670625,16944.47737292,101,91,0,0,0,0,0,0,0,0,0,0,0,0.0009761,upper_bound_16
3,510200,2,16,16,4232.948627,264.5592891875,17784.7431349,101,91,0,0,0,0,0,0,0,0,0,0,0,0.0009743,upper_bound_16
3,510200,3,16,16,3813.357743,238.3348589375,15661.78871084,102,91,0,0,0,0,0,0,0,0,0,0,0,0.0009572,upper_bound_16
3,510200,4,16,16,3813.357743,238.3348589375,15661.78871084,102,91,0,0,23,21,23,0,751.8926232111,58.08383755707,0.0139568242277,0.09615342938409,0,0.0041538,upper_bound_16
3,510200,5,16,16,3823.877465,238.9923415625,15904.38732096,95,88,0,0,23,18,23,0,807.7033730102,110.392475819,0.02156572017252,0.08251795894735,0,0.0044698,upper_bound_16
4,510001,0,14,14,7228.269705,516.3049789286,27651.3485353,253,222,47,4,0,0,0,0,0,0,0,0,0,0.0062914,convex_mesh_per_channel
4,510001,1,14,14,8518.627874,608.4734195714,32138.13948993,250,222,183,3,0,0,0,0,0,0,0,0,0,0.0062597,convex_mesh_per_channel
4,510001,2,14,14,8811.946317,629.4247369286,33709.73171376,247,222,181,3,0,0,0,0,0,0,0,0,0,0.0062453,convex_mesh_per_channel
4,510001,3,14,14,7228.269705,516.3049789286,27651.3485353,253,222,47,4,0,0,0,0,0,0,0,0,0,0.0064759,convex_mesh_per_channel
4,510001,4,14,14,7228.269705,516.3049789286,27651.3485353,253,222,47,4,35,15,35,0,1065.261620488,313.5659785226,0.03317991837868,0.06340033368327,0,0.0197295,convex_mesh_per_channel
4,510001,5,14,14,6791.861491,485.1329636429,26469.3074719,234,201,19,3,35,14,35,0,767.7073427397,211.7499411437,0.01836063342154,0.0445964023585,0,0.0223617,convex_mesh_per_channel
4,510002,0,15,15,6792.360464,452.8240309333,25886.80233154,260,240,0,0,0,0,0,0,0,0,0,0,0,0.0057636,convex_mesh_per_channel
4,510002,1,15,15,7424.014293,494.9342862,28995.07145401,262,240,0,0,0,0,0,0,0,0,0,0,0,0.005725,convex_mesh_per_channel
4,510002,2,15,15,7692.437438,512.8291625333,30362.18719132,261,240,0,0,0,0,0,0,0,0,0,0,0,0.0058873,convex_mesh_per_channel
4,510002,3,15,15,6792.360464,452.8240309333,25886.80233154,260,240,0,0,0,0,0,0,0,0,0,0,0,0.0058583,convex_mesh_per_channel
4,510002,4,15,15,6792.360464,452.8240309333,25886.80233154,260,240,0,0,36,18,36,0,834.6150234712,260.1285448977,0.02814919219363,0.0927495703297,0,0.0206322,convex_mesh_per_channel
4,510002,5,15,15,8210.476933,547.3651288667,32757.38455756,206,173,127,3,36,12,36,0,735.5208925248,109.1868222729,0.009288029536395,0.04309963441495,0,0.0342468,convex_mesh_per_channel
4,510003,0,11,11,5690.967692,517.3606992727,20784.83846601,249,234,0,0,0,0,0,0,0,0,0,0,0,0.007201,convex_mesh_per_channel
4,510003,1,11,11,5876.730598,534.2482361818,21713.65299253,249,234,0,0,0,0,0,0,0,0,0,0,0,0.0070613,convex_mesh_per_channel
4,510003,2,11,11,6058.970969,550.8155426364,22624.85484499,249,234,0,0,0,0,0,0,0,0,0,0,0,0.0064647,convex_mesh_per_channel
4,510003,3,11,11,5690.967692,517.3606992727,20784.83846601,249,234,0,0,0,0,0,0,0,0,0,0,0,0.0073509,convex_mesh_per_channel
4,510003,4,11,11,5690.967692,517.3606992727,20784.83846601,249,234,0,0,32,14,32,0,429.95266007,87.90846381168,0.008366049128149,0.02344368390123,0,0.0201701,convex_mesh_per_channel
4,510003,5,11,11,5357.153163,487.0139239091,19760.76580868,227,212,1,0,32,12,32,0,892.2521422355,305.3326150496,0.02600189888509,0.06157585492503,0,0.0278371,convex_mesh_per_channel
4,510004,0,14,14,8693.708807,620.9792005,34163.54382982,242,215,122,2,0,0,0,0,0,0,0,0,0,0.0052267,convex_mesh_per_channel
4,510004,1,14,14,9555.461048,682.532932,38042.30503327,243,215,149,2,0,0,0,0,0,0,0,0,0,0.0051951,convex_mesh_per_channel
4,510004,2,14,14,10686.636751,763.3311965,43663.18355016,245,215,148,2,0,0,0,0,0,0,0,0,0,0.0051126,convex_mesh_per_channel
4,510004,3,14,14,8693.708807,620.9792005,34163.54382982,242,215,122,2,0,0,0,0,0,0,0,0,0,0.0050965,convex_mesh_per_channel
4,510004,4,14,14,8693.708807,620.9792005,34163.54382982,242,215,122,2,35,14,35,0,615.990586668,141.8742073314,0.01276269625305,0.03416501921925,0,0.0168669,convex_mesh_per_channel
4,510004,5,14,14,9321.484887,665.8203490714,35552.42433517,279,245,167,5,35,16,35,0,755.0474992251,130.2313406447,0.01228128841433,0.04582308333394,0,0.0169609,convex_mesh_per_channel
4,510005,0,16,16,7865.777335,491.6110834375,30703.88663247,258,235,40,2,0,0,0,0,0,0,0,0,0,0.0047476,upper_bound_16
4,510005,1,16,16,10251.381974,640.711373375,40436.9097818,234,206,236,4,0,0,0,0,0,0,0,0,0,0.0064468,upper_bound_16
4,510005,2,16,16,10264.236451,641.5147781875,41356.18211081,237,206,174,4,0,0,0,0,0,0,0,0,0,0.0064606,upper_bound_16
4,510005,3,16,16,7865.777335,491.6110834375,30703.88663247,258,235,40,2,0,0,0,0,0,0,0,0,0,0.0047658,upper_bound_16
4,510005,4,16,16,7865.777335,491.6110834375,30703.88663247,258,235,40,2,37,18,37,0,447.3561481511,99.87207585222,0.01087894142581,0.03493562850107,0,0.016139,upper_bound_16
4,510005,5,16,16,7569.585797,473.0991123125,29552.92893373,247,224,40,2,37,14,37,0,1098.963561432,387.1116259732,0.0387102944998,0.1268248237067,0,0.0215579,upper_bound_16
4,510006,0,16,16,6011.3612,375.710075,23031.80600405,223,207,1,0,0,0,0,0,0,0,0,0,0,0.0064276,upper_bound_16
4,510006,1,16,16,6352.098985,397.0061865625,24495.49493313,229,207,7,1,0,0,0,0,0,0,0,0,0,0.0064881,upper_bound_16
4,510006,2,16,16,6431.48256,401.96766,25107.41280445,224,207,1,0,0,0,0,0,0,0,0,0,0,0.0064524,upper_bound_16
4,510006,3,16,16,5705.758944,356.609934,21853.7947296,211,197,1,0,0,0,0,0,0,0,0,0,4,0.0063204,upper_bound_16
4,510006,4,16,16,5705.758944,356.609934,21853.7947296,211,197,1,0,33,13,33,0,778.2297983697,274.6305283295,0.02860471773172,0.06829013369067,4,0.0205232,upper_bound_16
4,510006,5,16,16,4332.6679,270.79174375,18138.33950277,106,95,0,0,23,11,23,0,964.0887407672,285.4575181284,0.02331663441552,0.05280949792233,14,0.0237049,upper_bound_16
4,510007,0,11,11,6953.936417,632.1760379091,25649.68206366,256,237,84,2,0,0,0,0,0,0,0,0,0,0.0052097,convex_mesh_per_channel
4,510007,1,11,11,7774.628726,706.7844296364,28938.14360353,255,237,140,3,0,0,0,0,0,0,0,0,0,0.0052575,convex_mesh_per_channel
4,510007,2,11,11,7649.197089,695.3815535455,29150.98542295,255,237,84,2,0,0,0,0,0,0,0,0,0,0.0050919,convex_mesh_per_channel
4,510007,3,11,11,6953.936417,632.1760379091,25649.68206366,256,237,84,2,0,0,0,0,0,0,0,0,0,0.0050193,convex_mesh_per_channel
4,510007,4,11,11,6953.936417,632.1760379091,25649.68206366,256,237,84,2,32,13,32,0,460.108436435,100.3628934806,0.009377018327709,0.0255827081775,0,0.0165249,convex_mesh_per_channel
4,510007,5,11,11,6285.820954,571.4382685455,23194.10479017,269,247,0,0,32,13,32,0,593.0787706739,172.765470212,0.01487682892491,0.03500944921518,0,0.0149296,convex_mesh_per_channel
4,510008,0,13,13,6065.568395,466.5821842308,23937.8419843,203,180,6,1,0,0,0,0,0,0,0,0,0,0.0096692,convex_mesh_per_channel
4,510008,1,13,13,6363.787331,489.5221023846,25428.93666609,203,180,6,1,0,0,0,0,0,0,0,0,0,0.0097668,convex_mesh_per_channel
4,510008,2,13,13,6315.301161,485.792397,25211.50582326,202,180,6,1,0,0,0,0,0,0,0,0,0,0.0096844,convex_mesh_per_channel
4,510008,3,13,13,6065.568395,466.5821842308,23937.8419843,203,180,6,1,0,0,0,0,0,0,0,0,0,0.0100936,convex_mesh_per_channel
4,510008,4,13,13,6065.568395,466.5821842308,23937.8419843,203,180,6,1,34,12,34,0,867.9715641957,238.5894027894,0.02045662267462,0.04885449187701,0,0.0297038,convex_mesh_per_channel
4,510008,5,13,13,6002.935594,461.7642764615,23939.67796111,195,175,0,0,34,12,34,0,966.0279950771,315.1936275743,0.02565836368263,0.05874594975596,0,0.0293051,convex_mesh_per_channel
4,510009,0,10,10,6374.624057,637.4624057,23368.12029129,279,256,0,0,0,0,0,0,0,0,0,0,0,0.0051141,convex_mesh_per_channel
4,510009,1,10,10,6390.917487,639.0917487,23474.58743702,278,256,0,0,0,0,0,0,0,0,0,0,0,0.0050906,convex_mesh_per_channel
4,510009,2,10,10,6715.547994,671.5547994,25072.73998266,279,256,0,0,0,0,0,0,0,0,0,0,0,0.005023,convex_mesh_per_channel
4,510009,3,10,10,6374.624057,637.4624057,23368.12029129,279,256,0,0,0,0,0,0,0,0,0,0,0,0.0050916,convex_mesh_per_channel
4,510009,4,10,10,6374.624057,637.4624057,23368.12029129,279,256,0,0,31,12,31,0,755.1685625239,261.0647684959,0.02488499138283,0.06647277222846,0,0.0160374,convex_mesh_per_channel
4,510009,5,10,10,6029.537185,602.9537185,21657.68591018,277,263,0,0,31,14,31,0,506.3318582832,122.9779456541,0.01249912046503,0.04920558474114,0,0.0167502,convex_mesh_per_channel
4,510010,0,11,11,7056.219173,641.4744702727,27036.09587592,264,229,15,2,0,0,0,0,0,0,0,0,0,0.0057753,convex_mesh_per_channel
4,510010,1,11,11,7722.311722,702.0283383636,30351.55859885,267,229,11,2,0,0,0,0,0,0,0,0,0,0.005767,convex_mesh_per_channel
4,510010,2,11,11,7636.731363,694.2483057273,30028.65682114,264,229,9,2,0,0,0,0,0,0,0,0,0,0.0057868,convex_mesh_per_channel
4,510010,3,11,11,7056.219173,641.4744702727,27036.09587592,264,229,15,2,0,0,0,0,0,0,0,0,0,0.00586,convex_mesh_per_channel
4,510010,4,11,11,7056.219173,641.4744702727,27036.09587592,264,229,15,2,32,13,32,0,885.9262217799,269.2972092586,0.02610841979315,0.06364323640966,0,0.0180139,convex_mesh_per_channel
4,510010,5,11,11,6530.850675,593.7136977273,24519.25339096,264,237,5,1,32,13,32,0,908.586125076,167.4323098788,0.01508483763748,0.05574317864928,0,0.0212293,convex_mesh_per_channel
4,510011,0,13,13,7716.05731,593.54287,30045.28651422,245,219,66,3,0,0,0,0,0,0,0,0,0,0.0060878,convex_mesh_per_channel
4,510011,1,13,13,8641.950558,664.7654275385,33394.75273356,247,219,148,3,0,0,0,0,0,0,0,0,0,0.0060972,convex_mesh_per_channel
4,510011,2,13,13,9296.175599,715.0904306923,36640.87792865,248,219,148,3,0,0,0,0,0,0,0,0,0,0.0060741,convex_mesh_per_channel
4,510011,3,13,13,7716.05731,593.54287,30045.28651422,245,219,66,3,0,0,0,0,0,0,0,0,0,0.0060305,convex_mesh_per_channel
4,510011,4,13,13,7716.05731,593.54287,30045.28651422,245,219,66,3,34,14,34,0,796.7985552499,217.5006061997,0.02103250871345,0.04783447988033,0,0.0198403,convex_mesh_per_channel
4,510011,5,13,13,8906.89157,685.1455053846,34019.45761224,246,214,198,5,34,12,34,0,993.1803403788,239.6559499099,0.024076547585,0.06387217420464,0,0.0271615,convex_mesh_per_channel
4,510012,0,15,15,8383.719749,558.9146499333,33193.59864,232,198,104,4,0,0,0,0,0,0,0,0,0,0.0066611,convex_mesh_per_channel
4,510012,1,15,15,9971.287282,664.7524854667,39491.4361858,231,198,215,4,0,0,0,0,0,0,0,0,0,0.0067078,convex_mesh_per_channel
4,510012,2,15,15,9625.938179,641.7292119333,38639.69076049,226,198,165,3,0,0,0,0,0,0,0,0,0,0.0066548,convex_mesh_per_channel
4,510012,3,15,15,8383.719749,558.9146499333,33193.59864,232,198,104,4,0,0,0,0,0,0,0,0,0,0.0066623,convex_mesh_per_channel
4,510012,4,15,15,8383.719749,558.9146499333,33193.59864,232,198,104,4,36,12,36,0,1038.121866485,404.7268148061,0.03899971842849,0.07683895583047,0,0.0209946,convex_mesh_per_channel
4,510012,5,15,15,6786.900354,452.4600236,26584.50179281,234,201,8,2,36,15,36,0,347.192521579,91.78570715047,0.008459739815416,0.02039281547276,0,0.0235553,convex_mesh_per_channel
4,510013,0,16,16,7599.382909,474.9614318125,30001.91450068,208,191,96,3,0,0,0,0,0,0,0,0,0,0.0060806,upper_bound_16
4,510013,1,16,16,8730.347887,545.6467429375,34456.73925948,208,191,176,3,0,0,0,0,0,0,0,0,0,0.0060214,upper_bound_16
4,510013,2,16,16,9269.151989,579.3219993125,37150.75978188,208,191,176,3,0,0,0,0,0,0,0,0,0,0.0059406,upper_bound_16
4,510013,3,16,16,7599.382909,474.9614318125,30001.91450068,208,191,96,3,0,0,0,0,0,0,0,0,1,0.0061096,upper_bound_16
4,510013,4,16,16,7783.31502,486.45718875,30996.57504851,196,176,116,4,33,12,33,0,1063.753654426,374.1674154417,0.03384824550912,0.06853685825035,4,0.0194822,upper_bound_16
4,510013,5,16,16,7524.295379,470.2684611875,30041.47688262,208,180,72,4,34,12,34,0,902.0079598764,280.5267374912,0.02564617774839,0.05605476541598,3,0.0209331,upper_bound_16
4,510014,0,15,15,6305.01696,420.334464,24570.08480903,222,203,1,0,0,0,0,0,0,0,0,0,0,0.006123,convex_mesh_per_channel
4,510014,1,15,15,6404.989148,426.9992765333,25134.94576347,220,203,0,0,0,0,0,0,0,0,0,0,0,0.0060444,convex_mesh_per_channel
4,510014,2,15,15,6825.335782,455.0223854667,27186.67892771,222,203,0,0,0,0,0,0,0,0,0,0,0,0.0060304,convex_mesh_per_channel
4,510014,3,15,15,6305.01696,420.334464,24570.08480903,222,203,1,0,0,0,0,0,0,0,0,0,0,0.0060607,convex_mesh_per_channel
4,510014,4,15,15,6305.01696,420.334464,24570.08480903,222,203,1,0,36,15,36,0,701.8463829948,163.1680137255,0.01606132059455,0.04073778537405,0,0.0181457,convex_mesh_per_channel
4,510014,5,15,15,5990.433097,399.3622064667,23582.16548097,203,184,0,0,36,13,36,0,820.4836463682,198.9065062527,0.018100124556,0.04916470926031,0,0.0244548,convex_mesh_per_channel
4,510015,0,11,11,7820.682445,710.9711313636,29353.41219656,256,231,128,3,0,0,0,0,0,0,0,0,0,0.0050411,convex_mesh_per_channel
4,510015,1,11,11,8972.54232,815.6856654545,33797.71171614,257,231,214,3,0,0,0,0,0,0,0,0,0,0.0050506,convex_mesh_per_channel
4,510015,2,11,11,9191.586361,835.5987600909,34917.93191906,256,231,214,3,0,0,0,0,0,0,0,0,0,0.0051234,convex_mesh_per_channel
4,510015,3,11,11,7820.682445,710.9711313636,29353.41219656,256,231,128,3,0,0,0,0,0,0,0,0,0,0.0050053,convex_mesh_per_channel
4,510015,4,11,11,7820.682445,710.9711313636,29353.41219656,256,231,128,3,32,12,32,0,393.9288329436,95.26775495123,0.008919141706737,0.02385285909136,0,0.0154713,convex_mesh_per_channel
4,510015,5,11,11,6631.946113,602.9041920909,23489.73053672,299,282,34,1,32,16,32,0,797.2526388409,215.264777059,0.02282097168483,0.07581542714055,0,0.0133577,convex_mesh_per_channel
4,510016,0,12,12,5917.298214,493.1081845,22461.49107627,230,209,2,1,0,0,0,0,0,0,0,0,0,0.0067133,convex_mesh_per_channel
4,510016,1,12,12,6026.082711,502.17355925,23005.41355872,230,209,2,1,0,0,0,0,0,0,0,0,0,0.0070305,convex_mesh_per_channel
4,510016,2,12,12,6099.915167,508.3262639167,23374.57584093,230,209,2,1,0,0,0,0,0,0,0,0,0,0.0067927,convex_mesh_per_channel
4,510016,3,12,12,5917.298214,493.1081845,22461.49107627,230,209,2,1,0,0,0,0,0,0,0,0,0,0.0068581,convex_mesh_per_channel
4,510016,4,12,12,5917.298214,493.1081845,22461.49107627,230,209,2,1,33,13,33,0,773.7000032405,303.8465279732,0.02732951622469,0.06501518031737,0,0.0218013,convex_mesh_per_channel
4,510016,5,12,12,5517.101006,459.7584171667,20445.50502519,230,218,0,0,33,13,33,0,500.6020807606,106.7485809745,0.009967536221379,0.0265246611696,0,0.0218204,convex_mesh_per_channel
4,510017,0,14,14,5741.253681,410.0895486429,22941.26840623,183,162,2,0,0,0,0,0,0,0,0,0,0,0.0088081,convex_mesh_per_channel
4,510017,1,14,14,5889.120387,420.6514562143,23680.60193723,183,162,2,0,0,0,0,0,0,0,0,0,0,0.0088464,convex_mesh_per_channel
4,510017,2,14,14,6009.768144,429.2691531429,24283.84072779,183,162,2,0,0,0,0,0,0,0,0,0,0,0.0085595,convex_mesh_per_channel
4,510017,3,14,14,5741.253681,410.0895486429,22941.26840623,183,162,2,0,0,0,0,0,0,0,0,0,0,0.0086776,convex_mesh_per_channel
4,510017,4,14,14,5741.253681,410.0895486429,22941.26840623,183,162,2,0,35,12,35,0,1047.513723732,317.2844650068,0.02812281435451,0.08342702497064,0,0.0254321,convex_mesh_per_channel
4,510017,5,14,14,5541.160747,395.7971962143,22185.80373472,174,155,3,0,35,12,35,0,1431.951935252,464.2064778508,0.03897146215153,0.09000146061274,0,0.05272,convex_mesh_per_channel
4,510018,0,10,10,6089.883746,608.9883746,21784.41872939,280,256,9,1,0,0,0,0,0,0,0,0,0,0.0044634,convex_mesh_per_channel
4,510018,1,10,10,6203.426101,620.3426101,22352.13050717,280,256,9,1,0,0,0,0,0,0,0,0,0,0.0043208,convex_mesh_per_channel
4,510018,2,10,10,6595.53037,659.553037,24287.6518475,281,256,9,1,0,0,0,0,0,0,0,0,0,0.0044626,convex_mesh_per_channel
4,510018,3,10,10,6089.883746,608.9883746,21784.41872939,280,256,9,1,0,0,0,0,0,0,0,0,0,0.0044234,convex_mesh_per_channel
4,510018,4,10,10,6089.883746,608.9883746,21784.41872939,280,256,9,1,31,13,31,0,619.7885460814,177.6104738992,0.01668589997033,0.03561142805922,0,0.0134662,convex_mesh_per_channel
4,510018,5,10,10,6045.347223,604.5347223,21716.73611643,278,259,1,0,31,13,31,0,589.5571903376,179.6886454458,0.01680826101467,0.05393001689047,0,0.0129055,convex_mesh_per_channel
4,510019,0,10,10,6187.341248,618.7341248,22701.70623709,268,245,4,1,0,0,0,0,0,0,0,0,0,0.0048909,convex_mesh_per_channel
4,510019,1,10,10,6483.760908,648.3760908,24158.80454723,269,245,4,1,0,0,0,0,0,0,0,0,0,0.0048892,convex_mesh_per_channel
4,510019,2,10,10,6725.962044,672.5962044,25399.81020928,269,245,2,1,0,0,0,0,0,0,0,0,0,0.0049218,convex_mesh_per_channel
4,510019,3,10,10,6187.341248,618.7341248,22701.70623709,268,245,4,1,0,0,0,0,0,0,0,0,0,0.0049903,convex_mesh_per_channel
4,510019,4,10,10,6187.341248,618.7341248,22701.70623709,268,245,4,1,31,12,31,0,720.7785613688,228.0060158593,0.02263036518842,0.04418538710957,0,0.01527,convex_mesh_per_channel
4,510019,5,10,10,6158.887187,615.8887187,22764.43593841,263,238,1,1,31,12,31,0,805.4667405189,211.3186886525,0.02284227480751,0.08174764188648,0,0.0219314,convex_mesh_per_channel
4,510020,0,11,11,6087.452456,553.4047687273,21957.2622879,277,256,0,0,0,0,0,0,0,0,0,0,0,0.0043938,convex_mesh_per_channel
4,510020,1,11,11,6360.053211,578.1866555455,23120.26604951,282,256,5,1,0,0,0,0,0,0,0,0,0,0.0044715,convex_mesh_per_channel
4,510020,2,11,11,6406.635883,582.4214439091,23578.17942231,276,256,0,0,0,0,0,0,0,0,0,0,0,0.0043848,convex_mesh_per_channel
4,510020,3,11,11,6087.452456,553.4047687273,21957.2622879,277,256,0,0,0,0,0,0,0,0,0,0,0,0.0043898,convex_mesh_per_channel
4,510020,4,11,11,6087.452456,553.4047687273,21957.2622879,277,256,0,0,32,14,32,0,832.6722929717,214.4105848347,0.02125848636525,0.05179512522787,0,0.0144554,convex_mesh_per_channel
4,510020,5,11,11,6177.787666,561.6170605455,23078.9383204,254,231,2,1,32,12,32,0,1026.490574537,425.2730372993,0.03801960830312,0.0697559362283,0,0.0186293,convex_mesh_per_channel
4,510021,0,11,11,7479.157657,679.9234233636,27580.78837649,284,260,76,1,0,0,0,0,0,0,0,0,0,0.0039237,convex_mesh_per_channel
4,510021,1,11,11,7681.877191,698.3524719091,28619.38604076,283,260,76,1,0,0,0,0,0,0,0,0,0,0.0038414,convex_mesh_per_channel
4,510021,2,11,11,9593.079336,872.0981214545,37655.39659862,269,242,140,2,0,0,0,0,0,0,0,0,0,0.0037562,convex_mesh_per_channel
4,510021,3,11,11,7479.157657,679.9234233636,27580.78837649,284,260,76,1,0,0,0,0,0,0,0,0,0,0.0039013,convex_mesh_per_channel
4,510021,4,11,11,7479.157657,679.9234233636,27580.78837649,284,260,76,1,32,14,32,0,657.9115326613,201.1752976717,0.01972329660097,0.05515167575158,0,0.0126969,convex_mesh_per_channel
4,510021,5,11,11,7963.039652,723.9126956364,29610.19831533,279,258,111,2,32,15,32,0,1127.431092664,298.3168924319,0.03199478984701,0.06360338693779,0,0.0164039,convex_mesh_per_channel
4,510022,0,16,16,6889.383293,430.5864558125,28101.91647848,194,165,18,2,0,0,0,0,0,0,0,0,0,0.0066431,upper_bound_16
4,510022,1,16,16,7809.470993,488.0919370625,31682.35498554,194,165,86,2,0,0,0,0,0,0,0,0,0,0.0065141,upper_bound_16
4,510022,2,16,16,8576.173441,536.0108400625,35515.86723123,194,165,86,2,0,0,0,0,0,0,0,0,0,0.0065158,upper_bound_16
4,510022,3,16,16,6889.383293,430.5864558125,28101.91647848,194,165,18,2,0,0,0,0,0,0,0,0,4,0.0064986,upper_bound_16
4,510022,4,16,16,6889.383293,430.5864558125,28101.91647848,194,165,18,2,33,10,33,0,971.1425524371,319.1107509561,0.02748448180648,0.0572701761569,4,0.0202095,upper_bound_16
4,510022,5,16,16,8208.482438,513.030152375,32317.41208861,188,167,186,3,32,9,32,0,382.9988595552,115.7837945416,0.008870833106044,0.02731207586061,5,0.0177377,upper_bound_16
4,510023,0,10,10,6526.926474,652.6926474,24144.63235179,275,249,8,1,0,0,0,0,0,0,0,0,0,0.0058522,convex_mesh_per_channel
4,510023,1,10,10,6930.251761,693.0251761,26136.25879946,276,249,8,1,0,0,0,0,0,0,0,0,0,0.005846,convex_mesh_per_channel
4,510023,2,10,10,7335.53817,733.553817,28032.69084755,280,249,10,2,0,0,0,0,0,0,0,0,0,0.0056395,convex_mesh_per_channel
4,510023,3,10,10,6526.926474,652.6926474,24144.63235179,275,249,8,1,0,0,0,0,0,0,0,0,0,0.0050834,convex_mesh_per_channel
4,510023,4,10,10,6526.926474,652.6926474,24144.63235179,275,249,8,1,31,13,31,0,899.9227248771,324.3623303794,0.03024637812704,0.08156284523042,0,0.0158816,convex_mesh_per_channel
4,510023,5,10,10,6699.31413,669.931413,24661.57065395,287,255,9,1,31,14,31,0,348.1767175459,113.853830194,0.01026160561662,0.01993012817766,0,0.0175234,convex_mesh_per_channel
4,510024,0,14,14,7101.724998,507.2660712857,27598.62498914,236,218,38,2,0,0,0,0,0,0,0,0,0,0.006718,convex_mesh_per_channel
4,510024,1,14,14,7996.030915,571.1450653571,31055.15470165,234,218,109,2,0,0,0,0,0,0,0,0,0,0.0066687,convex_mesh_per_channel
4,510024,2,14,14,8372.472637,598.0337597857,32937.36331585,234,218,109,2,0,0,0,0,0,0,0,0,0,0.0066086,convex_mesh_per_channel
4,510024,3,14,14,7101.724998,507.2660712857,27598.62498914,236,218,38,2,0,0,0,0,0,0,0,0,0,0.0067414,convex_mesh_per_channel
4,510024,4,14,14,7101.724998,507.2660712857,27598.62498914,236,218,38,2,35,13,35,0,847.3592965587,257.4286403195,0.02550856472499,0.07051699663499,0,0.020681,convex_mesh_per_channel
4,510024,5,14,14,6053.002077,432.3572912143,23980.01040195,194,175,14,1,35,12,35,0,1058.509396389,297.2987460383,0.03067383760786,0.08890724013858,0,0.0331254,convex_mesh_per_channel
4,510025,0,10,10,7219.467151,721.9467151,27042.33570388,259,235,77,2,0,0,0,0,0,0,0,0,0,0.0059743,convex_mesh_per_channel
4,510025,1,10,10,8018.033092,801.8033092,30015.16538855,262,235,140,3,0,0,0,0,0,0,0,0,0,0.0059367,convex_mesh_per_channel
4,510025,2,10,10,8607.591046,860.7591046,32937.95516639,263,235,140,3,0,0,0,0,0,0,0,0,0,0.0058399,convex_mesh_per_channel
4,510025,3,10,10,7219.467151,721.9467151,27042.33570388,259,235,77,2,0,0,0,0,0,0,0,0,0,0.0058533,convex_mesh_per_channel
4,510025,4,10,10,7219.467151,721.9467151,27042.33570388,259,235,77,2,31,12,31,0,781.607906298,210.6820451382,0.01972011572184,0.06831577966621,0,0.01781,convex_mesh_per_channel
4,510025,5,10,10,7243.972123,724.3972123,26974.86061886,282,248,47,3,31,13,31,0,1129.177583458,267.8505104854,0.02648932536874,0.05899610983983,0,0.0193762,convex_mesh_per_channel
4,510026,0,14,14,6181.583171,441.5416550714,24287.91581431,202,187,19,1,0,0,0,0,0,0,0,0,0,0.007465,convex_mesh_per_channel
4,510026,1,14,14,7617.874332,544.1338808571,29584.37157342,203,187,143,2,0,0,0,0,0,0,0,0,0,0.0076349,convex_mesh_per_channel
4,510026,2,14,14,7894.170499,563.8693213571,30965.85241703,203,187,143,2,0,0,0,0,0,0,0,0,0,0.0077112,convex_mesh_per_channel
4,510026,3,14,14,6181.583171,441.5416550714,24287.91581431,202,187,19,1,0,0,0,0,0,0,0,0,0,0.0075601,convex_mesh_per_channel
4,510026,4,14,14,6181.583171,441.5416550714,24287.91581431,202,187,19,1,35,14,35,0,1104.228931635,328.1040909471,0.03091251501602,0.06368273269446,0,0.0247359,convex_mesh_per_channel
4,510026,5,14,14,6224.500216,444.6071582857,24707.50103432,195,181,19,1,35,14,35,0,854.3821082774,266.8540422913,0.02506524757105,0.06466340789072,0,0.0321839,convex_mesh_per_channel
4,510027,0,14,14,6519.705506,465.6932504286,26218.52753266,202,181,5,1,0,0,0,0,0,0,0,0,0,0.0097401,convex_mesh_per_channel
4,510027,1,14,14,6749.85085,482.1322035714,27474.25424941,199,181,3,0,0,0,0,0,0,0,0,0,0,0.0097261,convex_mesh_per_channel
4,510027,2,14,14,7057.105242,504.0789458571,29010.52621227,199,181,3,0,0,0,0,0,0,0,0,0,0,0.0099169,convex_mesh_per_channel
4,510027,3,14,14,6519.705506,465.6932504286,26218.52753266,202,181,5,1,0,0,0,0,0,0,0,0,0,0.0097774,convex_mesh_per_channel
4,510027,4,14,14,6519.705506,465.6932504286,26218.52753266,202,181,5,1,35,12,35,0,915.4532028283,335.0641177069,0.03278255130673,0.07234042810408,0,0.0299882,convex_mesh_per_channel
4,510027,5,14,14,6018.791757,429.9136969286,23973.95880052,195,179,0,0,35,13,35,0,651.5429873067,239.7559859871,0.01967588492913,0.04458580405376,0,0.0310643,convex_mesh_per_channel
4,510028,0,16,16,5247.903282,327.993955125,21334.51640462,153,136,0,0,0,0,0,0,0,0,0,0,0,0.0085871,upper_bound_16
4,510028,1,16,16,5399.161011,337.4475631875,22090.80506125,153,136,0,0,0,0,0,0,0,0,0,0,0,0.0085766,upper_bound_16
4,510028,2,16,16,5531.193285,345.6995803125,22750.96643094,153,136,0,0,0,0,0,0,0,0,0,0,0,0.0086939,upper_bound_16
4,510028,3,16,16,4360.372588,272.52328675,17686.86292791,126,113,0,0,0,0,0,0,0,0,0,0,10,0.0082781,upper_bound_16
4,510028,4,16,16,4360.372588,272.52328675,17686.86292791,126,113,0,0,27,4,27,0,741.126511315,304.6459503324,0.02438745611563,0.0477445846763,10,0.0236843,upper_bound_16
4,510028,5,16,16,4245.499103,265.3436939375,17602.49552474,109,97,1,0,25,7,25,0,813.343849745,256.5418145376,0.01981176718488,0.04295254668774,12,0.0341177,upper_bound_16
4,510029,0,16,16,6977.145112,436.0715695,28710.72556591,197,170,0,1,0,0,0,0,0,0,0,0,0,0.0085506,upper_bound_16
4,510029,1,16,16,7399.549109,462.4718193125,30822.74556628,197,170,0,1,0,0,0,0,0,0,0,0,0,0.0086734,upper_bound_16
4,510029,2,16,16,7985.698306,499.106144125,33778.49154445,196,170,0,1,0,0,0,0,0,0,0,0,0,0.0086329,upper_bound_16
4,510029,3,16,16,6747.876517,421.7422823125,27799.38258809,189,163,0,1,0,0,0,0,0,0,0,0,3,0.0085184,upper_bound_16
4,510029,4,16,16,6747.876517,421.7422823125,27799.38258809,189,163,0,1,34,10,34,0,1078.60129803,388.0062233793,0.0411658125019,0.09057233420209,3,0.0252751,upper_bound_16
4,510029,5,16,16,5100.137065,318.7585665625,21465.68532653,124,101,2,1,26,8,26,0,1729.697736524,801.6415209973,0.06240215220431,0.1166029988731,11,0.0297578,upper_bound_16
4,510030,0,16,16,5429.756053,339.3597533125,22393.78025591,148,128,1,0,0,0,0,0,0,0,0,0,0,0.0130918,upper_bound_16
4,510030,1,16,16,5624.865037,351.5540648125,23354.32517315,148,128,2,0,0,0,0,0,0,0,0,0,0,0.0132523,upper_bound_16
4,510030,2,16,16,5824.441235,364.0275771875,24392.20617244,147,128,1,0,0,0,0,0,0,0,0,0,0,0.0132475,upper_bound_16
4,510030,3,16,16,5399.798341,337.4873963125,22363.9916931,144,124,1,0,0,0,0,0,0,0,0,0,3,0.0132078,upper_bound_16
4,510030,4,16,16,5399.798341,337.4873963125,22363.9916931,144,124,1,0,34,10,34,0,992.3748465204,300.4185528103,0.02519762526479,0.05349734821946,3,0.0393186,upper_bound_16
4,510030,5,16,16,3909.544697,244.3465435625,16002.72349029,107,94,0,0,26,7,26,0,538.0788009674,234.1816822321,0.01745408680851,0.03955386676938,11,0.0429577,upper_bound_16
4,510031,0,15,15,7172.676688,478.1784458667,28948.38334472,187,166,69,2,0,0,0,0,0,0,0,0,0,0.0081042,convex_mesh_per_channel
4,510031,1,15,15,7446.231696,496.4154464,30301.15838262,187,166,70,2,0,0,0,0,0,0,0,0,0,0.0080502,convex_mesh_per_channel
4,510031,2,15,15,7722.016161,514.8010774,31720.08070362,186,166,69,2,0,0,0,0,0,0,0,0,0,0.0081108,convex_mesh_per_channel
4,510031,3,15,15,7172.676688,478.1784458667,28948.38334472,187,166,69,2,0,0,0,0,0,0,0,0,0,0.0080767,convex_mesh_per_channel
4,510031,4,15,15,7172.676688,478.1784458667,28948.38334472,187,166,69,2,36,12,36,0,977.1011646082,276.5807990003,0.02496789454485,0.0631334852993,0,0.0241404,convex_mesh_per_channel
4,510031,5,15,15,6439.079806,429.2719870667,25975.39898557,179,160,38,1,36,12,36,0,1283.080765555,431.0823002967,0.03787266622556,0.1083768933791,0,0.0350696,convex_mesh_per_channel
4,510032,0,16,16,5691.379256,355.7112035,23611.89633095,135,118,32,1,0,0,0,0,0,0,0,0,0,0.0119328,upper_bound_16
4,510032,1,16,16,6154.992824,384.6870515,25414.96422218,134,118,68,1,0,0,0,0,0,0,0,0,0,0.0120099,upper_bound_16
4,510032,2,16,16,6365.417807,397.8386129375,26467.08912573,134,118,68,1,0,0,0,0,0,0,0,0,0,0.0118491,upper_bound_16
4,510032,3,16,16,4607.246545,287.9529090625,19561.23273964,105,90,0,0,0,0,0,0,0,0,0,0,12,0.0098025,upper_bound_16
4,510032,4,16,16,4986.913661,311.6821038125,20694.56836598,115,97,32,1,27,8,27,0,1101.566083803,489.1852590187,0.04345318286425,0.06452015796767,10,0.0312499,upper_bound_16
4,510032,5,16,16,5253.969612,328.37310075,21619.84808935,128,114,32,1,30,9,30,0,1469.330778942,643.2492063501,0.0529972135266,0.1054345178076,7,0.0492223,upper_bound_16
4,510033,0,15,15,6984.032123,465.6021415333,27285.1606198,221,200,49,2,0,0,0,0,0,0,0,0,0,0.0054216,convex_mesh_per_channel
4,510033,1,15,15,7616.757135,507.783809,30553.7856974,201,183,81,1,0,0,0,0,0,0,0,0,0,0.0058873,convex_mesh_per_channel
4,510033,2,15,15,8215.763193,547.7175462,33523.81598531,202,183,81,1,0,0,0,0,0,0,0,0,0,0.0059631,convex_mesh_per_channel
4,510033,3,15,15,6984.032123,465.6021415333,27285.1606198,221,200,49,2,0,0,0,0,0,0,0,0,0,0.0053904,convex_mesh_per_channel
4,510033,4,15,15,6984.032123,465.6021415333,27285.1606198,221,200,49,2,36,15,36,0,579.3820069998,183.1160190052,0.01740460504566,0.04133460537414,0,0.0172238,convex_mesh_per_channel
4,510033,5,15,15,7527.180223,501.8120148667,29290.9011096,255,229,30,2,36,14,36,0,914.9453859101,236.4258840769,0.02435943231927,0.09624257414702,0,0.0171016,convex_mesh_per_channel
4,510034,0,15,15,9051.704219,603.4469479333,35908.52106645,233,204,142,3,0,0,0,0,0,0,0,0,0,0.0065495,convex_mesh_per_channel
4,510034,1,15,15,9772.286659,651.4857772667,39216.4332613,231,204,165,3,0,0,0,0,0,0,0,0,0,0.0067211,convex_mesh_per_channel
4,510034,2,15,15,10506.646405,700.4430936667,42873.23195996,231,204,166,3,0,0,0,0,0,0,0,0,0,0.0065357,convex_mesh_per_channel
4,510034,3,15,15,9051.704219,603.4469479333,35908.52106645,233,204,142,3,0,0,0,0,0,0,0,0,0,0.0067776,convex_mesh_per_channel
4,510034,4,15,15,9051.704219,603.4469479333,35908.52106645,233,204,142,3,36,15,36,0,758.4614449918,196.802300661,0.0173413969431,0.04473493531344,0,0.0196404,convex_mesh_per_channel
4,510034,5,15,15,8894.960546,592.9973697333,34709.80273297,228,207,177,3,36,12,36,0,931.6064876957,357.8498365969,0.03495929304339,0.08378402930633,0,0.0241106,convex_mesh_per_channel
4,510035,0,16,16,6018.900035,376.1812521875,24119.50018443,189,167,1,1,0,0,0,0,0,0,0,0,0,0.0116018,upper_bound_16
4,510035,1,16,16,6172.917325,385.8073328125,24914.58664579,188,167,1,1,0,0,0,0,0,0,0,0,0,0.0116347,upper_bound_16
4,510035,2,16,16,6346.155631,396.6347269375,25780.77817232,188,167,1,1,0,0,0,0,0,0,0,0,0,0.0118434,upper_bound_16
4,510035,3,16,16,5749.787408,359.361713,22913.93709307,175,149,21,2,0,0,0,0,0,0,0,0,6,0.0116073,upper_bound_16
4,510035,4,16,16,5749.787408,359.361713,22913.93709307,175,149,21,2,31,7,31,0,931.132397162,457.7446061306,0.04564755879657,0.07652465201741,6,0.0326745,upper_bound_16
4,510035,5,16,16,5514.666026,344.666626625,22218.3301419,167,156,0,0,35,12,35,0,817.6764798571,226.2900576421,0.01864902026887,0.04521260756465,2,0.0286278,upper_bound_16
4,510036,0,14,14,8839.892879,631.4209199286,35144.46437968,271,224,54,5,0,0,0,0,0,0,0,0,0,0.0047639,convex_mesh_per_channel
4,510036,1,14,14,9273.685736,662.406124,37438.42865619,269,224,49,5,0,0,0,0,0,0,0,0,0,0.0046686,convex_mesh_per_channel
4,510036,2,14,14,9644.25654,688.8754671429,39496.2826878,262,224,47,4,0,0,0,0,0,0,0,0,0,0.0046445,convex_mesh_per_channel
4,510036,3,14,14,8839.892879,631.4209199286,35144.46437968,271,224,54,5,0,0,0,0,0,0,0,0,0,0.0046687,convex_mesh_per_channel
4,510036,4,14,14,8839.892879,631.4209199286,35144.46437968,271,224,54,5,35,15,35,0,964.499567098,237.6858852894,0.02456621049989,0.09043278987282,0,0.0162747,convex_mesh_per_channel
4,510036,5,14,14,6870.990176,490.7850125714,26699.95087873,242,215,12,2,35,14,35,0,922.0566082289,269.6199996452,0.02547087017332,0.0807804804275,0,0.0209984,convex_mesh_per_channel
4,510037,0,12,12,6121.769855,510.1474879167,23378.84928309,233,218,1,0,0,0,0,0,0,0,0,0,0,0.0064261,convex_mesh_per_channel
4,510037,1,12,12,6378.853554,531.5711295,24664.26777424,233,218,1,0,0,0,0,0,0,0,0,0,0,0.0066081,convex_mesh_per_channel
4,510037,2,12,12,6658.036488,554.836374,26060.18244741,233,218,1,0,0,0,0,0,0,0,0,0,0,0.0065138,convex_mesh_per_channel
4,510037,3,12,12,6121.769855,510.1474879167,23378.84928309,233,218,1,0,0,0,0,0,0,0,0,0,0,0.0065642,convex_mesh_per_channel
4,510037,4,12,12,6121.769855,510.1474879167,23378.84928309,233,218,1,0,33,12,33,0,1146.950171433,415.9289480838,0.03737391371159,0.07194146935814,0,0.0201082,convex_mesh_per_channel
4,510037,5,12,12,5469.784334,455.8153611667,20728.92166713,213,199,0,0,33,12,33,0,1533.750437737,432.7838381991,0.03688845518986,0.08927118512081,0,0.0210877,convex_mesh_per_channel
4,510038,0,15,15,6611.534702,440.7689801333,25822.67352785,216,196,32,2,0,0,0,0,0,0,0,0,0,0.0055042,convex_mesh_per_channel
4,510038,1,15,15,7496.295049,499.7530032667,29546.47529739,217,196,77,2,0,0,0,0,0,0,0,0,0,0.0053814,convex_mesh_per_channel
4,510038,2,15,15,7882.166721,525.4777814,31520.83366131,217,196,74,2,0,0,0,0,0,0,0,0,0,0.0054095,convex_mesh_per_channel
4,510038,3,15,15,6611.534702,440.7689801333,25822.67352785,216,196,32,2,0,0,0,0,0,0,0,0,0,0.0054056,convex_mesh_per_channel
4,510038,4,15,15,6611.534702,440.7689801333,25822.67352785,216,196,32,2,36,14,36,0,1023.147252522,333.2437975793,0.03135733736963,0.0803767180323,0,0.0168318,convex_mesh_per_channel
4,510038,5,15,15,6583.857056,438.9238037333,24709.28528777,249,226,32,2,36,16,36,0,988.913792737,303.4326658161,0.03102206574404,0.09822299760125,0,0.0173316,convex_mesh_per_channel
4,510039,0,10,10,5925.15884,592.515884,21160.79420501,277,258,0,0,0,0,0,0,0,0,0,0,0,0.0047532,convex_mesh_per_channel
4,510039,1,10,10,6077.701535,607.7701535,21923.50768501,277,258,0,0,0,0,0,0,0,0,0,0,0,0.0048516,convex_mesh_per_channel
4,510039,2,10,10,6265.368357,626.5368357,22861.84179241,277,258,0,0,0,0,0,0,0,0,0,0,0,0.0047119,convex_mesh_per_channel
4,510039,3,10,10,5925.15884,592.515884,21160.79420501,277,258,0,0,0,0,0,0,0,0,0,0,0,0.0047431,convex_mesh_per_channel
4,510039,4,10,10,5925.15884,592.515884,21160.79420501,277,258,0,0,31,12,31,0,738.0831782707,146.4829326784,0.01478339943072,0.07745339739689,0,0.0147506,convex_mesh_per_channel
4,510039,5,10,10,5760.143736,576.0143736,20860.71867674,259,243,0,0,31,12,31,0,656.4551210159,262.5311589993,0.02689365101983,0.0654689280811,0,0.016505,convex_mesh_per_channel
4,510040,0,11,11,6213.960902,564.9055365455,22809.80452304,269,246,2,1,0,0,0,0,0,0,0,0,0,0.0050899,convex_mesh_per_channel
4,510040,1,11,11,6294.88895,572.2626318182,23264.44477132,267,246,2,1,0,0,0,0,0,0,0,0,0,0.0051246,convex_mesh_per_channel
4,510040,2,11,11,6209.584794,564.5077085455,22862.92398289,266,246,2,1,0,0,0,0,0,0,0,0,0,0.0050847,convex_mesh_per_channel
4,510040,3,11,11,6213.960902,564.9055365455,22809.80452304,269,246,2,1,0,0,0,0,0,0,0,0,0,0.0050613,convex_mesh_per_channel
4,510040,4,11,11,6213.960902,564.9055365455,22809.80452304,269,246,2,1,32,12,32,0,743.8942891612,200.1642530946,0.01964088565864,0.07097110400752,0,0.0154833,convex_mesh_per_channel
4,510040,5,11,11,6544.291637,594.9356033636,24401.45817774,238,221,66,1,32,12,32,0,1083.383889288,403.7785988338,0.03686653614544,0.05803670895885,0,0.0236113,convex_mesh_per_channel
4,510041,0,16,16,6179.418865,386.2136790625,25602.09430194,157,140,18,2,0,0,0,0,0,0,0,0,0,0.013778,upper_bound_16
4,510041,1,16,16,7130.080611,445.6300381875,29350.40295999,157,140,85,2,0,0,0,0,0,0,0,0,0,0.0136854,upper_bound_16
4,510041,2,16,16,7496.485115,468.5303196875,31197.4254712,157,140,84,2,0,0,0,0,0,0,0,0,0,0.0134759,upper_bound_16
4,510041,3,16,16,5029.844035,314.3652521875,20734.22014816,127,117,17,1,0,0,0,0,0,0,0,0,8,0.013003,upper_bound_16
4,510041,4,16,16,5029.844035,314.3652521875,20734.22014816,127,117,17,1,29,6,29,0,919.3436112853,484.522911587,0.04334249401911,0.08296024947081,8,0.0383072,upper_bound_16
4,510041,5,16,16,4520.003113,282.5001945625,19110.01556459,104,92,2,0,25,4,25,0,890.028274176,388.6034715227,0.02563355671329,0.05446531979634,12,0.0392535,upper_bound_16
4,510042,0,11,11,8405.569253,764.1426593636,31757.84634314,298,254,85,5,0,0,0,0,0,0,0,0,0,0.0037507,convex_mesh_per_channel
4,510042,1,11,11,9384.745732,853.1587029091,35753.72872546,295,254,150,4,0,0,0,0,0,0,0,0,0,0.0037898,convex_mesh_per_channel
4,510042,2,11,11,9892.110696,899.2827905455,38455.55353877,289,254,149,3,0,0,0,0,0,0,0,0,0,0.0037577,convex_mesh_per_channel
4,510042,3,11,11,8405.569253,764.1426593636,31757.84634314,298,254,85,5,0,0,0,0,0,0,0,0,0,0.003764,convex_mesh_per_channel
4,510042,4,11,11,8405.569253,764.1426593636,31757.84634314,298,254,85,5,32,15,32,0,673.7842274936,123.115570497,0.01160919810832,0.03962401031346,0,0.0120339,convex_mesh_per_channel
4,510042,5,11,11,7803.911248,709.4464770909,29529.55622842,276,247,72,3,32,14,32,0,806.7625601962,252.98014338,0.02369002567937,0.05681485353117,0,0.0183874,convex_mesh_per_channel
4,510043,0,11,11,7893.84648,717.6224072727,29529.23236741,283,263,85,2,0,0,0,0,0,0,0,0,0,0.0040304,convex_mesh_per_channel
4,510043,1,11,11,9030.205496,820.9277723636,34161.02739756,283,263,155,2,0,0,0,0,0,0,0,0,0,0.0040123,convex_mesh_per_channel
4,510043,2,11,11,9659.807606,878.1643278182,37309.03793204,283,263,155,2,0,0,0,0,0,0,0,0,0,0.0040152,convex_mesh_per_channel
4,510043,3,11,11,7893.84648,717.6224072727,29529.23236741,283,263,85,2,0,0,0,0,0,0,0,0,0,0.0040861,convex_mesh_per_channel
4,510043,4,11,11,7893.84648,717.6224072727,29529.23236741,283,263,85,2,32,15,32,0,722.9960186376,211.0436833909,0.02076928674383,0.04754993849254,0,0.0126441,convex_mesh_per_channel
4,510043,5,11,11,8266.579293,751.5072084545,31172.89641919,289,259,91,3,32,14,32,0,368.9919091045,112.4067979047,0.009825498108118,0.02426456668188,0,0.0137846,convex_mesh_per_channel
4,510044,0,10,10,7892.828365,789.2828365,28249.1417983,324,300,91,2,0,0,0,0,0,0,0,0,0,0.002734,convex_mesh_per_channel
4,510044,1,10,10,8369.366478,836.9366478,30631.832359,324,300,91,2,0,0,0,0,0,0,0,0,0,0.0027423,convex_mesh_per_channel
4,510044,2,10,10,8654.212267,865.4212267,32081.0612914,323,300,91,2,0,0,0,0,0,0,0,0,0,0.0026867,convex_mesh_per_channel
4,510044,3,10,10,7892.828365,789.2828365,28249.1417983,324,300,91,2,0,0,0,0,0,0,0,0,0,0.0026757,convex_mesh_per_channel
4,510044,4,10,10,7892.828365,789.2828365,28249.1417983,324,300,91,2,31,17,31,0,450.198914531,83.26759173604,0.008685078841589,0.03770100009521,0,0.0103915,convex_mesh_per_channel
4,510044,5,10,10,6768.040486,676.8040486,24335.20243874,312,288,1,0,31,15,31,0,1279.423295283,339.6252627763,0.03427793846582,0.07521988257522,0,0.0127587,convex_mesh_per_channel
4,510045,0,15,15,8329.593897,555.3062598,33232.96953585,256,223,35,2,0,0,0,0,0,0,0,0,0,0.0047104,convex_mesh_per_channel
4,510045,1,15,15,8952.565161,596.8376774,35842.82593355,254,223,72,2,0,0,0,0,0,0,0,0,0,0.0044704,convex_mesh_per_channel
4,510045,2,15,15,9850.249146,656.6832764,40386.24585745,253,223,70,2,0,0,0,0,0,0,0,0,0,0.0045142,convex_mesh_per_channel
4,510045,3,15,15,8329.593897,555.3062598,33232.96953585,256,223,35,2,0,0,0,0,0,0,0,0,0,0.0044553,convex_mesh_per_channel
4,510045,4,15,15,8329.593897,555.3062598,33232.96953585,256,223,35,2,36,16,36,0,849.7416508842,212.7341923038,0.0205156427402,0.07766637326097,0,0.0161377,convex_mesh_per_channel
4,510045,5,15,15,7864.552782,524.3035188,31072.76396994,250,223,34,1,36,13,36,0,1538.260231063,414.959355361,0.03952139553085,0.1280697238627,0,0.0157921,convex_mesh_per_channel
4,510046,0,14,14,9208.000952,657.7143537143,35865.00460771,252,222,161,5,0,0,0,0,0,0,0,0,0,0.0054276,convex_mesh_per_channel
4,510046,1,14,14,10316.298776,736.878484,40086.49367272,252,222,249,5,0,0,0,0,0,0,0,0,0,0.0051346,convex_mesh_per_channel
4,510046,2,14,14,11014.490045,786.7492889286,43577.45001729,252,222,249,5,0,0,0,0,0,0,0,0,0,0.0052459,convex_mesh_per_channel
4,510046,3,14,14,9208.000952,657.7143537143,35865.00460771,252,222,161,5,0,0,0,0,0,0,0,0,0,0.0051909,convex_mesh_per_channel
4,510046,4,14,14,9208.000952,657.7143537143,35865.00460771,252,222,161,5,35,15,35,0,963.4674485467,245.3982096437,0.02429359428822,0.05600974778002,0,0.0158482,convex_mesh_per_channel
4,510046,5,14,14,7330.409442,523.6006744286,28807.04709621,223,189,65,4,35,12,35,0,1177.763207931,364.5847642528,0.03216227401527,0.1197994222854,0,0.022242,convex_mesh_per_channel
4,510047,0,12,12,7218.360833,601.5300694167,28081.80418493,256,226,12,3,0,0,0,0,0,0,0,0,0,0.0046933,convex_mesh_per_channel
4,510047,1,12,12,8665.022912,722.0852426667,33615.11457045,258,226,122,3,0,0,0,0,0,0,0,0,0,0.0044285,convex_mesh_per_channel
4,510047,2,12,12,8137.794993,678.14958275,31973.9749943,237,216,94,1,0,0,0,0,0,0,0,0,0,0.0056068,convex_mesh_per_channel
4,510047,3,12,12,7218.360833,601.5300694167,28081.80418493,256,226,12,3,0,0,0,0,0,0,0,0,0,0.0045776,convex_mesh_per_channel
4,510047,4,12,12,7218.360833,601.5300694167,28081.80418493,256,226,12,3,33,15,33,0,835.3930882369,232.1267475968,0.02051811286864,0.04836514867661,0,0.0157294,convex_mesh_per_channel
4,510047,5,12,12,6877.216556,573.1013796667,25871.08277463,278,253,0,0,33,16,33,0,526.6712446236,158.3687120193,0.01482203631198,0.03358703783818,0,0.0147171,convex_mesh_per_channel
4,510048,0,13,13,8473.672564,651.8209664615,31103.36280573,311,279,118,5,0,0,0,0,0,0,0,0,0,0.0031004,convex_mesh_per_channel
4,510048,1,13,13,9773.708942,751.8237647692,35923.54466712,311,279,230,5,0,0,0,0,0,0,0,0,0,0.0031423,convex_mesh_per_channel
4,510048,2,13,13,9683.591391,744.8916454615,36492.95692429,311,279,162,4,0,0,0,0,0,0,0,0,0,0.0030556,convex_mesh_per_channel
4,510048,3,13,13,8473.672564,651.8209664615,31103.36280573,311,279,118,5,0,0,0,0,0,0,0,0,0,0.0031883,convex_mesh_per_channel
4,510048,4,13,13,8473.672564,651.8209664615,31103.36280573,311,279,118,5,34,19,34,0,229.8123030708,68.27563445271,0.00726162908012,0.02063987723918,0,0.011673,convex_mesh_per_channel
4,510048,5,13,13,8417.287402,647.4836463077,31126.43700851,317,272,90,6,34,17,34,0,568.0046350176,75.33748719097,0.007778198960226,0.05825417371602,0,0.0151316,convex_mesh_per_channel
4,510049,0,15,15,7108.377799,473.8918532667,28051.88902977,231,202,22,2,0,0,0,0,0,0,0,0,0,0.0065132,convex_mesh_per_channel
4,510049,1,15,15,7616.814201,507.7876134,30569.07102228,232,202,22,2,0,0,0,0,0,0,0,0,0,0.0065195,convex_mesh_per_channel
4,510049,2,15,15,7513.0283,500.8685533333,30470.14152185,226,202,4,1,0,0,0,0,0,0,0,0,0,0.0066355,convex_mesh_per_channel
4,510049,3,15,15,7108.377799,473.8918532667,28051.88902977,231,202,22,2,0,0,0,0,0,0,0,0,0,0.0065092,convex_mesh_per_channel
4,510049,4,15,15,7108.377799,473.8918532667,28051.88902977,231,202,22,2,36,12,36,0,1045.108744039,263.6738125029,0.02579808027936,0.09482446670592,0,0.0195926,convex_mesh_per_channel
4,510049,5,15,15,6303.410112,420.2273408,24667.05057665,219,194,2,1,36,15,36,0,851.5503033935,292.9243546445,0.02559829475188,0.0447021611989,0,0.0245521,convex_mesh_per_channel
4,510050,0,10,10,6361.944691,636.1944691,22364.72344832,310,289,0,0,0,0,0,0,0,0,0,0,0,0.0035619,convex_mesh_per_channel
4,510050,1,10,10,6598.824713,659.8824713,23549.12356222,310,289,0,0,0,0,0,0,0,0,0,0,0,0.0034705,convex_mesh_per_channel
4,510050,2,10,10,6984.3354,698.43354,25476.67699623,310,289,0,0,0,0,0,0,0,0,0,0,0,0.0034706,convex_mesh_per_channel
4,510050,3,10,10,6361.944691,636.1944691,22364.72344832,310,289,0,0,0,0,0,0,0,0,0,0,0,0.0035852,convex_mesh_per_channel
4,510050,4,10,10,6361.944691,636.1944691,22364.72344832,310,289,0,0,31,14,31,0,635.8880328724,148.0844252462,0.01599661072097,0.05868704902464,0,0.0118113,convex_mesh_per_channel
4,510050,5,10,10,6211.717276,621.1717276,21473.58632655,295,278,38,1,31,15,31,0,364.5569734991,87.32063636668,0.008062693067909,0.02163056697285,0,0.0123748,convex_mesh_per_channel
4,510051,0,12,12,7797.368127,649.78067725,29766.84063421,258,236,86,1,0,0,0,0,0,0,0,0,0,0.0044142,convex_mesh_per_channel
4,510051,1,12,12,8618.914296,718.242858,33179.57156905,257,236,134,2,0,0,0,0,0,0,0,0,0,0.0046051,convex_mesh_per_channel
4,510051,2,12,12,8818.62233,734.8851941667,34873.11165363,258,236,86,1,0,0,0,0,0,0,0,0,0,0.004372,convex_mesh_per_channel
4,510051,3,12,12,7797.368127,649.78067725,29766.84063421,258,236,86,1,0,0,0,0,0,0,0,0,0,0.0044157,convex_mesh_per_channel
4,510051,4,12,12,7797.368127,649.78067725,29766.84063421,258,236,86,1,33,14,33,0,965.2176012384,231.507929158,0.02327748933572,0.09467744469472,0,0.0145278,convex_mesh_per_channel
4,510051,5,12,12,6523.902213,543.65851775,24739.51105778,256,236,0,0,33,13,33,0,826.5774617758,324.1917721667,0.03163471482376,0.07383251007058,0,0.0205264,convex_mesh_per_channel
4,510052,0,11,11,7440.97297,676.4520881818,28364.86480369,254,227,72,3,0,0,0,0,0,0,0,0,0,0.0059832,convex_mesh_per_channel
4,510052,1,11,11,7675.385341,697.7623037273,29536.9266519,254,227,72,3,0,0,0,0,0,0,0,0,0,0.0059607,convex_mesh_per_channel
4,510052,2,11,11,7783.913554,707.6285049091,30104.56772473,253,227,72,3,0,0,0,0,0,0,0,0,0,0.0060669,convex_mesh_per_channel
4,510052,3,11,11,7440.97297,676.4520881818,28364.86480369,254,227,72,3,0,0,0,0,0,0,0,0,0,0.0059515,convex_mesh_per_channel
4,510052,4,11,11,7440.97297,676.4520881818,28364.86480369,254,227,72,3,32,13,32,0,1004.079860477,250.8228545807,0.02172477807737,0.05754417213668,0,0.0182512,convex_mesh_per_channel
4,510052,5,11,11,6762.629935,614.7845395455,26013.1496856,255,230,0,0,32,13,32,0,269.747016896,42.62255438891,0.003673286607808,0.01746786974774,0,0.0158025,convex_mesh_per_channel
4,510053,0,15,15,6292.69562,419.5130413333,25143.47810568,201,184,0,0,0,0,0,0,0,0,0,0,0,0.0071571,convex_mesh_per_channel
4,510053,1,15,15,6634.426189,442.2950792667,26852.13096237,201,184,0,0,0,0,0,0,0,0,0,0,0,0.0071161,convex_mesh_per_channel
4,510053,2,15,15,7019.111048,467.9407365333,28775.55525935,201,184,0,0,0,0,0,0,0,0,0,0,0,0.0072628,convex_mesh_per_channel
4,510053,3,15,15,6292.69562,419.5130413333,25143.47810568,201,184,0,0,0,0,0,0,0,0,0,0,0,0.0071632,convex_mesh_per_channel
4,510053,4,15,15,6292.69562,419.5130413333,25143.47810568,201,184,0,0,36,14,36,0,1142.575306272,310.4648063457,0.02846816356138,0.06415968843216,0,0.0230515,convex_mesh_per_channel
4,510053,5,15,15,5758.292113,383.8861408667,22966.46057286,184,170,0,0,36,12,36,0,1152.386617239,397.0368395284,0.03706842329556,0.06398135116038,0,0.0345861,convex_mesh_per_channel
4,510054,0,12,12,7893.943282,657.8286068333,30594.71639713,271,240,40,3,0,0,0,0,0,0,0,0,0,0.0044598,convex_mesh_per_channel
4,510054,1,12,12,9412.731351,784.39427925,36293.65668983,270,240,168,3,0,0,0,0,0,0,0,0,0,0.0043949,convex_mesh_per_channel
4,510054,2,12,12,9622.746315,801.89552625,38593.73150883,268,240,88,1,0,0,0,0,0,0,0,0,0,0.004403,convex_mesh_per_channel
4,510054,3,12,12,7893.943282,657.8286068333,30594.71639713,271,240,40,3,0,0,0,0,0,0,0,0,0,0.0043715,convex_mesh_per_channel
4,510054,4,12,12,7893.943282,657.8286068333,30594.71639713,271,240,40,3,33,15,33,0,415.743292061,96.45515331448,0.009410333685743,0.02704350459603,0,0.0146196,convex_mesh_per_channel
4,510054,5,12,12,7637.609661,636.46747175,28883.0482857,260,240,87,2,33,13,33,0,1255.417970077,280.2800514879,0.02513869120429,0.09304132146926,0,0.0142024,convex_mesh_per_channel
4,510055,0,14,14,8269.802796,590.7001997143,31554.01400946,295,270,48,3,0,0,0,0,0,0,0,0,0,0.0039095,convex_mesh_per_channel
4,510055,1,14,14,9411.843052,672.2745037143,35774.21520983,291,270,154,3,0,0,0,0,0,0,0,0,0,0.0041323,convex_mesh_per_channel
4,510055,2,14,14,9758.664626,697.0474732857,38623.3230168,288,269,85,1,0,0,0,0,0,0,0,0,0,0.0039222,convex_mesh_per_channel
4,510055,3,14,14,8269.802796,590.7001997143,31554.01400946,295,270,48,3,0,0,0,0,0,0,0,0,0,0.003861,convex_mesh_per_channel
4,510055,4,14,14,8269.802796,590.7001997143,31554.01400946,295,270,48,3,35,17,35,0,554.5578552897,164.8097457325,0.01813682782634,0.0472475988997,0,0.0119771,convex_mesh_per_channel
4,510055,5,14,14,7300.141509,521.4386792143,28735.7075604,227,207,47,2,35,14,35,0,787.3543348512,269.5411705096,0.02402494066612,0.04458205983833,0,0.018771,convex_mesh_per_channel
4,510056,0,16,16,5704.317361,356.5198350625,22811.58679769,160,139,41,1,0,0,0,0,0,0,0,0,0,0.0098155,upper_bound_16
4,510056,1,16,16,6397.24188,399.8276175,25896.20939129,162,139,63,1,0,0,0,0,0,0,0,0,0,0.0097658,upper_bound_16
4,510056,2,16,16,6559.243287,409.9527054375,26731.21642971,161,139,63,1,0,0,0,0,0,0,0,0,0,0.0100474,upper_bound_16
4,510056,3,16,16,5704.317361,356.5198350625,22811.58679769,160,139,41,1,0,0,0,0,0,0,0,0,4,0.0098113,upper_bound_16
4,510056,4,16,16,5704.317361,356.5198350625,22811.58679769,160,139,41,1,33,9,33,0,836.3547827569,294.0004433928,0.02289896032946,0.04782181039283,4,0.028677,upper_bound_16
4,510056,5,16,16,5365.782379,335.3613986875,21693.91192934,140,118,43,1,28,6,28,0,768.6666864208,411.4968756232,0.03355046782983,0.06376969018648,9,0.0287231,upper_bound_16
4,510057,0,12,12,7161.796534,596.8163778333,27418.9826219,258,232,32,2,0,0,0,0,0,0,0,0,0,0.0047325,convex_mesh_per_channel
4,510057,1,12,12,7933.315678,661.1096398333,30561.57826777,259,232,78,2,0,0,0,0,0,0,0,0,0,0.0047042,convex_mesh_per_channel
4,510057,2,12,12,7493.172436,624.4310363333,29380.86219017,262,232,5,1,0,0,0,0,0,0,0,0,0,0.0047409,convex_mesh_per_channel
4,510057,3,12,12,7161.796534,596.8163778333,27418.9826219,258,232,32,2,0,0,0,0,0,0,0,0,0,0.0046587,convex_mesh_per_channel
4,510057,4,12,12,7161.796534,596.8163778333,27418.9826219,258,232,32,2,33,15,33,0,797.6019757773,245.3410805973,0.0236638056647,0.05212105055099,0,0.0159509,convex_mesh_per_channel
4,510057,5,12,12,7018.749428,584.8957856667,26148.74699595,255,232,74,2,33,13,33,0,932.0528049038,285.2653298149,0.02583261309807,0.05912437528454,0,0.0179254,convex_mesh_per_channel
4,510058,0,12,12,8411.443642,700.9536368333,31907.21828355,298,267,71,5,0,0,0,0,0,0,0,0,0,0.0036026,convex_mesh_per_channel
4,510058,1,12,12,10732.264404,894.355367,41166.32211635,291,267,239,3,0,0,0,0,0,0,0,0,0,0.0036313,convex_mesh_per_channel
4,510058,2,12,12,10405.310488,867.1092073333,40626.55248033,294,267,161,3,0,0,0,0,0,0,0,0,0,0.003536,convex_mesh_per_channel
4,510058,3,12,12,8411.443642,700.9536368333,31907.21828355,298,267,71,5,0,0,0,0,0,0,0,0,0,0.0037094,convex_mesh_per_channel
4,510058,4,12,12,8411.443642,700.9536368333,31907.21828355,298,267,71,5,33,17,33,0,904.5727263955,223.9778525789,0.02230569466092,0.05164368595166,0,0.0123389,convex_mesh_per_channel
4,510058,5,12,12,7800.608721,650.05072675,29828.04366461,283,243,39,3,33,14,33,0,768.7897481977,267.4076927919,0.02434783240422,0.05259147814723,0,0.0175474,convex_mesh_per_channel
4,510059,0,13,13,7286.464566,560.4972743077,29347.32282843,216,191,27,2,0,0,0,0,0,0,0,0,0,0.0089787,convex_mesh_per_channel
4,510059,1,13,13,8548.564924,657.5819172308,33517.82456198,214,191,173,2,0,0,0,0,0,0,0,0,0,0.0088825,convex_mesh_per_channel
4,510059,2,13,13,7428.799425,571.4461096154,30523.99714971,213,191,1,0,0,0,0,0,0,0,0,0,0,0.008707,convex_mesh_per_channel
4,510059,3,13,13,7286.464566,560.4972743077,29347.32282843,216,191,27,2,0,0,0,0,0,0,0,0,0,0.0088792,convex_mesh_per_channel
4,510059,4,13,13,7286.464566,560.4972743077,29347.32282843,216,191,27,2,34,13,34,0,1116.583399501,330.0572429668,0.02945279207193,0.06251998983277,0,0.0271385,convex_mesh_per_channel
4,510059,5,13,13,7662.528185,589.425245,30652.64095984,236,209,26,2,34,14,34,0,1107.04856509,206.6627942808,0.0184206925007,0.07786515400258,0,0.0276454,convex_mesh_per_channel
4,510060,0,15,15,6057.95549,403.8636993333,24654.77746029,175,159,6,1,0,0,0,0,0,0,0,0,0,0.0099254,convex_mesh_per_channel
4,510060,1,15,15,7113.391185,474.226079,28561.95603907,177,159,94,1,0,0,0,0,0,0,0,0,0,0.0097934,convex_mesh_per_channel
4,510060,2,15,15,6395.581378,426.3720918667,26327.90690095,178,159,2,0,0,0,0,0,0,0,0,0,0,0.009925,convex_mesh_per_channel
4,510060,3,15,15,6057.95549,403.8636993333,24654.77746029,175,159,6,1,0,0,0,0,0,0,0,0,0,0.0101254,convex_mesh_per_channel
4,510060,4,15,15,6057.95549,403.8636993333,24654.77746029,175,159,6,1,36,12,36,0,818.6389150598,237.6370797218,0.02349058412037,0.08227402072462,0,0.0296132,convex_mesh_per_channel
4,510060,5,15,15,5941.210864,396.0807242667,24316.05433275,170,153,0,0,36,12,36,0,625.5288054345,171.135915777,0.01471687084825,0.04155833493919,0,0.0351128,convex_mesh_per_channel
4,510061,0,10,10,6889.562874,688.9562874,25392.81438201,295,268,6,1,0,0,0,0,0,0,0,0,0,0.0036714,convex_mesh_per_channel
4,510061,1,10,10,7311.949544,731.1949544,27399.74772967,298,268,8,1,0,0,0,0,0,0,0,0,0,0.0037334,convex_mesh_per_channel
4,510061,2,10,10,7448.306821,744.8306821,28211.53412029,294,268,6,1,0,0,0,0,0,0,0,0,0,0.0037302,convex_mesh_per_channel
4,510061,3,10,10,6889.562874,688.9562874,25392.81438201,295,268,6,1,0,0,0,0,0,0,0,0,0,0.0036909,convex_mesh_per_channel
4,510061,4,10,10,6889.562874,688.9562874,25392.81438201,295,268,6,1,31,13,31,0,557.3533767717,155.7352710738,0.01662823783569,0.06414711797522,0,0.0116627,convex_mesh_per_channel
4,510061,5,10,10,7086.485396,708.6485396,26667.42697305,274,249,28,2,31,14,31,0,811.338041989,183.6844566889,0.01670233072028,0.04556594238149,0,0.0175883,convex_mesh_per_channel
4,510062,0,10,10,6524.551268,652.4551268,24457.7563256,259,240,16,1,0,0,0,0,0,0,0,0,0,0.0057533,convex_mesh_per_channel
4,510062,1,10,10,6899.970822,689.9970822,26309.85409177,260,240,16,1,0,0,0,0,0,0,0,0,0,0.0055295,convex_mesh_per_channel
4,510062,2,10,10,7221.495977,722.1495977,27917.47986668,260,240,16,1,0,0,0,0,0,0,0,0,0,0.0055321,convex_mesh_per_channel
4,510062,3,10,10,6524.551268,652.4551268,24457.7563256,259,240,16,1,0,0,0,0,0,0,0,0,0,0.0054985,convex_mesh_per_channel
4,510062,4,10,10,6524.551268,652.4551268,24457.7563256,259,240,16,1,31,13,31,0,996.9033785588,349.7760731493,0.03065983387018,0.05905140330894,0,0.0180547,convex_mesh_per_channel
4,510062,5,10,10,5978.649695,597.8649695,21928.24847978,260,243,0,0,31,13,31,0,323.882176012,84.82314130864,0.007940267580999,0.0319992667798,0,0.0175118,convex_mesh_per_channel
4,510063,0,13,13,7119.375296,547.6442535385,28001.87647346,236,208,22,3,0,0,0,0,0,0,0,0,0,0.0074477,convex_mesh_per_channel
4,510063,1,13,13,8216.719321,632.0553323846,32073.59645354,235,208,118,3,0,0,0,0,0,0,0,0,0,0.0073417,convex_mesh_per_channel
4,510063,2,13,13,8350.686075,642.3604673077,32843.43021018,231,208,118,2,0,0,0,0,0,0,0,0,0,0.0073783,convex_mesh_per_channel
4,510063,3,13,13,7119.375296,547.6442535385,28001.87647346,236,208,22,3,0,0,0,0,0,0,0,0,0,0.0073267,convex_mesh_per_channel
4,510063,4,13,13,7119.375296,547.6442535385,28001.87647346,236,208,22,3,34,14,34,0,1040.601965949,342.8231793483,0.03481825207832,0.07729050898593,0,0.0235147,convex_mesh_per_channel
4,510063,5,13,13,6740.062602,518.466354,26955.31301146,218,188,2,1,34,13,34,0,607.5347683807,114.0331756484,0.009449392106542,0.03521452973245,0,0.029098,convex_mesh_per_channel
4,510064,0,14,14,6157.181132,439.7986522857,24050.90566715,215,199,1,0,0,0,0,0,0,0,0,0,0,0.0053753,convex_mesh_per_channel
4,510064,1,14,14,6345.166684,453.2261917143,24990.83343356,215,199,1,0,0,0,0,0,0,0,0,0,0,0.005231,convex_mesh_per_channel
4,510064,2,14,14,6505.260338,464.6614527143,25791.30170392,215,199,1,0,0,0,0,0,0,0,0,0,0,0.0053107,convex_mesh_per_channel
4,510064,3,14,14,6157.181132,439.7986522857,24050.90566715,215,199,1,0,0,0,0,0,0,0,0,0,0,0.0052738,convex_mesh_per_channel
4,510064,4,14,14,6157.181132,439.7986522857,24050.90566715,215,199,1,0,35,13,35,0,820.4755746689,318.9906409511,0.02890280004971,0.06882391302803,0,0.0163236,convex_mesh_per_channel
4,510064,5,14,14,5895.938366,421.1384547143,22494.6918323,224,207,0,0,35,15,35,0,246.2603259666,82.97189102731,0.007782421547138,0.01589544804165,0,0.0226044,convex_mesh_per_channel
4,510065,0,10,10,6002.59538,600.259538,21392.97690486,281,254,5,1,0,0,0,0,0,0,0,0,0,0.0043014,convex_mesh_per_channel
4,510065,1,10,10,6051.401232,605.1401232,21757.00615885,278,254,2,0,0,0,0,0,0,0,0,0,0,0.0042167,convex_mesh_per_channel
4,510065,2,10,10,6139.76574,613.976574,22303.82870129,275,254,0,0,0,0,0,0,0,0,0,0,0,0.0041745,convex_mesh_per_channel
4,510065,3,10,10,6002.59538,600.259538,21392.97690486,281,254,5,1,0,0,0,0,0,0,0,0,0,0.0041993,convex_mesh_per_channel
4,510065,4,10,10,6002.59538,600.259538,21392.97690486,281,254,5,1,31,14,31,0,573.9171978805,160.6016526929,0.0155063333254,0.04385194447449,0,0.0137468,convex_mesh_per_channel
4,510065,5,10,10,5803.341865,580.3341865,21121.70932316,258,236,1,0,31,12,31,0,1434.667026532,379.9153551316,0.03457891103782,0.1004743758282,0,0.021753,convex_mesh_per_channel
4,510066,0,16,16,7297.86482,456.11655125,29274.32413654,191,159,83,4,0,0,0,0,0,0,0,0,0,0.0075859,upper_bound_16
4,510066,1,16,16,7842.313789,490.1446118125,31706.56900893,193,159,99,4,0,0,0,0,0,0,0,0,0,0.0076338,upper_bound_16
4,510066,2,16,16,8099.333792,506.208362,33201.6690195,187,159,95,3,0,0,0,0,0,0,0,0,0,0.0075879,upper_bound_16
4,510066,3,16,16,6978.187777,436.1367360625,28025.93891784,179,149,83,4,0,0,0,0,0,0,0,0,5,0.0076601,upper_bound_16
4,510066,4,16,16,6978.187777,436.1367360625,28025.93891784,179,149,83,4,32,8,32,0,1006.91341031,431.3447011229,0.03678304898871,0.1021140545165,5,0.0225799,upper_bound_16
4,510066,5,16,16,7631.84045,476.990028125,30874.20226895,189,162,90,3,34,10,34,0,979.4966391692,289.5011248793,0.02263062610219,0.05273337070283,3,0.0302541,upper_bound_16
4,510067,0,11,11,6149.221996,559.0201814545,23416.10999895,238,221,0,0,0,0,0,0,0,0,0,0,0,0.0065296,convex_mesh_per_channel
4,510067,1,11,11,6648.714366,604.4285787273,25863.57184716,240,221,0,0,0,0,0,0,0,0,0,0,0,0.0065024,convex_mesh_per_channel
4,510067,2,11,11,6834.19597,621.2905427273,26815.97986719,239,221,0,0,0,0,0,0,0,0,0,0,0,0.0066554,convex_mesh_per_channel
4,510067,3,11,11,6149.221996,559.0201814545,23416.10999895,238,221,0,0,0,0,0,0,0,0,0,0,0,0.0066568,convex_mesh_per_channel
4,510067,4,11,11,6149.221996,559.0201814545,23416.10999895,238,221,0,0,32,12,32,0,1099.546889512,398.9848929365,0.0378702320216,0.09441580088207,0,0.0203134,convex_mesh_per_channel
4,510067,5,11,11,5780.263114,525.4784649091,21631.31557928,236,219,0,0,32,12,32,0,582.2125977515,222.6469480581,0.01861630823186,0.03397464875784,0,0.0236602,convex_mesh_per_channel
4,510068,0,12,12,5777.170455,481.43087125,21570.85228577,236,223,0,0,0,0,0,0,0,0,0,0,0,0.0056572,convex_mesh_per_channel
4,510068,1,12,12,6215.159765,517.9299804167,23710.7988351,238,223,0,0,0,0,0,0,0,0,0,0,0,0.0055748,convex_mesh_per_channel
4,510068,2,12,12,6466.122506,538.8435421667,24965.6125418,238,223,0,0,0,0,0,0,0,0,0,0,0,0.0056641,convex_mesh_per_channel
4,510068,3,12,12,5777.170455,481.43087125,21570.85228577,236,223,0,0,0,0,0,0,0,0,0,0,0,0.0056055,convex_mesh_per_channel
4,510068,4,12,12,5777.170455,481.43087125,21570.85228577,236,223,0,0,33,13,33,0,836.5381557618,250.2677151016,0.02630315743653,0.04787112897968,0,0.0174035,convex_mesh_per_channel
4,510068,5,12,12,5806.311312,483.859276,21716.55655526,237,218,0,0,33,14,33,0,1019.417822093,271.6630307839,0.02542792619602,0.05691991574382,0,0.0214104,convex_mesh_per_channel
4,510069,0,12,12,7349.292398,612.4410331667,27716.46198285,279,255,32,1,0,0,0,0,0,0,0,0,0,0.0040662,convex_mesh_per_channel
4,510069,1,12,12,7863.34136,655.2784466667,29771.70675954,278,255,68,1,0,0,0,0,0,0,0,0,0,0.0039658,convex_mesh_per_channel
4,510069,2,12,12,8223.405239,685.2837699167,31572.02615111,278,255,68,1,0,0,0,0,0,0,0,0,0,0.0041016,convex_mesh_per_channel
4,510069,3,12,12,7349.292398,612.4410331667,27716.46198285,279,255,32,1,0,0,0,0,0,0,0,0,0,0.0040207,convex_mesh_per_channel
4,510069,4,12,12,7349.292398,612.4410331667,27716.46198285,279,255,32,1,33,16,33,0,489.0773511687,148.7937900329,0.01457841592326,0.03854652116658,0,0.0128075,convex_mesh_per_channel
4,510069,5,12,12,8012.928495,667.74404125,31209.64244468,252,223,76,3,33,13,33,0,948.3303825308,378.7659572167,0.03294219823344,0.07856263568171,0,0.0173828,convex_mesh_per_channel
4,510070,0,13,13,6144.357424,472.6428787692,23171.78712781,244,225,0,1,0,0,0,0,0,0,0,0,0,0.0057891,convex_mesh_per_channel
4,510070,1,13,13,6691.111608,514.7008929231,25905.55804578,244,225,0,1,0,0,0,0,0,0,0,0,0,0.0058164,convex_mesh_per_channel
4,510070,2,13,13,6633.12808,510.2406215385,25665.64040841,242,225,0,1,0,0,0,0,0,0,0,0,0,0.0058045,convex_mesh_per_channel
4,510070,3,13,13,6144.357424,472.6428787692,23171.78712781,244,225,0,1,0,0,0,0,0,0,0,0,0,0.0057889,convex_mesh_per_channel
4,510070,4,13,13,6144.357424,472.6428787692,23171.78712781,244,225,0,1,34,13,34,0,917.2794659882,319.1831445869,0.03350951986701,0.0649263626219,0,0.0177594,convex_mesh_per_channel
4,510070,5,13,13,5898.671777,453.7439828462,21888.3589064,245,231,0,0,34,13,34,0,763.7403467512,230.8869647326,0.02154385517888,0.0499287043733,0,0.017671,convex_mesh_per_channel
4,510071,0,10,10,7949.654143,794.9654143,29678.27071391,271,252,119,2,0,0,0,0,0,0,0,0,0,0.0041819,convex_mesh_per_channel
4,510071,1,10,10,8825.570449,882.5570449,33037.85218067,271,252,187,2,0,0,0,0,0,0,0,0,0,0.0041716,convex_mesh_per_channel
4,510071,2,10,10,9255.455011,925.5455011,35187.27499173,271,252,187,2,0,0,0,0,0,0,0,0,0,0.0042783,convex_mesh_per_channel
4,510071,3,10,10,7949.654143,794.9654143,29678.27071391,271,252,119,2,0,0,0,0,0,0,0,0,0,0.0043663,convex_mesh_per_channel
4,510071,4,10,10,7949.654143,794.9654143,29678.27071391,271,252,119,2,31,13,31,0,619.6046808913,163.8217605439,0.01549390938607,0.0345099776681,0,0.0144422,convex_mesh_per_channel
4,510071,5,10,10,7420.697702,742.0697702,27213.4885124,273,254,103,1,31,13,31,0,467.7748820297,176.9781915824,0.01556992395076,0.03418729613928,0,0.0149248,convex_mesh_per_channel
4,510072,0,12,12,7952.706262,662.7255218333,30223.53130653,265,247,92,2,0,0,0,0,0,0,0,0,0,0.0043219,convex_mesh_per_channel
4,510072,1,12,12,9176.804547,764.73371225,35089.02264565,266,247,174,2,0,0,0,0,0,0,0,0,0,0.0043914,convex_mesh_per_channel
4,510072,2,12,12,9052.138589,754.3448824167,35665.69285113,266,247,94,1,0,0,0,0,0,0,0,0,0,0.0044778,convex_mesh_per_channel
4,510072,3,12,12,7952.706262,662.7255218333,30223.53130653,265,247,92,2,0,0,0,0,0,0,0,0,0,0.0044444,convex_mesh_per_channel
4,510072,4,12,12,7952.706262,662.7255218333,30223.53130653,265,247,92,2,33,14,33,0,579.5916268087,203.1250972529,0.02149124961986,0.04891291205418,0,0.0140631,convex_mesh_per_channel
4,510072,5,12,12,6966.814483,580.5678735833,26359.07242902,235,217,81,1,33,13,33,0,954.2677573929,324.7634260747,0.02936773826124,0.05413577719596,0,0.0249504,convex_mesh_per_channel
4,510073,0,15,15,6143.26133,409.5507553333,23256.30664406,238,212,5,2,0,0,0,0,0,0,0,0,0,0.0055385,convex_mesh_per_channel
4,510073,1,15,15,6576.237913,438.4158608667,25066.18952858,239,212,27,3,0,0,0,0,0,0,0,0,0,0.0053649,convex_mesh_per_channel
4,510073,2,15,15,6743.731741,449.5821160667,26088.65867584,234,212,23,2,0,0,0,0,0,0,0,0,0,0.0052812,convex_mesh_per_channel
4,510073,3,15,15,6143.26133,409.5507553333,23256.30664406,238,212,5,2,0,0,0,0,0,0,0,0,0,0.0055397,convex_mesh_per_channel
4,510073,4,15,15,6143.26133,409.5507553333,23256.30664406,238,212,5,2,36,16,36,0,412.5613067916,154.5891246671,0.01606516545268,0.03584458547009,0,0.0173901,convex_mesh_per_channel
4,510073,5,15,15,6626.500921,441.7667280667,26037.5046061,224,203,7,1,36,15,36,0,803.5837695636,268.2618796237,0.02504342437205,0.05947921735859,0,0.0241292,convex_mesh_per_channel
4,510074,0,13,13,5800.74977,446.2115207692,21818.74884208,231,214,1,0,0,0,0,0,0,0,0,0,0,0.0070387,convex_mesh_per_channel
4,510074,1,13,13,5841.309584,449.3315064615,22021.5479184,231,214,1,0,0,0,0,0,0,0,0,0,0,0.007042,convex_mesh_per_channel
4,510074,2,13,13,5884.156701,452.6274385385,22235.7835029,231,214,1,0,0,0,0,0,0,0,0,0,0,0.0070085,convex_mesh_per_channel
4,510074,3,13,13,5800.74977,446.2115207692,21818.74884208,231,214,1,0,0,0,0,0,0,0,0,0,0,0.0070524,convex_mesh_per_channel
4,510074,4,13,13,5800.74977,446.2115207692,21818.74884208,231,214,1,0,34,12,34,0,890.0649450154,166.6131379629,0.01645237853109,0.09818822562998,0,0.0215729,convex_mesh_per_channel
4,510074,5,13,13,5898.658257,453.7429428462,22358.29129039,229,217,0,0,34,14,34,0,568.5291240278,205.1081551984,0.02024573309917,0.0485397997651,0,0.0239267,convex_mesh_per_channel
4,510075,0,16,16,7965.871988,497.86699925,32304.35991905,198,171,88,2,0,0,0,0,0,0,0,0,0,0.0078806,upper_bound_16
4,510075,1,16,16,8239.026213,514.9391383125,33695.13102554,197,171,88,2,0,0,0,0,0,0,0,0,0,0.0079472,upper_bound_16
4,510075,2,16,16,9447.521982,590.470123875,39687.60988113,199,171,88,2,0,0,0,0,0,0,0,0,0,0.0080125,upper_bound_16
4,510075,3,16,16,7810.68746,488.16796625,31623.43727591,195,167,88,2,0,0,0,0,0,0,0,0,2,0.0079402,upper_bound_16
4,510075,4,16,16,7810.68746,488.16796625,31623.43727591,195,167,88,2,35,11,35,0,885.7338630497,357.923464837,0.03351363407232,0.08899558983729,2,0.0238623,upper_bound_16
4,510075,5,16,16,6854.267821,428.3917388125,28411.33909692,168,144,36,1,32,11,32,0,1211.593606269,345.3456053427,0.03064714924106,0.06227785182172,5,0.0366067,upper_bound_16
4,510076,0,16,16,5506.039869,344.1274918125,22675.19935226,152,131,0,0,0,0,0,0,0,0,0,0,0,0.0097391,upper_bound_16
4,510076,1,16,16,5896.114016,368.507126,24650.57009275,151,131,0,0,0,0,0,0,0,0,0,0,0,0.0096735,upper_bound_16
4,510076,2,16,16,6226.334013,389.1458758125,26326.67007548,150,131,0,0,0,0,0,0,0,0,0,0,0,0.0099529,upper_bound_16
4,510076,3,16,16,5076.72375,317.295234375,21153.6187607,131,111,0,0,0,0,0,0,0,0,0,0,10,0.009199,upper_bound_16
4,510076,4,16,16,5076.72375,317.295234375,21153.6187607,131,111,0,0,27,4,27,0,772.9854671914,337.3796980137,0.02551105830449,0.05216814836776,10,0.026582,upper_bound_16
4,510076,5,16,16,5387.301569,336.7063480625,22951.50784502,122,107,0,0,25,9,25,0,702.3687452216,277.6786243548,0.0214042685554,0.04413308519491,12,0.0264708,upper_bound_16
4,510077,0,10,10,7509.376225,750.9376225,26921.88112662,299,277,101,2,0,0,0,0,0,0,0,0,0,0.0043154,convex_mesh_per_channel
4,510077,1,10,10,7584.595491,758.4595491,27282.9774533,299,277,102,2,0,0,0,0,0,0,0,0,0,0.0042968,convex_mesh_per_channel
4,510077,2,10,10,7230.008882,723.0008882,26750.04440032,298,277,21,1,0,0,0,0,0,0,0,0,0,0.004239,convex_mesh_per_channel
4,510077,3,10,10,7509.376225,750.9376225,26921.88112662,299,277,101,2,0,0,0,0,0,0,0,0,0,0.0042638,convex_mesh_per_channel
4,510077,4,10,10,7509.376225,750.9376225,26921.88112662,299,277,101,2,31,14,31,0,751.5214267459,196.3843112624,0.0195787496889,0.05160877557863,0,0.0133511,convex_mesh_per_channel
4,510077,5,10,10,6177.531902,617.7531902,22107.65953014,287,268,1,1,31,14,31,0,560.3144770038,161.0485117305,0.01526373195923,0.04018400434919,0,0.0140226,convex_mesh_per_channel
4,510078,0,12,12,6437.915941,536.4929950833,24519.57970056,226,209,45,1,0,0,0,0,0,0,0,0,0,0.0071388,convex_mesh_per_channel
4,510078,1,12,12,6655.761169,554.6467640833,25323.80583713,226,209,64,1,0,0,0,0,0,0,0,0,0,0.0070268,convex_mesh_per_channel
4,510078,2,12,12,7049.23911,587.4365925,27561.19554217,217,197,65,2,0,0,0,0,0,0,0,0,0,0.007379,convex_mesh_per_channel
4,510078,3,12,12,6437.915941,536.4929950833,24519.57970056,226,209,45,1,0,0,0,0,0,0,0,0,0,0.0069241,convex_mesh_per_channel
4,510078,4,12,12,6437.915941,536.4929950833,24519.57970056,226,209,45,1,33,13,33,0,689.5564405492,226.5516787643,0.0196137534714,0.04433914782293,0,0.0215482,convex_mesh_per_channel
4,510078,5,12,12,6501.736322,541.8113601667,25298.68160714,211,192,45,1,33,12,33,0,719.9474590534,237.7815364493,0.01931257846928,0.04351254218385,0,0.0328309,convex_mesh_per_channel
4,510079,0,13,13,6563.851135,504.9116257692,24664.25566021,262,235,7,1,0,0,0,0,0,0,0,0,0,0.0044964,convex_mesh_per_channel
4,510079,1,13,13,6669.722727,513.0555943846,25243.61363527,260,235,7,1,0,0,0,0,0,0,0,0,0,0.004409,convex_mesh_per_channel
4,510079,2,13,13,6866.269341,528.1745646923,26201.34670253,261,235,7,1,0,0,0,0,0,0,0,0,0,0.0044207,convex_mesh_per_channel
4,510079,3,13,13,6563.851135,504.9116257692,24664.25566021,262,235,7,1,0,0,0,0,0,0,0,0,0,0.0045032,convex_mesh_per_channel
4,510079,4,13,13,6563.851135,504.9116257692,24664.25566021,262,235,7,1,34,13,34,0,640.9846007459,252.7050522112,0.02606578331714,0.05430579006818,0,0.014296,convex_mesh_per_channel
4,510079,5,13,13,6371.454332,490.1118716923,24522.27166193,237,205,4,2,34,15,34,0,960.1108158269,263.0749703638,0.02275957232517,0.05752590305432,0,0.0235291,convex_mesh_per_channel
4,510080,0,13,13,6930.737108,533.1336236923,26908.68554707,237,215,28,1,0,0,0,0,0,0,0,0,0,0.0057708,convex_mesh_per_channel
4,510080,1,13,13,8214.544171,631.8880131538,31782.72079486,237,215,131,2,0,0,0,0,0,0,0,0,0,0.005895,convex_mesh_per_channel
4,510080,2,13,13,8474.171087,651.8593143846,33850.85543957,238,215,78,1,0,0,0,0,0,0,0,0,0,0.0057646,convex_mesh_per_channel
4,510080,3,13,13,6930.737108,533.1336236923,26908.68554707,237,215,28,1,0,0,0,0,0,0,0,0,0,0.0057618,convex_mesh_per_channel
4,510080,4,13,13,7142.106196,549.3927843077,27915.53098166,239,215,28,1,34,15,34,0,715.1200851746,168.5648609703,0.01604224916981,0.04143226212309,0,0.0180648,convex_mesh_per_channel
4,510080,5,13,13,6771.89409,520.91493,26709.47045527,217,196,28,1,34,13,34,0,784.6161552993,318.6099340231,0.02644311112264,0.05065305250672,0,0.0322513,convex_mesh_per_channel
4,510081,0,11,11,7308.354677,664.3958797273,27626.7733671,256,223,75,5,0,0,0,0,0,0,0,0,0,0.0049318,convex_mesh_per_channel
4,510081,1,11,11,8660.365608,787.3059643636,32441.82793142,251,223,213,4,0,0,0,0,0,0,0,0,0,0.004887,convex_mesh_per_channel
4,510081,2,11,11,9028.23498,820.7486345455,34281.17479723,251,223,213,4,0,0,0,0,0,0,0,0,0,0.0049612,convex_mesh_per_channel
4,510081,3,11,11,7308.354677,664.3958797273,27626.7733671,256,223,75,5,0,0,0,0,0,0,0,0,0,0.0049236,convex_mesh_per_channel
4,510081,4,11,11,7308.354677,664.3958797273,27626.7733671,256,223,75,5,32,13,32,0,632.9634821021,247.5677570045,0.02264586822433,0.03654883063544,0,0.0157891,convex_mesh_per_channel
4,510081,5,11,11,7077.957492,643.4506810909,26499.78746066,259,236,64,3,32,13,32,0,801.1275821139,212.4017466307,0.01820991282797,0.04596796037677,0,0.0178422,convex_mesh_per_channel
4,510082,0,16,16,6595.043197,412.1901998125,26165.21599463,217,191,2,2,0,0,0,0,0,0,0,0,0,0.0058093,upper_bound_16
4,510082,1,16,16,7757.095529,484.8184705625,30915.47780188,218,191,71,3,0,0,0,0,0,0,0,0,0,0.0057986,upper_bound_16
4,510082,2,16,16,7642.001804,477.62511275,31345.00902728,218,191,4,2,0,0,0,0,0,0,0,0,0,0.0059603,upper_bound_16
4,510082,3,16,16,6716.335813,419.7709883125,26676.67906953,219,188,6,3,0,0,0,0,0,0,0,0,4,0.005898,upper_bound_16
4,510082,4,16,16,6716.335813,419.7709883125,26676.67906953,219,188,6,3,33,12,33,0,469.2805977787,102.9085711178,0.008827794199942,0.03376122384029,4,0.0182764,upper_bound_16
4,510082,5,16,16,6932.916845,433.3073028125,27589.58422477,226,202,1,1,36,15,36,0,631.8764608254,177.8962939471,0.01622184948322,0.05118373291487,1,0.0246083,upper_bound_16
4,510083,0,10,10,7670.32795,767.032795,28931.63977783,285,265,48,3,0,0,0,0,0,0,0,0,0,0.0041458,convex_mesh_per_channel
4,510083,1,10,10,9855.781989,985.5781989,36588.90999462,285,265,266,3,0,0,0,0,0,0,0,0,0,0.004187,convex_mesh_per_channel
4,510083,2,10,10,10318.477747,1031.8477747,38902.38878949,285,265,266,3,0,0,0,0,0,0,0,0,0,0.004237,convex_mesh_per_channel
4,510083,3,10,10,7670.32795,767.032795,28931.63977783,285,265,48,3,0,0,0,0,0,0,0,0,0,0.0043563,convex_mesh_per_channel
4,510083,4,10,10,7670.32795,767.032795,28931.63977783,285,265,48,3,31,15,31,0,546.0562704331,84.23249956665,0.007843552727237,0.03000399884854,0,0.014695,convex_mesh_per_channel
4,510083,5,10,10,6737.215469,673.7215469,24616.07735002,285,261,26,2,31,14,31,0,587.9197526566,180.4640705094,0.0168146246333,0.03283187655581,0,0.0188671,convex_mesh_per_channel
4,510084,0,13,13,6868.933839,528.3795260769,27179.6691866,224,200,16,1,0,0,0,0,0,0,0,0,0,0.0060904,convex_mesh_per_channel
4,510084,1,13,13,7793.642753,599.510981,30893.21373098,222,200,80,1,0,0,0,0,0,0,0,0,0,0.0060527,convex_mesh_per_channel
4,510084,2,13,13,8282.699648,637.1307421538,33363.49820032,221,200,80,1,0,0,0,0,0,0,0,0,0,0.0060457,convex_mesh_per_channel
4,510084,3,13,13,6868.933839,528.3795260769,27179.6691866,224,200,16,1,0,0,0,0,0,0,0,0,0,0.0060838,convex_mesh_per_channel
4,510084,4,13,13,6868.933839,528.3795260769,27179.6691866,224,200,16,1,34,13,34,0,1109.897273165,335.9677417676,0.03090172117359,0.08542024642684,0,0.0190605,convex_mesh_per_channel
4,510084,5,13,13,5666.945984,435.9189218462,20829.72992005,242,226,0,0,34,14,34,0,533.0546585584,130.2958600383,0.01356069959527,0.04930575667947,0,0.0246924,convex_mesh_per_channel
4,510085,0,16,16,5546.541863,346.6588664375,21872.70931188,185,167,0,0,0,0,0,0,0,0,0,0,0,0.0091586,upper_bound_16
4,510085,1,16,16,5734.54445,358.409028125,22837.72225182,184,167,0,0,0,0,0,0,0,0,0,0,0,0.009098,upper_bound_16
4,510085,2,16,16,5667.157326,354.197332875,22550.78663702,182,167,0,0,0,0,0,0,0,0,0,0,0,0.0090747,upper_bound_16
4,510085,3,16,16,5014.425823,313.4016139375,19767.12911052,166,151,0,0,0,0,0,0,0,0,0,0,5,0.0090982,upper_bound_16
4,510085,4,16,16,5014.425823,313.4016139375,19767.12911052,166,151,0,0,32,9,32,0,1108.840406917,338.0947129633,0.03128689011265,0.06995823812115,5,0.0264987,upper_bound_16
4,510085,5,16,16,5274.162719,329.6351699375,20720.81362459,171,153,14,1,30,7,30,0,943.7814319364,377.635134305,0.03345103150236,0.08858941685046,7,0.0243975,upper_bound_16
4,510086,0,12,12,6550.84389,545.9036575,24774.21944009,242,224,34,1,0,0,0,0,0,0,0,0,0,0.0080749,convex_mesh_per_channel
4,510086,1,12,12,7129.421983,594.1184985833,27192.10989147,243,224,64,1,0,0,0,0,0,0,0,0,0,0.0080507,convex_mesh_per_channel
4,510086,2,12,12,7458.063361,621.5052800833,28835.31678338,243,224,64,1,0,0,0,0,0,0,0,0,0,0.0081121,convex_mesh_per_channel
4,510086,3,12,12,6550.84389,545.9036575,24774.21944009,242,224,34,1,0,0,0,0,0,0,0,0,0,0.0082368,convex_mesh_per_channel
4,510086,4,12,12,6550.84389,545.9036575,24774.21944009,242,224,34,1,33,12,33,0,702.7107587732,258.5446106184,0.02846772890774,0.08071859114306,0,0.0244845,convex_mesh_per_channel
4,510086,5,12,12,6219.140296,518.2616913333,23810.7014746,230,208,13,1,33,12,33,0,789.7470517429,165.3997926045,0.01496066855875,0.07455683713316,0,0.0261821,convex_mesh_per_channel
4,510087,0,13,13,7788.729847,599.1330651538,30668.64927112,252,231,33,2,0,0,0,0,0,0,0,0,0,0.006473,convex_mesh_per_channel
4,510087,1,13,13,9186.71008,706.6700061538,35613.55061264,251,231,171,2,0,0,0,0,0,0,0,0,0,0.0064029,convex_mesh_per_channel
4,510087,2,13,13,9641.828534,741.679118,37939.14288267,249,231,171,2,0,0,0,0,0,0,0,0,0,0.0063426,convex_mesh_per_channel
4,510087,3,13,13,7788.729847,599.1330651538,30668.64927112,252,231,33,2,0,0,0,0,0,0,0,0,0,0.0064982,convex_mesh_per_channel
4,510087,4,13,13,7788.729847,599.1330651538,30668.64927112,252,231,33,2,34,14,34,0,718.3056249047,157.4716779105,0.01705709920279,0.04441555493439,0,0.0196766,convex_mesh_per_channel
4,510087,5,13,13,6681.506053,513.9620040769,26042.53027803,227,201,24,2,34,13,34,0,1317.357809724,448.110751774,0.03766507455095,0.0673413919977,0,0.0229095,convex_mesh_per_channel
4,510088,0,14,14,7854.124938,561.0089241429,30755.62479643,241,224,68,2,0,0,0,0,0,0,0,0,0,0.0047459,convex_mesh_per_channel
4,510088,1,14,14,8677.026466,619.7876047143,33695.1324678,240,224,148,2,0,0,0,0,0,0,0,0,0,0.0047941,convex_mesh_per_channel
4,510088,2,14,14,9071.931305,647.9950932143,35669.65666462,240,224,148,2,0,0,0,0,0,0,0,0,0,0.0048618,convex_mesh_per_channel
4,510088,3,14,14,7854.124938,561.0089241429,30755.62479643,241,224,68,2,0,0,0,0,0,0,0,0,0,0.004765,convex_mesh_per_channel
4,510088,4,14,14,7854.124938,561.0089241429,30755.62479643,241,224,68,2,35,12,35,0,426.0135483812,177.6374412753,0.01665372327518,0.03872708455496,0,0.0147905,convex_mesh_per_channel
4,510088,5,14,14,8476.209323,605.4435230714,33306.04668958,222,203,144,2,35,14,35,0,963.2567579356,242.8624896589,0.02263727625204,0.05121577161719,0,0.0245639,convex_mesh_per_channel
4,510089,0,16,16,6249.990583,390.6244114375,26029.95292916,163,149,0,1,0,0,0,0,0,0,0,0,0,0.0099731,upper_bound_16
4,510089,1,16,16,7355.020805,459.6888003125,30115.10395979,163,149,96,1,0,0,0,0,0,0,0,0,0,0.0099233,upper_bound_16
4,510089,2,16,16,7638.960599,477.4350374375,31534.80293315,163,149,96,1,0,0,0,0,0,0,0,0,0,0.0096685,upper_bound_16
4,510089,3,16,16,5696.122202,356.007637625,24025.61102315,137,123,1,1,0,0,0,0,0,0,0,0,8,0.0090113,upper_bound_16
4,510089,4,16,16,5696.122202,356.007637625,24025.61102315,137,123,1,1,29,8,29,0,1032.113034816,381.5439514701,0.03454489693602,0.07459273229888,8,0.0261636,upper_bound_16
4,510089,5,16,16,5402.557389,337.6598368125,22477.78694588,140,127,0,1,32,8,32,0,1120.084683888,424.818835565,0.03254946822885,0.06630195274681,5,0.0336379,upper_bound_16
4,510090,0,14,14,6625.614608,473.2581862857,25453.07305512,243,223,9,1,0,0,0,0,0,0,0,0,0,0.0051508,convex_mesh_per_channel
4,510090,1,14,14,7104.975906,507.498279,27884.87954856,244,223,5,1,0,0,0,0,0,0,0,0,0,0.0052064,convex_mesh_per_channel
4,510090,2,14,14,7496.708125,535.4791517857,30018.54064,240,223,0,0,0,0,0,0,0,0,0,0,0,0.0053995,convex_mesh_per_channel
4,510090,3,14,14,6625.614608,473.2581862857,25453.07305512,243,223,9,1,0,0,0,0,0,0,0,0,0,0.0052387,convex_mesh_per_channel
4,510090,4,14,14,6625.614608,473.2581862857,25453.07305512,243,223,9,1,35,14,35,0,906.7475258398,288.8790479551,0.02908769190886,0.05969060908622,0,0.015821,convex_mesh_per_channel
4,510090,5,14,14,7215.028938,515.3592098571,29000.14469859,202,179,52,2,35,12,35,0,1690.901565912,690.5242592261,0.05890133488782,0.1021695057826,0,0.0421017,convex_mesh_per_channel
4,510091,0,10,10,7569.284973,756.9284973,28556.42489651,277,255,56,3,0,0,0,0,0,0,0,0,0,0.0041833,convex_mesh_per_channel
4,510091,1,10,10,9432.456913,943.2456913,34887.28450348,277,255,255,3,0,0,0,0,0,0,0,0,0,0.0041154,convex_mesh_per_channel
4,510091,2,10,10,9876.013485,987.6013485,37105.06735868,277,255,255,3,0,0,0,0,0,0,0,0,0,0.0042338,convex_mesh_per_channel
4,510091,3,10,10,7569.284973,756.9284973,28556.42489651,277,255,56,3,0,0,0,0,0,0,0,0,0,0.0041228,convex_mesh_per_channel
4,510091,4,10,10,7569.284973,756.9284973,28556.42489651,277,255,56,3,31,14,31,0,924.7654712043,210.8505307272,0.01965363523035,0.05506892920289,0,0.0152331,convex_mesh_per_channel
4,510091,5,10,10,7639.343759,763.9343759,28061.71882939,306,279,56,3,31,16,31,0,586.833295924,122.9430411994,0.01256760399163,0.0335197100001,0,0.0122441,convex_mesh_per_channel
4,510092,0,11,11,7137.768942,648.8880856364,26008.84472802,311,284,14,2,0,0,0,0,0,0,0,0,0,0.0032092,convex_mesh_per_channel
4,510092,1,11,11,7736.249881,703.2954437273,28571.24939751,321,284,26,3,0,0,0,0,0,0,0,0,0,0.003198,convex_mesh_per_channel
4,510092,2,11,11,8227.386508,747.944228,31286.93256171,319,284,12,2,0,0,0,0,0,0,0,0,0,0.0031614,convex_mesh_per_channel
4,510092,3,11,11,7137.768942,648.8880856364,26008.84472802,311,284,14,2,0,0,0,0,0,0,0,0,0,0.0032044,convex_mesh_per_channel
4,510092,4,11,11,7137.768942,648.8880856364,26008.84472802,311,284,14,2,32,15,32,0,476.9969618096,138.7573117286,0.01506935872704,0.0403104536014,0,0.0103051,convex_mesh_per_channel
4,510092,5,11,11,7293.255441,663.0232219091,27441.27720238,283,257,26,1,32,14,32,0,777.261434202,263.6615371216,0.02543407777139,0.06727951925482,0,0.0135929,convex_mesh_per_channel
4,510093,0,11,11,7265.718378,660.5198525455,27678.59189504,270,247,26,1,0,0,0,0,0,0,0,0,0,0.0041762,convex_mesh_per_channel
4,510093,1,11,11,7914.889789,719.5354353636,30009.44895991,273,247,82,2,0,0,0,0,0,0,0,0,0,0.0042824,convex_mesh_per_channel
4,510093,2,11,11,8493.461063,772.1328239091,32877.30531994,274,247,82,2,0,0,0,0,0,0,0,0,0,0.0041956,convex_mesh_per_channel
4,510093,3,11,11,7265.718378,660.5198525455,27678.59189504,270,247,26,1,0,0,0,0,0,0,0,0,0,0.0041812,convex_mesh_per_channel
4,510093,4,11,11,7265.718378,660.5198525455,27678.59189504,270,247,26,1,32,12,32,0,711.1862088186,156.1715034517,0.01447643629999,0.0429750805967,0,0.0130658,convex_mesh_per_channel
4,510093,5,11,11,6710.391301,610.0355728182,24706.95650436,276,256,26,1,32,12,32,0,1482.200867112,431.4942934916,0.0424577543688,0.1158149832197,0,0.0139202,convex_mesh_per_channel
4,510094,0,15,15,6622.07625,441.47175,26630.38126215,206,185,2,1,0,0,0,0,0,0,0,0,0,0.0067362,convex_mesh_per_channel
4,510094,1,15,15,6929.511573,461.9674382,28192.5578768,205,185,2,1,0,0,0,0,0,0,0,0,0,0.0066315,convex_mesh_per_channel
4,510094,2,15,15,7243.86913,482.9246086667,29764.34566921,205,185,2,1,0,0,0,0,0,0,0,0,0,0.0066628,convex_mesh_per_channel
4,510094,3,15,15,6622.07625,441.47175,26630.38126215,206,185,2,1,0,0,0,0,0,0,0,0,0,0.0067758,convex_mesh_per_channel
4,510094,4,15,15,6622.07625,441.47175,26630.38126215,206,185,2,1,36,13,36,0,941.9092522118,261.6713185663,0.02435563286175,0.08538102896994,0,0.020212,convex_mesh_per_channel
4,510094,5,15,15,6352.25014,423.4833426667,25936.25070534,184,167,1,0,36,13,36,0,1674.46995465,533.1222666407,0.04378921658376,0.09820655978486,0,0.0351518,convex_mesh_per_channel
4,510095,0,10,10,8878.529413,887.8529413,33227.6470559,285,260,166,5,0,0,0,0,0,0,0,0,0,0.0042783,convex_mesh_per_channel
4,510095,1,10,10,10644.740948,1064.4740948,39293.70476327,284,260,352,5,0,0,0,0,0,0,0,0,0,0.0043345,convex_mesh_per_channel
4,510095,2,10,10,11314.160477,1131.4160477,42615.80240724,285,260,352,5,0,0,0,0,0,0,0,0,0,0.0042267,convex_mesh_per_channel
4,510095,3,10,10,8878.529413,887.8529413,33227.6470559,285,260,166,5,0,0,0,0,0,0,0,0,0,0.0042382,convex_mesh_per_channel
4,510095,4,10,10,8878.529413,887.8529413,33227.6470559,285,260,166,5,31,13,31,0,719.2726287749,264.8985339331,0.02462225204512,0.06140967721074,0,0.0137372,convex_mesh_per_channel
4,510095,5,10,10,8816.428639,881.6428639,31952.14318055,321,291,160,4,31,14,31,0,751.6279338175,85.57606967829,0.008792343080934,0.07853995392896,0,0.0117952,convex_mesh_per_channel
4,510096,0,16,16,8430.890237,526.9306398125,33794.45116874,219,200,99,4,0,0,0,0,0,0,0,0,0,0.0046941,upper_bound_16
4,510096,1,16,16,10411.981878,650.748867375,41159.90943382,218,200,270,4,0,0,0,0,0,0,0,0,0,0.0045784,upper_bound_16
4,510096,2,16,16,10387.515265,649.2197040625,42417.5762935,218,200,178,3,0,0,0,0,0,0,0,0,0,0.0047951,upper_bound_16
4,510096,3,16,16,7685.497732,480.34360825,30807.4886571,211,194,65,3,0,0,0,0,0,0,0,0,4,0.0046916,upper_bound_16
4,510096,4,16,16,7685.497732,480.34360825,30807.4886571,211,194,65,3,33,9,33,0,813.7750454797,246.6281561028,0.02200030191491,0.04884698022185,4,0.0144634,upper_bound_16
4,510096,5,16,16,6110.448344,381.9030215,25257.24171028,149,132,34,1,30,6,30,0,1490.944937487,599.517528348,0.04281473856105,0.09948524400566,7,0.0327619,upper_bound_16
4,510097,0,14,14,7107.774038,507.6981455714,27548.87021851,248,222,22,1,0,0,0,0,0,0,0,0,0,0.00499,convex_mesh_per_channel
4,510097,1,14,14,8101.340111,578.6671507857,31561.70056806,249,222,84,1,0,0,0,0,0,0,0,0,0,0.0051343,convex_mesh_per_channel
4,510097,2,14,14,8721.645343,622.9746673571,34768.2267246,246,222,82,1,0,0,0,0,0,0,0,0,0,0.0049414,convex_mesh_per_channel
4,510097,3,14,14,7107.774038,507.6981455714,27548.87021851,248,222,22,1,0,0,0,0,0,0,0,0,0,0.0049304,convex_mesh_per_channel
4,510097,4,14,14,7107.774038,507.6981455714,27548.87021851,248,222,22,1,35,13,35,0,436.5039841687,205.0042796706,0.02083893462113,0.04986434262032,0,0.0151095,convex_mesh_per_channel
4,510097,5,14,14,7621.634911,544.4024936429,29403.17456504,258,234,49,2,35,15,35,0,821.8365539148,228.8505257383,0.02251685511844,0.06943158233971,0,0.0201831,convex_mesh_per_channel
4,510098,0,10,10,5778.334119,577.8334119,20821.67060565,263,249,0,0,0,0,0,0,0,0,0,0,0,0.0044835,convex_mesh_per_channel
4,510098,1,10,10,5945.690561,594.5690561,21658.45281192,263,249,0,0,0,0,0,0,0,0,0,0,0,0.0044226,convex_mesh_per_channel
4,510098,2,10,10,6140.921371,614.0921371,22634.60685997,263,249,0,0,0,0,0,0,0,0,0,0,0,0.0044754,convex_mesh_per_channel
4,510098,3,10,10,5778.334119,577.8334119,20821.67060565,263,249,0,0,0,0,0,0,0,0,0,0,0,0.0044742,convex_mesh_per_channel
4,510098,4,10,10,5778.334119,577.8334119,20821.67060565,263,249,0,0,31,12,31,0,715.2021448817,215.1456940882,0.02004528114715,0.05107039492659,0,0.0138002,convex_mesh_per_channel
4,510098,5,10,10,5852.17601,585.217601,21595.88004901,250,227,2,1,31,12,31,0,837.3006897219,160.6339561113,0.01387512770576,0.04306810462918,0,0.0199896,convex_mesh_per_channel
4,510099,0,16,16,7967.31408,497.95713,32246.57046166,221,183,50,4,0,0,0,0,0,0,0,0,0,0.0067253,upper_bound_16
4,510099,1,16,16,9619.949566,601.246847875,38769.74799308,221,183,166,4,0,0,0,0,0,0,0,0,0,0.0067421,upper_bound_16
4,510099,2,16,16,10376.452983,648.5283114375,42732.26506954,215,183,164,3,0,0,0,0,0,0,0,0,0,0.0066192,upper_bound_16
4,510099,3,16,16,7830.855655,489.4284784375,31889.27833119,210,173,50,4,0,0,0,0,0,0,0,0,4,0.0066816,upper_bound_16
4,510099,4,16,16,7830.855655,489.4284784375,31889.27833119,210,173,50,4,33,10,33,0,805.0357283456,228.9834946721,0.01992539137652,0.06164906239924,4,0.0197078,upper_bound_16
4,510099,5,16,16,7474.290609,467.1431630625,29926.45309848,207,167,69,6,31,9,31,0,949.2817898394,180.2321904425,0.01536333995358,0.05024379411017,6,0.029622,upper_bound_16
4,510100,0,10,10,7459.668008,745.9668008,27958.34009655,296,278,20,1,0,0,0,0,0,0,0,0,0,0.0035218,convex_mesh_per_channel
4,510100,1,10,10,8513.716767,851.3716767,32278.58403153,298,278,80,1,0,0,0,0,0,0,0,0,0,0.0035976,convex_mesh_per_channel
4,510100,2,10,10,8465.855658,846.5855658,32089.2784874,296,278,80,1,0,0,0,0,0,0,0,0,0,0.0034738,convex_mesh_per_channel
4,510100,3,10,10,7459.668008,745.9668008,27958.34009655,296,278,20,1,0,0,0,0,0,0,0,0,0,0.0034641,convex_mesh_per_channel
4,510100,4,10,10,7459.668008,745.9668008,27958.34009655,296,278,20,1,31,14,31,0,806.3921757875,208.7452296924,0.02083516208183,0.06988801465558,0,0.0115406,convex_mesh_per_channel
4,510100,5,10,10,7156.109089,715.6109089,25510.54549683,322,295,33,2,31,17,31,0,263.9721020853,65.78016105984,0.00670243525122,0.02047219385157,0,0.0115545,convex_mesh_per_channel
4,510101,0,10,10,7474.002806,747.4002806,27285.01394632,275,253,113,2,0,0,0,0,0,0,0,0,0,0.0040257,convex_mesh_per_channel
4,510101,1,10,10,7730.714,773.0714,28568.56991274,275,253,113,2,0,0,0,0,0,0,0,0,0,0.0039165,convex_mesh_per_channel
4,510101,2,10,10,8117.67461,811.767461,30503.37296281,275,253,113,2,0,0,0,0,0,0,0,0,0,0.0039486,convex_mesh_per_channel
4,510101,3,10,10,7474.002806,747.4002806,27285.01394632,275,253,113,2,0,0,0,0,0,0,0,0,0,0.00405,convex_mesh_per_channel
4,510101,4,10,10,7474.002806,747.4002806,27285.01394632,275,253,113,2,31,12,31,0,452.2763074502,139.7910333681,0.0130278085413,0.04089442325671,0,0.0123398,convex_mesh_per_channel
4,510101,5,10,10,6814.182046,681.4182046,24470.91026871,278,252,76,2,31,14,31,0,576.1949956815,128.2776535323,0.01219536687908,0.03564585754179,0,0.0163257,convex_mesh_per_channel
4,510102,0,12,12,6387.115826,532.2596521667,23940.57913805,259,238,2,0,0,0,0,0,0,0,0,0,0,0.0047916,convex_mesh_per_channel
4,510102,1,12,12,6660.254753,555.0212294167,25346.27377813,258,238,1,0,0,0,0,0,0,0,0,0,0,0.0047306,convex_mesh_per_channel
4,510102,2,12,12,6995.97796,582.9981633333,27024.88979698,258,238,1,0,0,0,0,0,0,0,0,0,0,0.0046671,convex_mesh_per_channel
4,510102,3,12,12,6387.115826,532.2596521667,23940.57913805,259,238,2,0,0,0,0,0,0,0,0,0,0,0.0048264,convex_mesh_per_channel
4,510102,4,12,12,6387.115826,532.2596521667,23940.57913805,259,238,2,0,33,14,33,0,550.4341468305,211.4298974749,0.02147289357121,0.04745714729385,0,0.0146605,convex_mesh_per_channel
4,510102,5,12,12,6626.612046,552.2176705,25223.06022788,258,232,0,0,33,13,33,0,924.2857228542,246.4153143286,0.02378500928728,0.06159527358648,0,0.0153682,convex_mesh_per_channel
4,510103,0,13,13,6364.896665,489.6074357692,23889.48337291,240,214,36,2,0,0,0,0,0,0,0,0,0,0.0064518,convex_mesh_per_channel
4,510103,1,13,13,6131.459608,471.6507390769,23437.29804238,233,214,0,0,0,0,0,0,0,0,0,0,0,0.0065478,convex_mesh_per_channel
4,510103,2,13,13,6354.108286,488.7775604615,24510.54143997,234,214,1,0,0,0,0,0,0,0,0,0,0,0.0064942,convex_mesh_per_channel
4,510103,3,13,13,6364.896665,489.6074357692,23889.48337291,240,214,36,2,0,0,0,0,0,0,0,0,0,0.0063364,convex_mesh_per_channel
4,510103,4,13,13,6364.896665,489.6074357692,23889.48337291,240,214,36,2,34,12,34,0,938.9309010613,303.1600351978,0.03318943790955,0.0741737497661,0,0.0192219,convex_mesh_per_channel
4,510103,5,13,13,6086.310564,468.1777356923,22906.55282057,243,225,0,0,34,12,34,0,881.8125241567,197.3406645583,0.01908703993891,0.07110473766126,0,0.020839,convex_mesh_per_channel
4,510104,0,11,11,7593.28861,690.2989645455,26821.44309459,323,298,87,3,0,0,0,0,0,0,0,0,0,0.0028079,convex_mesh_per_channel
4,510104,1,11,11,7775.469847,706.8608951818,27732.34928054,323,298,87,3,0,0,0,0,0,0,0,0,0,0.0027515,convex_mesh_per_channel
4,510104,2,11,11,7233.192043,657.562913,26065.96025033,322,298,19,2,0,0,0,0,0,0,0,0,0,0.0027786,convex_mesh_per_channel
4,510104,3,11,11,7593.28861,690.2989645455,26821.44309459,323,298,87,3,0,0,0,0,0,0,0,0,0,0.0027477,convex_mesh_per_channel
4,510104,4,11,11,7593.28861,690.2989645455,26821.44309459,323,298,87,3,32,18,32,0,717.3991919086,122.5497290491,0.01386354773799,0.09391050757805,0,0.0119323,convex_mesh_per_channel
4,510104,5,11,11,7075.31914,643.2108309091,25861.59555912,277,259,68,1,32,12,32,0,724.3093929874,130.3567601889,0.01200579375592,0.0542235038579,0,0.0114037,convex_mesh_per_channel
4,510105,0,15,15,8345.32346,556.3548973333,33866.61730285,214,187,80,3,0,0,0,0,0,0,0,0,0,0.0074699,convex_mesh_per_channel
4,510105,1,15,15,9583.967025,638.931135,38964.83509422,214,187,153,3,0,0,0,0,0,0,0,0,0,0.007511,convex_mesh_per_channel
4,510105,2,15,15,9606.306639,640.4204426,40311.53316328,212,187,74,2,0,0,0,0,0,0,0,0,0,0.0076922,convex_mesh_per_channel
4,510105,3,15,15,8345.32346,556.3548973333,33866.61730285,214,187,80,3,0,0,0,0,0,0,0,0,0,0.0073494,convex_mesh_per_channel
4,510105,4,15,15,8345.32346,556.3548973333,33866.61730285,214,187,80,3,36,14,36,0,894.0840095889,322.9635087563,0.03200730170983,0.08855273291057,0,0.022458,convex_mesh_per_channel
4,510105,5,15,15,7582.841695,505.5227796667,30994.20845538,182,159,80,3,36,13,36,0,603.5577598423,169.6054503138,0.0139185521576,0.04429641560472,0,0.0290352,convex_mesh_per_channel
4,510106,0,11,11,6435.34099,585.0309990909,23791.7049574,272,253,3,1,0,0,0,0,0,0,0,0,0,0.0040296,convex_mesh_per_channel
4,510106,1,11,11,7413.458145,673.9507404545,27242.29086869,272,253,99,1,0,0,0,0,0,0,0,0,0,0.0040565,convex_mesh_per_channel
4,510106,2,11,11,6679.064713,607.1877011818,24960.32357032,274,253,3,0,0,0,0,0,0,0,0,0,0,0.0040366,convex_mesh_per_channel
4,510106,3,11,11,6435.34099,585.0309990909,23791.7049574,272,253,3,1,0,0,0,0,0,0,0,0,0,0.0039747,convex_mesh_per_channel
4,510106,4,11,11,6435.34099,585.0309990909,23791.7049574,272,253,3,1,32,14,32,0,449.390306909,52.38908896188,0.004898097965163,0.02640979613863,0,0.0126097,convex_mesh_per_channel
4,510106,5,11,11,6502.744986,591.1586350909,24123.72494014,272,254,3,1,32,14,32,0,536.2289419039,87.08761019154,0.007814070691096,0.03292408731884,0,0.0143244,convex_mesh_per_channel
4,510107,0,13,13,9630.559669,740.8122822308,37307.79822968,252,232,204,4,0,0,0,0,0,0,0,0,0,0.0060827,convex_mesh_per_channel
4,510107,1,13,13,10573.652694,813.3578995385,41088.26342716,251,232,268,4,0,0,0,0,0,0,0,0,0,0.005933,convex_mesh_per_channel
4,510107,2,13,13,11701.357462,900.1044201538,46676.78726763,253,232,268,4,0,0,0,0,0,0,0,0,0,0.0059826,convex_mesh_per_channel
4,510107,3,13,13,9630.559669,740.8122822308,37307.79822968,252,232,204,4,0,0,0,0,0,0,0,0,0,0.0059451,convex_mesh_per_channel
4,510107,4,13,13,9630.559669,740.8122822308,37307.79822968,252,232,204,4,34,15,34,0,1096.294398752,267.73883673,0.02649392773319,0.06210474748958,0,0.0182858,convex_mesh_per_channel
4,510107,5,13,13,8860.946126,681.6112404615,33839.73049575,244,223,195,4,34,13,34,0,718.8364618816,272.6199901577,0.02696740066181,0.08605542477468,0,0.0156244,convex_mesh_per_channel
4,510108,0,11,11,7926.159789,720.5599808182,30090.79897762,283,258,60,2,0,0,0,0,0,0,0,0,0,0.0041343,convex_mesh_per_channel
4,510108,1,11,11,9067.803077,824.3457342727,34764.01540837,280,258,134,2,0,0,0,0,0,0,0,0,0,0.0040631,convex_mesh_per_channel
4,510108,2,11,11,9795.427126,890.4933750909,38402.13566127,280,258,134,2,0,0,0,0,0,0,0,0,0,0.004213,convex_mesh_per_channel
4,510108,3,11,11,7926.159789,720.5599808182,30090.79897762,283,258,60,2,0,0,0,0,0,0,0,0,0,0.0042451,convex_mesh_per_channel
4,510108,4,11,11,7926.159789,720.5599808182,30090.79897762,283,258,60,2,32,15,32,0,784.5798134217,178.4857758844,0.01661256949897,0.0535756837952,0,0.0142435,convex_mesh_per_channel
4,510108,5,11,11,8125.451689,738.6774262727,30237.25837396,277,248,130,3,32,14,32,0,710.134469141,190.6101318632,0.01848881719162,0.06018658700309,0,0.0156025,convex_mesh_per_channel
4,510109,0,16,16,6299.74253,393.733908125,25088.71265358,182,163,43,2,0,0,0,0,0,0,0,0,0,0.008417,upper_bound_16
4,510109,1,16,16,7112.699385,444.5437115625,28403.49693125,179,163,98,2,0,0,0,0,0,0,0,0,0,0.0083915,upper_bound_16
4,510109,2,16,16,6748.24506,421.76531625,27736.22531626,179,163,21,1,0,0,0,0,0,0,0,0,0,0.0084257,upper_bound_16
4,510109,3,16,16,6299.74253,393.733908125,25088.71265358,182,163,43,2,0,0,0,0,0,0,0,0,4,0.0084255,upper_bound_16
4,510109,4,16,16,6299.74253,393.733908125,25088.71265358,182,163,43,2,33,10,33,0,803.7520782103,288.9244159802,0.02478832254817,0.04768487756435,4,0.0254178,upper_bound_16
4,510109,5,16,16,7117.755579,444.8597236875,27518.77788965,248,222,24,1,37,18,37,0,525.5310653722,159.3485958085,0.0159763483592,0.05841659743567,0,0.0186004,upper_bound_16
4,510110,0,16,16,6852.129959,428.2581224375,27685.64985013,178,150,65,3,0,0,0,0,0,0,0,0,0,0.0071316,upper_bound_16
4,510110,1,16,16,8334.649423,520.9155889375,33798.24721334,182,150,145,4,0,0,0,0,0,0,0,0,0,0.0071795,upper_bound_16
4,510110,2,16,16,9115.392625,569.7120390625,37691.96320473,183,150,144,4,0,0,0,0,0,0,0,0,0,0.00713,upper_bound_16
4,510110,3,16,16,6666.231795,416.6394871875,27781.15902626,144,124,62,2,0,0,0,0,0,0,0,0,10,0.0061931,upper_bound_16
4,510110,4,16,16,6248.460421,390.5287763125,25937.30213678,149,125,37,2,27,9,27,0,1044.032679409,403.0703523562,0.03477548537346,0.06819103895495,10,0.0178951,upper_bound_16
4,510110,5,16,16,5239.261309,327.4538318125,19751.30654642,203,179,5,1,31,7,31,0,992.1057423434,394.1003157276,0.03436166038049,0.08560112872076,6,0.0181499,upper_bound_16
4,510111,0,16,16,7970.528574,498.158035875,31662.64271364,195,160,141,4,0,0,0,0,0,0,0,0,0,0.0063371,upper_bound_16
4,510111,1,16,16,8944.120763,559.0075476875,35375.60362988,186,160,233,3,0,0,0,0,0,0,0,0,0,0.0063112,upper_bound_16
4,510111,2,16,16,9632.158723,602.0099201875,38840.79343529,185,160,233,3,0,0,0,0,0,0,0,0,0,0.0062562,upper_bound_16
4,510111,3,16,16,7838.996475,489.9372796875,31404.98222727,182,148,140,4,0,0,0,0,0,0,0,0,8,0.0061381,upper_bound_16
4,510111,4,16,16,7838.996475,489.9372796875,31404.98222727,182,148,140,4,29,8,29,0,701.079566602,280.6924671865,0.0257071305455,0.04530398157297,8,0.0160374,upper_bound_16
4,510111,5,16,16,6394.424903,399.6515564375,25417.12451066,206,177,8,2,31,10,31,0,701.3379172943,180.4907251907,0.01548329860623,0.03694880943068,6,0.018163,upper_bound_16
4,510112,0,12,12,6742.743481,561.8952900833,26828.71738681,218,197,10,1,0,0,0,0,0,0,0,0,0,0.0076091,convex_mesh_per_channel
4,510112,1,12,12,7738.535836,644.8779863333,30412.67900744,221,197,98,1,0,0,0,0,0,0,0,0,0,0.0077035,convex_mesh_per_channel
4,510112,2,12,12,8033.968023,669.49733525,31969.83995088,219,197,96,1,0,0,0,0,0,0,0,0,0,0.0076368,convex_mesh_per_channel
4,510112,3,12,12,6742.743481,561.8952900833,26828.71738681,218,197,10,1,0,0,0,0,0,0,0,0,0,0.0078022,convex_mesh_per_channel
4,510112,4,12,12,6742.743481,561.8952900833,26828.71738681,218,197,10,1,33,12,33,0,829.864895673,310.2991245064,0.02940200169658,0.0664408719212,0,0.0231216,convex_mesh_per_channel
4,510112,5,12,12,6726.800865,560.56673875,25824.00424954,235,207,40,2,33,12,33,0,792.5648673901,328.6546103933,0.03331930415764,0.08297613313455,0,0.0216496,convex_mesh_per_channel
4,510113,0,12,12,6454.581715,537.8818095833,24492.90858693,252,236,0,0,0,0,0,0,0,0,0,0,0,0.0044066,convex_mesh_per_channel
4,510113,1,12,12,6796.888438,566.4073698333,26229.44219088,251,236,0,0,0,0,0,0,0,0,0,0,0,0.0043575,convex_mesh_per_channel
4,510113,2,12,12,7419.11646,618.259705,29275.58231608,253,236,1,0,0,0,0,0,0,0,0,0,0,0.0044212,convex_mesh_per_channel
4,510113,3,12,12,6454.581715,537.8818095833,24492.90858693,252,236,0,0,0,0,0,0,0,0,0,0,0,0.0045104,convex_mesh_per_channel
4,510113,4,12,12,6454.581715,537.8818095833,24492.90858693,252,236,0,0,33,12,33,0,745.6573328672,345.0147698862,0.03567746366346,0.08489708227,0,0.0137147,convex_mesh_per_channel
4,510113,5,12,12,6342.976744,528.5813953333,23754.88372636,258,230,4,2,33,13,33,0,1163.026755616,406.3648503946,0.03937884692387,0.08655469735451,0,0.0157775,convex_mesh_per_channel
4,510114,0,15,15,6023.919938,401.5946625333,24194.59968631,188,170,0,0,0,0,0,0,0,0,0,0,0,0.0078892,convex_mesh_per_channel
4,510114,1,15,15,6428.043441,428.5362294,26190.217213,189,170,0,0,0,0,0,0,0,0,0,0,0,0.0077411,convex_mesh_per_channel
4,510114,2,15,15,6701.320683,446.7547122,27556.60341676,189,170,0,0,0,0,0,0,0,0,0,0,0,0.0078301,convex_mesh_per_channel
4,510114,3,15,15,6023.919938,401.5946625333,24194.59968631,188,170,0,0,0,0,0,0,0,0,0,0,0,0.0079215,convex_mesh_per_channel
4,510114,4,15,15,6023.919938,401.5946625333,24194.59968631,188,170,0,0,36,13,36,0,879.3767314002,336.7289052417,0.03017094168823,0.05533121499342,0,0.0232572,convex_mesh_per_channel
4,510114,5,15,15,6174.672651,411.6448434,25268.36327363,177,161,0,0,36,12,36,0,704.8624329409,231.5228909494,0.01853963626323,0.03913217944872,0,0.0355614,convex_mesh_per_channel
4,510115,0,13,13,6012.172642,462.4748186154,23080.86321329,224,208,1,0,0,0,0,0,0,0,0,0,0,0.0072748,convex_mesh_per_channel
4,510115,1,13,13,6096.485766,468.9604435385,23502.42882991,224,208,1,0,0,0,0,0,0,0,0,0,0,0.0075163,convex_mesh_per_channel
4,510115,2,13,13,6251.120991,480.8554608462,24275.60495685,224,208,1,0,0,0,0,0,0,0,0,0,0,0.0074519,convex_mesh_per_channel
4,510115,3,13,13,6012.172642,462.4748186154,23080.86321329,224,208,1,0,0,0,0,0,0,0,0,0,0,0.0075417,convex_mesh_per_channel
4,510115,4,13,13,6012.172642,462.4748186154,23080.86321329,224,208,1,0,34,12,34,0,1057.062346837,392.3106784777,0.03754403930581,0.09918498307957,0,0.0221461,convex_mesh_per_channel
4,510115,5,13,13,5734.16432,441.0895630769,22185.82160558,208,192,0,0,34,12,34,0,1111.573724488,297.4142884935,0.02473452390652,0.06813504362198,0,0.0248905,convex_mesh_per_channel
4,510116,0,15,15,6533.533029,435.5688686,25707.66520256,204,183,38,1,0,0,0,0,0,0,0,0,0,0.0080267,convex_mesh_per_channel
4,510116,1,15,15,7009.503095,467.3002063333,27612.51557352,205,183,68,1,0,0,0,0,0,0,0,0,0,0.0080631,convex_mesh_per_channel
4,510116,2,15,15,7297.797311,486.5198207333,29028.98665329,206,183,68,1,0,0,0,0,0,0,0,0,0,0.00798,convex_mesh_per_channel
4,510116,3,15,15,6533.533029,435.5688686,25707.66520256,204,183,38,1,0,0,0,0,0,0,0,0,0,0.0079903,convex_mesh_per_channel
4,510116,4,15,15,6533.533029,435.5688686,25707.66520256,204,183,38,1,36,13,36,0,1209.198043112,394.9249903324,0.03944609259847,0.09194867161132,0,0.0275167,convex_mesh_per_channel
4,510116,5,15,15,6664.78656,444.319104,26438.93285235,200,176,42,2,36,13,36,0,963.8733530428,434.1651514009,0.04243851352707,0.09694679361656,0,0.0331878,convex_mesh_per_channel
4,510117,0,11,11,8274.766176,752.2514705455,32273.83082768,263,240,70,3,0,0,0,0,0,0,0,0,0,0.0048987,convex_mesh_per_channel
4,510117,1,11,11,10150.763193,922.7966539091,39258.81577253,264,240,228,3,0,0,0,0,0,0,0,0,0,0.0049219,convex_mesh_per_channel
4,510117,2,11,11,9940.830722,903.7118838182,39434.15346271,263,240,148,2,0,0,0,0,0,0,0,0,0,0.0049278,convex_mesh_per_channel
4,510117,3,11,11,8274.766176,752.2514705455,32273.83082768,263,240,70,3,0,0,0,0,0,0,0,0,0,0.0050321,convex_mesh_per_channel
4,510117,4,11,11,8274.766176,752.2514705455,32273.83082768,263,240,70,3,32,14,32,0,590.6908886823,228.6547494557,0.02220590619405,0.03779792599796,0,0.017201,convex_mesh_per_channel
4,510117,5,11,11,7834.266326,712.2060296364,29921.33159091,268,245,70,3,32,13,32,0,912.6062361429,194.6735552895,0.01810383039618,0.05615868308077,0,0.0186161,convex_mesh_per_channel
4,510118,0,14,14,6422.829387,458.7735276429,25209.14694028,217,193,11,1,0,0,0,0,0,0,0,0,0,0.006325,convex_mesh_per_channel
4,510118,1,14,14,6634.278762,473.8770544286,26266.3938194,217,193,11,1,0,0,0,0,0,0,0,0,0,0.0065513,convex_mesh_per_channel
4,510118,2,14,14,6926.238992,494.7313565714,27726.19496792,217,193,11,1,0,0,0,0,0,0,0,0,0,0.0070078,convex_mesh_per_channel
4,510118,3,14,14,6422.829387,458.7735276429,25209.14694028,217,193,11,1,0,0,0,0,0,0,0,0,0,0.0068348,convex_mesh_per_channel
4,510118,4,14,14,6422.829387,458.7735276429,25209.14694028,217,193,11,1,35,13,35,0,804.2905454605,268.2470034152,0.02411531195335,0.08103417975602,0,0.0200952,convex_mesh_per_channel
4,510118,5,14,14,6029.494894,430.6782067143,23567.47446332,210,196,0,0,35,12,35,0,1240.275820543,281.8507787873,0.02535488806788,0.06616503290185,0,0.0232549,convex_mesh_per_channel
4,510119,0,12,12,7757.371647,646.44763725,28606.85823052,302,280,62,1,0,0,0,0,0,0,0,0,0,0.0034911,convex_mesh_per_channel
4,510119,1,12,12,8505.130012,708.7608343333,32295.65006194,304,280,62,1,0,0,0,0,0,0,0,0,0,0.0035122,convex_mesh_per_channel
4,510119,2,12,12,8981.279564,748.4399636667,34701.3977935,303,280,62,1,0,0,0,0,0,0,0,0,0,0.003476,convex_mesh_per_channel
4,510119,3,12,12,7757.371647,646.44763725,28606.85823052,302,280,62,1,0,0,0,0,0,0,0,0,0,0.0034854,convex_mesh_per_channel
4,510119,4,12,12,7757.371647,646.44763725,28606.85823052,302,280,62,1,33,18,33,0,268.2058221755,31.42954992195,0.003277417677147,0.01499853159218,0,0.0117944,convex_mesh_per_channel
4,510119,5,12,12,7174.957922,597.9131601667,27114.78959003,255,231,62,1,33,13,33,0,836.7479584838,287.0374492382,0.02555066830183,0.05785668713183,0,0.0163439,convex_mesh_per_channel
4,510120,0,10,10,8007.687467,800.7687467,29008.43736315,314,283,101,3,0,0,0,0,0,0,0,0,0,0.0038828,convex_mesh_per_channel
4,510120,1,10,10,8521.050553,852.1050553,31245.25285767,308,283,133,2,0,0,0,0,0,0,0,0,0,0.0038954,convex_mesh_per_channel
4,510120,2,10,10,9027.221138,902.7221138,33776.10578226,308,283,133,2,0,0,0,0,0,0,0,0,0,0.0039369,convex_mesh_per_channel
4,510120,3,10,10,8007.687467,800.7687467,29008.43736315,314,283,101,3,0,0,0,0,0,0,0,0,0,0.0038452,convex_mesh_per_channel
4,510120,4,10,10,8007.687467,800.7687467,29008.43736315,314,283,101,3,31,15,31,0,745.2580975283,214.9431428417,0.02297660001598,0.04684981859582,0,0.0122707,convex_mesh_per_channel
4,510120,5,10,10,7438.590096,743.8590096,26237.9505132,312,290,97,2,31,16,31,0,470.5462613525,137.8366641421,0.01353690227558,0.03174084203217,0,0.0115783,convex_mesh_per_channel
4,510121,0,13,13,5965.33272,458.8717476923,23196.663617,213,193,1,0,0,0,0,0,0,0,0,0,0,0.0088617,convex_mesh_per_channel
4,510121,1,13,13,6160.803924,473.9079941538,24174.01963665,213,193,1,0,0,0,0,0,0,0,0,0,0,0.0088191,convex_mesh_per_channel
4,510121,2,13,13,6408.770395,492.9823380769,25413.85199413,213,193,1,0,0,0,0,0,0,0,0,0,0,0.008871,convex_mesh_per_channel
4,510121,3,13,13,5965.33272,458.8717476923,23196.663617,213,193,1,0,0,0,0,0,0,0,0,0,0,0.0088374,convex_mesh_per_channel
4,510121,4,13,13,5975.475854,459.6519887692,23247.37928228,213,193,1,0,34,13,34,0,1033.888221023,335.5806853813,0.0352287586092,0.07746783665796,0,0.0272846,convex_mesh_per_channel
4,510121,5,13,13,5667.894985,435.9919219231,22319.47493021,192,179,0,0,34,12,34,0,1011.895712133,231.4406034409,0.02039812761344,0.06662703580395,0,0.0262355,convex_mesh_per_channel
4,510122,0,14,14,6801.655205,485.8325146429,26503.27603375,234,207,18,2,0,0,0,0,0,0,0,0,0,0.0059142,convex_mesh_per_channel
4,510122,1,14,14,7971.715237,569.4082312143,30668.57622261,227,207,142,2,0,0,0,0,0,0,0,0,0,0.0057931,convex_mesh_per_channel
4,510122,2,14,14,8605.450086,614.6750061429,33812.25046915,228,207,142,2,0,0,0,0,0,0,0,0,0,0.0057917,convex_mesh_per_channel
4,510122,3,14,14,6801.655205,485.8325146429,26503.27603375,234,207,18,2,0,0,0,0,0,0,0,0,0,0.0059432,convex_mesh_per_channel
4,510122,4,14,14,6801.655205,485.8325146429,26503.27603375,234,207,18,2,35,13,35,0,955.1413911853,206.4044694008,0.02002642434721,0.05791354680222,0,0.0178539,convex_mesh_per_channel
4,510122,5,14,14,6651.971162,475.1407972857,25899.8558124,230,201,17,2,35,13,35,0,812.9451140002,334.628022747,0.02906636143527,0.05665997417097,0,0.0245337,convex_mesh_per_channel
4,510123,0,11,11,7813.782509,710.3438644545,29528.91259501,264,236,99,4,0,0,0,0,0,0,0,0,0,0.0063692,convex_mesh_per_channel
4,510123,1,11,11,9044.85314,822.2593763636,33974.26583253,264,236,213,4,0,0,0,0,0,0,0,0,0,0.0063369,convex_mesh_per_channel
4,510123,2,11,11,9522.813089,865.7102808182,36364.06558352,264,236,213,4,0,0,0,0,0,0,0,0,0,0.0063915,convex_mesh_per_channel
4,510123,3,11,11,7813.782509,710.3438644545,29528.91259501,264,236,99,4,0,0,0,0,0,0,0,0,0,0.0062662,convex_mesh_per_channel
4,510123,4,11,11,7813.782509,710.3438644545,29528.91259501,264,236,99,4,32,12,32,0,588.8789352985,264.8059328343,0.02706709445824,0.04808404271841,0,0.0192438,convex_mesh_per_channel
4,510123,5,11,11,7317.745118,665.2495561818,27123.72561897,275,247,72,3,32,12,32,0,771.6088216149,206.3332286582,0.02181580330356,0.04952172223217,0,0.017864,convex_mesh_per_channel
4,510124,0,10,10,6134.525045,613.4525045,22632.6252195,246,226,34,1,0,0,0,0,0,0,0,0,0,0.006297,convex_mesh_per_channel
4,510124,1,10,10,7241.914987,724.1914987,26749.57492702,247,226,127,2,0,0,0,0,0,0,0,0,0,0.0061548,convex_mesh_per_channel
4,510124,2,10,10,7407.25662,740.725662,27616.28309569,246,226,126,2,0,0,0,0,0,0,0,0,0,0.0061196,convex_mesh_per_channel
4,510124,3,10,10,6134.525045,613.4525045,22632.6252195,246,226,34,1,0,0,0,0,0,0,0,0,0,0.0060694,convex_mesh_per_channel
4,510124,4,10,10,6134.525045,613.4525045,22632.6252195,246,226,34,1,31,12,31,0,702.0274485294,112.8602391682,0.009724551333326,0.03840392295636,0,0.0189371,convex_mesh_per_channel
4,510124,5,10,10,5967.334802,596.7334802,21906.67401015,242,224,34,1,31,12,31,0,434.5528695208,152.5027961437,0.01427048592824,0.02793799192336,0,0.025645,convex_mesh_per_channel
4,510125,0,10,10,6927.678341,692.7678341,26013.39172791,271,245,25,2,0,0,0,0,0,0,0,0,0,0.0045322,convex_mesh_per_channel
4,510125,1,10,10,7277.3931,727.73931,27761.96552679,271,245,25,2,0,0,0,0,0,0,0,0,0,0.0045733,convex_mesh_per_channel
4,510125,2,10,10,7937.256602,793.7256602,31036.28304407,272,245,25,2,0,0,0,0,0,0,0,0,0,0.0045192,convex_mesh_per_channel
4,510125,3,10,10,6927.678341,692.7678341,26013.39172791,271,245,25,2,0,0,0,0,0,0,0,0,0,0.004498,convex_mesh_per_channel
4,510125,4,10,10,6927.678341,692.7678341,26013.39172791,271,245,25,2,31,12,31,0,642.948412593,174.1765651766,0.01567164151497,0.03556881120886,0,0.0141152,convex_mesh_per_channel
4,510125,5,10,10,5987.132148,598.7132148,22015.66075195,258,241,1,0,31,12,31,0,550.4353318905,288.2894233737,0.0270008109256,0.05393053055225,0,0.0147305,convex_mesh_per_channel
4,510126,0,12,12,6264.900755,522.0750629167,23864.50377508,242,222,0,0,0,0,0,0,0,0,0,0,0,0.0054072,convex_mesh_per_channel
4,510126,1,12,12,6753.69161,562.8076341667,26283.45805864,243,222,0,0,0,0,0,0,0,0,0,0,0,0.0054389,convex_mesh_per_channel
4,510126,2,12,12,6971.526557,580.9605464167,27397.6327967,242,222,0,0,0,0,0,0,0,0,0,0,0,0.0055211,convex_mesh_per_channel
4,510126,3,12,12,6264.900755,522.0750629167,23864.50377508,242,222,0,0,0,0,0,0,0,0,0,0,0,0.0056223,convex_mesh_per_channel
4,510126,4,12,12,6264.900755,522.0750629167,23864.50377508,242,222,0,0,33,14,33,0,741.9548120834,206.0139371003,0.01912331875901,0.04235751239734,0,0.017913,convex_mesh_per_channel
4,510126,5,12,12,6188.579027,515.7149189167,23407.89513662,244,227,0,0,33,14,33,0,633.469684423,96.93152582565,0.008266200604922,0.04583843200962,0,0.0176798,convex_mesh_per_channel
4,510127,0,15,15,5890.800887,392.7200591333,23504.00444619,188,175,0,0,0,0,0,0,0,0,0,0,0,0.0079036,convex_mesh_per_channel
4,510127,1,15,15,6093.548349,406.2365566,24542.74175654,187,175,0,0,0,0,0,0,0,0,0,0,0,0.0079633,convex_mesh_per_channel
4,510127,2,15,15,6388.865512,425.9243674667,26019.32756465,187,175,0,0,0,0,0,0,0,0,0,0,0,0.0081041,convex_mesh_per_channel
4,510127,3,15,15,5890.800887,392.7200591333,23504.00444619,188,175,0,0,0,0,0,0,0,0,0,0,0,0.0079972,convex_mesh_per_channel
4,510127,4,15,15,5890.800887,392.7200591333,23504.00444619,188,175,0,0,36,13,36,0,783.7519929427,313.1039661524,0.03169178189963,0.07980939781069,0,0.0232513,convex_mesh_per_channel
4,510127,5,15,15,5785.647832,385.7098554667,23163.23917484,182,168,0,0,36,12,36,0,1303.446265401,418.2328888045,0.03659163871628,0.07404487317149,0,0.0336043,convex_mesh_per_channel
4,510128,0,11,11,7746.705135,704.2459213636,28933.52568815,305,281,33,2,0,0,0,0,0,0,0,0,0,0.0028075,convex_mesh_per_channel
4,510128,1,11,11,8552.878274,777.5343885455,31939.39131727,304,281,103,2,0,0,0,0,0,0,0,0,0,0.0027457,convex_mesh_per_channel
4,510128,2,11,11,9198.782637,836.252967,35143.91313779,305,281,103,2,0,0,0,0,0,0,0,0,0,0.0027143,convex_mesh_per_channel
4,510128,3,11,11,7746.705135,704.2459213636,28933.52568815,305,281,33,2,0,0,0,0,0,0,0,0,0,0.0027334,convex_mesh_per_channel
4,510128,4,11,11,7746.705135,704.2459213636,28933.52568815,305,281,33,2,32,17,32,0,264.7114953638,45.69365034869,0.004486862580577,0.01480029944852,0,0.010021,convex_mesh_per_channel
4,510128,5,11,11,7122.989522,647.544502,26139.94762243,292,260,40,3,32,14,32,0,1020.281396107,274.3776821525,0.02703765779088,0.06524258688913,0,0.013971,convex_mesh_per_channel
4,510129,0,12,12,5873.994426,489.4995355,21384.97213934,259,242,0,0,0,0,0,0,0,0,0,0,0,0.0045549,convex_mesh_per_channel
4,510129,1,12,12,5964.219981,497.01833175,21861.09991965,258,242,0,0,0,0,0,0,0,0,0,0,0,0.004516,convex_mesh_per_channel
4,510129,2,12,12,6117.253547,509.7711289167,22586.26774815,259,242,1,0,0,0,0,0,0,0,0,0,0,0.0044692,convex_mesh_per_channel
4,510129,3,12,12,5873.994426,489.4995355,21384.97213934,259,242,0,0,0,0,0,0,0,0,0,0,0,0.0044236,convex_mesh_per_channel
4,510129,4,12,12,5873.994426,489.4995355,21384.97213934,259,242,0,0,33,13,33,0,654.2622774842,194.6467852599,0.02164629236171,0.08260244084667,0,0.014712,convex_mesh_per_channel
4,510129,5,12,12,6044.770065,503.73083875,22463.85032743,249,229,6,1,33,13,33,0,922.1963479716,256.4675656997,0.02513898902187,0.05183215156833,0,0.0237273,convex_mesh_per_channel
4,510130,0,14,14,6520.861518,465.7758227143,26024.30753293,188,171,45,1,0,0,0,0,0,0,0,0,0,0.0088192,convex_mesh_per_channel
4,510130,1,14,14,6975.938014,498.2812867143,28004.68998025,189,171,63,1,0,0,0,0,0,0,0,0,0,0.0087637,convex_mesh_per_channel
4,510130,2,14,14,7248.136132,517.7240094286,29365.68056876,189,171,63,1,0,0,0,0,0,0,0,0,0,0.0086658,convex_mesh_per_channel
4,510130,3,14,14,6520.861518,465.7758227143,26024.30753293,188,171,45,1,0,0,0,0,0,0,0,0,0,0.0094938,convex_mesh_per_channel
4,510130,4,14,14,6520.861518,465.7758227143,26024.30753293,188,171,45,1,35,12,35,0,850.6122760383,257.1905090687,0.02337391037134,0.06501003465621,0,0.0275358,convex_mesh_per_channel
4,510130,5,14,14,6584.187301,470.2990929286,25315.93640955,214,192,63,1,35,13,35,0,934.0429789079,339.1375828003,0.03218297538767,0.07651321586475,0,0.0351984,convex_mesh_per_channel
4,510131,0,11,11,8806.279364,800.5708512727,33851.3968725,289,269,89,4,0,0,0,0,0,0,0,0,0,0.0043207,convex_mesh_per_channel
4,510131,1,11,11,11379.354334,1034.486757636,43266.77179977,289,269,319,4,0,0,0,0,0,0,0,0,0,0.0042634,convex_mesh_per_channel
4,510131,2,11,11,11865.511661,1078.682878273,45722.55844511,288,269,319,4,0,0,0,0,0,0,0,0,0,0.0043033,convex_mesh_per_channel
4,510131,3,11,11,8806.279364,800.5708512727,33851.3968725,289,269,89,4,0,0,0,0,0,0,0,0,0,0.0043161,convex_mesh_per_channel
4,510131,4,11,11,8806.279364,800.5708512727,33851.3968725,289,269,89,4,32,16,32,0,556.5654204992,113.1552140243,0.01103952628103,0.04353675190591,0,0.0137704,convex_mesh_per_channel
4,510131,5,11,11,8063.334338,733.0303943636,29891.67174454,299,271,88,5,32,16,32,0,482.8192443816,145.9019904564,0.01427755306414,0.04008294931411,0,0.0168097,convex_mesh_per_channel
4,510132,0,11,11,7515.446818,683.222438,27597.23406827,301,283,51,2,0,0,0,0,0,0,0,0,0,0.0038592,convex_mesh_per_channel
4,510132,1,11,11,8789.161851,799.0147137273,32410.80931928,302,283,153,2,0,0,0,0,0,0,0,0,0,0.0037939,convex_mesh_per_channel
4,510132,2,11,11,9213.608378,837.6007616364,34533.04195687,302,283,153,2,0,0,0,0,0,0,0,0,0,0.0039709,convex_mesh_per_channel
4,510132,3,11,11,7515.446818,683.222438,27597.23406827,301,283,51,2,0,0,0,0,0,0,0,0,0,0.0042389,convex_mesh_per_channel
4,510132,4,11,11,7515.446818,683.222438,27597.23406827,301,283,51,2,32,16,32,0,441.0911351325,123.0296818542,0.01213688952244,0.02692828325228,0,0.0141318,convex_mesh_per_channel
4,510132,5,11,11,8688.929399,789.9026726364,32744.64691551,296,257,116,4,32,13,32,0,504.1925449845,113.4519406386,0.01088062953997,0.04656683708849,0,0.0144053,convex_mesh_per_channel
4,510133,0,12,12,6476.382132,539.698511,24821.91065053,238,217,15,1,0,0,0,0,0,0,0,0,0,0.0081664,convex_mesh_per_channel
4,510133,1,12,12,7442.255261,620.1879384167,28521.27615296,237,217,92,1,0,0,0,0,0,0,0,0,0,0.0082451,convex_mesh_per_channel
4,510133,2,12,12,7554.683026,629.5569188333,29108.41498996,236,217,92,1,0,0,0,0,0,0,0,0,0,0.0082079,convex_mesh_per_channel
4,510133,3,12,12,6476.382132,539.698511,24821.91065053,238,217,15,1,0,0,0,0,0,0,0,0,0,0.0083546,convex_mesh_per_channel
4,510133,4,12,12,6476.382132,539.698511,24821.91065053,238,217,15,1,33,15,33,0,958.0384434907,291.2887009778,0.025934004846,0.05639810390532,0,0.0267473,convex_mesh_per_channel
4,510133,5,12,12,6573.223721,547.7686434167,25216.11858354,241,223,14,1,33,14,33,0,196.3363294986,29.88891833335,0.00284382688064,0.01279514915958,0,0.0256947,convex_mesh_per_channel
4,510134,0,10,10,7037.654388,703.7654388,26208.27193203,272,254,44,2,0,0,0,0,0,0,0,0,0,0.0045024,convex_mesh_per_channel
4,510134,1,10,10,8303.894903,830.3894903,30924.47446517,273,254,150,3,0,0,0,0,0,0,0,0,0,0.0044351,convex_mesh_per_channel
4,510134,2,10,10,8141.767506,814.1767506,30973.83749991,271,254,96,2,0,0,0,0,0,0,0,0,0,0.0044302,convex_mesh_per_channel
4,510134,3,10,10,7037.654388,703.7654388,26208.27193203,272,254,44,2,0,0,0,0,0,0,0,0,0,0.0044668,convex_mesh_per_channel
4,510134,4,10,10,7037.654388,703.7654388,26208.27193203,272,254,44,2,31,12,31,0,573.6266359136,182.9285053655,0.01709741058068,0.04428815504032,0,0.0136971,convex_mesh_per_channel
4,510134,5,10,10,5894.119254,589.4119254,21470.59626933,261,245,0,0,31,12,31,0,1127.21163463,300.1477771887,0.02672722895467,0.06979031301993,0,0.0170131,convex_mesh_per_channel
4,510135,0,11,11,7977.240724,725.2037021818,29851.20362312,291,269,76,2,0,0,0,0,0,0,0,0,0,0.0041832,convex_mesh_per_channel
4,510135,1,11,11,8982.814873,816.6195339091,33734.07430845,290,269,154,2,0,0,0,0,0,0,0,0,0,0.0040484,convex_mesh_per_channel
4,510135,2,11,11,9350.669044,850.0608221818,35598.34516681,289,269,154,2,0,0,0,0,0,0,0,0,0,0.00409,convex_mesh_per_channel
4,510135,3,11,11,7977.240724,725.2037021818,29851.20362312,291,269,76,2,0,0,0,0,0,0,0,0,0,0.0040617,convex_mesh_per_channel
4,510135,4,11,11,7977.240724,725.2037021818,29851.20362312,291,269,76,2,32,16,32,0,411.8957026117,158.6335780634,0.01615062037782,0.03791802828052,0,0.0129764,convex_mesh_per_channel
4,510135,5,11,11,6750.25587,613.6596245455,24541.27935228,266,241,72,2,32,13,32,0,960.9192006673,364.8394334443,0.03495462516981,0.06187468309104,0,0.0188927,convex_mesh_per_channel
4,510136,0,11,11,6539.533036,594.5030032727,24512.66520125,256,236,22,1,0,0,0,0,0,0,0,0,0,0.0057726,convex_mesh_per_channel
4,510136,1,11,11,7298.210691,663.4736991818,27406.05350783,256,236,82,1,0,0,0,0,0,0,0,0,0,0.0057474,convex_mesh_per_channel
4,510136,2,11,11,7662.57005,696.5972772727,29187.85030409,257,236,83,1,0,0,0,0,0,0,0,0,0,0.0057936,convex_mesh_per_channel
4,510136,3,11,11,6539.533036,594.5030032727,24512.66520125,256,236,22,1,0,0,0,0,0,0,0,0,0,0.0057445,convex_mesh_per_channel
4,510136,4,11,11,6539.533036,594.5030032727,24512.66520125,256,236,22,1,32,12,32,0,833.4471001185,253.0833117579,0.02361696656592,0.06674631468175,0,0.017801,convex_mesh_per_channel
4,510136,5,11,11,6424.49424,584.0449309091,24022.471207,252,236,23,1,32,14,32,0,709.1614845832,162.6806166154,0.01473091130047,0.04516402882943,0,0.0210495,convex_mesh_per_channel
4,510137,0,16,16,7445.635909,465.3522443125,29723.17957556,220,198,41,1,0,0,0,0,0,0,0,0,0,0.0088147,upper_bound_16
4,510137,1,16,16,8027.059237,501.6912023125,32345.2962536,220,198,60,1,0,0,0,0,0,0,0,0,0,0.0087446,upper_bound_16
4,510137,2,16,16,8620.627573,538.7892233125,35313.13791846,220,198,60,1,0,0,0,0,0,0,0,0,0,0.0087842,upper_bound_16
4,510137,3,16,16,7053.935141,440.8709463125,27999.67573969,210,183,47,2,0,0,0,0,0,0,0,0,4,0.008827,upper_bound_16
4,510137,4,16,16,7053.935141,440.8709463125,27999.67573969,210,183,47,2,33,11,33,0,1100.341796959,445.8737168698,0.04341764786223,0.09618627479182,4,0.0282046,upper_bound_16
4,510137,5,16,16,6422.745399,401.4215874375,26068.72705447,176,153,32,1,33,9,33,0,1014.546607945,488.5500039012,0.04159336234734,0.1055092907604,4,0.0373675,upper_bound_16
4,510138,0,12,12,6340.898226,528.4081855,23899.49114285,253,224,4,1,0,0,0,0,0,0,0,0,0,0.0061691,convex_mesh_per_channel
4,510138,1,12,12,6456.628848,538.052404,24583.14425201,250,224,2,1,0,0,0,0,0,0,0,0,0,0.0063096,convex_mesh_per_channel
4,510138,2,12,12,6657.870091,554.8225075833,25549.35046883,251,224,3,1,0,0,0,0,0,0,0,0,0,0.0061716,convex_mesh_per_channel
4,510138,3,12,12,6340.898226,528.4081855,23899.49114285,253,224,4,1,0,0,0,0,0,0,0,0,0,0.0063452,convex_mesh_per_channel
4,510138,4,12,12,6340.898226,528.4081855,23899.49114285,253,224,4,1,33,12,33,0,961.108909324,276.0924058516,0.02504129481817,0.08096325778662,0,0.0187969,convex_mesh_per_channel
4,510138,5,12,12,6446.870613,537.23921775,23939.353067,271,244,0,1,33,14,33,0,955.262818635,160.2123372124,0.0156577958206,0.05478946160811,0,0.0188793,convex_mesh_per_channel
4,510139,0,11,11,7275.256298,661.3869361818,26796.28148971,287,261,55,2,0,0,0,0,0,0,0,0,0,0.0049484,convex_mesh_per_channel
4,510139,1,11,11,7733.741765,703.0674331818,28848.70882436,287,261,71,2,0,0,0,0,0,0,0,0,0,0.0052543,convex_mesh_per_channel
4,510139,2,11,11,8275.255128,752.2959207273,31556.27562478,287,261,71,2,0,0,0,0,0,0,0,0,0,0.0049436,convex_mesh_per_channel
4,510139,3,11,11,7275.256298,661.3869361818,26796.28148971,287,261,55,2,0,0,0,0,0,0,0,0,0,0.0049433,convex_mesh_per_channel
4,510139,4,11,11,7275.256298,661.3869361818,26796.28148971,287,261,55,2,32,15,32,0,789.481662477,274.1320540285,0.02838924294245,0.05260802775104,0,0.0168196,convex_mesh_per_channel
4,510139,5,11,11,7168.204418,651.6549470909,26476.02209349,284,254,48,2,32,14,32,0,395.0718208266,114.188228291,0.01133803927803,0.03875780529281,0,0.0161653,convex_mesh_per_channel
4,510140,0,16,16,6223.671623,388.9794764375,25143.35813826,189,170,0,0,0,0,0,0,0,0,0,0,0,0.0087411,upper_bound_16
4,510140,1,16,16,5724.806736,357.800421,23069.0336844,173,160,2,0,0,0,0,0,0,0,0,0,0,0.0086696,upper_bound_16
4,510140,2,16,16,6002.413991,375.1508744375,24457.06996459,173,160,2,0,0,0,0,0,0,0,0,0,0,0.0087047,upper_bound_16
4,510140,3,16,16,5568.339795,348.0212371875,22411.69899136,170,156,0,0,0,0,0,0,0,0,0,0,5,0.0089434,upper_bound_16
4,510140,4,16,16,5568.339795,348.0212371875,22411.69899136,170,156,0,0,32,10,32,0,862.9200030051,385.0357626267,0.03429116587895,0.07476975489631,5,0.026598,upper_bound_16
4,510140,5,16,16,5650.524903,353.1578064375,22517.62449848,158,142,45,1,33,10,33,0,1288.914289609,595.0011982812,0.04823626543253,0.09187404960322,4,0.0444472,upper_bound_16
4,510141,0,16,16,6610.086471,413.1304044375,26130.43235519,216,200,8,1,0,0,0,0,0,0,0,0,0,0.0067741,upper_bound_16
4,510141,1,16,16,7591.331622,474.458226375,29771.65802965,215,200,94,1,0,0,0,0,0,0,0,0,0,0.0067177,upper_bound_16
4,510141,2,16,16,7892.699113,493.2936945625,31278.49548466,215,200,94,1,0,0,0,0,0,0,0,0,0,0.0068404,upper_bound_16
4,510141,3,16,16,6335.395883,395.9622426875,24951.97942823,213,200,0,0,0,0,0,0,0,0,0,0,1,0.0067397,upper_bound_16
4,510141,4,16,16,6335.395883,395.9622426875,24951.97942823,213,200,0,0,36,14,36,0,839.741662871,282.3222619424,0.02733751509699,0.04933775039885,1,0.02066,upper_bound_16
4,510141,5,16,16,6382.264004,398.89150025,25941.32000309,188,171,1,1,36,13,36,0,637.9123573848,254.611120513,0.02132928944104,0.04720628988082,1,0.0291938,upper_bound_16
4,510142,0,14,14,8153.985708,582.4275505714,32329.92856926,225,199,98,1,0,0,0,0,0,0,0,0,0,0.0067896,convex_mesh_per_channel
4,510142,1,14,14,8644.97012,617.4978657143,34784.85061314,225,199,98,1,0,0,0,0,0,0,0,0,0,0.0067666,convex_mesh_per_channel
4,510142,2,14,14,9932.840584,709.4886131429,41174.20294058,227,199,98,1,0,0,0,0,0,0,0,0,0,0.0066948,convex_mesh_per_channel
4,510142,3,14,14,8153.985708,582.4275505714,32329.92856926,225,199,98,1,0,0,0,0,0,0,0,0,0,0.006666,convex_mesh_per_channel
4,510142,4,14,14,8153.985708,582.4275505714,32329.92856926,225,199,98,1,35,14,35,0,1009.349309406,288.9593139624,0.02736096269641,0.06139954703559,0,0.0212678,convex_mesh_per_channel
4,510142,5,14,14,7742.834334,553.0595952857,29734.17167867,238,206,110,2,35,14,35,0,772.5436114966,256.3596976621,0.02291358445104,0.0510910752566,0,0.0219149,convex_mesh_per_channel
4,510143,0,13,13,7459.92391,573.8403007692,29244.6195189,241,221,40,2,0,0,0,0,0,0,0,0,0,0.0056081,convex_mesh_per_channel
4,510143,1,13,13,9011.417124,693.1859326154,35152.08554446,240,221,165,2,0,0,0,0,0,0,0,0,0,0.0055455,convex_mesh_per_channel
4,510143,2,13,13,9220.940514,709.3031164615,36224.70249421,239,221,165,2,0,0,0,0,0,0,0,0,0,0.0056381,convex_mesh_per_channel
4,510143,3,13,13,7459.92391,573.8403007692,29244.6195189,241,221,40,2,0,0,0,0,0,0,0,0,0,0.0056678,convex_mesh_per_channel
4,510143,4,13,13,7459.92391,573.8403007692,29244.6195189,241,221,40,2,34,13,34,0,782.6578428523,251.243009615,0.02351515853749,0.06626346279587,0,0.017076,convex_mesh_per_channel
4,510143,5,13,13,6206.904599,477.4541999231,23194.52298827,249,234,8,1,34,13,34,0,385.6972820674,102.9426208431,0.009879503783251,0.03407248646425,0,0.0181438,convex_mesh_per_channel
4,510144,0,15,15,7766.363959,517.7575972667,31206.81972959,194,165,105,3,0,0,0,0,0,0,0,0,0,0.0090327,convex_mesh_per_channel
4,510144,1,15,15,8328.51192,555.234128,33777.55960643,198,169,113,3,0,0,0,0,0,0,0,0,0,0.0089175,convex_mesh_per_channel
4,510144,2,15,15,9155.388784,610.3592522667,37926.94392229,198,169,112,3,0,0,0,0,0,0,0,0,0,0.0089036,convex_mesh_per_channel
4,510144,3,15,15,7766.363959,517.7575972667,31206.81972959,194,165,105,3,0,0,0,0,0,0,0,0,0,0.0088297,convex_mesh_per_channel
4,510144,4,15,15,7766.363959,517.7575972667,31206.81972959,194,165,105,3,36,12,36,0,702.683415421,261.4159155488,0.0286870760194,0.07197575075108,0,0.0266234,convex_mesh_per_channel
4,510144,5,15,15,6968.95977,464.597318,27064.79884943,233,208,36,1,36,14,36,0,639.4117542454,185.3531365166,0.01935511967167,0.0830468459379,0,0.0228704,convex_mesh_per_channel
4,510145,0,15,15,7266.665183,484.4443455333,28788.32594097,231,192,29,4,0,0,0,0,0,0,0,0,0,0.0066637,convex_mesh_per_channel
4,510145,1,15,15,8088.233677,539.2155784667,32076.16851704,226,192,92,3,0,0,0,0,0,0,0,0,0,0.0066769,convex_mesh_per_channel
4,510145,2,15,15,8412.798703,560.8532468667,33738.99363279,225,192,91,3,0,0,0,0,0,0,0,0,0,0.0066116,convex_mesh_per_channel
4,510145,3,15,15,7266.665183,484.4443455333,28788.32594097,231,192,29,4,0,0,0,0,0,0,0,0,0,0.0067737,convex_mesh_per_channel
4,510145,4,15,15,7266.665183,484.4443455333,28788.32594097,231,192,29,4,36,13,36,0,1050.917129849,290.1663829523,0.0301571135477,0.07223278234189,0,0.0200735,convex_mesh_per_channel
4,510145,5,15,15,7514.613718,500.9742478667,29953.06861283,227,206,36,2,36,16,36,0,426.2223466069,97.51808692064,0.009050080113577,0.02318351234427,0,0.0227025,convex_mesh_per_channel
4,510146,0,15,15,9141.207992,609.4138661333,37541.03998599,211,179,108,4,0,0,0,0,0,0,0,0,0,0.0068876,convex_mesh_per_channel
4,510146,1,15,15,11099.5467,739.96978,45237.73352749,212,179,246,4,0,0,0,0,0,0,0,0,0,0.0068072,convex_mesh_per_channel
4,510146,2,15,15,11809.123037,787.2748691333,48810.61523438,211,179,246,4,0,0,0,0,0,0,0,0,0,0.0068637,convex_mesh_per_channel
4,510146,3,15,15,9141.207992,609.4138661333,37541.03998599,211,179,108,4,0,0,0,0,0,0,0,0,0,0.0067058,convex_mesh_per_channel
4,510146,4,15,15,9141.207992,609.4138661333,37541.03998599,211,179,108,4,36,12,36,0,1274.60318175,332.0185654421,0.02864705932913,0.08769724087482,0,0.0201056,convex_mesh_per_channel
4,510146,5,15,15,7143.54885,476.23659,27717.74434787,236,201,48,2,36,12,36,0,841.3253863104,308.1203876547,0.02928738283281,0.05520453917748,0,0.0205909,convex_mesh_per_channel
4,510147,0,14,14,6144.945626,438.9246875714,24004.72813268,216,194,0,1,0,0,0,0,0,0,0,0,0,0.0079153,convex_mesh_per_channel
4,510147,1,14,14,6273.448903,448.1034930714,24672.24451582,215,194,0,1,0,0,0,0,0,0,0,0,0,0.0078225,convex_mesh_per_channel
4,510147,2,14,14,6524.108321,466.0077372143,25925.54161495,215,194,0,1,0,0,0,0,0,0,0,0,0,0.0078121,convex_mesh_per_channel
4,510147,3,14,14,6144.945626,438.9246875714,24004.72813268,216,194,0,1,0,0,0,0,0,0,0,0,0,0.0079978,convex_mesh_per_channel
4,510147,4,14,14,6144.945626,438.9246875714,24004.72813268,216,194,0,1,35,12,35,0,882.616048049,366.4298145533,0.03490418536903,0.07846382141519,0,0.0237393,convex_mesh_per_channel
4,510147,5,14,14,7649.414354,546.3867395714,29502.0716417,228,191,116,3,35,13,35,0,921.761539367,362.433259977,0.03575328914872,0.07922768142703,0,0.0357568,convex_mesh_per_channel
4,510148,0,10,10,5810.145672,581.0145672,21285.72836207,253,238,0,0,0,0,0,0,0,0,0,0,0,0.0057577,convex_mesh_per_channel
4,510148,1,10,10,5914.788848,591.4788848,21808.94424433,253,238,0,0,0,0,0,0,0,0,0,0,0,0.0058529,convex_mesh_per_channel
4,510148,2,10,10,5987.882946,598.7882946,22174.41473757,253,238,0,0,0,0,0,0,0,0,0,0,0,0.0057749,convex_mesh_per_channel
4,510148,3,10,10,5810.145672,581.0145672,21285.72836207,253,238,0,0,0,0,0,0,0,0,0,0,0,0.0056414,convex_mesh_per_channel
4,510148,4,10,10,5837.377453,583.7377453,21491.88726854,251,234,0,0,31,13,31,0,684.1914483262,194.9188329375,0.0169635602846,0.03995296976681,0,0.0178242,convex_mesh_per_channel
4,510148,5,10,10,6054.826612,605.4826612,22064.1330631,268,252,0,0,31,13,31,0,352.4256993909,116.2767992207,0.01127209918279,0.03348453973679,0,0.0175214,convex_mesh_per_channel
4,510149,0,10,10,5955.306489,595.5306489,21451.53245033,271,248,4,0,0,0,0,0,0,0,0,0,0,0.0058707,convex_mesh_per_channel
4,510149,1,10,10,6086.412804,608.6412804,22107.06401811,271,248,4,0,0,0,0,0,0,0,0,0,0,0.0057957,convex_mesh_per_channel
4,510149,2,10,10,6293.359151,629.3359151,23141.79575959,271,248,4,0,0,0,0,0,0,0,0,0,0,0.0059875,convex_mesh_per_channel
4,510149,3,10,10,5955.306489,595.5306489,21451.53245033,271,248,4,0,0,0,0,0,0,0,0,0,0,0.005847,convex_mesh_per_channel
4,510149,4,10,10,5955.306489,595.5306489,21451.53245033,271,248,4,0,31,14,31,0,1166.726859817,238.2547981709,0.02251892245623,0.06805960075544,0,0.0188457,convex_mesh_per_channel
4,510149,5,10,10,6084.250441,608.4250441,22336.25221905,262,239,6,1,31,13,31,0,550.0846825915,230.4763919113,0.02070693615815,0.04926718151286,0,0.0209112,convex_mesh_per_channel
4,510150,0,11,11,6772.754543,615.7049584545,24863.77275711,286,267,16,1,0,0,0,0,0,0,0,0,0,0.0041666,convex_mesh_per_channel
4,510150,1,11,11,7860.670378,714.606398,29233.35204662,288,267,84,1,0,0,0,0,0,0,0,0,0,0.004071,convex_mesh_per_channel
4,510150,2,11,11,7961.564794,723.7786176364,29762.8241285,287,267,84,1,0,0,0,0,0,0,0,0,0,0.0041323,convex_mesh_per_channel
4,510150,3,11,11,6772.754543,615.7049584545,24863.77275711,286,267,16,1,0,0,0,0,0,0,0,0,0,0.0042387,convex_mesh_per_channel
4,510150,4,11,11,6772.754543,615.7049584545,24863.77275711,286,267,16,1,32,14,32,0,1068.064998478,228.3691298273,0.0236021686176,0.1145612005798,0,0.0136889,convex_mesh_per_channel
4,510150,5,11,11,6890.192149,626.3811044545,25215.96073733,302,276,2,1,32,16,32,0,595.0633235536,226.233080218,0.02251768753783,0.04319121286518,0,0.0132142,convex_mesh_per_channel
4,510151,0,11,11,6492.377758,590.2161598182,24346.88880686,263,241,4,1,0,0,0,0,0,0,0,0,0,0.0048293,convex_mesh_per_channel
4,510151,1,11,11,7026.159085,638.741735,26210.79540162,272,246,41,2,0,0,0,0,0,0,0,0,0,0.0045039,convex_mesh_per_channel
4,510151,2,11,11,6699.849766,609.0772514545,25409.24884275,262,241,4,1,0,0,0,0,0,0,0,0,0,0.0047352,convex_mesh_per_channel
4,510151,3,11,11,6492.377758,590.2161598182,24346.88880686,263,241,4,1,0,0,0,0,0,0,0,0,0,0.0047314,convex_mesh_per_channel
4,510151,4,11,11,6492.377758,590.2161598182,24346.88880686,263,241,4,1,32,12,32,0,836.0966495291,284.7220567024,0.02638594256143,0.07708767739353,0,0.0143601,convex_mesh_per_channel
4,510151,5,11,11,6537.209978,594.2918161818,24476.04990423,265,232,10,2,32,13,32,0,664.429681946,246.2190028323,0.02738551203084,0.06840245313791,0,0.0204956,convex_mesh_per_channel
4,510152,0,13,13,8468.297309,651.4074853077,31886.48656655,309,277,68,6,0,0,0,0,0,0,0,0,0,0.0031126,convex_mesh_per_channel
4,510152,1,13,13,11898.288434,915.2529564615,44001.4419864,310,277,402,7,0,0,0,0,0,0,0,0,0,0.0031261,convex_mesh_per_channel
4,510152,2,13,13,10869.284177,836.0987828462,41251.42090554,309,277,244,5,0,0,0,0,0,0,0,0,0,0.0031228,convex_mesh_per_channel
4,510152,3,13,13,8468.297309,651.4074853077,31886.48656655,309,277,68,6,0,0,0,0,0,0,0,0,0,0.0032346,convex_mesh_per_channel
4,510152,4,13,13,8914.831158,685.7562429231,33624.1558951,299,273,119,4,34,17,34,0,1117.848602015,219.5084661195,0.02219879691426,0.07435880164117,0,0.0139389,convex_mesh_per_channel
4,510152,5,13,13,9135.29494,702.7149953846,34686.47481271,300,276,119,4,34,18,34,0,500.1218223025,86.55958173383,0.008915384112376,0.0418140904786,0,0.0126739,convex_mesh_per_channel
4,510153,0,12,12,6612.966059,551.0805049167,25084.83031257,259,238,1,0,0,0,0,0,0,0,0,0,0,0.0044901,convex_mesh_per_channel
4,510153,1,12,12,6633.573794,552.7978161667,25252.86897628,257,238,0,0,0,0,0,0,0,0,0,0,0,0.0043344,convex_mesh_per_channel
4,510153,2,12,12,7152.673293,596.05610775,27848.36647261,257,238,0,0,0,0,0,0,0,0,0,0,0,0.0044113,convex_mesh_per_channel
4,510153,3,12,12,6612.966059,551.0805049167,25084.83031257,259,238,1,0,0,0,0,0,0,0,0,0,0,0.0043916,convex_mesh_per_channel
4,510153,4,12,12,6612.966059,551.0805049167,25084.83031257,259,238,1,0,33,13,33,0,492.6203583354,105.6714227686,0.01038959883412,0.0282035824947,0,0.0139546,convex_mesh_per_channel
4,510153,5,12,12,6138.720048,511.560004,23073.60023092,247,229,0,0,33,14,33,0,921.634691776,190.1381592897,0.0189052788724,0.05197404812642,0,0.0193265,convex_mesh_per_channel
4,510154,0,10,10,5750.568643,575.0568643,20547.84321447,268,251,0,0,0,0,0,0,0,0,0,0,0,0.0048643,convex_mesh_per_channel
4,510154,1,10,10,5818.392832,581.8392832,20886.96416298,268,251,0,0,0,0,0,0,0,0,0,0,0,0.0049436,convex_mesh_per_channel
4,510154,2,10,10,5908.907798,590.8907798,21339.53898721,268,251,0,0,0,0,0,0,0,0,0,0,0,0.0049867,convex_mesh_per_channel
4,510154,3,10,10,5750.568643,575.0568643,20547.84321447,268,251,0,0,0,0,0,0,0,0,0,0,0,0.0048303,convex_mesh_per_channel
4,510154,4,10,10,5750.568643,575.0568643,20547.84321447,268,251,0,0,31,13,31,0,714.1430840581,196.5257660664,0.02074641286465,0.04111660524116,0,0.0155628,convex_mesh_per_channel
4,510154,5,10,10,5934.880866,593.4880866,21354.40434087,271,256,1,0,31,12,31,0,824.2038957104,274.5682336624,0.02822174603837,0.09647996175433,0,0.0203086,convex_mesh_per_channel
4,510155,0,10,10,7055.997113,705.5997113,25264.98558552,318,300,21,1,0,0,0,0,0,0,0,0,0,0.0027869,convex_mesh_per_channel
4,510155,1,10,10,8401.088681,840.1088681,30415.44339143,318,300,126,2,0,0,0,0,0,0,0,0,0,0.0027456,convex_mesh_per_channel
4,510155,2,10,10,8328.984608,832.8984608,30804.92307984,318,300,76,1,0,0,0,0,0,0,0,0,0,0.0027853,convex_mesh_per_channel
4,510155,3,10,10,7055.997113,705.5997113,25264.98558552,318,300,21,1,0,0,0,0,0,0,0,0,0,0.0027708,convex_mesh_per_channel
4,510155,4,10,10,7055.997113,705.5997113,25264.98558552,318,300,21,1,31,16,31,0,492.7613947558,92.53297075274,0.009779442780985,0.04471925763261,0,0.0096523,convex_mesh_per_channel
4,510155,5,10,10,8082.600755,808.2600755,28893.00384359,339,310,83,2,31,17,31,0,369.1942425119,95.3834347265,0.01015147929447,0.02876131749351,0,0.0094392,convex_mesh_per_channel
4,510156,0,14,14,8171.197459,583.6569613571,32025.98712319,213,175,152,4,0,0,0,0,0,0,0,0,0,0.0093,convex_mesh_per_channel
4,510156,1,14,14,8207.719357,586.2656683571,32758.59663477,209,175,122,3,0,0,0,0,0,0,0,0,0,0.0090903,convex_mesh_per_channel
4,510156,2,14,14,9030.723153,645.0516537857,36533.61559652,213,175,138,4,0,0,0,0,0,0,0,0,0,0.0093604,convex_mesh_per_channel
4,510156,3,14,14,8171.197459,583.6569613571,32025.98712319,213,175,152,4,0,0,0,0,0,0,0,0,0,0.0091626,convex_mesh_per_channel
4,510156,4,14,14,8171.197459,583.6569613571,32025.98712319,213,175,152,4,35,13,35,0,903.5029284566,338.3592259314,0.03245073669377,0.05835947803932,0,0.0276023,convex_mesh_per_channel
4,510156,5,14,14,6854.92572,489.6375514286,27329.62857848,214,186,21,2,35,15,35,0,815.121781583,173.7433158088,0.01512070072496,0.04490682258661,0,0.025851,convex_mesh_per_channel
4,510157,0,12,12,7857.74277,654.8118975,29723.71376305,257,235,111,2,0,0,0,0,0,0,0,0,0,0.0050005,convex_mesh_per_channel
4,510157,1,12,12,8503.601359,708.6334465833,32288.00675273,256,235,157,2,0,0,0,0,0,0,0,0,0,0.0050387,convex_mesh_per_channel
4,510157,2,12,12,8761.491822,730.1243185,33602.45906455,255,235,157,2,0,0,0,0,0,0,0,0,0,0.0050083,convex_mesh_per_channel
4,510157,3,12,12,7857.74277,654.8118975,29723.71376305,257,235,111,2,0,0,0,0,0,0,0,0,0,0.0049378,convex_mesh_per_channel
4,510157,4,12,12,7857.74277,654.8118975,29723.71376305,257,235,111,2,33,13,33,0,864.7880917927,288.9182457665,0.03035028864575,0.06128918313578,0,0.0151136,convex_mesh_per_channel
4,510157,5,12,12,6392.35874,532.6965616667,23971.79372821,246,230,26,1,33,12,33,0,1037.073601515,345.4653424905,0.03147007902066,0.06922175806072,0,0.020309,convex_mesh_per_channel
4,510158,0,10,10,7543.27233,754.327233,27786.36157206,291,259,74,3,0,0,0,0,0,0,0,0,0,0.0047869,convex_mesh_per_channel
4,510158,1,10,10,7811.586087,781.1586087,29157.93036458,291,259,72,3,0,0,0,0,0,0,0,0,0,0.0048019,convex_mesh_per_channel
4,510158,2,10,10,8058.649218,805.8649218,30373.24602313,290,259,75,3,0,0,0,0,0,0,0,0,0,0.0047867,convex_mesh_per_channel
4,510158,3,10,10,7543.27233,754.327233,27786.36157206,291,259,74,3,0,0,0,0,0,0,0,0,0,0.0050082,convex_mesh_per_channel
4,510158,4,10,10,7543.27233,754.327233,27786.36157206,291,259,74,3,31,14,31,0,436.9342198462,125.34881284,0.01224050986819,0.03364252190583,0,0.0155002,convex_mesh_per_channel
4,510158,5,10,10,7127.46353,712.746353,25507.31760189,299,274,69,2,31,13,31,0,575.1043234971,123.1746384694,0.01124609732025,0.04335449871605,0,0.0108196,convex_mesh_per_channel
4,510159,0,16,16,6201.51115,387.594446875,25202.55574717,137,114,94,3,0,0,0,0,0,0,0,0,0,0.0112383,upper_bound_16
4,510159,1,16,16,6319.735617,394.9834760625,25753.67808749,138,114,95,3,0,0,0,0,0,0,0,0,0,0.0111814,upper_bound_16
4,510159,2,16,16,5655.20852,353.4505325,23851.0425999,137,114,2,2,0,0,0,0,0,0,0,0,0,0.0112428,upper_bound_16
4,510159,3,16,16,5121.806713,320.1129195625,20804.03356489,103,84,94,3,0,0,0,0,0,0,0,0,13,0.0099982,upper_bound_16
4,510159,4,16,16,5121.806713,320.1129195625,20804.03356489,103,84,94,3,24,6,24,0,1091.985854717,367.1944351077,0.02841091174585,0.06372684742922,13,0.0283896,upper_bound_16
4,510159,5,16,16,5070.327158,316.895447375,20476.63580102,151,131,3,2,33,9,33,0,1085.000639347,370.4148724764,0.0278833203848,0.05960265955696,4,0.0417262,upper_bound_16
4,510160,0,11,11,7472.838737,679.3489760909,27614.19368912,273,254,92,1,0,0,0,0,0,0,0,0,0,0.0043636,convex_mesh_per_channel
4,510160,1,11,11,7658.232851,696.2029864545,28591.16427163,271,254,92,1,0,0,0,0,0,0,0,0,0,0.0043332,convex_mesh_per_channel
4,510160,2,11,11,8316.093238,756.0084761818,31855.46619134,272,254,92,1,0,0,0,0,0,0,0,0,0,0.004416,convex_mesh_per_channel
4,510160,3,11,11,7472.838737,679.3489760909,27614.19368912,273,254,92,1,0,0,0,0,0,0,0,0,0,0.0044125,convex_mesh_per_channel
4,510160,4,11,11,7472.838737,679.3489760909,27614.19368912,273,254,92,1,32,14,32,0,481.1517998146,104.1569065998,0.01021906333042,0.05031673009698,0,0.0140993,convex_mesh_per_channel
4,510160,5,11,11,7684.405345,698.5823040909,28637.02670332,270,246,102,2,32,12,32,0,715.6337757758,196.6225835302,0.02125160160443,0.07085182958571,0,0.0171194,convex_mesh_per_channel
4,510161,0,12,12,6057.733721,504.8111434167,23173.66861124,230,210,1,0,0,0,0,0,0,0,0,0,0,0.0060731,convex_mesh_per_channel
4,510161,1,12,12,6105.172062,508.7643385,23410.86032926,230,210,1,0,0,0,0,0,0,0,0,0,0,0.0062604,convex_mesh_per_channel
4,510161,2,12,12,6466.879449,538.90662075,25219.39726389,230,210,1,0,0,0,0,0,0,0,0,0,0,0.0061172,convex_mesh_per_channel
4,510161,3,12,12,6057.733721,504.8111434167,23173.66861124,230,210,1,0,0,0,0,0,0,0,0,0,0,0.0062745,convex_mesh_per_channel
4,510161,4,12,12,6067.131895,505.5943245833,22865.65947844,242,224,0,0,33,13,33,0,927.9182958578,239.7396389882,0.02218254219286,0.06114467133639,0,0.0179631,convex_mesh_per_channel
4,510161,5,12,12,6467.380348,538.9483623333,24711.9017587,235,221,23,1,33,13,33,0,856.0203160291,308.2014807712,0.02776415840967,0.05619533170133,0,0.0189931,convex_mesh_per_channel
4,510162,0,13,13,8127.910144,625.2238572308,30924.55079402,259,235,116,5,0,0,0,0,0,0,0,0,0,0.0040504,convex_mesh_per_channel
4,510162,1,13,13,10127.912735,779.0702103846,38289.56382245,260,235,290,5,0,0,0,0,0,0,0,0,0,0.0040259,convex_mesh_per_channel
4,510162,2,13,13,10460.158049,804.6275422308,39975.79038057,259,235,290,5,0,0,0,0,0,0,0,0,0,0.0040492,convex_mesh_per_channel
4,510162,3,13,13,8127.910144,625.2238572308,30924.55079402,259,235,116,5,0,0,0,0,0,0,0,0,0,0.0040011,convex_mesh_per_channel
4,510162,4,13,13,8127.910144,625.2238572308,30924.55079402,259,235,116,5,34,13,34,0,910.7515610593,208.4503734047,0.02048254931485,0.06199061226051,0,0.012323,convex_mesh_per_channel
4,510162,5,13,13,7165.895983,551.2227679231,27389.47996001,255,231,39,3,34,13,34,0,1518.7810257,476.3745805663,0.04122188883551,0.09936398034293,0,0.016944,convex_mesh_per_channel
4,510163,0,16,16,5815.502272,363.468892,23812.51132676,155,129,23,2,0,0,0,0,0,0,0,0,0,0.0118227,upper_bound_16
4,510163,1,16,16,6434.595656,402.1622285,25972.97810891,154,129,87,2,0,0,0,0,0,0,0,0,0,0.0117459,upper_bound_16
4,510163,2,16,16,6579.379347,411.2112091875,26696.89656541,154,129,87,2,0,0,0,0,0,0,0,0,0,0.0118377,upper_bound_16
4,510163,3,16,16,5064.262018,316.516376125,20781.3100613,130,109,23,2,0,0,0,0,0,0,0,0,8,0.0115422,upper_bound_16
4,510163,4,16,16,5064.262018,316.516376125,20781.3100613,130,109,23,2,29,6,29,0,1081.094605383,561.9654865756,0.047530857805,0.07043038203486,8,0.0328641,upper_bound_16
4,510163,5,16,16,6004.006759,375.2504224375,24930.03372601,130,102,62,3,30,6,30,0,1532.763950917,638.9569605131,0.0506569806895,0.08547121003688,7,0.0468612,upper_bound_16
4,510164,0,12,12,6185.387863,515.4489885833,23521.93931306,240,221,0,0,0,0,0,0,0,0,0,0,0,0.006211,convex_mesh_per_channel
4,510164,1,12,12,6460.600105,538.3833420833,24873.00052546,241,221,0,0,0,0,0,0,0,0,0,0,0,0.0062981,convex_mesh_per_channel
4,510164,2,12,12,6653.065406,554.4221171667,25835.32702944,241,221,0,0,0,0,0,0,0,0,0,0,0,0.006089,convex_mesh_per_channel
4,510164,3,12,12,6185.387863,515.4489885833,23521.93931306,240,221,0,0,0,0,0,0,0,0,0,0,0,0.0062389,convex_mesh_per_channel
4,510164,4,12,12,6185.387863,515.4489885833,23521.93931306,240,221,0,0,33,12,33,0,1008.562811732,318.9309094662,0.0297236099709,0.06058814187735,0,0.0186467,convex_mesh_per_channel
4,510164,5,12,12,6328.224356,527.3520296667,24176.12178743,242,220,1,0,33,13,33,0,706.5025679837,252.931717149,0.02245520451617,0.06357774081534,0,0.0230319,convex_mesh_per_channel
4,510165,0,15,15,6827.826037,455.1884024667,27449.13019368,214,187,2,1,0,0,0,0,0,0,0,0,0,0.0071672,convex_mesh_per_channel
4,510165,1,15,15,7740.167944,516.0111962667,31925.83973302,215,187,6,1,0,0,0,0,0,0,0,0,0,0.0069205,convex_mesh_per_channel
4,510165,2,15,15,7861.550926,524.1033950667,32607.75464253,212,187,6,1,0,0,0,0,0,0,0,0,0,0.0069414,convex_mesh_per_channel
4,510165,3,15,15,6827.826037,455.1884024667,27449.13019368,214,187,2,1,0,0,0,0,0,0,0,0,0,0.0070381,convex_mesh_per_channel
4,510165,4,15,15,6827.826037,455.1884024667,27449.13019368,214,187,2,1,36,12,36,0,836.2868841681,301.7566556131,0.03170111364664,0.06692504745236,0,0.0205416,convex_mesh_per_channel
4,510165,5,15,15,6938.992452,462.5994968,27579.96228323,217,182,27,3,36,14,36,0,960.0567358612,340.6324333649,0.03286917784162,0.07460027989507,0,0.0241529,convex_mesh_per_channel
4,510166,0,16,16,7666.030228,479.12688925,30930.15116686,229,198,19,1,0,0,0,0,0,0,0,0,0,0.0055212,upper_bound_16
4,510166,1,16,16,8140.148054,508.759253375,33445.74032133,225,198,16,1,0,0,0,0,0,0,0,0,0,0.0056902,upper_bound_16
4,510166,2,16,16,9180.461464,573.7788415,38552.30736769,227,198,19,1,0,0,0,0,0,0,0,0,0,0.0055139,upper_bound_16
4,510166,3,16,16,7094.354764,443.39717275,28176.77385674,225,194,20,2,0,0,0,0,0,0,0,0,4,0.0054933,upper_bound_16
4,510166,4,16,16,7094.354764,443.39717275,28176.77385674,225,194,20,2,33,10,33,0,956.3786821843,318.9247955791,0.03019660792936,0.1104762082278,4,0.0173908,upper_bound_16
4,510166,5,16,16,8254.644211,515.9152631875,33448.22094705,206,170,95,4,33,10,33,0,761.4283057601,272.8633938487,0.02282176968043,0.05242181069382,4,0.0215427,upper_bound_16
4,510167,0,11,11,7323.327345,665.7570313636,27536.63660927,262,247,68,1,0,0,0,0,0,0,0,0,0,0.004742,convex_mesh_per_channel
4,510167,1,11,11,7680.164348,698.1967589091,29320.82163552,262,247,68,1,0,0,0,0,0,0,0,0,0,0.0047068,convex_mesh_per_channel
4,510167,2,11,11,8259.061554,750.8237776364,32190.30766529,263,247,68,1,0,0,0,0,0,0,0,0,0,0.0048386,convex_mesh_per_channel
4,510167,3,11,11,7323.327345,665.7570313636,27536.63660927,262,247,68,1,0,0,0,0,0,0,0,0,0,0.0047916,convex_mesh_per_channel
4,510167,4,11,11,7323.327345,665.7570313636,27536.63660927,262,247,68,1,32,13,32,0,936.7425557147,318.3507600381,0.0345363528935,0.1070340597436,0,0.014695,convex_mesh_per_channel
4,510167,5,11,11,6698.130745,608.9209768182,24920.65360227,245,230,68,1,32,13,32,0,734.3767880389,201.3400344631,0.0176547479522,0.04581293484018,0,0.0196444,convex_mesh_per_channel
4,510168,0,13,13,10137.753913,779.8272240769,38498.76964847,282,252,237,7,0,0,0,0,0,0,0,0,0,0.0035403,convex_mesh_per_channel
4,510168,1,13,13,9160.779688,704.6753606154,35418.89851671,275,244,131,3,0,0,0,0,0,0,0,0,0,0.0040015,convex_mesh_per_channel
4,510168,2,13,13,9924.27703,763.4059253846,39236.38524333,275,244,131,3,0,0,0,0,0,0,0,0,0,0.0040125,convex_mesh_per_channel
4,510168,3,13,13,10137.753913,779.8272240769,38498.76964847,282,252,237,7,0,0,0,0,0,0,0,0,0,0.0036356,convex_mesh_per_channel
4,510168,4,13,13,10137.753913,779.8272240769,38498.76964847,282,252,237,7,34,16,34,0,818.0847635246,232.7807012136,0.02342871992727,0.05916911120655,0,0.0116247,convex_mesh_per_channel
4,510168,5,13,13,7673.845254,590.2957887692,28654.22624426,287,266,59,2,34,16,34,0,901.359754177,269.0696381876,0.02771410543435,0.06282438705316,0,0.0136212,convex_mesh_per_channel
4,510169,0,12,12,7022.523397,585.2102830833,26812.61698418,261,241,18,1,0,0,0,0,0,0,0,0,0,0.0050242,convex_mesh_per_channel
4,510169,1,12,12,7542.248471,628.5207059167,29386.2423541,262,241,18,1,0,0,0,0,0,0,0,0,0,0.005047,convex_mesh_per_channel
4,510169,2,12,12,7826.437341,652.20311175,30832.18671123,261,241,18,1,0,0,0,0,0,0,0,0,0,0.0050676,convex_mesh_per_channel
4,510169,3,12,12,7022.523397,585.2102830833,26812.61698418,261,241,18,1,0,0,0,0,0,0,0,0,0,0.0050599,convex_mesh_per_channel
4,510169,4,12,12,7022.523397,585.2102830833,26812.61698418,261,241,18,1,33,14,33,0,822.9219142737,156.874981527,0.01533017302318,0.04927441418024,0,0.015847,convex_mesh_per_channel
4,510169,5,12,12,6405.593781,533.79948175,23987.96890972,252,234,18,1,33,13,33,0,1207.359893762,353.5017577208,0.03232853936126,0.09912832900323,0,0.0185939,convex_mesh_per_channel
4,510170,0,14,14,8145.867253,581.8476609286,32039.33628603,228,189,113,5,0,0,0,0,0,0,0,0,0,0.0101759,convex_mesh_per_channel
4,510170,1,14,14,8646.502279,617.6073056429,34407.51145031,222,189,132,4,0,0,0,0,0,0,0,0,0,0.0102252,convex_mesh_per_channel
4,510170,2,14,14,9143.039019,653.0742156429,36890.19514463,222,189,132,4,0,0,0,0,0,0,0,0,0,0.0101208,convex_mesh_per_channel
4,510170,3,14,14,8145.867253,581.8476609286,32039.33628603,228,189,113,5,0,0,0,0,0,0,0,0,0,0.0101623,convex_mesh_per_channel
4,510170,4,14,14,8145.867253,581.8476609286,32039.33628603,228,189,113,5,35,12,35,0,907.3937690079,243.2419812077,0.02819773691994,0.05312164551296,0,0.0304056,convex_mesh_per_channel
4,510170,5,14,14,8321.483646,594.391689,32812.41824509,227,197,119,3,35,14,35,0,802.5956463467,268.8644535736,0.02403196661663,0.05042555556354,0,0.0277586,convex_mesh_per_channel
4,510171,0,12,12,6880.970875,573.4142395833,25724.85437831,276,260,12,1,0,0,0,0,0,0,0,0,0,0.0040606,convex_mesh_per_channel
4,510171,1,12,12,8007.058272,667.254856,30205.29136609,277,260,87,1,0,0,0,0,0,0,0,0,0,0.0040664,convex_mesh_per_channel
4,510171,2,12,12,8219.185812,684.932151,31290.92906358,276,260,87,1,0,0,0,0,0,0,0,0,0,0.0041312,convex_mesh_per_channel
4,510171,3,12,12,6880.970875,573.4142395833,25724.85437831,276,260,12,1,0,0,0,0,0,0,0,0,0,0.0039792,convex_mesh_per_channel
4,510171,4,12,12,6880.970875,573.4142395833,25724.85437831,276,260,12,1,33,16,33,0,727.382777695,134.9281394897,0.01326847462168,0.04025710594274,0,0.0139474,convex_mesh_per_channel
4,510171,5,12,12,6607.386279,550.61552325,25216.93141371,254,234,0,0,33,13,33,0,778.5385987481,329.7618185488,0.03190246947253,0.06715229827401,0,0.0168986,convex_mesh_per_channel
4,510172,0,11,11,6530.471979,593.6792708182,24682.35990019,260,230,3,1,0,0,0,0,0,0,0,0,0,0.0055643,convex_mesh_per_channel
4,510172,1,11,11,7071.340859,642.849169,27191.70431675,266,230,6,2,0,0,0,0,0,0,0,0,0,0.0056182,convex_mesh_per_channel
4,510172,2,11,11,7415.139896,674.1036269091,29125.69949334,258,230,5,1,0,0,0,0,0,0,0,0,0,0.0054575,convex_mesh_per_channel
4,510172,3,11,11,6530.471979,593.6792708182,24682.35990019,260,230,3,1,0,0,0,0,0,0,0,0,0,0.0054479,convex_mesh_per_channel
4,510172,4,11,11,6530.471979,593.6792708182,24682.35990019,260,230,3,1,32,12,32,0,697.8542747081,209.596805113,0.02242828893856,0.0500359730694,0,0.0166123,convex_mesh_per_channel
4,510172,5,11,11,5838.552976,530.7775432727,21927.76487274,235,214,3,1,32,12,32,0,300.2854163533,89.49077126623,0.007546249118979,0.01606099399823,0,0.0214765,convex_mesh_per_channel
4,510173,0,15,15,7844.48719,522.9658126667,30772.43590115,241,215,65,3,0,0,0,0,0,0,0,0,0,0.0057817,convex_mesh_per_channel
4,510173,1,15,15,9654.850013,643.6566675333,37194.2500406,240,215,242,4,0,0,0,0,0,0,0,0,0,0.0056751,convex_mesh_per_channel
4,510173,2,15,15,8663.435333,577.5623555333,34497.17657752,239,215,93,2,0,0,0,0,0,0,0,0,0,0.0057891,convex_mesh_per_channel
4,510173,3,15,15,7844.48719,522.9658126667,30772.43590115,241,215,65,3,0,0,0,0,0,0,0,0,0,0.005734,convex_mesh_per_channel
4,510173,4,15,15,7285.973661,485.7315774,29059.86830877,227,198,22,1,36,12,36,0,1071.056742642,262.9312980473,0.02582976290171,0.06985305369056,0,0.0177846,convex_mesh_per_channel
4,510173,5,15,15,8236.31943,549.087962,31851.59712288,243,210,122,4,36,18,36,0,627.6089408702,151.678134952,0.01379381669426,0.03930903359128,0,0.0209999,convex_mesh_per_channel
4,510174,0,10,10,6068.197731,606.8197731,21990.98866072,273,255,0,0,0,0,0,0,0,0,0,0,0,0.0045659,convex_mesh_per_channel
4,510174,1,10,10,6243.750639,624.3750639,22868.75320969,273,255,0,0,0,0,0,0,0,0,0,0,0,0.0045167,convex_mesh_per_channel
4,510174,2,10,10,6249.620485,624.9620485,22948.10243706,271,255,0,0,0,0,0,0,0,0,0,0,0,0.0045885,convex_mesh_per_channel
4,510174,3,10,10,6068.197731,606.8197731,21990.98866072,273,255,0,0,0,0,0,0,0,0,0,0,0,0.0045229,convex_mesh_per_channel
4,510174,4,10,10,6068.197731,606.8197731,21990.98866072,273,255,0,0,31,13,31,0,932.9846896282,304.8169640741,0.03000858819746,0.06012513778834,0,0.0139404,convex_mesh_per_channel
4,510174,5,10,10,5875.57182,587.557182,21317.85909883,263,247,0,0,31,13,31,0,808.0275875248,268.3494220897,0.02363290122271,0.04457733679863,0,0.0193679,convex_mesh_per_channel
4,510175,0,15,15,6828.309158,455.2206105333,28361.54575171,172,143,26,1,0,0,0,0,0,0,0,0,0,0.0119841,convex_mesh_per_channel
4,510175,1,15,15,7425.46423,495.0309486667,30602.32102554,170,143,79,1,0,0,0,0,0,0,0,0,0,0.0119977,convex_mesh_per_channel
4,510175,2,15,15,7810.518589,520.7012392667,32527.59282764,170,143,79,1,0,0,0,0,0,0,0,0,0,0.0120021,convex_mesh_per_channel
4,510175,3,15,15,6828.309158,455.2206105333,28361.54575171,172,143,26,1,0,0,0,0,0,0,0,0,0,0.0120196,convex_mesh_per_channel
4,510175,4,15,15,6828.309158,455.2206105333,28361.54575171,172,143,26,1,36,13,36,0,1418.570275767,430.5833864792,0.03748553066257,0.0783056823454,0,0.0376341,convex_mesh_per_channel
4,510175,5,15,15,7236.227932,482.4151954667,29866.13954008,162,141,79,1,36,12,36,0,957.0769162375,293.4111773425,0.02321808423154,0.06198036324219,0,0.0390934,convex_mesh_per_channel
4,510176,0,16,16,7597.128948,474.82055925,30720.64471656,222,197,22,1,0,0,0,0,0,0,0,0,0,0.0054079,upper_bound_16
4,510176,1,16,16,8778.361426,548.647589125,35656.80694344,220,197,90,1,0,0,0,0,0,0,0,0,0,0.0055318,upper_bound_16
4,510176,2,16,16,8189.899331,511.8687081875,34109.49666746,217,197,2,0,0,0,0,0,0,0,0,0,0,0.0053297,upper_bound_16
4,510176,3,16,16,7461.174386,466.323399125,30185.87190531,217,193,22,1,0,0,0,0,0,0,0,0,2,0.0054607,upper_bound_16
4,510176,4,16,16,7461.174386,466.323399125,30185.87190531,217,193,22,1,35,13,35,0,815.2272518481,207.0323189839,0.01858764170946,0.05523046716098,2,0.0160941,upper_bound_16
4,510176,5,16,16,6889.734674,430.608417125,27403.67335301,222,192,9,1,35,14,35,0,693.5464078821,306.2359733645,0.02729495683436,0.04363074326351,2,0.0213907,upper_bound_16
4,510177,0,16,16,7287.692282,455.480767625,29293.46126703,158,133,142,3,0,0,0,0,0,0,0,0,0,0.0079358,upper_bound_16
4,510177,1,16,16,7984.314069,499.0196293125,32096.57020623,154,133,194,3,0,0,0,0,0,0,0,0,0,0.0079561,upper_bound_16
4,510177,2,16,16,8784.828814,549.051800875,35994.14393318,157,133,196,3,0,0,0,0,0,0,0,0,0,0.0078675,upper_bound_16
4,510177,3,16,16,6411.622926,400.726432875,25773.11448783,129,106,142,3,0,0,0,0,0,0,0,0,13,0.0065733,upper_bound_16
4,510177,4,16,16,6411.622926,400.726432875,25773.11448783,129,106,142,3,24,7,24,0,670.4420678245,249.9513833466,0.01963431858564,0.0426570748242,13,0.0180846,upper_bound_16
4,510177,5,16,16,7608.230407,475.5144004375,30206.15186823,182,151,142,3,32,9,32,0,356.4043230734,110.1793427775,0.008757866602762,0.0203321979734,5,0.0264652,upper_bound_16
4,510178,0,13,13,6592.265986,507.0973835385,24791.32995471,261,240,8,1,0,0,0,0,0,0,0,0,0,0.0056991,convex_mesh_per_channel
4,510178,1,13,13,6841.722363,526.2863356154,26038.61183745,261,240,8,1,0,0,0,0,0,0,0,0,0,0.0057183,convex_mesh_per_channel
4,510178,2,13,13,7399.238638,569.1722029231,28801.19322007,262,240,8,1,0,0,0,0,0,0,0,0,0,0.0058401,convex_mesh_per_channel
4,510178,3,13,13,6592.265986,507.0973835385,24791.32995471,261,240,8,1,0,0,0,0,0,0,0,0,0,0.0057083,convex_mesh_per_channel
4,510178,4,13,13,6592.265986,507.0973835385,24791.32995471,261,240,8,1,34,16,34,0,673.3433158703,142.9166625617,0.01489878809677,0.03700700910581,0,0.0178652,convex_mesh_per_channel
4,510178,5,13,13,6140.333513,472.3333471538,23841.66757092,220,198,3,1,34,12,34,0,559.0099204099,194.7275028896,0.01609892360086,0.03848217713537,0,0.0236145,convex_mesh_per_channel
4,510179,0,16,16,6804.288781,425.2680488125,27361.44388334,185,150,59,3,0,0,0,0,0,0,0,0,0,0.01112,upper_bound_16
4,510179,1,16,16,7370.148148,460.63425925,29720.74068458,181,150,97,3,0,0,0,0,0,0,0,0,0,0.0110773,upper_bound_16
4,510179,2,16,16,7581.156172,473.82226075,30720.78079165,182,150,99,3,0,0,0,0,0,0,0,0,0,0.0111152,upper_bound_16
4,510179,3,16,16,6804.288781,425.2680488125,27361.44388334,185,150,59,3,0,0,0,0,0,0,0,0,2,0.0110996,upper_bound_16
4,510179,4,16,16,6753.229718,422.076857375,27281.14856501,179,145,59,3,34,11,34,0,1254.015158635,447.0371890136,0.03569269025567,0.06948098922191,3,0.0336374,upper_bound_16
4,510179,5,16,16,7272.435071,454.5271919375,29157.17531831,215,187,33,2,36,13,36,0,767.7517889567,227.7947574564,0.02125008235405,0.06861178768285,1,0.0283688,upper_bound_16
4,510180,0,16,16,6538.768097,408.6730060625,26718.84047745,185,166,8,1,0,0,0,0,0,0,0,0,0,0.0079939,upper_bound_16
4,510180,1,16,16,8399.642619,524.9776636875,33703.21304941,186,166,161,2,0,0,0,0,0,0,0,0,0,0.0079954,upper_bound_16
4,510180,2,16,16,8272.007561,517.0004725625,34100.03775516,186,166,92,1,0,0,0,0,0,0,0,0,0,0.0079305,upper_bound_16
4,510180,3,16,16,6616.869057,413.5543160625,27744.34528864,163,137,12,2,0,0,0,0,0,0,0,0,8,0.0073845,upper_bound_16
4,510180,4,16,16,6616.869057,413.5543160625,27744.34528864,163,137,12,2,29,10,29,0,1011.86115832,411.8872548577,0.03924996552385,0.06635333985566,8,0.0203235,upper_bound_16
4,510180,5,16,16,5412.085407,338.2553379375,22890.42703364,125,105,8,1,26,10,26,0,1067.878377533,308.5448732918,0.02467202541815,0.07493542498391,11,0.0280402,upper_bound_16
4,510181,0,11,11,6241.115338,567.3741216364,23325.57669212,257,236,0,0,0,0,0,0,0,0,0,0,0,0.0064167,convex_mesh_per_channel
4,510181,1,11,11,6426.182072,584.1983701818,24275.91036634,256,236,0,0,0,0,0,0,0,0,0,0,0,0.0063678,convex_mesh_per_channel
4,510181,2,11,11,6438.586409,585.3260371818,24362.93205369,255,236,0,0,0,0,0,0,0,0,0,0,0,0.0063827,convex_mesh_per_channel
4,510181,3,11,11,6241.115338,567.3741216364,23325.57669212,257,236,0,0,0,0,0,0,0,0,0,0,0,0.0063735,convex_mesh_per_channel
4,510181,4,11,11,6241.115338,567.3741216364,23325.57669212,257,236,0,0,32,13,32,0,902.2244806795,333.9577532839,0.03309117377616,0.06707119074162,0,0.019479,convex_mesh_per_channel
4,510181,5,11,11,5908.453846,537.1321678182,21732.26923101,254,237,0,0,32,14,32,0,889.5866876195,336.4020211831,0.03043988692383,0.08131611680369,0,0.0190691,convex_mesh_per_channel
4,510182,0,12,12,7967.74167,663.9784725,29833.70831901,277,250,102,2,0,0,0,0,0,0,0,0,0,0.0049275,convex_mesh_per_channel
4,510182,1,12,12,7942.614377,661.8845314167,29973.07190836,276,250,86,2,0,0,0,0,0,0,0,0,0,0.0049132,convex_mesh_per_channel
4,510182,2,12,12,8314.946513,692.9122094167,32044.73256274,276,250,72,2,0,0,0,0,0,0,0,0,0,0.0048683,convex_mesh_per_channel
4,510182,3,12,12,7967.74167,663.9784725,29833.70831901,277,250,102,2,0,0,0,0,0,0,0,0,0,0.0049317,convex_mesh_per_channel
4,510182,4,12,12,7967.74167,663.9784725,29833.70831901,277,250,102,2,33,16,33,0,480.870250049,142.1813647214,0.01485094137853,0.03421498820571,0,0.0177006,convex_mesh_per_channel
4,510182,5,12,12,7654.782919,637.8985765833,28268.91456237,276,249,104,2,33,15,33,0,849.6514953849,301.7010685786,0.03018742286815,0.05989242293727,0,0.0170895,convex_mesh_per_channel
4,510183,0,10,10,6937.123487,693.7123487,25530.61745049,292,273,16,2,0,0,0,0,0,0,0,0,0,0.003564,convex_mesh_per_channel
4,510183,1,10,10,8640.886756,864.0886756,31409.43383463,292,273,192,2,0,0,0,0,0,0,0,0,0,0.0035985,convex_mesh_per_channel
4,510183,2,10,10,8930.511534,893.0511534,32857.55773575,292,273,192,2,0,0,0,0,0,0,0,0,0,0.0035807,convex_mesh_per_channel
4,510183,3,10,10,6937.123487,693.7123487,25530.61745049,292,273,16,2,0,0,0,0,0,0,0,0,0,0.003539,convex_mesh_per_channel
4,510183,4,10,10,6937.123487,693.7123487,25530.61745049,292,273,16,2,31,15,31,0,425.5991147146,48.48737678586,0.004728781785751,0.02377984310022,0,0.0132942,convex_mesh_per_channel
4,510183,5,10,10,6267.780911,626.7780911,21768.90455572,313,293,2,1,31,16,31,0,543.0685318811,96.11784446123,0.009928581419898,0.06108263747813,0,0.0118568,convex_mesh_per_channel
4,510184,0,11,11,6931.942134,630.1765576364,25774.71062903,266,233,53,3,0,0,0,0,0,0,0,0,0,0.0050629,convex_mesh_per_channel
4,510184,1,11,11,7683.337858,698.4852598182,29021.68917739,266,233,87,3,0,0,0,0,0,0,0,0,0,0.0051624,convex_mesh_per_channel
4,510184,2,11,11,7712.615055,701.1468231818,29178.07516861,265,233,88,3,0,0,0,0,0,0,0,0,0,0.0050452,convex_mesh_per_channel
4,510184,3,11,11,6931.942134,630.1765576364,25774.71062903,266,233,53,3,0,0,0,0,0,0,0,0,0,0.0050713,convex_mesh_per_channel
4,510184,4,11,11,6931.942134,630.1765576364,25774.71062903,266,233,53,3,32,12,32,0,753.0790596331,193.1047895379,0.01819485704556,0.04663032089918,0,0.0154825,convex_mesh_per_channel
4,510184,5,11,11,7396.32767,672.3934245455,27421.63823856,271,244,86,2,32,13,32,0,1108.314717259,462.8257538464,0.04744556150556,0.1110877784671,0,0.0224949,convex_mesh_per_channel
4,510185,0,12,12,6295.599137,524.6332614167,23942.9956779,244,227,0,0,0,0,0,0,0,0,0,0,0,0.0047542,convex_mesh_per_channel
4,510185,1,12,12,6744.293219,562.0244349167,26161.46609586,245,227,0,0,0,0,0,0,0,0,0,0,0,0.0046565,convex_mesh_per_channel
4,510185,2,12,12,6915.475419,576.28961825,27042.37708903,244,227,0,0,0,0,0,0,0,0,0,0,0,0.0046821,convex_mesh_per_channel
4,510185,3,12,12,6295.599137,524.6332614167,23942.9956779,244,227,0,0,0,0,0,0,0,0,0,0,0,0.0046649,convex_mesh_per_channel
4,510185,4,12,12,6295.599137,524.6332614167,23942.9956779,244,227,0,0,33,14,33,0,592.8612833984,165.9735410908,0.01609994328028,0.05374282720368,0,0.0147028,convex_mesh_per_channel
4,510185,5,12,12,6320.302192,526.6918493333,23801.51095283,253,235,0,0,33,14,33,0,841.4929349483,302.1382135084,0.02857686947979,0.06441140876895,0,0.0205865,convex_mesh_per_channel
4,510186,0,11,11,7116.994736,646.9995214545,26854.97365583,259,240,52,2,0,0,0,0,0,0,0,0,0,0.0046737,convex_mesh_per_channel
4,510186,1,11,11,8383.555359,762.1413962727,31542.77670017,260,240,160,2,0,0,0,0,0,0,0,0,0,0.0046218,convex_mesh_per_channel
4,510186,2,11,11,8772.822489,797.5293171818,33539.11235314,258,240,160,2,0,0,0,0,0,0,0,0,0,0.0046104,convex_mesh_per_channel
4,510186,3,11,11,7116.994736,646.9995214545,26854.97365583,259,240,52,2,0,0,0,0,0,0,0,0,0,0.0045826,convex_mesh_per_channel
4,510186,4,11,11,7116.994736,646.9995214545,26854.97365583,259,240,52,2,32,13,32,0,990.880057594,316.7515890183,0.02981477455431,0.0779445545943,0,0.0140457,convex_mesh_per_channel
4,510186,5,11,11,7192.727445,653.8843131818,26373.63721198,288,267,52,2,32,13,32,0,1237.827161234,276.2859285164,0.02941126179859,0.1499928839489,0,0.0139471,convex_mesh_per_channel
4,510187,0,15,15,8171.147119,544.7431412667,32820.73559155,213,185,94,1,0,0,0,0,0,0,0,0,0,0.007898,convex_mesh_per_channel
4,510187,1,15,15,8320.227848,554.6818565333,33601.13923678,211,185,95,1,0,0,0,0,0,0,0,0,0,0.0076336,convex_mesh_per_channel
4,510187,2,15,15,9299.529205,619.9686136667,38487.64603023,212,185,94,1,0,0,0,0,0,0,0,0,0,0.0076972,convex_mesh_per_channel
4,510187,3,15,15,8171.147119,544.7431412667,32820.73559155,213,185,94,1,0,0,0,0,0,0,0,0,0,0.0076735,convex_mesh_per_channel
4,510187,4,15,15,8171.147119,544.7431412667,32820.73559155,213,185,94,1,36,14,36,0,852.9347506769,298.2058527139,0.02992469125338,0.07492892804267,0,0.0237789,convex_mesh_per_channel
4,510187,5,15,15,8043.217246,536.2144830667,31376.08623223,239,198,100,3,36,15,36,0,941.4651855629,356.1277241331,0.03678586224547,0.1021231314847,0,0.0282694,convex_mesh_per_channel
4,510188,0,12,12,6354.229975,529.5191645833,24631.14986983,229,205,6,1,0,0,0,0,0,0,0,0,0,0.006603,convex_mesh_per_channel
4,510188,1,12,12,6678.341568,556.528464,26266.70783895,229,205,5,1,0,0,0,0,0,0,0,0,0,0.006399,convex_mesh_per_channel
4,510188,2,12,12,6763.540004,563.6283336667,26692.70001711,229,205,5,2,0,0,0,0,0,0,0,0,0,0.0066465,convex_mesh_per_channel
4,510188,3,12,12,6354.229975,529.5191645833,24631.14986983,229,205,6,1,0,0,0,0,0,0,0,0,0,0.006444,convex_mesh_per_channel
4,510188,4,12,12,6354.229975,529.5191645833,24631.14986983,229,205,6,1,33,13,33,0,708.8257222829,239.4141809282,0.02158698368528,0.04032961229251,0,0.020604,convex_mesh_per_channel
4,510188,5,12,12,5651.681247,470.97343725,21558.40622115,215,202,1,0,33,12,33,0,841.2732691898,332.9802640695,0.02828159375294,0.05509672704558,0,0.0199545,convex_mesh_per_channel
4,510189,0,10,10,6879.712118,687.9712118,25353.56057525,287,258,22,3,0,0,0,0,0,0,0,0,0,0.0043123,convex_mesh_per_channel
4,510189,1,10,10,8416.293086,841.6293086,31116.46534573,284,258,155,3,0,0,0,0,0,0,0,0,0,0.0042941,convex_mesh_per_channel
4,510189,2,10,10,8212.667318,821.2667318,30883.33650056,288,258,96,3,0,0,0,0,0,0,0,0,0,0.0042909,convex_mesh_per_channel
4,510189,3,10,10,6879.712118,687.9712118,25353.56057525,287,258,22,3,0,0,0,0,0,0,0,0,0,0.0042776,convex_mesh_per_channel
4,510189,4,10,10,6879.712118,687.9712118,25353.56057525,287,258,22,3,31,12,31,0,736.4881088971,220.5403702809,0.02187563423627,0.06668486960079,0,0.0134918,convex_mesh_per_channel
4,510189,5,10,10,6714.111813,671.4111813,24780.55908669,286,257,7,2,31,13,31,0,926.4099780736,307.9972389845,0.02897023719736,0.09290661938322,0,0.0170095,convex_mesh_per_channel
4,510190,0,13,13,6212.721686,477.9016681538,23528.60842723,243,224,1,0,0,0,0,0,0,0,0,0,0,0.0052092,convex_mesh_per_channel
4,510190,1,13,13,6348.413385,488.3394911538,24207.06693226,243,224,1,0,0,0,0,0,0,0,0,0,0,0.0051589,convex_mesh_per_channel
4,510190,2,13,13,6486.283318,498.9448706154,24936.41659937,242,224,0,0,0,0,0,0,0,0,0,0,0,0.0051407,convex_mesh_per_channel
4,510190,3,13,13,6212.721686,477.9016681538,23528.60842723,243,224,1,0,0,0,0,0,0,0,0,0,0,0.0051987,convex_mesh_per_channel
4,510190,4,13,13,6269.355514,482.2581164615,23836.77756886,242,224,1,0,34,14,34,0,644.540206336,173.3336223235,0.01868887969124,0.06945584355153,0,0.0171077,convex_mesh_per_channel
4,510190,5,13,13,5667.967558,435.9975044615,21544.83780218,218,201,1,0,34,12,34,0,394.6120153512,138.5029292763,0.01347892413044,0.03663553012392,0,0.0254965,convex_mesh_per_channel
4,510191,0,12,12,7202.959477,600.2466230833,27354.79739018,281,246,7,2,0,0,0,0,0,0,0,0,0,0.0048828,convex_mesh_per_channel
4,510191,1,12,12,7680.450096,640.037508,30002.25049667,273,246,3,0,0,0,0,0,0,0,0,0,0,0.004819,convex_mesh_per_channel
4,510191,2,12,12,7736.336925,644.69474375,30476.68463379,267,246,0,0,0,0,0,0,0,0,0,0,0,0.004787,convex_mesh_per_channel
4,510191,3,12,12,7202.959477,600.2466230833,27354.79739018,281,246,7,2,0,0,0,0,0,0,0,0,0,0.0048114,convex_mesh_per_channel
4,510191,4,12,12,7202.959477,600.2466230833,27354.79739018,281,246,7,2,33,15,33,0,830.2792386097,255.9485867874,0.02502985734883,0.05180914161836,0,0.0154477,convex_mesh_per_channel
4,510191,5,12,12,7057.775677,588.1479730833,26443.87836421,281,247,19,2,33,14,33,0,809.3274483074,315.1230132121,0.02993903238254,0.07465140552476,0,0.0178851,convex_mesh_per_channel
4,510192,0,13,13,5970.476513,459.2674240769,23652.38256516,200,175,0,0,0,0,0,0,0,0,0,0,0,0.0083711,convex_mesh_per_channel
4,510192,1,13,13,6214.05834,478.0044876923,24870.29171241,200,175,0,0,0,0,0,0,0,0,0,0,0,0.0085159,convex_mesh_per_channel
4,510192,2,13,13,6616.788149,508.9837037692,26908.94073637,199,175,0,0,0,0,0,0,0,0,0,0,0,0.008367,convex_mesh_per_channel
4,510192,3,13,13,5970.476513,459.2674240769,23652.38256516,200,175,0,0,0,0,0,0,0,0,0,0,0,0.0082038,convex_mesh_per_channel
4,510192,4,13,13,5970.476513,459.2674240769,23652.38256516,200,175,0,0,34,12,34,0,790.0797366759,266.5450326923,0.02855689791752,0.05625976812013,0,0.0245582,convex_mesh_per_channel
4,510192,5,13,13,5959.104807,458.3926774615,23185.52404139,213,192,0,0,34,13,34,0,827.6644534586,322.2086154921,0.03067651701065,0.06921262523244,0,0.0278597,convex_mesh_per_channel
4,510193,0,13,13,7696.513161,592.0394739231,28552.56580981,316,266,25,5,0,0,0,0,0,0,0,0,0,0.0034345,convex_mesh_per_channel
4,510193,1,13,13,9373.61498,721.0473061538,34928.07487367,310,266,169,5,0,0,0,0,0,0,0,0,0,0.0034826,convex_mesh_per_channel
4,510193,2,13,13,8452.741723,650.2109017692,32708.708623,310,266,10,3,0,0,0,0,0,0,0,0,0,0.0033903,convex_mesh_per_channel
4,510193,3,13,13,7696.513161,592.0394739231,28552.56580981,316,266,25,5,0,0,0,0,0,0,0,0,0,0.0033521,convex_mesh_per_channel
4,510193,4,13,13,7696.513161,592.0394739231,28552.56580981,316,266,25,5,34,17,34,0,744.6231058585,221.3023327259,0.02354399943621,0.08867976344056,0,0.0132958,convex_mesh_per_channel
4,510193,5,13,13,7127.92407,548.3018515385,25604.62034674,319,281,22,4,34,19,34,0,385.1130215145,30.00768598557,0.003087536226284,0.0218928262933,0,0.0109201,convex_mesh_per_channel
4,510194,0,11,11,6648.030393,604.3663993636,24750.15197807,276,260,1,0,0,0,0,0,0,0,0,0,0,0.003923,convex_mesh_per_channel
4,510194,1,11,11,7132.499574,648.4090521818,27147.49787117,277,260,1,0,0,0,0,0,0,0,0,0,0,0.0039507,convex_mesh_per_channel
4,510194,2,11,11,7291.240457,662.8400415455,27966.20229332,276,260,1,0,0,0,0,0,0,0,0,0,0,0.0039358,convex_mesh_per_channel
4,510194,3,11,11,6648.030393,604.3663993636,24750.15197807,276,260,1,0,0,0,0,0,0,0,0,0,0,0.0039338,convex_mesh_per_channel
4,510194,4,11,11,6648.030393,604.3663993636,24750.15197807,276,260,1,0,32,13,32,0,950.0507380573,305.1310512698,0.02895873174904,0.06782052137059,0,0.0123036,convex_mesh_per_channel
4,510194,5,11,11,6518.108198,592.5552907273,24085.540994,278,256,0,0,32,15,32,0,582.94636996,146.0593967626,0.01397238112478,0.03315001150634,0,0.0144085,convex_mesh_per_channel
4,510195,0,13,13,5997.554544,461.3503495385,23397.77272903,212,193,0,0,0,0,0,0,0,0,0,0,0,0.0076606,convex_mesh_per_channel
4,510195,1,13,13,6139.651301,472.2808693077,24158.25651093,210,193,0,0,0,0,0,0,0,0,0,0,0,0.0075938,convex_mesh_per_channel
4,510195,2,13,13,6424.741743,494.2109033077,25583.70872564,210,193,0,0,0,0,0,0,0,0,0,0,0,0.0077695,convex_mesh_per_channel
4,510195,3,13,13,5997.554544,461.3503495385,23397.77272903,212,193,0,0,0,0,0,0,0,0,0,0,0,0.0075612,convex_mesh_per_channel
4,510195,4,13,13,5997.554544,461.3503495385,23397.77272903,212,193,0,0,34,12,34,0,1129.146505557,372.1279431194,0.03519076007854,0.06778726442245,0,0.0228704,convex_mesh_per_channel
4,510195,5,13,13,5816.145929,447.3958406923,22470.72965896,212,194,1,0,34,12,34,0,826.7030719491,354.9726737518,0.03432797565965,0.07984156956625,0,0.0273295,convex_mesh_per_channel
4,510196,0,15,15,8244.342379,549.6228252667,33331.71187759,243,195,31,5,0,0,0,0,0,0,0,0,0,0.0066826,convex_mesh_per_channel
4,510196,1,15,15,8960.736574,597.3824382667,36273.68287704,229,195,97,3,0,0,0,0,0,0,0,0,0,0.0064271,convex_mesh_per_channel
4,510196,2,15,15,9538.490623,635.8993748667,39412.45311805,222,195,92,2,0,0,0,0,0,0,0,0,0,0.0063878,convex_mesh_per_channel
4,510196,3,15,15,8244.342379,549.6228252667,33331.71187759,243,195,31,5,0,0,0,0,0,0,0,0,0,0.0064127,convex_mesh_per_channel
4,510196,4,15,15,8244.342379,549.6228252667,33331.71187759,243,195,31,5,36,15,36,0,919.1240351978,170.3004129931,0.01715027178135,0.05112631989232,0,0.0201565,convex_mesh_per_channel
4,510196,5,15,15,8083.230118,538.8820078667,32176.15061817,236,198,65,4,36,15,36,0,865.1898693433,319.2746026001,0.02824495008753,0.06956687178137,0,0.0224621,convex_mesh_per_channel
4,510197,0,12,12,6003.407149,500.2839290833,22267.03574915,251,229,2,1,0,0,0,0,0,0,0,0,0,0.0053476,convex_mesh_per_channel
4,510197,1,12,12,5923.488757,493.6240630833,21892.44379306,250,229,2,1,0,0,0,0,0,0,0,0,0,0.0053539,convex_mesh_per_channel
4,510197,2,12,12,6229.442788,519.1202323333,23397.21395237,251,229,2,1,0,0,0,0,0,0,0,0,0,0.0054471,convex_mesh_per_channel
4,510197,3,12,12,6003.407149,500.2839290833,22267.03574915,251,229,2,1,0,0,0,0,0,0,0,0,0,0.0054117,convex_mesh_per_channel
4,510197,4,12,12,6003.407149,500.2839290833,22267.03574915,251,229,2,1,33,13,33,0,825.2355135665,206.2085513286,0.01879707348798,0.0490352713257,0,0.0163922,convex_mesh_per_channel
4,510197,5,12,12,6060.195069,505.01625575,22485.97533317,253,232,2,1,33,13,33,0,421.6648267334,157.8963502401,0.01410413497299,0.02506796771394,0,0.0165491,convex_mesh_per_channel
4,510198,0,14,14,6883.556521,491.6826086429,26982.78259943,217,194,46,1,0,0,0,0,0,0,0,0,0,0.0097539,convex_mesh_per_channel
4,510198,1,14,14,7292.053445,520.8609603571,28925.26721052,215,194,56,1,0,0,0,0,0,0,0,0,0,0.0094633,convex_mesh_per_channel
4,510198,2,14,14,7485.430789,534.6736277857,29917.15393029,214,194,56,1,0,0,0,0,0,0,0,0,0,0.0094684,convex_mesh_per_channel
4,510198,3,14,14,6883.556521,491.6826086429,26982.78259943,217,194,46,1,0,0,0,0,0,0,0,0,0,0.0095417,convex_mesh_per_channel
4,510198,4,14,14,6883.556521,491.6826086429,26982.78259943,217,194,46,1,35,14,35,0,1161.659214835,337.0417387244,0.03514641187253,0.06811308379309,0,0.028348,convex_mesh_per_channel
4,510198,5,14,14,6093.959639,435.2828313571,23539.7981929,223,198,1,1,35,14,35,0,571.3500882966,203.721182128,0.01845168807666,0.03968152366535,0,0.0244424,convex_mesh_per_channel
4,510199,0,11,11,6543.156532,594.832412,24695.78266071,261,238,2,0,0,0,0,0,0,0,0,0,0,0.0047369,convex_mesh_per_channel
4,510199,1,11,11,6957.400707,632.4909733636,26822.00354044,260,238,0,0,0,0,0,0,0,0,0,0,0,0.0048494,convex_mesh_per_channel
4,510199,2,11,11,7069.783343,642.7075766364,27408.91671972,259,238,0,0,0,0,0,0,0,0,0,0,0,0.0049143,convex_mesh_per_channel
4,510199,3,11,11,6543.156532,594.832412,24695.78266071,261,238,2,0,0,0,0,0,0,0,0,0,0,0.0047509,convex_mesh_per_channel
4,510199,4,11,11,6475.116988,588.6469989091,24240.58493395,265,241,2,0,32,14,32,0,1086.298145009,314.5965910122,0.03076360365032,0.06428294376805,0,0.0158662,convex_mesh_per_channel
4,510199,5,11,11,6151.709868,559.2463516364,22863.54934682,256,229,5,2,32,12,32,0,925.7060920919,353.0096175783,0.03599571871375,0.1081666149984,0,0.018161,convex_mesh_per_channel
4,510200,0,16,16,5668.609414,354.288088375,23013.04707816,167,145,2,1,0,0,0,0,0,0,0,0,0,0.0093126,upper_bound_16
4,510200,1,16,16,6166.107344,385.381709,25475.53671911,168,145,2,1,0,0,0,0,0,0,0,0,0,0.0092925,upper_bound_16
4,510200,2,16,16,6533.799783,408.3624864375,27313.99891176,168,145,2,1,0,0,0,0,0,0,0,0,0,0.0092992,upper_bound_16
4,510200,3,16,16,5668.609414,354.288088375,23013.04707816,167,145,2,1,0,0,0,0,0,0,0,0,3,0.0093998,upper_bound_16
4,510200,4,16,16,5668.609414,354.288088375,23013.04707816,167,145,2,1,34,10,34,0,707.3320392915,285.2921158426,0.02540258358747,0.06139640007715,3,0.0275356,upper_bound_16
4,510200,5,16,16,5283.610494,330.225655875,22268.05247309,127,109,2,1,28,5,28,0,1104.871280866,447.6181285046,0.03193940701775,0.05867919906847,9,0.03806,upper_bound_16
