case_id,problem,seed,n,nd,nb,geometry,radius,error,outward,eigen_ratio,method,cleared,time_s,avg_s,move_m,measures,switches,miss,fallbacks,runtime_s,certificate
0,3,710001,10,0,0,0,1000,0,0,0.6326084074353,0,10,3201.043049,320.1043049,12675.21525949,104,96,0,1,0.0006305,seven_point_per_channel
0,3,710001,10,0,0,0,1000,0,0,0.6326084074353,5,10,3380.215384,338.0215384,13201.07693581,116,110,0,1,0.0005637,seven_point_per_channel
1,3,710002,10,0,0,0,1250,1,1,0.549592005477,0,10,3431.487275,343.1487275,13422.43637848,115,101,7,1,0.0005494,seven_point_per_channel
1,3,710002,10,0,0,0,1250,1,1,0.549592005477,5,10,3145.561197,314.5561197,12112.80598585,111,100,6,0,0.004065,seven_point_per_channel
2,3,710003,10,0,0,0,1500,2,0,0.05396707613543,0,10,3393.93728,339.393728,13629.68641334,103,88,5,1,0.0010208,seven_point_per_channel
2,3,710003,10,0,0,0,1500,2,0,0.05396707613543,5,10,3238.217285,323.8217285,12711.08642892,106,92,8,0,0.0034751,seven_point_per_channel
3,3,710004,10,0,0,0,1000,3,1,0.7338767349972,0,10,3980.348584,398.0348584,15991.74292286,123,117,0,0,0.0002862,seven_point_per_channel
3,3,710004,10,0,0,0,1000,3,1,0.7338767349972,5,10,3905.803494,390.5803494,15709.01747529,119,113,2,0,0.0005304,seven_point_per_channel
4,3,710005,10,0,0,0,1250,4,0,0.6963526050572,0,10,2972.287268,297.2287268,11411.43634405,106,101,3,0,0.0004991,seven_point_per_channel
4,3,710005,10,0,0,0,1250,4,0,0.6963526050572,5,10,2956.464488,295.6464488,11427.32244273,103,97,3,0,0.0042902,seven_point_per_channel
5,3,710006,10,0,0,0,1500,0,1,0.6448701113959,0,10,2838.587266,283.8587266,10947.93633204,100,93,2,0,0.0008358,seven_point_per_channel
5,3,710006,10,0,0,0,1500,0,1,0.6448701113959,5,10,2750.787157,275.0787157,10583.93578275,98,91,1,0,0.0033187,seven_point_per_channel
6,3,710007,10,0,0,0,1000,1,0,0.5059156006044,0,10,3315.597167,331.5597167,13152.98583728,106,96,3,0,0.0006342,seven_point_per_channel
6,3,710007,10,0,0,0,1000,1,0,0.5059156006044,5,10,3239.444219,323.9444219,12797.22109695,105,96,3,0,0.003983,seven_point_per_channel
7,3,710008,10,0,0,0,1250,2,1,0.4343230046055,0,10,3087.540827,308.7540827,12062.70414276,103,95,5,0,0.0006223,seven_point_per_channel
7,3,710008,10,0,0,0,1250,2,1,0.4343230046055,5,10,2992.094691,299.2094691,11090.47344662,119,105,8,2,0.0026236,seven_point_per_channel
8,3,710009,10,0,0,0,1500,3,0,0.4728592350419,0,10,2387.495817,238.7495817,8822.479089302,97,88,0,0,0.0010088,seven_point_per_channel
8,3,710009,10,0,0,0,1500,3,0,0.4728592350419,5,10,2494.57735,249.457735,9402.88676071,95,89,0,0,0.0038173,seven_point_per_channel
9,3,710010,10,0,0,0,1000,4,1,0.3820569010483,0,10,3557.132864,355.7132864,14135.66432763,113,106,3,0,0.0004222,seven_point_per_channel
9,3,710010,10,0,0,0,1000,4,1,0.3820569010483,5,10,3555.765269,355.5765269,14063.82636124,115,106,4,0,0.0010531,seven_point_per_channel
10,3,710011,10,0,0,0,1250,0,0,0.4199180751159,0,10,2687.847064,268.7847064,10249.23532,99,93,0,0,0.0009167,seven_point_per_channel
10,3,710011,10,0,0,0,1250,0,0,0.4199180751159,5,10,2692.308553,269.2308553,10466.54277268,92,89,0,0,0.0037875,seven_point_per_channel
11,3,710012,10,0,0,0,1500,1,1,0.4293456956145,0,10,3190.134122,319.0134122,12485.67062433,106,95,6,0,0.0006414,seven_point_per_channel
11,3,710012,10,0,0,0,1500,1,1,0.4293456956145,5,10,3205.46333,320.546333,12447.31666571,108,96,10,0,0.0038411,seven_point_per_channel
12,3,710013,10,0,0,0,1000,2,0,0.5027409059887,0,10,2966.392928,296.6392928,11281.96464048,109,100,5,1,0.0006045,seven_point_per_channel
12,3,710013,10,0,0,0,1000,2,0,0.5027409059887,5,10,2899.330071,289.9330071,11086.65035235,104,94,6,0,0.0031771,seven_point_per_channel
13,3,710014,10,0,0,0,1250,3,1,0.428180998498,0,10,3044.810993,304.4810993,11894.05497855,104,96,0,0,0.0005751,seven_point_per_channel
13,3,710014,10,0,0,0,1250,3,1,0.428180998498,5,10,3080.802605,308.0802605,12009.01303758,106,96,1,0,0.0033935,seven_point_per_channel
14,3,710015,10,0,0,0,1500,4,0,0.3815010781838,0,10,2832.537635,283.2537635,10837.68818815,102,90,5,0,0.0008968,seven_point_per_channel
14,3,710015,10,0,0,0,1500,4,0,0.3815010781838,5,10,2953.917491,295.3917491,11149.58746162,110,94,10,1,0.003061,seven_point_per_channel
15,3,710016,10,0,0,0,1000,0,1,0.3969039149108,0,10,3409.815251,340.9815251,13519.07624957,110,106,0,0,0.0004244,seven_point_per_channel
15,3,710016,10,0,0,0,1000,0,1,0.3969039149108,5,10,3622.527632,362.2527632,14607.63815549,109,106,0,0,0.0013043,seven_point_per_channel
16,3,710017,10,0,0,0,1250,1,0,0.4167762821667,0,10,3554.56042,355.456042,14297.80210324,107,98,4,0,0.0005391,seven_point_per_channel
16,3,710017,10,0,0,0,1250,1,0,0.4167762821667,5,10,2889.303207,288.9303207,10881.51603652,110,101,4,0,0.0034729,seven_point_per_channel
17,3,710018,10,0,0,0,1500,2,1,0.6898388896456,0,10,2941.432691,294.1432691,11437.1634649,100,89,5,0,0.0008782,seven_point_per_channel
17,3,710018,10,0,0,0,1500,2,1,0.6898388896456,5,10,3022.68966,302.268966,11878.44829879,98,89,6,0,0.0037972,seven_point_per_channel
18,3,710019,10,0,0,0,1000,3,0,0.4585680081168,0,10,3932.415766,393.2415766,15992.07885067,115,109,0,0,0.0003853,seven_point_per_channel
18,3,710019,10,0,0,0,1000,3,0,0.4585680081168,5,10,4029.534871,402.9534871,16187.67437441,125,117,0,0,0.0005094,seven_point_per_channel
19,3,710020,10,0,0,0,1250,4,1,0.2662659992584,0,10,3387.75213,338.775213,13453.76064121,107,97,5,0,0.0006847,seven_point_per_channel
19,3,710020,10,0,0,0,1250,4,1,0.2662659992584,5,10,2872.263168,287.2263168,10801.3158226,110,100,4,0,0.0028364,seven_point_per_channel
20,3,710021,10,0,0,0,1500,0,0,0.5060887066123,0,10,2651.945559,265.1945559,10169.72778451,96,88,0,0,0.0009085,seven_point_per_channel
20,3,710021,10,0,0,0,1500,0,0,0.5060887066123,5,10,2629.384553,262.9384553,10111.92277075,94,87,0,0,0.003479,seven_point_per_channel
21,3,710022,10,0,0,0,1000,1,1,0.3598352584465,0,10,3759.942662,375.9942662,14834.71332267,123,113,5,0,0.0004285,seven_point_per_channel
21,3,710022,10,0,0,0,1000,1,1,0.3598352584465,5,10,3608.439411,360.8439411,14352.19706463,114,103,5,0,0.0020839,seven_point_per_channel
22,3,710023,10,0,0,0,1250,2,0,0.430398878296,0,10,3100.11429,310.011429,11790.57144615,114,101,7,2,0.0005382,seven_point_per_channel
22,3,710023,10,0,0,0,1250,2,0,0.430398878296,5,10,3579.379509,357.9379509,14181.89753813,113,101,9,1,0.0031706,seven_point_per_channel
23,3,710024,10,0,0,0,1500,3,1,0.6152077467785,0,10,3031.816497,303.1816497,12014.08248894,97,91,1,0,0.0008274,seven_point_per_channel
23,3,710024,10,0,0,0,1500,3,1,0.6152077467785,5,10,2696.498488,269.6498488,10367.49244876,96,90,1,0,0.0033267,seven_point_per_channel
24,3,710025,10,0,0,0,1000,4,0,0.6165358890197,0,10,3749.585087,374.9585087,14957.92543281,117,111,4,0,0.0003822,seven_point_per_channel
24,3,710025,10,0,0,0,1000,4,0,0.6165358890197,5,10,3826.191691,382.6191691,15290.95845897,119,111,4,0,0.000574,seven_point_per_channel
25,3,710026,10,0,0,0,1250,0,1,0.4963842964084,0,10,3545.28636,354.528636,13856.43180931,122,114,0,0,0.0003624,seven_point_per_channel
25,3,710026,10,0,0,0,1250,0,1,0.4963842964084,5,10,3226.875292,322.6875292,12764.37645734,105,99,0,0,0.0028177,seven_point_per_channel
26,3,710027,10,0,0,0,1500,1,0,0.5706719798844,0,10,2820.597551,282.0597551,10862.98775821,100,89,3,0,0.0010232,seven_point_per_channel
26,3,710027,10,0,0,0,1500,1,0,0.5706719798844,5,10,2790.445339,279.0445339,10517.22667442,105,94,6,0,0.0032205,seven_point_per_channel
27,3,710028,10,0,0,0,1000,2,1,0.5639329911322,0,10,3189.926064,318.9926064,12344.63032659,112,102,3,0,0.0004436,seven_point_per_channel
27,3,710028,10,0,0,0,1000,2,1,0.5639329911322,5,10,3349.613907,334.9613907,13078.06954538,113,107,4,0,0.0016446,seven_point_per_channel
28,3,710029,10,0,0,0,1250,3,0,0.6480374724581,0,10,3290.975852,329.0975852,13134.87926438,104,91,1,1,0.0007189,seven_point_per_channel
28,3,710029,10,0,0,0,1250,3,0,0.6480374724581,5,10,3310.94695,331.094695,13039.73474874,109,102,2,0,0.002881,seven_point_per_channel
29,3,710030,10,0,0,0,1500,4,1,0.8451681654915,0,10,3071.738704,307.1738704,11718.69352576,111,96,9,1,0.0007553,seven_point_per_channel
29,3,710030,10,0,0,0,1500,4,1,0.8451681654915,5,10,2942.533403,294.2533403,11047.6670181,112,96,9,1,0.0029902,seven_point_per_channel
30,3,710031,10,0,0,1,1000,0,0,7.255336603033e-05,0,10,3623.977547,362.3977547,14964.88774113,98,91,0,1,0.0007054,seven_point_per_channel
30,3,710031,10,0,0,1,1000,0,0,7.255336603033e-05,5,10,3952.952634,395.2952634,16014.76317106,117,112,1,0,0.001196,seven_point_per_channel
31,3,710032,10,0,0,1,1250,1,1,4.57655208805e-05,0,10,3402.026319,340.2026319,13510.13159911,109,102,1,0,0.0004469,seven_point_per_channel
31,3,710032,10,0,0,1,1250,1,1,4.57655208805e-05,5,10,3032.086886,303.2086886,11620.43443159,109,101,4,0,0.0029251,seven_point_per_channel
32,3,710033,10,0,0,1,1500,2,0,1.421657896788e-05,0,10,3736.509957,373.6509957,15412.54977692,101,90,3,0,0.0007126,seven_point_per_channel
32,3,710033,10,0,0,1,1500,2,0,1.421657896788e-05,5,10,3566.727931,356.6727931,14493.63964254,103,91,4,0,0.0034776,seven_point_per_channel
33,3,710034,10,0,0,1,1000,3,1,5.293614034625e-05,0,10,3453.154165,345.3154165,13655.77082794,113,107,0,0,0.0004331,seven_point_per_channel
33,3,710034,10,0,0,1,1000,3,1,5.293614034625e-05,5,10,3370.464238,337.0464238,13442.32119495,106,102,0,0,0.0026336,seven_point_per_channel
34,3,710035,10,0,0,1,1250,4,0,7.500523244265e-05,0,10,3560.157541,356.0157541,14565.78769744,100,94,1,0,0.0004611,seven_point_per_channel
34,3,710035,10,0,0,1,1250,4,0,7.500523244265e-05,5,10,3304.9119,330.49119,12949.55949701,110,100,5,0,0.0026202,seven_point_per_channel
35,3,710036,10,0,0,1,1500,0,1,7.380018267416e-05,0,10,3404.330489,340.4330489,13966.65245339,94,91,0,0,0.0006221,seven_point_per_channel
35,3,710036,10,0,0,1,1500,0,1,7.380018267416e-05,5,10,3357.922695,335.7922695,13589.61348367,99,95,0,0,0.0029177,seven_point_per_channel
36,3,710037,10,0,0,1,1000,1,0,8.781963805203e-05,0,10,3543.431853,354.3431853,14307.15927056,105,98,3,0,0.0004081,seven_point_per_channel
36,3,710037,10,0,0,1,1000,1,0,8.781963805203e-05,5,10,4101.622945,410.1622945,16498.1147156,124,111,7,1,0.0008943,seven_point_per_channel
37,3,710038,10,0,0,1,1250,2,1,8.262871034818e-05,0,10,3757.33708,375.733708,15021.68539277,116,102,7,1,0.0005359,seven_point_per_channel
37,3,710038,10,0,0,1,1250,2,1,8.262871034818e-05,5,10,3022.293065,302.2293065,11791.46532608,101,91,6,0,0.0054702,seven_point_per_channel
38,3,710039,10,0,0,1,1500,3,0,5.701718783647e-05,0,10,3770.619052,377.0619052,15763.09526289,96,88,0,0,0.0007105,seven_point_per_channel
38,3,710039,10,0,0,1,1500,3,0,5.701718783647e-05,5,10,3553.487364,355.3487364,14617.43683112,98,90,0,0,0.0040054,seven_point_per_channel
39,3,710040,10,0,0,1,1000,4,1,8.16102069509e-05,0,10,3531.487121,353.1487121,14147.43560209,109,101,2,0,0.0004137,seven_point_per_channel
39,3,710040,10,0,0,1,1000,4,1,8.16102069509e-05,5,10,3358.547931,335.8547931,13132.73965618,114,109,1,0,0.0008053,seven_point_per_channel
40,3,710041,10,0,0,1,1250,0,0,5.473954776647e-05,0,10,3524.973176,352.4973176,14224.86588814,106,100,0,0,0.0004625,seven_point_per_channel
40,3,710041,10,0,0,1,1250,0,0,5.473954776647e-05,5,10,2937.32927,293.732927,11276.64634048,106,102,0,0,0.0033118,seven_point_per_channel
41,3,710042,10,0,0,1,1500,1,1,6.172054699702e-05,0,10,4266.532724,426.6532724,18212.66363887,97,86,1,0,0.0008504,seven_point_per_channel
41,3,710042,10,0,0,1,1500,1,1,6.172054699702e-05,5,10,3869.56469,386.956469,16017.82345632,103,92,3,0,0.0038624,seven_point_per_channel
42,3,710043,10,0,0,1,1000,2,0,3.758784489882e-05,0,10,3568.844546,356.8844546,14464.22273975,104,97,3,0,0.000505,seven_point_per_channel
42,3,710043,10,0,0,1,1000,2,0,3.758784489882e-05,5,10,3424.631776,342.4631776,13308.15889649,118,108,5,0,0.0015204,seven_point_per_channel
43,3,710044,10,0,0,1,1250,3,1,6.579664707738e-05,0,10,3494.444339,349.4444339,13912.22168094,111,107,0,0,0.0003904,seven_point_per_channel
43,3,710044,10,0,0,1,1250,3,1,6.579664707738e-05,5,10,2915.014752,291.5014752,11160.07375688,106,103,0,0,0.0025602,seven_point_per_channel
44,3,710045,10,0,0,1,1500,4,0,0.0001119773743342,0,10,3731.800499,373.1800499,15509.00249138,97,86,3,0,0.000729,seven_point_per_channel
44,3,710045,10,0,0,1,1500,4,0,0.0001119773743342,5,10,3563.999027,356.3999027,14604.99514523,98,88,5,0,0.004075,seven_point_per_channel
45,3,710046,10,0,0,1,1000,0,1,0.0001297118302101,0,10,3842.502308,384.2502308,15412.51154527,119,115,0,0,0.0003507,seven_point_per_channel
45,3,710046,10,0,0,1,1000,0,1,0.0001297118302101,5,10,3523.063401,352.3063401,14120.31700241,109,104,0,0,0.0023842,seven_point_per_channel
46,3,710047,10,0,0,1,1250,1,0,6.392304525647e-05,0,10,2889.149697,288.9149697,10940.74849156,109,103,1,0,0.0003816,seven_point_per_channel
46,3,710047,10,0,0,1,1250,1,0,6.392304525647e-05,5,10,2936.782935,293.6782935,11173.914676,109,104,1,0,0.000822,seven_point_per_channel
47,3,710048,10,0,0,1,1500,2,1,7.612433456728e-05,0,10,3801.015406,380.1015406,15760.07703323,100,90,3,1,0.0006894,seven_point_per_channel
47,3,710048,10,0,0,1,1500,2,1,7.612433456728e-05,5,10,3419.791256,341.9791256,13943.95627275,98,88,1,0,0.0042563,seven_point_per_channel
48,3,710049,10,0,0,1,1000,3,0,8.716668349429e-05,0,10,3721.895963,372.1895963,15379.47980892,100,96,0,0,0.000526,seven_point_per_channel
48,3,710049,10,0,0,1,1000,3,0,8.716668349429e-05,5,10,3909.739446,390.9739446,16048.69722784,109,105,0,0,0.0027159,seven_point_per_channel
49,3,710050,10,0,0,1,1250,4,1,0.0001882878217,0,10,3338.858279,333.8858279,13439.29139759,101,93,1,0,0.0005757,seven_point_per_channel
49,3,710050,10,0,0,1,1250,4,1,0.0001882878217,5,10,3082.986453,308.2986453,11709.93226799,115,107,3,0,0.0015147,seven_point_per_channel
50,3,710051,10,0,0,1,1500,0,0,9.544569556369e-05,0,10,4154.607659,415.4607659,17413.03829192,104,90,4,0,0.0006526,seven_point_per_channel
50,3,710051,10,0,0,1,1500,0,0,9.544569556369e-05,5,10,3703.889911,370.3889911,15204.4495538,102,88,5,0,0.0046144,seven_point_per_channel
51,3,710052,10,0,0,1,1000,1,1,5.182722876994e-05,0,10,4114.53833,411.453833,16792.69165225,116,105,7,0,0.0004076,seven_point_per_channel
51,3,710052,10,0,0,1,1000,1,1,5.182722876994e-05,5,10,3819.572693,381.9572693,15002.86347387,127,116,6,0,0.000682,seven_point_per_channel
52,3,710053,10,0,0,1,1250,2,0,0.0001576120299851,0,10,2943.662662,294.3662662,11548.31331083,98,91,1,0,0.0008092,seven_point_per_channel
52,3,710053,10,0,0,1,1250,2,0,0.0001576120299851,5,10,2733.245302,273.3245302,10356.22650845,101,92,5,0,0.0037008,seven_point_per_channel
53,3,710054,10,0,0,1,1500,3,1,8.007596339797e-05,0,10,3950.560377,395.0560377,16672.80188215,96,86,0,0,0.0010224,seven_point_per_channel
53,3,710054,10,0,0,1,1500,3,1,8.007596339797e-05,5,10,3906.506214,390.6506214,16442.53108322,96,88,0,0,0.0041662,seven_point_per_channel
54,3,710055,10,0,0,1,1000,4,0,4.522494589992e-05,0,10,3378.001216,337.8001216,13710.00607791,98,93,1,0,0.0004575,seven_point_per_channel
54,3,710055,10,0,0,1,1000,4,0,4.522494589992e-05,5,10,3112.852222,311.2852222,12189.26111008,104,96,3,0,0.0043499,seven_point_per_channel
55,3,710056,10,0,0,1,1250,0,1,3.340080691255e-05,0,10,3849.433662,384.9433662,16097.1683124,98,90,0,0,0.0006191,seven_point_per_channel
55,3,710056,10,0,0,1,1250,0,1,3.340080691255e-05,5,10,3413.933167,341.3933167,13914.66583597,98,91,0,0,0.0033519,seven_point_per_channel
56,3,710057,10,0,0,1,1500,1,0,9.714448332125e-05,0,10,3952.527015,395.2527015,16502.6350687,101,91,2,0,0.0006882,seven_point_per_channel
56,3,710057,10,0,0,1,1500,1,0,9.714448332125e-05,5,10,3483.317724,348.3317724,14206.588614,100,89,1,0,0.0039147,seven_point_per_channel
57,3,710058,10,0,0,1,1000,2,1,5.503470663918e-05,0,10,3954.856543,395.4856543,16134.28273446,112,103,5,0,0.0003947,seven_point_per_channel
57,3,710058,10,0,0,1,1000,2,1,5.503470663918e-05,5,10,4324.89429,432.489429,17444.47146642,130,118,6,0,0.0004336,seven_point_per_channel
58,3,710059,10,0,0,1,1250,3,0,7.019204919548e-05,0,10,3890.719169,389.0719169,16253.59584624,99,95,0,0,0.0004988,seven_point_per_channel
58,3,710059,10,0,0,1,1250,3,0,7.019204919548e-05,5,10,3693.602825,369.3602825,15123.01412909,103,98,2,0,0.0027933,seven_point_per_channel
59,3,710060,10,0,0,1,1500,4,1,5.29777707404e-05,0,10,3958.991123,395.8991123,16604.95561723,99,90,1,0,0.0005881,seven_point_per_channel
59,3,710060,10,0,0,1,1500,4,1,5.29777707404e-05,5,10,3748.205566,374.8205566,15506.02782418,100,88,3,0,0.0040987,seven_point_per_channel
60,3,710061,10,0,0,2,1000,0,0,0.4889677593895,0,10,3125.532123,312.5532123,12677.66060238,91,85,0,0,0.0007736,seven_point_per_channel
60,3,710061,10,0,0,2,1000,0,0,0.4889677593895,5,10,2542.109204,254.2109204,9760.546024829,91,85,0,0,0.0043663,seven_point_per_channel
61,3,710062,10,0,0,2,1250,1,1,0.5742725543223,0,10,2972.848353,297.2848353,11879.24176363,92,84,1,0,0.0006497,seven_point_per_channel
61,3,710062,10,0,0,2,1250,1,1,0.5742725543223,5,10,2624.961233,262.4961233,10119.80616339,92,85,2,0,0.0041695,seven_point_per_channel
62,3,710063,10,0,0,2,1500,2,0,0.0833952924787,0,10,3172.551717,317.2551717,12847.7585966,93,85,1,1,0.0006487,seven_point_per_channel
62,3,710063,10,0,0,2,1500,2,0,0.0833952924787,5,10,2742.717322,274.2717322,10623.5866009,95,84,3,0,0.004583,seven_point_per_channel
63,3,710064,10,0,0,2,1000,3,1,0.1221868885692,0,10,3151.731613,315.1731613,12808.65806599,91,85,0,0,0.000603,seven_point_per_channel
63,3,710064,10,0,0,2,1000,3,1,0.1221868885692,5,10,2622.174528,262.2174528,10110.87264201,93,85,0,0,0.0041646,seven_point_per_channel
64,3,710065,10,0,0,2,1250,4,0,0.634371576046,0,10,3129.556391,312.9556391,12687.78195486,91,84,1,0,0.0006233,seven_point_per_channel
64,3,710065,10,0,0,2,1250,4,0,0.634371576046,5,10,2542.894026,254.2894026,9709.470132057,92,85,2,0,0.0046366,seven_point_per_channel
65,3,710066,10,0,0,2,1500,0,1,0.228622862803,0,10,3155.425425,315.5425425,12827.12713167,91,85,0,0,0.0006318,seven_point_per_channel
65,3,710066,10,0,0,2,1500,0,1,0.228622862803,5,10,2733.07384,273.307384,10715.3691973,91,85,0,0,0.0048182,seven_point_per_channel
66,3,710067,10,0,0,2,1000,1,0,0.3826843961818,0,10,3056.555343,305.6555343,12297.77672221,92,84,1,0,0.0006454,seven_point_per_channel
66,3,710067,10,0,0,2,1000,1,0,0.3826843961818,5,10,2633.790908,263.3790908,10178.9545312,92,85,1,0,0.0045484,seven_point_per_channel
67,3,710068,10,0,0,2,1250,2,1,0.3861684161523,0,10,3091.6574,309.16574,12508.28699836,91,85,0,0,0.0006242,seven_point_per_channel
67,3,710068,10,0,0,2,1250,2,1,0.3861684161523,5,10,2592.106817,259.2106817,9840.534090818,96,85,3,1,0.0045966,seven_point_per_channel
68,3,710069,10,0,0,2,1500,3,0,0.1942109463943,0,10,2982.455248,298.2455248,11967.27623534,91,84,0,0,0.0007156,seven_point_per_channel
68,3,710069,10,0,0,2,1500,3,0,0.1942109463943,5,10,2723.958888,272.3958888,10669.79444038,91,85,0,0,0.0044109,seven_point_per_channel
69,3,710070,10,0,0,2,1000,4,1,0.238721520084,0,10,3147.062193,314.7062193,12815.31095102,90,84,0,0,0.0006306,seven_point_per_channel
69,3,710070,10,0,0,2,1000,4,1,0.238721520084,5,10,2866.736977,286.6736977,11263.68487569,94,85,3,0,0.0044694,seven_point_per_channel
70,3,710071,10,0,0,2,1250,0,0,0.6557238735627,0,10,2909.049829,290.9049829,11595.24914899,91,85,0,0,0.0006447,seven_point_per_channel
70,3,710071,10,0,0,2,1250,0,0,0.6557238735627,5,10,2759.244963,275.9244963,10871.22482475,90,85,0,0,0.0039203,seven_point_per_channel
71,3,710072,10,0,0,2,1500,1,1,0.1165533462337,0,10,3266.516226,326.6516226,13372.58114104,91,84,1,0,0.0006008,seven_point_per_channel
71,3,710072,10,0,0,2,1500,1,1,0.1165533462337,5,10,2731.318193,273.1318193,10456.59096367,98,85,5,0,0.0045705,seven_point_per_channel
72,3,710073,10,0,0,2,1000,2,0,0.1624139774476,0,10,3262.264742,326.2264742,13281.32370854,93,85,2,0,0.0007496,seven_point_per_channel
72,3,710073,10,0,0,2,1000,2,0,0.1624139774476,5,10,2605.424075,260.5424075,9932.120372156,95,85,3,0,0.0045544,seven_point_per_channel
73,3,710074,10,0,0,2,1250,3,1,0.7479411987631,0,10,3127.174786,312.7174786,12690.87393455,91,84,0,0,0.0006179,seven_point_per_channel
73,3,710074,10,0,0,2,1250,3,1,0.7479411987631,5,10,2346.053967,234.6053967,8810.269834824,90,84,0,0,0.0038347,seven_point_per_channel
74,3,710075,10,0,0,2,1500,4,0,0.3964996982544,0,10,3226.485011,322.6485011,13212.4250501,90,84,0,0,0.0006249,seven_point_per_channel
74,3,710075,10,0,0,2,1500,4,0,0.3964996982544,5,10,2619.406073,261.9406073,10052.03035777,93,85,3,0,0.0046699,seven_point_per_channel
75,3,710076,10,0,0,2,1000,0,1,0.5267797244442,0,10,2983.320298,298.3320298,11921.60148859,93,84,0,0,0.0006409,seven_point_per_channel
75,3,710076,10,0,0,2,1000,0,1,0.5267797244442,5,10,2461.291453,246.1291453,9361.457268107,91,84,0,0,0.0046244,seven_point_per_channel
76,3,710077,10,0,0,2,1250,1,0,0.1515495803995,0,10,3114.508075,311.4508075,12607.54037656,91,85,1,0,0.0006294,seven_point_per_channel
76,3,710077,10,0,0,2,1250,1,0,0.1515495803995,5,10,2913.204873,291.3204873,11556.0243656,92,86,2,0,0.0045119,seven_point_per_channel
77,3,710078,10,0,0,2,1500,2,1,0.5904951183128,0,10,3076.398166,307.6398166,12461.9908354,90,84,0,0,0.0006496,seven_point_per_channel
77,3,710078,10,0,0,2,1500,2,1,0.5904951183128,5,10,2573.944377,257.3944377,9909.721889413,91,84,1,0,0.0045277,seven_point_per_channel
78,3,710079,10,0,0,2,1000,3,0,0.2095590278926,0,10,3197.366256,319.7366256,13041.83127944,91,84,0,0,0.0006593,seven_point_per_channel
78,3,710079,10,0,0,2,1000,3,0,0.2095590278926,5,10,2537.652196,253.7652196,9718.260990339,92,84,0,0,0.0043254,seven_point_per_channel
79,3,710080,10,0,0,2,1250,4,1,0.4056579203774,0,10,3209.197951,320.9197951,13015.98975606,93,85,2,1,0.0006218,seven_point_per_channel
79,3,710080,10,0,0,2,1250,4,1,0.4056579203774,5,10,2579.096736,257.9096736,9815.483670207,95,85,2,1,0.0047429,seven_point_per_channel
80,3,710081,10,0,0,2,1500,0,0,0.4041914183832,0,10,3159.863661,315.9863661,12854.3183112,91,84,0,0,0.0006233,seven_point_per_channel
80,3,710081,10,0,0,2,1500,0,0,0.4041914183832,5,10,2569.287569,256.9287569,9886.437850654,91,84,1,0,0.0048303,seven_point_per_channel
81,3,710082,10,0,0,2,1000,1,1,0.4177564673646,0,10,3162.874906,316.2874906,12894.37452873,90,84,0,0,0.0006231,seven_point_per_channel
81,3,710082,10,0,0,2,1000,1,1,0.4177564673646,5,10,2399.575763,239.9575763,8997.878814827,92,84,2,0,0.0044581,seven_point_per_channel
82,3,710083,10,0,0,2,1250,2,0,0.1354051195423,0,10,3305.380669,330.5380669,13541.90334027,92,84,1,0,0.0006399,seven_point_per_channel
82,3,710083,10,0,0,2,1250,2,0,0.1354051195423,5,10,2776.094364,277.6094364,10695.47181911,98,85,4,0,0.0039027,seven_point_per_channel
83,3,710084,10,0,0,2,1500,3,1,0.5111425413928,0,10,3255.056736,325.5056736,13355.28367218,90,84,0,0,0.0006161,seven_point_per_channel
83,3,710084,10,0,0,2,1500,3,1,0.5111425413928,5,10,2290.475377,229.0475377,8532.376884696,90,84,0,0,0.0048634,seven_point_per_channel
84,3,710085,10,0,0,2,1000,4,0,0.1523814637832,0,10,3107.349967,310.7349967,12611.74983448,90,85,0,0,0.000642,seven_point_per_channel
84,3,710085,10,0,0,2,1000,4,0,0.1523814637832,5,10,2870.376664,287.0376664,11271.8833132,95,85,2,1,0.0038147,seven_point_per_channel
85,3,710086,10,0,0,2,1250,0,1,0.1601774960506,0,10,3268.453354,326.8453354,13422.26677487,90,84,0,0,0.0006097,seven_point_per_channel
85,3,710086,10,0,0,2,1250,0,1,0.1601774960506,5,10,2632.118557,263.2118557,10165.59277861,93,84,0,0,0.0046135,seven_point_per_channel
86,3,710087,10,0,0,2,1500,1,0,0.13005192877,0,10,3316.456038,331.6456038,13622.2801976,91,84,1,0,0.0006246,seven_point_per_channel
86,3,710087,10,0,0,2,1500,1,0,0.13005192877,5,10,2833.117305,283.3117305,11070.58652359,95,85,3,0,0.0042783,seven_point_per_channel
87,3,710088,10,0,0,2,1000,2,1,0.2262298439515,0,10,3178.645913,317.8645913,12973.22956217,90,84,0,0,0.0006342,seven_point_per_channel
87,3,710088,10,0,0,2,1000,2,1,0.2262298439515,5,10,2591.313141,259.1313141,9846.565695308,95,85,4,0,0.0049729,seven_point_per_channel
88,3,710089,10,0,0,2,1250,3,0,0.149633674707,0,10,3137.695199,313.7695199,12763.47599541,90,85,0,0,0.0006057,seven_point_per_channel
88,3,710089,10,0,0,2,1250,3,0,0.149633674707,5,10,2590.728173,259.0728173,9958.640859234,93,84,0,0,0.0038602,seven_point_per_channel
89,3,710090,10,0,0,2,1500,4,1,0.4932253941644,0,10,3131.677508,313.1677508,12673.38753586,92,84,1,0,0.0006186,seven_point_per_channel
89,3,710090,10,0,0,2,1500,4,1,0.4932253941644,5,10,2854.393,285.4393,11231.96499749,93,84,3,0,0.0051954,seven_point_per_channel
90,3,710091,10,0,5,0,1000,0,0,0.3467898329897,0,10,3663.331883,366.3331883,14961.65942464,104,101,0,0,0.0004932,seven_point_per_channel
90,3,710091,10,0,5,0,1000,0,0,0.3467898329897,5,10,3625.886077,362.5886077,14519.43039484,113,107,0,0,0.0017527,seven_point_per_channel
91,3,710092,10,0,5,0,1250,1,1,0.6720646464145,0,10,3669.524186,366.9524186,14457.62093213,121,111,4,1,0.0006487,seven_point_per_channel
91,3,710092,10,0,5,0,1250,1,1,0.6720646464145,5,10,3661.387697,366.1387697,14776.93849237,109,99,4,0,0.003408,seven_point_per_channel
92,3,710093,10,0,5,0,1500,2,0,0.8197934039696,0,10,3835.264514,383.5264514,15561.32257334,112,101,4,1,0.0004221,seven_point_per_channel
92,3,710093,10,0,5,0,1500,2,0,0.8197934039696,5,10,3511.889464,351.1889464,13659.44732698,122,111,3,0,0.000659,seven_point_per_channel
93,3,710094,10,0,5,0,1000,3,1,0.3258460841267,0,10,3956.286166,395.6286166,16006.43084049,118,115,0,0,0.000306,seven_point_per_channel
93,3,710094,10,0,5,0,1000,3,1,0.3258460841267,5,10,4074.351911,407.4351911,16571.75957415,118,114,2,0,0.0007113,seven_point_per_channel
94,3,710095,10,0,5,0,1250,4,0,0.7339553322779,0,10,3369.516288,336.9516288,13317.58143935,110,100,2,1,0.0004573,seven_point_per_channel
94,3,710095,10,0,5,0,1250,4,0,0.7339553322779,5,10,3465.496477,346.5496477,13762.4823833,111,102,2,1,0.0026189,seven_point_per_channel
95,3,710096,10,0,5,0,1500,0,1,0.5450203645437,0,10,3542.082217,354.2082217,14225.4110847,109,102,0,0,0.0004895,seven_point_per_channel
95,3,710096,10,0,5,0,1500,0,1,0.5450203645437,5,10,2892.064732,289.2064732,11040.32366317,107,99,0,0,0.0022521,seven_point_per_channel
96,3,710097,10,0,5,0,1000,1,0,0.4694861911268,0,10,3707.515808,370.7515808,14577.57904163,124,119,1,0,0.0003035,seven_point_per_channel
96,3,710097,10,0,5,0,1000,1,0,0.4694861911268,5,10,3601.329508,360.1329508,13931.64753715,128,119,2,0,0.0003697,seven_point_per_channel
97,3,710098,10,0,5,0,1250,2,1,0.5179655582179,0,10,3368.114672,336.8114672,13115.57337126,116,109,2,1,0.0003869,seven_point_per_channel
97,3,710098,10,0,5,0,1250,2,1,0.5179655582179,5,10,3464.736988,346.4736988,13698.684944,111,99,7,0,0.0029281,seven_point_per_channel
98,3,710099,10,0,5,0,1500,3,0,0.6181415938197,0,10,3702.586159,370.2586159,14852.93078991,114,103,3,0,0.0004506,seven_point_per_channel
98,3,710099,10,0,5,0,1500,3,0,0.6181415938197,5,10,3566.499003,356.6499003,14017.49501917,119,112,2,0,0.0007661,seven_point_per_channel
99,3,710100,10,0,5,0,1000,4,1,0.6887597973352,0,10,3640.70592,364.070592,14273.52960484,123,118,1,0,0.0002889,seven_point_per_channel
99,3,710100,10,0,5,0,1000,4,1,0.6887597973352,5,10,4002.775588,400.2775588,16103.87794821,122,116,2,0,0.0003739,seven_point_per_channel
100,3,710101,10,0,5,0,1250,0,0,0.4963445987755,0,10,3562.738398,356.2738398,13938.69199505,122,115,0,0,0.0003687,seven_point_per_channel
100,3,710101,10,0,5,0,1250,0,0,0.4963445987755,5,10,3498.602249,349.8602249,13803.01125847,116,108,0,0,0.0014746,seven_point_per_channel
101,3,710102,10,0,5,0,1500,1,1,0.6065747338361,0,10,3829.950634,382.9950634,15514.75317233,113,97,5,3,0.0006543,seven_point_per_channel
101,3,710102,10,0,5,0,1500,1,1,0.6065747338361,5,10,3581.518894,358.1518894,14062.59447755,119,106,6,0,0.0013247,seven_point_per_channel
102,3,710103,10,0,5,0,1000,2,0,0.7487404704463,0,10,3982.542765,398.2542765,16207.71384112,115,110,2,0,0.0003325,seven_point_per_channel
102,3,710103,10,0,5,0,1000,2,0,0.7487404704463,5,10,3765.955552,376.5955552,15134.77776892,115,108,2,0,0.0012793,seven_point_per_channel
103,3,710104,10,0,5,0,1250,3,1,0.5929414027663,0,10,3259.583757,325.9583757,12687.91878702,113,107,0,0,0.0003793,seven_point_per_channel
103,3,710104,10,0,5,0,1250,3,1,0.5929414027663,5,10,3122.209892,312.2209892,12076.04946104,109,100,4,0,0.0031611,seven_point_per_channel
104,3,710105,10,0,5,0,1500,4,0,0.3839826544231,0,10,3576.467649,357.6467649,14097.33825595,116,103,8,0,0.0005388,seven_point_per_channel
104,3,710105,10,0,5,0,1500,4,0,0.3839826544231,5,10,3580.390666,358.0390666,14171.95333156,115,106,5,0,0.0008205,seven_point_per_channel
105,3,710106,10,0,5,0,1000,0,1,0.4283141556043,0,10,3961.49496,396.149496,15887.47479738,123,119,0,0,0.000282,seven_point_per_channel
105,3,710106,10,0,5,0,1000,0,1,0.4283141556043,5,10,3912.989256,391.2989256,15584.94627837,125,121,0,0,0.0003292,seven_point_per_channel
106,3,710107,10,0,5,0,1250,1,0,0.8051614825861,0,10,3649.75427,364.975427,14463.77136053,118,108,3,1,0.0004123,seven_point_per_channel
106,3,710107,10,0,5,0,1250,1,0,0.8051614825861,5,10,3521.258908,352.1258908,13781.2945416,120,112,1,1,0.000735,seven_point_per_channel
107,3,710108,10,0,5,0,1500,2,1,0.3574959290481,0,10,3132.79664,313.279664,12083.98320012,112,103,1,0,0.0004363,seven_point_per_channel
107,3,710108,10,0,5,0,1500,2,1,0.3574959290481,5,10,3109.620917,310.9620917,12028.10457719,109,100,3,0,0.0035273,seven_point_per_channel
108,3,710109,10,0,5,0,1000,3,0,0.4637287380459,0,10,3656.712901,365.6712901,14183.56452215,129,125,0,0,0.0002692,seven_point_per_channel
108,3,710109,10,0,5,0,1000,3,0,0.4637287380459,5,10,3609.17637,360.917637,13770.88185005,135,130,0,0,0.0002792,seven_point_per_channel
109,3,710110,10,0,5,0,1250,4,1,0.4107984148938,0,10,3092.085365,309.2085365,11955.42683471,109,103,1,0,0.0004303,seven_point_per_channel
109,3,710110,10,0,5,0,1250,4,1,0.4107984148938,5,10,3430.391293,343.0391293,13271.95648517,120,111,5,0,0.0007628,seven_point_per_channel
110,3,710111,10,0,5,0,1500,0,0,0.3501437938581,0,10,3146.985391,314.6985391,12139.92695792,113,104,0,0,0.0004813,seven_point_per_channel
110,3,710111,10,0,5,0,1500,0,0,0.3501437938581,5,10,3068.409838,306.8409838,11957.04918979,106,97,0,0,0.0039478,seven_point_per_channel
111,3,710112,10,0,5,0,1000,1,1,0.3122639065337,0,10,3942.177185,394.2177185,15720.88593566,125,120,1,0,0.0002971,seven_point_per_channel
111,3,710112,10,0,5,0,1000,1,1,0.3122639065337,5,10,3884.614469,388.4614469,15438.07234713,125,116,2,0,0.0005548,seven_point_per_channel
112,3,710113,10,0,5,0,1250,2,0,0.4858283113086,0,10,3944.301464,394.4301464,16141.50733159,111,105,2,0,0.0004569,seven_point_per_channel
112,3,710113,10,0,5,0,1250,2,0,0.4858283113086,5,10,3949.973724,394.9973724,16109.86862199,113,104,3,0,0.0012792,seven_point_per_channel
113,3,710114,10,0,5,0,1500,3,1,0.3024868124544,0,10,3668.008811,366.8008811,14950.04406578,105,100,1,0,0.0004973,seven_point_per_channel
113,3,710114,10,0,5,0,1500,3,1,0.3024868124544,5,10,3344.180059,334.4180059,13100.90029925,113,103,2,0,0.0020116,seven_point_per_channel
114,3,710115,10,0,5,0,1000,4,0,0.6005676180428,0,10,4067.104582,406.7104582,16310.52291534,126,119,2,0,0.0003242,seven_point_per_channel
114,3,710115,10,0,5,0,1000,4,0,0.6005676180428,5,10,3940.75077,394.075077,15863.75385176,120,115,1,0,0.0005769,seven_point_per_channel
115,3,710116,10,0,5,0,1250,0,1,0.7167327607684,0,10,3424.626177,342.4626177,13483.13088903,113,104,3,0,0.0004305,seven_point_per_channel
115,3,710116,10,0,5,0,1250,0,1,0.7167327607684,5,10,3535.794644,353.5794644,13843.97323114,119,113,3,0,0.0004898,seven_point_per_channel
116,3,710117,10,0,5,0,1500,1,0,0.4122136548587,0,10,3869.620251,386.9620251,15658.10126584,114,106,4,0,0.0004185,seven_point_per_channel
116,3,710117,10,0,5,0,1500,1,0,0.4122136548587,5,10,3452.64351,345.264351,13533.2175433,114,102,8,0,0.0027826,seven_point_per_channel
117,3,710118,10,0,5,0,1000,2,1,0.7229125131599,0,10,3789.435689,378.9435689,14922.17845552,126,122,1,0,0.000268,seven_point_per_channel
117,3,710118,10,0,5,0,1000,2,1,0.7229125131599,5,10,3917.250181,391.7250181,15616.25091402,125,116,1,0,0.0003644,seven_point_per_channel
118,3,710119,10,0,5,0,1250,3,0,0.8874139322143,0,10,3623.800757,362.3800757,14449.00378786,115,106,1,0,0.0003756,seven_point_per_channel
118,3,710119,10,0,5,0,1250,3,0,0.8874139322143,5,10,3709.390702,370.9390702,14736.95350866,119,114,1,0,0.0004887,seven_point_per_channel
119,3,710120,10,0,5,0,1500,4,1,0.8378780520975,0,10,3671.412163,367.1412163,14792.06082965,111,102,2,0,0.0004,seven_point_per_channel
119,3,710120,10,0,5,0,1500,4,1,0.8378780520975,5,10,3766.78442,376.678442,15153.92210432,115,102,3,0,0.0011214,seven_point_per_channel
120,3,710121,10,0,5,1,1000,0,0,3.20294889198e-05,0,10,4085.502643,408.5502643,16707.51321662,116,111,1,0,0.0003495,seven_point_per_channel
120,3,710121,10,0,5,1,1000,0,0,3.20294889198e-05,5,10,3847.402998,384.7402998,15622.01499696,113,108,0,0,0.0007829,seven_point_per_channel
121,3,710122,10,0,5,1,1250,1,1,8.120736654219e-05,0,10,3736.696335,373.6696335,15033.48168016,114,107,1,0,0.0003731,seven_point_per_channel
121,3,710122,10,0,5,1,1250,1,1,8.120736654219e-05,5,10,3576.328442,357.6328442,13961.64220703,122,109,5,0,0.00123,seven_point_per_channel
122,3,710123,10,0,5,1,1500,2,0,6.273266938292e-05,0,10,3670.419162,367.0419162,15092.09580322,101,94,1,0,0.0005255,seven_point_per_channel
122,3,710123,10,0,5,1,1500,2,0,6.273266938292e-05,5,10,3104.3466,310.43466,11856.73299446,114,104,3,0,0.001791,seven_point_per_channel
123,3,710124,10,0,5,1,1000,3,1,1.318611438124e-05,0,10,3690.60301,369.060301,14533.01506465,123,119,0,0,0.0002655,seven_point_per_channel
123,3,710124,10,0,5,1,1000,3,1,1.318611438124e-05,5,10,3125.557803,312.5557803,11827.78901585,119,112,1,0,0.0004666,seven_point_per_channel
124,3,710125,10,0,5,1,1250,4,0,4.391848375722e-05,0,10,3582.674235,358.2674235,14078.37118832,119,110,4,0,0.0003427,seven_point_per_channel
124,3,710125,10,0,5,1,1250,4,0,4.391848375722e-05,5,10,3538.40726,353.840726,13467.03631223,132,120,5,1,0.0003932,seven_point_per_channel
125,3,710126,10,0,5,1,1500,0,1,1.414819166293e-05,0,10,3865.720292,386.5720292,15993.60146034,104,97,0,0,0.0004666,seven_point_per_channel
125,3,710126,10,0,5,1,1500,0,1,1.414819166293e-05,5,10,3595.370165,359.5370165,14456.85082393,110,101,1,0,0.0027889,seven_point_per_channel
126,3,710127,10,0,5,1,1000,1,0,9.200729662677e-05,0,10,3579.735849,357.9735849,14118.67925713,118,113,1,0,0.0002972,seven_point_per_channel
126,3,710127,10,0,5,1,1000,1,0,9.200729662677e-05,5,10,3696.67779,369.667779,14458.38895681,127,120,0,0,0.0004178,seven_point_per_channel
127,3,710128,10,0,5,1,1250,2,1,4.522670802028e-05,0,10,3212.95435,321.295435,12534.77175452,110,106,0,0,0.0003017,seven_point_per_channel
127,3,710128,10,0,5,1,1250,2,1,4.522670802028e-05,5,10,3466.678942,346.6678942,13548.39470118,118,105,4,0,0.0012284,seven_point_per_channel
128,3,710129,10,0,5,1,1500,3,0,6.471499638784e-05,0,10,3756.813294,375.6813294,15539.06646904,101,94,0,0,0.0005316,seven_point_per_channel
128,3,710129,10,0,5,1,1500,3,0,6.471499638784e-05,5,10,3149.163891,314.9163891,12375.81944526,104,95,3,0,0.0032898,seven_point_per_channel
129,3,710130,10,0,5,1,1000,4,1,1.598822079507e-05,0,10,3489.901854,348.9901854,14069.50927322,105,101,0,0,0.0004207,seven_point_per_channel
129,3,710130,10,0,5,1,1000,4,1,1.598822079507e-05,5,10,3561.430712,356.1430712,14017.15356168,118,112,2,0,0.0006862,seven_point_per_channel
130,3,710131,10,0,5,1,1250,0,0,3.540676200471e-05,0,10,3846.314615,384.6314615,15931.573073,102,94,2,0,0.000591,seven_point_per_channel
130,3,710131,10,0,5,1,1250,0,0,3.540676200471e-05,5,10,3813.53168,381.353168,15407.65840334,114,109,1,0,0.0013166,seven_point_per_channel
131,3,710132,10,0,5,1,1500,1,1,5.111946929424e-05,0,10,4029.790535,402.9790535,16693.95267692,107,97,3,0,0.0005552,seven_point_per_channel
131,3,710132,10,0,5,1,1500,1,1,5.111946929424e-05,5,10,3661.058171,366.1058171,14235.29085504,126,110,8,0,0.0010846,seven_point_per_channel
132,3,710133,10,0,5,1,1000,2,0,0.0001498369795516,0,10,3453.078332,345.3078332,13295.39166512,124,118,2,0,0.0003398,seven_point_per_channel
132,3,710133,10,0,5,1,1000,2,0,0.0001498369795516,5,10,3312.194148,331.2194148,13250.97074343,102,96,2,0,0.0026112,seven_point_per_channel
133,3,710134,10,0,5,1,1250,3,1,7.718418311208e-05,0,10,3412.440261,341.2440261,13507.20130853,111,106,0,0,0.0003505,seven_point_per_channel
133,3,710134,10,0,5,1,1250,3,1,7.718418311208e-05,5,10,3370.399462,337.0399462,12936.99730655,123,118,0,0,0.0003998,seven_point_per_channel
134,3,710135,10,0,5,1,1500,4,0,0.0001002661542883,0,10,3562.12604,356.212604,14300.63021019,109,101,2,0,0.0003938,seven_point_per_channel
134,3,710135,10,0,5,1,1500,4,0,0.0001002661542883,5,10,3184.366404,318.4366404,12341.83201858,111,102,3,0,0.0010157,seven_point_per_channel
135,3,710136,10,0,5,1,1000,0,1,4.632484887994e-05,0,10,3118.603388,311.8603388,12183.01693641,106,99,1,0,0.0003874,seven_point_per_channel
135,3,710136,10,0,5,1,1000,0,1,4.632484887994e-05,5,10,3499.20715,349.920715,13581.03575746,123,118,0,0,0.0004212,seven_point_per_channel
136,3,710137,10,0,5,1,1250,1,0,2.677461112144e-05,0,10,3931.866214,393.1866214,15949.33107724,115,108,3,0,0.0003476,seven_point_per_channel
136,3,710137,10,0,5,1,1250,1,0,2.677461112144e-05,5,10,3425.457361,342.5457361,13687.2868071,106,99,3,0,0.0025958,seven_point_per_channel
137,3,710138,10,0,5,1,1500,2,1,7.718058525573e-05,0,10,3706.235093,370.6235093,14991.17547533,110,102,2,0,0.0004115,seven_point_per_channel
137,3,710138,10,0,5,1,1500,2,1,7.718058525573e-05,5,10,3234.49119,323.449119,12022.4559411,129,117,6,0,0.0005754,seven_point_per_channel
138,3,710139,10,0,5,1,1000,3,0,0.0001170542320464,0,10,3329.018011,332.9018011,12705.09005368,123,114,3,0,0.0003564,seven_point_per_channel
138,3,710139,10,0,5,1,1000,3,0,0.0001170542320464,5,10,2997.498793,299.7498793,11222.49397313,117,109,3,0,0.0008004,seven_point_per_channel
139,3,710140,10,0,5,1,1250,4,1,0.0001424222686974,0,10,3523.082355,352.3082355,14190.41177305,106,99,2,0,0.0004656,seven_point_per_channel
139,3,710140,10,0,5,1,1250,4,1,0.0001424222686974,5,10,3491.620513,349.1620513,13493.10257443,124,114,3,0,0.0007057,seven_point_per_channel
140,3,710141,10,0,5,1,1500,0,0,0.0001281077197272,0,10,4049.16579,404.916579,16910.82893861,104,97,0,0,0.0004992,seven_point_per_channel
140,3,710141,10,0,5,1,1500,0,0,0.0001281077197272,5,10,3879.312075,387.9312075,15791.56036075,114,101,0,0,0.0030467,seven_point_per_channel
141,3,710142,10,0,5,1,1000,1,1,5.486282001491e-05,0,10,3608.550025,360.8550025,14317.75013198,116,109,2,0,0.0003232,seven_point_per_channel
141,3,710142,10,0,5,1,1000,1,1,5.486282001491e-05,5,10,3896.684564,389.6684564,15153.42283438,136,127,3,0,0.0003291,seven_point_per_channel
142,3,710143,10,0,5,1,1250,2,0,5.512226601809e-05,0,10,3490.441551,349.0441551,13452.20776049,125,116,3,0,0.0003478,seven_point_per_channel
142,3,710143,10,0,5,1,1250,2,0,5.512226601809e-05,5,10,3144.568057,314.4568057,12187.8402938,109,100,4,0,0.0020181,seven_point_per_channel
143,3,710144,10,0,5,1,1500,3,1,3.185730373154e-05,0,10,3751.002433,375.1002433,15535.01216306,100,94,0,0,0.0006054,seven_point_per_channel
143,3,710144,10,0,5,1,1500,3,1,3.185730373154e-05,5,10,3942.33971,394.233971,15926.69853711,119,109,1,0,0.001409,seven_point_per_channel
144,3,710145,10,0,5,1,1000,4,0,6.771313258957e-05,0,10,4128.857902,412.8857902,16759.28950494,121,113,3,0,0.0003317,seven_point_per_channel
144,3,710145,10,0,5,1,1000,4,0,6.771313258957e-05,5,10,4339.029205,433.9029205,17215.14602497,142,130,2,0,0.0003409,seven_point_per_channel
145,3,710146,10,0,5,1,1250,0,1,2.902121110446e-05,0,10,3851.001346,385.1001346,15635.00673431,113,106,1,0,0.0003748,seven_point_per_channel
145,3,710146,10,0,5,1,1250,0,1,2.902121110446e-05,5,10,3418.153488,341.8153488,13475.76743581,113,108,0,0,0.0009771,seven_point_per_channel
146,3,710147,10,0,5,1,1500,1,0,7.850060394924e-06,0,10,3561.559535,356.1559535,14637.79766477,98,91,1,0,0.0005064,seven_point_per_channel
146,3,710147,10,0,5,1,1500,1,0,7.850060394924e-06,5,10,3585.093573,358.5093573,14650.46785709,102,92,1,0,0.0039576,seven_point_per_channel
147,3,710148,10,0,5,1,1000,2,1,0.0001207626229674,0,10,3461.922122,346.1922122,13949.61062117,104,99,1,0,0.0004131,seven_point_per_channel
147,3,710148,10,0,5,1,1000,2,1,0.0001207626229674,5,10,3512.814281,351.2814281,13449.07140089,129,122,2,0,0.0004508,seven_point_per_channel
148,3,710149,10,0,5,1,1250,3,0,4.476857994727e-05,0,10,3556.316329,355.6316329,14281.58165561,109,105,0,0,0.0003709,seven_point_per_channel
148,3,710149,10,0,5,1,1250,3,0,4.476857994727e-05,5,10,3646.235957,364.6235957,14611.17979303,113,109,0,0,0.0005624,seven_point_per_channel
149,3,710150,10,0,5,1,1500,4,1,0.0001379713333201,0,10,4109.170783,410.9170783,16985.85392068,110,97,5,2,0.0006013,seven_point_per_channel
149,3,710150,10,0,5,1,1500,4,1,0.0001379713333201,5,10,4092.311243,409.2311243,16671.55621541,117,102,7,2,0.0028527,seven_point_per_channel
150,3,710151,10,0,5,2,1000,0,0,0.04293148450935,0,10,3019.80643,301.980643,11959.03214596,97,90,1,0,0.0003917,seven_point_per_channel
150,3,710151,10,0,5,2,1000,0,0,0.04293148450935,5,10,3042.615243,304.2615243,11648.07622446,111,105,1,0,0.0012208,seven_point_per_channel
151,3,710152,10,0,5,2,1250,1,1,0.07112973793845,0,10,2916.763676,291.6763676,11508.81837242,95,90,0,0,0.0003656,seven_point_per_channel
151,3,710152,10,0,5,2,1250,1,1,0.07112973793845,5,10,2907.486358,290.7486358,10592.43179172,122,111,6,1,0.0013312,seven_point_per_channel
152,3,710153,10,0,5,2,1500,2,0,0.03464584388334,0,10,3191.861622,319.1861622,12884.30812456,95,90,0,0,0.0003892,seven_point_per_channel
152,3,710153,10,0,5,2,1500,2,0,0.03464584388334,5,10,3238.761543,323.8761543,12503.80771004,115,104,3,0,0.003167,seven_point_per_channel
153,3,710154,10,0,5,2,1000,3,1,0.0221963230621,0,10,3151.939641,315.1939641,12689.69819899,95,89,0,0,0.0003714,seven_point_per_channel
153,3,710154,10,0,5,2,1000,3,1,0.0221963230621,5,10,3037.745381,303.7745381,11958.72690225,100,96,0,0,0.0013569,seven_point_per_channel
154,3,710155,10,0,5,2,1250,4,0,0.03958791167012,0,10,2853.393599,285.3393599,11126.96800189,97,90,1,0,0.0003931,seven_point_per_channel
154,3,710155,10,0,5,2,1250,4,0,0.03958791167012,5,10,2844.233461,284.4233461,10336.16729806,122,114,1,0,0.001152,seven_point_per_channel
155,3,710156,10,0,5,2,1500,0,1,0.01151198849496,0,10,3340.703189,334.0703189,12933.51595202,119,109,0,0,0.0004512,seven_point_per_channel
155,3,710156,10,0,5,2,1500,0,1,0.01151198849496,5,10,2984.177882,298.4177882,11815.88941886,96,91,0,0,0.0032107,seven_point_per_channel
156,3,710157,10,0,5,2,1000,1,0,0.02347887189859,0,10,3189.81444,318.981444,12874.07218884,95,90,0,0,0.0003693,seven_point_per_channel
156,3,710157,10,0,5,2,1000,1,0,0.02347887189859,5,10,3191.646843,319.1646843,12233.23421432,117,110,0,0,0.0012082,seven_point_per_channel
157,3,710158,10,0,5,2,1250,2,1,0.02009228658491,0,10,3152.538109,315.2538109,12537.69055688,100,89,2,1,0.000514,seven_point_per_channel
157,3,710158,10,0,5,2,1250,2,1,0.02009228658491,5,10,3202.819142,320.2819142,12419.09570937,112,100,3,1,0.0015886,seven_point_per_channel
158,3,710159,10,0,5,2,1500,3,0,0.05241181235377,0,10,2886.534874,288.6534874,11357.67437326,95,90,0,0,0.0003899,seven_point_per_channel
158,3,710159,10,0,5,2,1500,3,0,0.05241181235377,5,10,2875.384427,287.5384427,10961.92213991,106,97,2,0,0.0033145,seven_point_per_channel
159,3,710160,10,0,5,2,1000,4,1,0.08812856532554,0,10,2879.358242,287.9358242,11321.79121527,95,90,0,0,0.000373,seven_point_per_channel
159,3,710160,10,0,5,2,1000,4,1,0.08812856532554,5,10,2799.308458,279.9308458,10131.54228912,121,115,1,0,0.0012101,seven_point_per_channel
160,3,710161,10,0,5,2,1250,0,0,0.08133058868845,0,10,3094.19126,309.419126,12395.95631162,95,90,0,0,0.0005179,seven_point_per_channel
160,3,710161,10,0,5,2,1250,0,0,0.08133058868845,5,10,3010.744947,301.0744947,11738.72473413,103,95,1,0,0.0020256,seven_point_per_channel
161,3,710162,10,0,5,2,1500,1,1,0.0640627917202,0,10,3072.232647,307.2232647,12176.16322247,99,89,1,1,0.0005494,seven_point_per_channel
161,3,710162,10,0,5,2,1500,1,1,0.0640627917202,5,10,2920.268027,292.0268027,10946.34012763,114,105,2,1,0.0031409,seven_point_per_channel
162,3,710163,10,0,5,2,1000,2,0,0.0345067805155,0,10,3545.164421,354.5164421,14520.82210029,99,93,1,0,0.0004513,seven_point_per_channel
162,3,710163,10,0,5,2,1000,2,0,0.0345067805155,5,10,3343.958152,334.3958152,13149.79075644,111,103,2,0,0.0021639,seven_point_per_channel
163,3,710164,10,0,5,2,1250,3,1,0.02571959386247,0,10,3118.046633,311.8046633,12515.23316376,95,90,0,0,0.0003777,seven_point_per_channel
163,3,710164,10,0,5,2,1250,3,1,0.02571959386247,5,10,2623.071354,262.3071354,9445.356772111,115,109,0,0,0.0015399,seven_point_per_channel
164,3,710165,10,0,5,2,1500,4,0,0.01179426004169,0,10,3284.894039,328.4894039,12634.47019852,118,109,3,0,0.0004582,seven_point_per_channel
164,3,710165,10,0,5,2,1500,4,0,0.01179426004169,5,10,2848.990854,284.8990854,11024.95427108,99,90,3,0,0.0034024,seven_point_per_channel
165,3,710166,10,0,5,2,1000,0,1,0.02899309706035,0,10,3075.062296,307.5062296,12300.31148533,95,90,0,0,0.0003796,seven_point_per_channel
165,3,710166,10,0,5,2,1000,0,1,0.02899309706035,5,10,3011.209684,301.1209684,11381.04840786,115,110,0,0,0.0011314,seven_point_per_channel
166,3,710167,10,0,5,2,1250,1,0,0.03639064656843,0,10,3098.022336,309.8022336,12425.11168452,95,88,0,0,0.000374,seven_point_per_channel
166,3,710167,10,0,5,2,1250,1,0,0.03639064656843,5,10,3297.456897,329.7456897,13107.28447731,104,91,5,1,0.0034432,seven_point_per_channel
167,3,710168,10,0,5,2,1500,2,1,0.02888753845381,0,10,3111.310019,311.1310019,12421.55010119,97,89,1,0,0.0003956,seven_point_per_channel
167,3,710168,10,0,5,2,1500,2,1,0.02888753845381,5,10,2842.56958,284.256958,10272.84789852,123,111,4,0,0.0015909,seven_point_per_channel
168,3,710169,10,0,5,2,1000,3,0,0.03914807482025,0,10,3484.176214,348.4176214,13655.88107152,118,110,1,0,0.0003923,seven_point_per_channel
168,3,710169,10,0,5,2,1000,3,0,0.03914807482025,5,10,3271.614636,327.1614636,13143.07318558,99,92,2,0,0.0030178,seven_point_per_channel
169,3,710170,10,0,5,2,1250,4,1,0.01181870268233,0,10,2981.615621,298.1615621,11783.07810317,97,90,0,0,0.0003942,seven_point_per_channel
169,3,710170,10,0,5,2,1250,4,1,0.01181870268233,5,10,3086.952599,308.6952599,11614.76300878,119,107,4,1,0.0016275,seven_point_per_channel
170,3,710171,10,0,5,2,1500,0,0,0.02219814103233,0,10,3028.765205,302.8765205,11473.82602754,115,109,0,0,0.0004246,seven_point_per_channel
170,3,710171,10,0,5,2,1500,0,0,0.02219814103233,5,10,2803.249663,280.3249663,10936.24830632,95,91,0,0,0.0034201,seven_point_per_channel
171,3,710172,10,0,5,2,1000,1,1,0.03742877015954,0,10,3108.68784,310.868784,12173.43920698,104,95,3,0,0.0003966,seven_point_per_channel
171,3,710172,10,0,5,2,1000,1,1,0.03742877015954,5,10,3233.63071,323.363071,12778.15355095,105,91,4,1,0.0034402,seven_point_per_channel
172,3,710173,10,0,5,2,1250,2,0,0.01631708739047,0,10,3238.375011,323.8375011,13116.87505207,95,90,0,0,0.0003902,seven_point_per_channel
172,3,710173,10,0,5,2,1250,2,0,0.01631708739047,5,10,3228.975914,322.8975914,12259.87957127,121,110,4,1,0.0012474,seven_point_per_channel
173,3,710174,10,0,5,2,1500,3,1,0.02679638609486,0,10,3188.793807,318.8793807,12868.96904364,95,90,0,0,0.0003717,seven_point_per_channel
173,3,710174,10,0,5,2,1500,3,1,0.02679638609486,5,10,3191.466628,319.1466628,12027.33314636,123,109,4,0,0.0020853,seven_point_per_channel
174,3,710175,10,0,5,2,1000,4,0,0.005678770959756,0,10,3189.126989,318.9126989,12845.63494901,96,90,0,0,0.0003807,seven_point_per_channel
174,3,710175,10,0,5,2,1000,4,0,0.005678770959756,5,10,3036.394403,303.6394403,11876.97200621,102,95,2,0,0.001265,seven_point_per_channel
175,3,710176,10,0,5,2,1250,0,1,0.02793497734961,0,10,3161.73641,316.173641,12738.68205415,95,89,0,0,0.0003712,seven_point_per_channel
175,3,710176,10,0,5,2,1250,0,1,0.02793497734961,5,10,2823.804451,282.3804451,10299.02226191,120,114,0,0,0.0010588,seven_point_per_channel
176,3,710177,10,0,5,2,1500,1,0,0.006812279128832,0,10,3276.086173,327.6086173,13220.43086493,98,89,1,1,0.0006143,seven_point_per_channel
176,3,710177,10,0,5,2,1500,1,0,0.006812279128832,5,10,3129.054804,312.9054804,12075.27402399,111,100,3,0,0.003357,seven_point_per_channel
177,3,710178,10,0,5,2,1000,2,1,0.06558228067902,0,10,2768.127424,276.8127424,10725.63712731,96,90,1,0,0.000438,seven_point_per_channel
177,3,710178,10,0,5,2,1000,2,1,0.06558228067902,5,10,2811.09742,281.109742,10640.48710394,106,100,1,0,0.0012421,seven_point_per_channel
178,3,710179,10,0,5,2,1250,3,0,0.007069922003278,0,10,3240.151415,324.0151415,13135.75708014,95,88,0,0,0.0005621,seven_point_per_channel
178,3,710179,10,0,5,2,1250,3,0,0.007069922003278,5,10,2951.824437,295.1824437,11609.12219052,98,90,0,0,0.0030044,seven_point_per_channel
179,3,710180,10,0,5,2,1500,4,1,0.1168567551623,0,10,3019.22061,301.922061,12021.10305088,95,90,0,0,0.0003845,seven_point_per_channel
179,3,710180,10,0,5,2,1500,4,1,0.1168567551623,5,10,3084.363006,308.4363006,11616.81502279,118,106,5,0,0.0019767,seven_point_per_channel
180,3,710181,10,0,10,0,1000,0,0,0.6876243003941,0,10,4023.549508,402.3549508,16042.7475517,128,125,0,0,0.0002546,seven_point_per_channel
180,3,710181,10,0,10,0,1000,0,0,0.6876243003941,5,10,4015.052064,401.5052064,16280.26032722,119,114,0,0,0.0003812,seven_point_per_channel
181,3,710182,10,0,10,0,1250,1,1,0.338078426118,0,10,3655.792797,365.5792797,14333.9639769,124,119,0,0,0.000292,seven_point_per_channel
181,3,710182,10,0,10,0,1250,1,1,0.338078426118,5,10,3675.682816,367.5682816,14388.41407419,124,116,4,0,0.0004515,seven_point_per_channel
182,3,710183,10,0,10,0,1500,2,0,0.8475813601316,0,10,3835.762796,383.5762796,15323.81398847,120,112,3,1,0.0003605,seven_point_per_channel
182,3,710183,10,0,10,0,1500,2,0,0.8475813601316,5,10,3723.483595,372.3483595,14542.41798901,127,118,4,0,0.0004695,seven_point_per_channel
183,3,710184,10,0,10,0,1000,3,1,0.5708348431653,0,10,3974.446078,397.4446078,15952.23038895,123,116,1,0,0.0002758,seven_point_per_channel
183,3,710184,10,0,10,0,1000,3,1,0.5708348431653,5,10,4261.23878,426.123878,17101.19390414,133,126,0,0,0.0002601,seven_point_per_channel
184,3,710185,10,0,10,0,1250,4,0,0.7911442826223,0,10,3450.871367,345.0871367,13049.35684362,132,125,2,0,0.0002952,seven_point_per_channel
184,3,710185,10,0,10,0,1250,4,0,0.7911442826223,5,10,3294.73802,329.473802,12693.69009556,118,113,1,0,0.0003415,seven_point_per_channel
185,3,710186,10,0,10,0,1500,0,1,0.5744516431328,0,10,3776.954105,377.6954105,15134.77052853,118,110,0,0,0.0003133,seven_point_per_channel
185,3,710186,10,0,10,0,1500,0,1,0.5744516431328,5,10,3651.432165,365.1432165,14612.16083344,114,109,0,0,0.0008807,seven_point_per_channel
186,3,710187,10,0,10,0,1000,1,0,0.8793062431791,0,10,3891.783908,389.1783908,15478.91953739,125,121,0,0,0.000264,seven_point_per_channel
186,3,710187,10,0,10,0,1000,1,0,0.8793062431791,5,10,4068.655888,406.8655888,16298.27944633,127,124,0,0,0.0002589,seven_point_per_channel
187,3,710188,10,0,10,0,1250,2,1,0.6205167417939,0,10,3610.877124,361.0877124,14229.3856311,120,112,1,0,0.0003321,seven_point_per_channel
187,3,710188,10,0,10,0,1250,2,1,0.6205167417939,5,10,3922.208849,392.2208849,15626.04424683,125,116,2,0,0.000518,seven_point_per_channel
188,3,710189,10,0,10,0,1500,3,0,0.7999574084288,0,10,3708.211134,370.8211134,14476.05567703,127,119,3,0,0.0003115,seven_point_per_channel
188,3,710189,10,0,10,0,1500,3,0,0.7999574084288,5,10,3615.219801,361.5219801,14146.09900578,123,118,1,0,0.0003779,seven_point_per_channel
189,3,710190,10,0,10,0,1000,4,1,0.8775938252704,0,10,3588.070284,358.8070284,14050.35142277,122,118,0,0,0.0004111,seven_point_per_channel
189,3,710190,10,0,10,0,1000,4,1,0.8775938252704,5,10,3936.530173,393.6530173,15757.65087426,123,120,0,0,0.0003505,seven_point_per_channel
190,3,710191,10,0,10,0,1250,0,0,0.2801825289047,0,10,3527.875571,352.7875571,13674.37785552,125,118,0,0,0.000338,seven_point_per_channel
190,3,710191,10,0,10,0,1250,0,0,0.2801825289047,5,10,3501.172051,350.1172051,13355.86026011,131,122,1,0,0.0003992,seven_point_per_channel
191,3,710192,10,0,10,0,1500,1,1,0.6409337484932,0,10,3514.292793,351.4292793,13916.4639669,114,105,2,0,0.0004038,seven_point_per_channel
191,3,710192,10,0,10,0,1500,1,1,0.6409337484932,5,10,3662.547692,366.2547692,14377.73846738,123,113,3,0,0.0003562,seven_point_per_channel
192,3,710193,10,0,10,0,1000,2,0,0.7147576313189,0,10,4059.25373,405.925373,16341.26866179,124,118,1,0,0.0002757,seven_point_per_channel
192,3,710193,10,0,10,0,1000,2,0,0.7147576313189,5,10,4044.332439,404.4332439,16266.66219864,124,118,1,0,0.0004332,seven_point_per_channel
193,3,710194,10,0,10,0,1250,3,1,0.5997497187999,0,10,3836.319514,383.6319514,15321.5975695,121,117,0,0,0.0002777,seven_point_per_channel
193,3,710194,10,0,10,0,1250,3,1,0.5997497187999,5,10,3809.544251,380.9544251,15252.72125982,118,113,2,0,0.0004989,seven_point_per_channel
194,3,710195,10,0,10,0,1500,4,0,0.5997564979968,0,10,3836.490929,383.6490929,15282.45464423,122,114,2,0,0.0003098,seven_point_per_channel
194,3,710195,10,0,10,0,1500,4,0,0.5997564979968,5,10,3578.456874,357.8456874,14207.28437679,115,109,1,0,0.0012059,seven_point_per_channel
195,3,710196,10,0,10,0,1000,0,1,0.6301388183559,0,10,4086.152096,408.6152096,16465.76048992,125,118,0,0,0.0003157,seven_point_per_channel
195,3,710196,10,0,10,0,1000,0,1,0.6301388183559,5,10,4048.140568,404.8140568,16330.70284934,123,117,0,0,0.0003756,seven_point_per_channel
196,3,710197,10,0,10,0,1250,1,0,0.9192234412103,0,10,3946.402489,394.6402489,15597.01245826,130,124,1,0,0.0003031,seven_point_per_channel
196,3,710197,10,0,10,0,1250,1,0,0.9192234412103,5,10,3881.074017,388.1074017,15365.37009352,127,120,1,0,0.00035,seven_point_per_channel
197,3,710198,10,0,10,0,1500,2,1,0.7260166619527,0,10,3463.37047,346.337047,13526.85235782,119,113,0,0,0.0003564,seven_point_per_channel
197,3,710198,10,0,10,0,1500,2,1,0.7260166619527,5,10,3866.089424,386.6089424,15385.44712295,123,115,3,0,0.0005088,seven_point_per_channel
198,3,710199,10,0,10,0,1000,3,0,0.6845921917751,0,10,3820.117275,382.0117275,15455.58638223,114,109,0,0,0.000301,seven_point_per_channel
198,3,710199,10,0,10,0,1000,3,0,0.6845921917751,5,10,4220.758207,422.0758207,16703.79103941,139,132,1,0,0.0002801,seven_point_per_channel
199,3,710200,10,0,10,0,1250,4,1,0.3897630170808,0,10,3422.582141,342.2582141,13507.91071448,113,106,0,0,0.0003259,seven_point_per_channel
199,3,710200,10,0,10,0,1250,4,1,0.3897630170808,5,10,3826.111751,382.6111751,15255.55875269,120,110,5,0,0.0010171,seven_point_per_channel
200,3,710201,10,0,10,0,1500,0,0,0.1889664892957,0,10,3385.929031,338.5929031,13244.64516845,115,109,1,0,0.000321,seven_point_per_channel
200,3,710201,10,0,10,0,1500,0,0,0.1889664892957,5,10,3470.016017,347.0016017,13680.08009578,115,106,1,0,0.0008366,seven_point_per_channel
201,3,710202,10,0,10,0,1000,1,1,0.6897044937246,0,10,4101.254396,410.1254396,16646.27199125,121,117,0,0,0.0002795,seven_point_per_channel
201,3,710202,10,0,10,0,1000,1,1,0.6897044937246,5,10,4177.316642,417.7316642,16906.58322091,125,121,0,0,0.0002839,seven_point_per_channel
202,3,710203,10,0,10,0,1250,2,0,0.771074589796,0,10,3901.011088,390.1011088,15560.05544363,124,116,1,0,0.0003099,seven_point_per_channel
202,3,710203,10,0,10,0,1250,2,0,0.771074589796,5,10,4125.096377,412.5096377,16710.48188403,122,114,3,0,0.0004879,seven_point_per_channel
203,3,710204,10,0,10,0,1500,3,1,0.4722564431478,0,10,3640.985337,364.0985337,14544.92669225,114,109,1,0,0.0003484,seven_point_per_channel
203,3,710204,10,0,10,0,1500,3,1,0.4722564431478,5,10,3769.127119,376.9127119,14840.6356083,124,113,6,0,0.0007622,seven_point_per_channel
204,3,710205,10,0,10,0,1000,4,0,0.572854664663,0,10,4277.739835,427.7739835,17133.69917504,134,131,0,0,0.0002507,seven_point_per_channel
204,3,710205,10,0,10,0,1000,4,0,0.572854664663,5,10,4198.546556,419.8546556,16977.73277762,126,123,0,0,0.0003099,seven_point_per_channel
205,3,710206,10,0,10,0,1250,0,1,0.5109848650171,0,10,3694.73495,369.473495,14643.67476498,120,116,0,0,0.000264,seven_point_per_channel
205,3,710206,10,0,10,0,1250,0,1,0.5109848650171,5,10,3649.473845,364.9473845,14322.36923094,123,120,0,0,0.0003248,seven_point_per_channel
206,3,710207,10,0,10,0,1500,1,0,0.6011965685225,0,10,3712.371428,371.2371428,14611.85714533,124,117,1,0,0.000302,seven_point_per_channel
206,3,710207,10,0,10,0,1500,1,0,0.6011965685225,5,10,3952.96344,395.296344,15664.81719961,129,122,1,0,0.0003832,seven_point_per_channel
207,3,710208,10,0,10,0,1000,2,1,0.4584830048311,0,10,3560.846882,356.0846882,13644.23441316,131,127,0,0,0.0002701,seven_point_per_channel
207,3,710208,10,0,10,0,1000,2,1,0.4584830048311,5,10,3660.705157,366.0705157,14488.52578958,120,113,0,0,0.0007294,seven_point_per_channel
208,3,710209,10,0,10,0,1250,3,0,0.5303470993078,0,10,4215.286237,421.5286237,16976.43119825,129,122,1,0,0.0002975,seven_point_per_channel
208,3,710209,10,0,10,0,1250,3,0,0.5303470993078,5,10,3862.467946,386.2467946,15377.33974984,124,117,0,0,0.0003504,seven_point_per_channel
209,3,710210,10,0,10,0,1500,4,1,0.4759840481852,0,10,3888.321816,388.8321816,15441.6090718,125,113,4,0,0.0004083,seven_point_per_channel
209,3,710210,10,0,10,0,1500,4,1,0.4759840481852,5,10,3615.277848,361.5277848,13986.38925112,127,115,6,1,0.0004331,seven_point_per_channel
210,3,710211,10,0,10,1,1000,0,0,3.496948532006e-05,0,10,3761.183357,376.1183357,14535.91679032,135,129,0,0,0.000313,seven_point_per_channel
210,3,710211,10,0,10,1,1000,0,0,3.496948532006e-05,5,10,3274.176709,327.4176709,12695.88355304,115,110,0,0,0.0006095,seven_point_per_channel
211,3,710212,10,0,10,1,1250,1,1,0.0001110873576167,0,10,3557.223891,355.7223891,14201.11945881,112,107,0,0,0.0003026,seven_point_per_channel
211,3,710212,10,0,10,1,1250,1,1,0.0001110873576167,5,10,4265.141413,426.5141413,16980.7070728,138,123,2,0,0.0003902,seven_point_per_channel
212,3,710213,10,0,10,1,1500,2,0,0.0001323896078851,0,10,4894.969469,489.4969469,20724.84735507,118,101,3,0,0.0004955,seven_point_per_channel
212,3,710213,10,0,10,1,1500,2,0,0.0001323896078851,5,10,3538.562608,353.8562608,13407.81303606,135,129,1,0,0.0004296,seven_point_per_channel
213,3,710214,10,0,10,1,1000,3,1,1.566440971442e-05,0,10,3907.925499,390.7925499,15774.62749382,118,113,0,0,0.0003001,seven_point_per_channel
213,3,710214,10,0,10,1,1000,3,1,1.566440971442e-05,5,10,3955.445823,395.5445823,15597.22911165,132,126,0,0,0.0003933,seven_point_per_channel
214,3,710215,10,0,10,1,1250,4,0,8.3636070366e-05,0,10,3568.323462,356.8323462,13901.61731278,124,118,0,0,0.0003043,seven_point_per_channel
214,3,710215,10,0,10,1,1250,4,0,8.3636070366e-05,5,10,3161.083824,316.1083824,11610.41911104,132,117,4,0,0.0007175,seven_point_per_channel
215,3,710216,10,0,10,1,1500,0,1,6.655348866783e-05,0,10,3476.744069,347.6744069,13293.72035071,129,123,0,0,0.000283,seven_point_per_channel
215,3,710216,10,0,10,1,1500,0,1,6.655348866783e-05,5,10,2934.636874,293.4636874,11018.18437752,115,106,0,0,0.0010902,seven_point_per_channel
216,3,710217,10,0,10,1,1000,1,0,8.038430494154e-05,0,10,3875.340125,387.5340125,15221.70062262,131,126,0,0,0.0002856,seven_point_per_channel
216,3,710217,10,0,10,1,1000,1,0,8.038430494154e-05,5,10,3946.162875,394.6162875,15935.8143704,119,114,0,0,0.0010759,seven_point_per_channel
217,3,710218,10,0,10,1,1250,2,1,3.499101368237e-05,0,10,3756.05537,375.605537,14805.27687004,125,120,0,0,0.0002801,seven_point_per_channel
217,3,710218,10,0,10,1,1250,2,1,3.499101368237e-05,5,10,4082.166352,408.2166352,16440.83177275,125,119,0,0,0.0003987,seven_point_per_channel
218,3,710219,10,0,10,1,1500,3,0,4.449584038536e-05,0,10,3880.833338,388.0833338,15654.16670313,118,110,0,0,0.0003278,seven_point_per_channel
218,3,710219,10,0,10,1,1500,3,0,4.449584038536e-05,5,10,3025.642747,302.5642747,11413.21374396,116,110,1,0,0.0006059,seven_point_per_channel
219,3,710220,10,0,10,1,1000,4,1,0.000113351072584,0,10,3571.312639,357.1312639,13911.56320879,124,119,0,0,0.0003062,seven_point_per_channel
219,3,710220,10,0,10,1,1000,4,1,0.000113351072584,5,10,3504.5612,350.45612,13522.80600932,126,120,0,0,0.0010459,seven_point_per_channel
220,3,710221,10,0,10,1,1250,0,0,5.898551671322e-05,0,10,3886.007962,388.6007962,15365.03980761,128,123,0,0,0.0002739,seven_point_per_channel
220,3,710221,10,0,10,1,1250,0,0,5.898551671322e-05,5,10,3972.595535,397.2595535,15977.97767296,122,117,0,0,0.0005869,seven_point_per_channel
221,3,710222,10,0,10,1,1500,1,1,0.0001295476858328,0,10,4424.481465,442.4481465,17777.40732523,138,123,2,0,0.0003719,seven_point_per_channel
221,3,710222,10,0,10,1,1500,1,1,0.0001295476858328,5,10,3674.445023,367.4445023,14787.22511355,112,107,0,0,0.0010621,seven_point_per_channel
222,3,710223,10,0,10,1,1000,2,0,5.209143836281e-05,0,10,3586.406475,358.6406475,13987.03237782,124,119,0,0,0.0003101,seven_point_per_channel
222,3,710223,10,0,10,1,1000,2,0,5.209143836281e-05,5,10,3763.1466,376.31466,14795.73299645,126,121,1,0,0.000422,seven_point_per_channel
223,3,710224,10,0,10,1,1250,3,1,6.952199141718e-05,0,10,4053.207429,405.3207429,16341.03715715,125,110,0,0,0.0003863,seven_point_per_channel
223,3,710224,10,0,10,1,1250,3,1,6.952199141718e-05,5,10,3456.82475,345.682475,13314.12375767,125,119,0,0,0.0004093,seven_point_per_channel
224,3,710225,10,0,10,1,1500,4,0,4.545055940496e-05,0,10,3771.975289,377.1975289,14894.87645089,124,117,2,0,0.0003197,seven_point_per_channel
224,3,710225,10,0,10,1,1500,4,0,4.545055940496e-05,5,10,3047.393689,304.7393689,11431.9684506,119,113,1,0,0.0004561,seven_point_per_channel
225,3,710226,10,0,10,1,1000,0,1,3.283380149945e-05,0,10,4015.254001,401.5254001,16101.27001116,125,120,0,0,0.0002972,seven_point_per_channel
225,3,710226,10,0,10,1,1000,0,1,3.283380149945e-05,5,10,3670.34546,367.034546,14376.72730327,125,120,0,0,0.0004119,seven_point_per_channel
226,3,710227,10,0,10,1,1250,1,0,7.347705977e-05,0,10,3577.407304,357.7407304,13822.0365212,128,123,0,0,0.0002734,seven_point_per_channel
226,3,710227,10,0,10,1,1250,1,0,7.347705977e-05,5,10,3462.831194,346.2831194,13574.15596169,117,107,2,0,0.0011823,seven_point_per_channel
227,3,710228,10,0,10,1,1500,2,1,0.0001274999863824,0,10,3693.674664,369.3674664,14673.37331536,119,114,0,0,0.0003171,seven_point_per_channel
227,3,710228,10,0,10,1,1500,2,1,0.0001274999863824,5,10,3976.035078,397.6035078,15735.17539558,132,116,1,0,0.0005628,seven_point_per_channel
228,3,710229,10,0,10,1,1000,3,0,8.400112317506e-05,0,10,3572.878491,357.2878491,14189.39246869,115,110,0,0,0.0003241,seven_point_per_channel
228,3,710229,10,0,10,1,1000,3,0,8.400112317506e-05,5,10,3139.483543,313.9483543,11947.41771811,117,109,2,0,0.0006512,seven_point_per_channel
229,3,710230,10,0,10,1,1250,4,1,1.15382994679e-05,0,10,3793.20579,379.320579,14786.02895115,132,126,0,0,0.0002823,seven_point_per_channel
229,3,710230,10,0,10,1,1250,4,1,1.15382994679e-05,5,10,3621.137044,362.1137044,14340.68522309,118,113,0,0,0.0004696,seven_point_per_channel
230,3,710231,10,0,10,1,1500,0,0,4.952575980371e-05,0,10,3948.302065,394.8302065,15566.51033771,133,120,0,0,0.0003575,seven_point_per_channel
230,3,710231,10,0,10,1,1500,0,0,4.952575980371e-05,5,10,3426.137943,342.6137943,13455.6897193,115,110,0,0,0.0006248,seven_point_per_channel
231,3,710232,10,0,10,1,1000,1,1,5.885097090813e-05,0,10,3576.072794,357.6072794,13820.36397055,128,122,0,0,0.0002935,seven_point_per_channel
231,3,710232,10,0,10,1,1000,1,1,5.885097090813e-05,5,10,3242.738439,324.2738439,12628.69220172,112,107,0,0,0.0010767,seven_point_per_channel
232,3,710233,10,0,10,1,1250,2,0,6.166740389096e-05,0,10,3534.724009,353.4724009,13998.62004495,115,110,0,0,0.0003172,seven_point_per_channel
232,3,710233,10,0,10,1,1250,2,0,6.166740389096e-05,5,10,3314.653426,331.4653426,12638.26713508,123,110,4,0,0.0007027,seven_point_per_channel
233,3,710234,10,0,10,1,1500,3,1,3.88254950283e-05,0,10,3660.628506,366.0628506,14718.14254083,112,107,0,0,0.0003301,seven_point_per_channel
233,3,710234,10,0,10,1,1500,3,1,3.88254950283e-05,5,10,3381.239797,338.1239797,12801.19898734,129,123,1,0,0.000341,seven_point_per_channel
234,3,710235,10,0,10,1,1000,4,0,4.785659882031e-05,0,10,3939.406801,393.9406801,15432.03399553,135,128,0,0,0.0002647,seven_point_per_channel
234,3,710235,10,0,10,1,1000,4,0,4.785659882031e-05,5,10,3626.849979,362.6849979,14459.24988896,115,110,0,0,0.0007246,seven_point_per_channel
235,3,710236,10,0,10,1,1250,0,1,3.997121890122e-05,0,10,3687.172503,368.7172503,14370.86251365,128,123,0,0,0.0002774,seven_point_per_channel
235,3,710236,10,0,10,1,1250,0,1,3.997121890122e-05,5,10,3256.94251,325.694251,12699.71254518,112,107,0,0,0.0010704,seven_point_per_channel
236,3,710237,10,0,10,1,1500,1,0,5.006293304535e-05,0,10,3681.363635,368.1363635,14301.81816873,129,123,1,0,0.0003072,seven_point_per_channel
236,3,710237,10,0,10,1,1500,1,0,5.006293304535e-05,5,10,2941.111603,294.1111603,11085.55801027,112,102,4,0,0.0031375,seven_point_per_channel
237,3,710238,10,0,10,1,1000,2,1,4.554338223977e-05,0,10,4017.07966,401.707966,15840.39829762,134,129,0,0,0.0002941,seven_point_per_channel
237,3,710238,10,0,10,1,1000,2,1,4.554338223977e-05,5,10,3358.219875,335.8219875,13061.09937681,117,111,0,0,0.0021444,seven_point_per_channel
238,3,710239,10,0,10,1,1250,3,0,7.268724589746e-05,0,10,3547.334919,354.7334919,14061.67460084,115,110,0,0,0.0003113,seven_point_per_channel
238,3,710239,10,0,10,1,1250,3,0,7.268724589746e-05,5,10,3315.956217,331.5956217,12524.78108737,127,120,2,0,0.00043,seven_point_per_channel
239,3,710240,10,0,10,1,1500,4,1,9.737074415472e-05,0,10,3672.391649,367.2391649,14956.95825645,106,101,0,0,0.000411,seven_point_per_channel
239,3,710240,10,0,10,1,1500,4,1,9.737074415472e-05,5,10,3535.296933,353.5296933,13036.48465356,145,129,8,1,0.0005709,seven_point_per_channel
240,3,710241,10,0,10,2,1000,0,0,0.06907916637145,0,10,3643.165054,364.3165054,13910.82526937,136,131,0,0,0.0002597,seven_point_per_channel
240,3,710241,10,0,10,2,1000,0,0,0.06907916637145,5,10,2742.194777,274.2194777,10190.97388421,110,104,0,0,0.002891,seven_point_per_channel
241,3,710242,10,0,10,2,1250,1,1,0.07700188408693,0,10,3551.950093,355.1950093,13259.75046244,142,134,2,0,0.0003519,seven_point_per_channel
241,3,710242,10,0,10,2,1250,1,1,0.07700188408693,5,10,2868.532684,286.8532684,11017.66342001,103,94,2,0,0.0034526,seven_point_per_channel
242,3,710243,10,0,10,2,1500,2,0,0.07905249752372,0,10,3000.940559,300.0940559,11744.70279499,101,94,1,0,0.0006231,seven_point_per_channel
242,3,710243,10,0,10,2,1500,2,0,0.07905249752372,5,10,2849.409208,284.9409208,10737.04602784,108,94,6,0,0.0031569,seven_point_per_channel
243,3,710244,10,0,10,2,1000,3,1,0.07349352077406,0,10,3216.73947,321.673947,12298.69735319,118,111,2,0,0.0003317,seven_point_per_channel
243,3,710244,10,0,10,2,1000,3,1,0.07349352077406,5,10,3192.570436,319.2570436,11722.85217837,133,124,3,0,0.0022708,seven_point_per_channel
244,3,710245,10,0,10,2,1250,4,0,0.1085513626686,0,10,3327.923167,332.7923167,12154.61583022,142,134,1,0,0.0003503,seven_point_per_channel
244,3,710245,10,0,10,2,1250,4,0,0.1085513626686,5,10,2989.764121,298.9764121,11558.82060301,105,94,3,0,0.0035824,seven_point_per_channel
245,3,710246,10,0,10,2,1500,0,1,0.1306835391952,0,10,4429.500116,442.9500116,17502.50056771,149,134,0,0,0.0004134,seven_point_per_channel
245,3,710246,10,0,10,2,1500,0,1,0.1306835391952,5,10,2889.953277,288.9953277,11229.76638084,100,94,0,0,0.0031784,seven_point_per_channel
246,3,710247,10,0,10,2,1000,1,0,0.06592563458313,0,10,3188.131981,318.8131981,12420.65990234,110,104,0,0,0.0004872,seven_point_per_channel
246,3,710247,10,0,10,2,1000,1,0,0.06592563458313,5,10,3036.448869,303.6448869,10762.24433991,140,134,0,0,0.0012036,seven_point_per_channel
247,3,710248,10,0,10,2,1250,2,1,0.03490096717994,0,10,2980.340892,298.0340892,10781.70445841,130,124,0,0,0.0003703,seven_point_per_channel
247,3,710248,10,0,10,2,1250,2,1,0.03490096717994,5,10,3077.818519,307.7818519,11529.09260101,120,110,4,0,0.0004955,seven_point_per_channel
248,3,710249,10,0,10,2,1500,3,0,0.09150808209579,0,10,4409.196525,440.9196525,18155.98263566,123,107,2,0,0.0004669,seven_point_per_channel
248,3,710249,10,0,10,2,1500,3,0,0.09150808209579,5,10,3278.526799,327.8526799,12277.63399505,130,123,0,0,0.0006284,seven_point_per_channel
249,3,710250,10,0,10,2,1000,4,1,0.03772134789353,0,10,3341.326258,334.1326258,13251.63128291,108,101,0,0,0.000368,seven_point_per_channel
249,3,710250,10,0,10,2,1000,4,1,0.03772134789353,5,10,3072.087152,307.2087152,10900.43575633,141,134,1,0,0.0011564,seven_point_per_channel
250,3,710251,10,0,10,2,1250,0,0,0.09019560481539,0,10,3230.13743,323.013743,12930.68714709,100,94,0,0,0.0005307,seven_point_per_channel
250,3,710251,10,0,10,2,1250,0,0,0.09019560481539,5,10,3378.00122,337.800122,12330.00610346,145,137,0,0,0.0004417,seven_point_per_channel
251,3,710252,10,0,10,2,1500,1,1,0.0518624115408,0,10,4209.313559,420.9313559,17501.56781847,111,98,2,0,0.0004955,seven_point_per_channel
251,3,710252,10,0,10,2,1500,1,1,0.0518624115408,5,10,2691.139813,269.1139813,10235.6990695,100,94,0,0,0.0031157,seven_point_per_channel
252,3,710253,10,0,10,2,1000,2,0,0.06229663508284,0,10,3258.502498,325.8502498,11847.51249258,141,134,0,0,0.0003542,seven_point_per_channel
252,3,710253,10,0,10,2,1000,2,0,0.06229663508284,5,10,2846.604551,284.6604551,10713.02275409,110,104,0,0,0.0026969,seven_point_per_channel
253,3,710254,10,0,10,2,1250,3,1,0.05068651697228,0,10,3495.135674,349.5135674,13055.6783748,140,134,0,0,0.0003346,seven_point_per_channel
253,3,710254,10,0,10,2,1250,3,1,0.05068651697228,5,10,2927.706575,292.7706575,11118.53287056,110,104,0,0,0.0026433,seven_point_per_channel
254,3,710255,10,0,10,2,1500,4,0,0.1750238842285,0,10,3687.722912,368.7722912,14593.61456602,120,110,3,0,0.000397,seven_point_per_channel
254,3,710255,10,0,10,2,1500,4,0,0.1750238842285,5,10,2884.203522,288.4203522,10301.01761738,130,124,0,0,0.0011837,seven_point_per_channel
255,3,710256,10,0,10,2,1000,0,1,0.1295001120377,0,10,3107.371117,310.7371117,12316.85558387,100,94,0,0,0.0005515,seven_point_per_channel
255,3,710256,10,0,10,2,1000,0,1,0.1295001120377,5,10,3227.42227,322.742227,11572.1113519,145,138,0,0,0.0006861,seven_point_per_channel
256,3,710257,10,0,10,2,1250,1,0,0.006844167675159,0,10,2947.843038,294.7843038,11494.21518825,101,94,0,0,0.0005693,seven_point_per_channel
256,3,710257,10,0,10,2,1250,1,0,0.006844167675159,5,10,3153.54426,315.354426,10962.72130041,151,138,6,0,0.0004065,seven_point_per_channel
257,3,710258,10,0,10,2,1500,2,1,0.08336205080438,0,10,3131.461212,313.1461212,12437.30606393,100,94,0,0,0.000538,seven_point_per_channel
257,3,710258,10,0,10,2,1500,2,1,0.08336205080438,5,10,3416.8012,341.68012,12284.00601367,151,134,7,0,0.001253,seven_point_per_channel
258,3,710259,10,0,10,2,1000,3,0,0.1276091638395,0,10,3638.661963,363.8661963,14073.30981121,130,124,0,0,0.0003328,seven_point_per_channel
258,3,710259,10,0,10,2,1000,3,0,0.1276091638395,5,10,2930.260769,293.0260769,10831.30383561,120,114,0,0,0.0026053,seven_point_per_channel
259,3,710260,10,0,10,2,1250,4,1,0.2404238087187,0,10,3778.9315,377.89315,15574.65750463,104,94,0,0,0.0005882,seven_point_per_channel
259,3,710260,10,0,10,2,1250,4,1,0.2404238087187,5,10,2745.154542,274.5154542,10465.77270684,101,94,1,0,0.003446,seven_point_per_channel
260,3,710261,10,0,10,2,1500,0,0,0.2667580746252,0,10,3420.609771,342.0609771,12658.04885068,141,134,0,0,0.0003715,seven_point_per_channel
260,3,710261,10,0,10,2,1500,0,0,0.2667580746252,5,10,3713.138897,371.3138897,14955.69450378,112,94,6,1,0.0031714,seven_point_per_channel
261,3,710262,10,0,10,2,1000,1,1,0.1644662655993,0,10,3689.720478,368.9720478,13733.60238802,150,143,0,0,0.0003116,seven_point_per_channel
261,3,710262,10,0,10,2,1000,1,1,0.1644662655993,5,10,2722.81744,272.281744,10394.08720448,100,94,0,0,0.0032291,seven_point_per_channel
262,3,710263,10,0,10,2,1250,2,0,0.06719159542358,0,10,3512.399402,351.2399402,13441.99701249,130,124,0,0,0.0003716,seven_point_per_channel
262,3,710263,10,0,10,2,1250,2,0,0.06719159542358,5,10,3108.276043,310.8276043,11721.38021825,120,114,0,0,0.0022367,seven_point_per_channel
263,3,710264,10,0,10,2,1500,3,1,0.1019197983814,0,10,4152.810369,415.2810369,16789.05185416,124,104,7,0,0.000585,seven_point_per_channel
263,3,710264,10,0,10,2,1500,3,1,0.1019197983814,5,10,2871.56464,287.156464,10237.82320572,130,124,0,0,0.00227,seven_point_per_channel
264,3,710265,10,0,10,2,1000,4,0,0.03910781156623,0,10,3392.528048,339.2528048,13157.64024532,119,113,1,0,0.0003459,seven_point_per_channel
264,3,710265,10,0,10,2,1000,4,0,0.03910781156623,5,10,2994.26121,299.426121,10851.30606275,130,124,0,0,0.0022019,seven_point_per_channel
265,3,710266,10,0,10,2,1250,0,1,0.06225554202178,0,10,3030.861569,303.0861569,11009.30785071,131,124,0,0,0.0003792,seven_point_per_channel
265,3,710266,10,0,10,2,1250,0,1,0.06225554202178,5,10,3485.457266,348.5457266,13717.2863378,117,107,0,0,0.0020689,seven_point_per_channel
266,3,710267,10,0,10,2,1500,1,0,0.09887862783154,0,10,3226.141608,322.6141608,12870.70803628,101,94,1,0,0.0005825,seven_point_per_channel
266,3,710267,10,0,10,2,1500,1,0,0.09887862783154,5,10,2996.775585,299.6775585,11723.87791967,101,94,1,0,0.0031484,seven_point_per_channel
267,3,710268,10,0,10,2,1000,2,1,0.02354019324044,0,10,3292.874783,329.2874783,11694.37392773,151,143,2,0,0.0003214,seven_point_per_channel
267,3,710268,10,0,10,2,1000,2,1,0.02354019324044,5,10,2810.615716,281.0615716,10798.07857312,101,93,1,0,0.0039887,seven_point_per_channel
268,3,710269,10,0,10,2,1250,3,0,0.08075537321289,0,10,3416.149898,341.6149898,12660.7495005,140,134,0,0,0.0003298,seven_point_per_channel
268,3,710269,10,0,10,2,1250,3,0,0.08075537321289,5,10,2806.970279,280.6970279,10514.85139521,110,104,0,0,0.0028065,seven_point_per_channel
269,3,710270,10,0,10,2,1500,4,1,0.07488537959048,0,10,3376.04985,337.604985,13360.2492537,110,104,0,0,0.0004817,seven_point_per_channel
269,3,710270,10,0,10,2,1500,4,1,0.07488537959048,5,10,3281.896825,328.1896825,11829.48413019,143,124,9,0,0.0024721,seven_point_per_channel
270,3,710271,13,0,0,0,1000,0,0,0.375922693001,0,13,3762.578425,289.4291096154,15432.89213973,103,96,0,0,0.0006498,seven_point_per_channel
270,3,710271,13,0,0,0,1000,0,0,0.375922693001,5,13,3773.525455,290.2711888462,15402.62727433,106,98,0,0,0.0044557,seven_point_per_channel
271,3,710272,13,0,0,0,1250,1,1,0.6980651680242,0,13,3890.815976,299.2935366154,15764.07986589,111,94,8,2,0.0007463,seven_point_per_channel
271,3,710272,13,0,0,0,1250,1,1,0.6980651680242,5,13,3996.307278,307.4082521538,16511.53639173,104,91,6,1,0.0033961,seven_point_per_channel
272,3,710273,13,0,0,0,1500,2,0,0.3656562413139,0,13,3138.778291,241.4444839231,12753.89145593,87,73,5,1,0.0015628,seven_point_per_channel
272,3,710273,13,0,0,0,1500,2,0,0.3656562413139,5,13,3203.132306,246.3947927692,13015.66150895,88,74,7,0,0.0064843,seven_point_per_channel
273,3,710274,13,0,0,0,1000,3,1,0.307235451716,0,13,3876.393855,298.1841426923,16151.96928161,98,91,0,0,0.0006662,seven_point_per_channel
273,3,710274,13,0,0,0,1000,3,1,0.307235451716,5,13,3796.67278,292.0517523077,15928.36389686,92,86,0,0,0.0049379,seven_point_per_channel
274,3,710275,13,0,0,0,1250,4,0,0.3767094360931,0,13,3473.807535,267.2159642308,14079.03766884,99,83,5,1,0.0011658,seven_point_per_channel
274,3,710275,13,0,0,0,1250,4,0,0.3767094360931,5,13,3505.483237,269.6525566923,14007.41619,105,87,9,1,0.0044324,seven_point_per_channel
275,3,710276,13,0,0,0,1500,0,1,0.6837093805171,0,13,3257.09012,250.5453938462,13365.45061057,89,74,0,0,0.0017544,seven_point_per_channel
275,3,710276,13,0,0,0,1500,0,1,0.6837093805171,5,13,2822.183787,217.0910605385,11230.91893497,87,76,0,0,0.0056365,seven_point_per_channel
276,3,710277,13,0,0,0,1000,1,0,0.9124703605384,0,13,3898.847139,299.9113183846,15949.2356945,106,96,6,0,0.0006333,seven_point_per_channel
276,3,710277,13,0,0,0,1000,1,0,0.9124703605384,5,13,4062.22796,312.4790738462,16481.13980176,115,102,8,0,0.0020973,seven_point_per_channel
277,3,710278,13,0,0,0,1250,2,1,0.4694463516508,0,13,3437.467771,264.4205977692,14087.33886089,92,77,6,1,0.0011784,seven_point_per_channel
277,3,710278,13,0,0,0,1250,2,1,0.4694463516508,5,13,3466.480873,266.6523748462,14037.40436372,97,82,9,0,0.0062284,seven_point_per_channel
278,3,710279,13,0,0,0,1500,3,0,0.8335048693601,0,13,2785.300979,214.2539214615,11181.50488994,82,74,0,1,0.0019165,seven_point_per_channel
278,3,710279,13,0,0,0,1500,3,0,0.8335048693601,5,13,2717.975031,209.0750023846,10894.87516571,80,74,0,0,0.0060052,seven_point_per_channel
279,3,710280,13,0,0,0,1000,4,1,0.5064849221792,0,13,3720.057415,286.1582626923,15135.28707406,104,93,5,0,0.0010218,seven_point_per_channel
279,3,710280,13,0,0,0,1000,4,1,0.5064849221792,5,13,3456.896529,265.9151176154,14054.48263611,96,83,6,0,0.0037037,seven_point_per_channel
280,3,710281,13,0,0,0,1250,0,0,0.5234629317137,0,13,3439.649874,264.5884518462,14148.24938306,92,85,0,0,0.001215,seven_point_per_channel
280,3,710281,13,0,0,0,1250,0,0,0.5234629317137,5,13,3728.237734,286.787518,15526.18868253,94,88,0,0,0.0036397,seven_point_per_channel
281,3,710282,13,0,0,0,1500,1,1,0.7099861166114,0,13,3132.373394,240.9517995385,12486.8669629,93,75,10,1,0.0020216,seven_point_per_channel
281,3,710282,13,0,0,0,1500,1,1,0.7099861166114,5,13,3421.528777,263.1945213077,13982.64388921,91,75,10,1,0.0050347,seven_point_per_channel
282,3,710283,13,0,0,0,1000,2,0,0.6657412654925,0,13,3497.324376,269.024952,13936.62187302,106,94,7,0,0.0009025,seven_point_per_channel
282,3,710283,13,0,0,0,1000,2,0,0.6657412654925,5,13,3750.047289,288.4651760769,15200.23644275,104,92,11,1,0.0032572,seven_point_per_channel
283,3,710284,13,0,0,0,1250,3,1,0.3406684417512,0,13,3349.974678,257.6903598462,13534.87339385,97,90,1,0,0.0011057,seven_point_per_channel
283,3,710284,13,0,0,0,1250,3,1,0.3406684417512,5,13,2998.034858,230.618066,11935.17429153,93,81,0,1,0.0056557,seven_point_per_channel
284,3,710285,13,0,0,0,1500,4,0,0.7911071806238,0,13,3047.950717,234.4577474615,12034.75357288,95,77,8,0,0.0014143,seven_point_per_channel
284,3,710285,13,0,0,0,1500,4,0,0.7911071806238,5,13,3248.060985,249.850845,13000.30489607,95,75,11,1,0.0068993,seven_point_per_channel
285,3,710286,13,0,0,0,1000,0,1,0.7758275265722,0,13,4302.75705,330.9813115385,17993.78525814,108,99,0,0,0.0005443,seven_point_per_channel
285,3,710286,13,0,0,0,1000,0,1,0.7758275265722,5,13,4063.082148,312.5447806154,16865.41074947,105,100,0,0,0.0033109,seven_point_per_channel
286,3,710287,13,0,0,0,1250,1,0,0.6436484472461,0,13,3291.598048,253.1998498462,13157.99024088,100,89,2,1,0.0008531,seven_point_per_channel
286,3,710287,13,0,0,0,1250,1,0,0.6436484472461,5,13,3502.203548,269.4002729231,14001.01773714,106,92,5,2,0.0037204,seven_point_per_channel
287,3,710288,13,0,0,0,1500,2,1,0.3776119011031,0,13,3468.923213,266.8402471538,14184.61607321,92,77,10,0,0.0016721,seven_point_per_channel
287,3,710288,13,0,0,0,1500,2,1,0.3776119011031,5,13,3387.733961,260.5949200769,13663.66979544,97,81,8,0,0.0050158,seven_point_per_channel
288,3,710289,13,0,0,0,1000,3,0,0.591298052149,0,13,3809.902497,293.0694228462,15494.51249739,108,103,1,0,0.0004906,seven_point_per_channel
288,3,710289,13,0,0,0,1000,3,0,0.591298052149,5,13,3608.260684,277.5585141538,14451.30343436,109,105,1,0,0.0010367,seven_point_per_channel
289,3,710290,13,0,0,0,1250,4,1,0.3763166520549,0,13,4087.299807,314.4076774615,17271.49904735,94,83,5,0,0.001139,seven_point_per_channel
289,3,710290,13,0,0,0,1250,4,1,0.3763166520549,5,13,3957.323888,304.4095298462,16501.61944673,97,83,8,1,0.0040396,seven_point_per_channel
290,3,710291,13,0,0,0,1500,0,0,0.4658298650831,0,13,3337.893861,256.7610662308,13709.46929321,90,81,0,0,0.0011698,seven_point_per_channel
290,3,710291,13,0,0,0,1500,0,0,0.4658298650831,5,13,3280.848713,252.3729779231,13379.24356645,91,85,0,0,0.003642,seven_point_per_channel
291,3,710292,13,0,0,0,1000,1,1,0.4573525836975,0,13,3680.174648,283.0903575385,14995.87325999,102,94,4,0,0.0008156,seven_point_per_channel
291,3,710292,13,0,0,0,1000,1,1,0.4573525836975,5,13,4101.73958,315.5184292308,16968.697918,105,94,8,0,0.0044533,seven_point_per_channel
292,3,710293,13,0,0,0,1250,2,0,0.4650825764566,0,13,3557.569952,273.6592270769,14402.84975609,101,86,7,0,0.0014071,seven_point_per_channel
292,3,710293,13,0,0,0,1250,2,0,0.4650825764566,5,13,3168.899905,243.7615311538,12699.49952099,93,78,7,0,0.0051279,seven_point_per_channel
293,3,710294,13,0,0,0,1500,3,1,0.4395853460268,0,13,3132.831074,240.9870056923,12714.15537154,88,85,0,0,0.0010297,seven_point_per_channel
293,3,710294,13,0,0,0,1500,3,1,0.4395853460268,5,13,3454.602346,265.738642,14283.01174185,90,80,1,0,0.0045197,seven_point_per_channel
294,3,710295,13,0,0,0,1000,4,0,0.7867230121673,0,13,3659.876443,281.5289571538,15119.38221827,95,87,3,0,0.0008443,seven_point_per_channel
294,3,710295,13,0,0,0,1000,4,0,0.7867230121673,5,13,3672.227368,282.4790283077,15036.13684658,99,93,4,0,0.0039136,seven_point_per_channel
295,3,710296,13,0,0,0,1250,0,1,0.4161046271284,0,13,3516.370559,270.490043,14646.85279689,88,82,0,0,0.0010532,seven_point_per_channel
295,3,710296,13,0,0,0,1250,0,1,0.4161046271284,5,13,3437.167581,264.3975062308,14160.83790872,91,85,0,0,0.003733,seven_point_per_channel
296,3,710297,13,0,0,0,1500,1,0,0.3726886208876,0,13,3359.41435,258.4164884615,13632.071753,94,74,8,1,0.0014506,seven_point_per_channel
296,3,710297,13,0,0,0,1500,1,0,0.3726886208876,5,13,3473.941075,267.2262365385,14219.70537044,94,77,6,2,0.0052643,seven_point_per_channel
297,3,710298,13,0,0,0,1000,2,1,0.3986036803549,0,13,3971.886562,305.5297355385,16209.43281965,109,99,7,0,0.0006487,seven_point_per_channel
297,3,710298,13,0,0,0,1000,2,1,0.3986036803549,5,13,4205.146567,323.4728128462,17220.73285301,114,99,9,0,0.00481,seven_point_per_channel
298,3,710299,13,0,0,0,1250,3,0,0.7347847218164,0,13,3422.735206,263.2873235385,13798.67604562,101,93,0,0,0.0008259,seven_point_per_channel
298,3,710299,13,0,0,0,1250,3,0,0.7347847218164,5,13,3505.674217,269.6672474615,14153.37108269,103,92,1,0,0.0041936,seven_point_per_channel
299,3,710300,13,0,0,0,1500,4,1,0.5985222299396,0,13,3970.984408,305.4603390769,16644.92204839,96,79,6,2,0.0014335,seven_point_per_channel
299,3,710300,13,0,0,0,1500,4,1,0.5985222299396,5,13,3616.273024,278.174848,14996.36512376,91,76,7,1,0.0055242,seven_point_per_channel
300,3,710301,13,0,0,1,1000,0,0,8.970135402745e-05,0,13,3621.222231,278.5555562308,14956.11115991,95,90,0,0,0.0005926,seven_point_per_channel
300,3,710301,13,0,0,1,1000,0,0,8.970135402745e-05,5,13,3626.721333,278.9785640769,14678.60666967,105,101,0,0,0.0030355,seven_point_per_channel
301,3,710302,13,0,0,1,1250,1,1,0.000117502016051,0,13,3985.248063,306.5575433077,16771.24031287,94,84,4,0,0.0008181,seven_point_per_channel
301,3,710302,13,0,0,1,1250,1,1,0.000117502016051,5,13,3789.784639,291.5218953077,15403.9231914,105,89,10,1,0.004008,seven_point_per_channel
302,3,710303,13,0,0,1,1500,2,0,7.938826789936e-05,0,13,4582.633679,352.510283,19983.16838761,87,71,5,1,0.0012327,seven_point_per_channel
302,3,710303,13,0,0,1,1500,2,0,7.938826789936e-05,5,13,4449.162465,342.2432665385,19345.81232221,86,73,4,0,0.0067195,seven_point_per_channel
303,3,710304,13,0,0,1,1000,3,1,3.286248281994e-05,0,13,4538.714602,349.1318924615,19568.57300583,94,90,0,0,0.0006121,seven_point_per_channel
303,3,710304,13,0,0,1,1000,3,1,3.286248281994e-05,5,13,3903.212562,300.2471201538,15766.06281743,115,110,0,0,0.0014038,seven_point_per_channel
304,3,710305,13,0,0,1,1250,4,0,2.684687709669e-05,0,13,5125.85934,394.2968723077,21684.29670452,118,101,11,0,0.000646,seven_point_per_channel
304,3,710305,13,0,0,1,1250,4,0,2.684687709669e-05,5,13,4176.560002,321.2738463077,16522.80001549,132,117,10,0,0.0009508,seven_point_per_channel
305,3,710306,13,0,0,1,1500,0,1,0.000125695668948,0,13,4433.575152,341.0442424615,19357.8757788,84,71,2,0,0.0012101,seven_point_per_channel
305,3,710306,13,0,0,1,1500,0,1,0.000125695668948,5,13,4119.833933,316.9103025385,17669.16966433,87,74,4,0,0.0063109,seven_point_per_channel
306,3,710307,13,0,0,1,1000,1,0,3.654181698065e-05,0,13,4402.264237,338.6357105385,18436.32119983,106,93,9,1,0.000681,seven_point_per_channel
306,3,710307,13,0,0,1,1000,1,0,3.654181698065e-05,5,13,3814.007315,293.3851780769,15720.03658114,100,90,5,0,0.0056609,seven_point_per_channel
307,3,710308,13,0,0,1,1250,2,1,8.717700501771e-05,0,13,4104.900574,315.7615826154,17299.50288225,97,89,2,0,0.0007631,seven_point_per_channel
307,3,710308,13,0,0,1,1250,2,1,8.717700501771e-05,5,13,3446.232685,265.0948219231,13786.16344142,104,95,3,0,0.004134,seven_point_per_channel
308,3,710309,13,0,0,1,1500,3,0,6.585828590953e-05,0,13,4734.110899,364.1623768462,20795.5544859,87,75,0,0,0.0012561,seven_point_per_channel
308,3,710309,13,0,0,1,1500,3,0,6.585828590953e-05,5,13,4555.312838,350.4086798462,19881.56418759,87,76,1,0,0.0065574,seven_point_per_channel
309,3,710310,13,0,0,1,1000,4,1,3.870425796922e-05,0,13,3381.999455,260.1538042308,14049.9972785,85,79,1,0,0.0008208,seven_point_per_channel
309,3,710310,13,0,0,1,1000,4,1,3.870425796922e-05,5,13,3667.793193,282.1379379231,15213.96595944,93,86,3,0,0.0045683,seven_point_per_channel
310,3,710311,13,0,0,1,1250,0,0,3.056432043598e-05,0,13,4104.344839,315.7188337692,17796.72420865,81,75,0,0,0.001269,seven_point_per_channel
310,3,710311,13,0,0,1,1250,0,0,3.056432043598e-05,5,13,3977.005688,305.9235144615,17075.02844981,84,77,0,0,0.0061904,seven_point_per_channel
311,3,710312,13,0,0,1,1500,1,1,8.004716729147e-05,0,13,4201.919846,323.2246035385,18054.59922508,88,71,5,1,0.0014781,seven_point_per_channel
311,3,710312,13,0,0,1,1500,1,1,8.004716729147e-05,5,13,4280.297256,329.2536350769,18416.48629279,89,72,5,2,0.0077269,seven_point_per_channel
312,3,710313,13,0,0,1,1000,2,0,0.000106163629288,0,13,4216.527975,324.3483057692,17537.63987069,106,96,6,0,0.0006088,seven_point_per_channel
312,3,710313,13,0,0,1,1000,2,0,0.000106163629288,5,13,3757.796255,289.0612503846,14753.98128639,123,112,5,0,0.0007751,seven_point_per_channel
313,3,710314,13,0,0,1,1250,3,1,0.0001479997330559,0,13,4622.179407,355.5522620769,20000.89703062,94,87,0,0,0.0008562,seven_point_per_channel
313,3,710314,13,0,0,1,1250,3,1,0.0001479997330559,5,13,4253.696666,327.2074358462,18223.48332579,91,83,2,0,0.0052544,seven_point_per_channel
314,3,710315,13,0,0,1,1500,4,0,7.324535471126e-05,0,13,4299.06254,330.6971184615,18470.31269773,91,79,2,0,0.0009758,seven_point_per_channel
314,3,710315,13,0,0,1,1500,4,0,7.324535471126e-05,5,13,4165.99044,320.4608030769,17754.95220462,91,74,7,0,0.007253,seven_point_per_channel
315,3,710316,13,0,0,1,1000,0,1,7.72175020617e-05,0,13,4785.496846,368.115142,20672.48422902,98,93,1,0,0.000618,seven_point_per_channel
315,3,710316,13,0,0,1,1000,0,1,7.72175020617e-05,5,13,4679.585987,359.9681528462,19497.92993369,120,112,1,0,0.0013631,seven_point_per_channel
316,3,710317,13,0,0,1,1250,1,0,6.375115377742e-05,0,13,3817.317723,293.6398248462,15656.58862336,104,95,2,0,0.000684,seven_point_per_channel
316,3,710317,13,0,0,1,1250,1,0,6.375115377742e-05,5,13,3208.004842,246.7696032308,12870.02421182,95,88,2,0,0.0044307,seven_point_per_channel
317,3,710318,13,0,0,1,1500,2,1,3.460291452233e-05,0,13,4794.406473,368.8004979231,21027.03236246,88,75,3,0,0.0011853,seven_point_per_channel
317,3,710318,13,0,0,1,1500,2,1,3.460291452233e-05,5,13,4542.883437,349.4525720769,19749.41718042,88,73,5,0,0.0073403,seven_point_per_channel
318,3,710319,13,0,0,1,1000,3,0,5.609904521588e-05,0,13,3610.824246,277.7557112308,15079.12123665,89,85,0,0,0.0007996,seven_point_per_channel
318,3,710319,13,0,0,1,1000,3,0,5.609904521588e-05,5,13,3230.559378,248.5045675385,12557.79688387,110,104,0,0,0.0022095,seven_point_per_channel
319,3,710320,13,0,0,1,1250,4,1,0.0001394943220773,0,13,4097.939486,315.2261143077,17119.69744858,101,89,5,0,0.0008794,seven_point_per_channel
319,3,710320,13,0,0,1,1250,4,1,0.0001394943220773,5,13,3716.705281,285.9004062308,15063.52639746,105,93,7,0,0.0041733,seven_point_per_channel
320,3,710321,13,0,0,1,1500,0,0,5.314352719105e-05,0,13,4787.984923,368.3065325385,20724.92462361,97,81,4,0,0.0010224,seven_point_per_channel
320,3,710321,13,0,0,1,1500,0,0,5.314352719105e-05,5,13,4479.412043,344.5701571538,19557.06021433,85,75,1,0,0.0067141,seven_point_per_channel
321,3,710322,13,0,0,1,1000,1,1,0.0001128675581717,0,13,4037.623963,310.5864586923,17173.11982296,89,81,4,0,0.0009472,seven_point_per_channel
321,3,710322,13,0,0,1,1000,1,1,0.0001128675581717,5,13,4257.332362,327.4871047692,18056.66181928,96,86,5,0,0.0046721,seven_point_per_channel
322,3,710323,13,0,0,1,1250,2,0,6.562609453018e-05,0,13,4125.603469,317.354113,17653.01734394,89,79,2,0,0.0008933,seven_point_per_channel
322,3,710323,13,0,0,1,1250,2,0,6.562609453018e-05,5,13,3917.793138,301.3687029231,16538.96568988,89,79,7,0,0.0049891,seven_point_per_channel
323,3,710324,13,0,0,1,1500,3,1,0.0001195754070688,0,13,4558.914222,350.6857093846,20019.57110948,83,72,1,0,0.0012179,seven_point_per_channel
323,3,710324,13,0,0,1,1500,3,1,0.0001195754070688,5,13,4105.614411,315.8164931538,17668.07205402,86,77,0,0,0.00612,seven_point_per_channel
324,3,710325,13,0,0,1,1000,4,0,2.789942077631e-05,0,13,3468.223217,266.7864013077,14021.11608443,100,93,2,0,0.0006892,seven_point_per_channel
324,3,710325,13,0,0,1,1000,4,0,2.789942077631e-05,5,13,3601.912041,277.070157,14714.56019881,98,92,4,0,0.0038631,seven_point_per_channel
325,3,710326,13,0,0,1,1250,0,1,0.0001473733311978,0,13,3883.836446,298.7566496923,16454.18224727,88,76,4,1,0.0010215,seven_point_per_channel
325,3,710326,13,0,0,1,1250,0,1,0.0001473733311978,5,13,3783.933917,291.0718397692,16049.66959163,85,78,2,0,0.006039,seven_point_per_channel
326,3,710327,13,0,0,1,1500,1,0,7.440350861012e-05,0,13,4711.496889,362.4228376154,20547.48444263,89,77,5,0,0.0011326,seven_point_per_channel
326,3,710327,13,0,0,1,1500,1,0,7.440350861012e-05,5,13,4200.49125,323.1147115385,17932.45625159,92,80,3,0,0.0051345,seven_point_per_channel
327,3,710328,13,0,0,1,1000,2,1,6.488248142809e-05,0,13,3595.342411,276.5648008462,14686.71205176,98,88,5,0,0.0005285,seven_point_per_channel
327,3,710328,13,0,0,1,1000,2,1,6.488248142809e-05,5,13,3877.155764,298.2427510769,15800.77882981,108,100,4,0,0.0032283,seven_point_per_channel
328,3,710329,13,0,0,1,1250,3,0,8.844348765527e-05,0,13,3907.762915,300.5971473077,16663.81457596,87,75,0,0,0.0010982,seven_point_per_channel
328,3,710329,13,0,0,1,1250,3,0,8.844348765527e-05,5,13,3737.29465,287.4842038462,15816.47325918,86,79,0,0,0.0048201,seven_point_per_channel
329,3,710330,13,0,0,1,1500,4,1,3.695286964628e-05,0,13,4671.394648,359.3380498462,20421.97323722,87,72,5,0,0.0013779,seven_point_per_channel
329,3,710330,13,0,0,1,1500,4,1,3.695286964628e-05,5,13,4307.614341,331.3549493077,18483.07171715,89,74,9,1,0.0078336,seven_point_per_channel
330,3,710331,13,0,0,2,1000,0,0,0.6513275600973,0,13,3253.229827,250.2484482308,13716.1491433,75,70,0,0,0.0010754,seven_point_per_channel
330,3,710331,13,0,0,2,1000,0,0,0.6513275600973,5,13,2595.10362,199.6233553846,10400.51809607,76,70,0,0,0.0070796,seven_point_per_channel
331,3,710332,13,0,0,2,1250,1,1,0.2351000484556,0,13,3400.359929,261.5661483846,14351.79964158,78,69,2,0,0.001143,seven_point_per_channel
331,3,710332,13,0,0,2,1250,1,1,0.2351000484556,5,13,2806.118855,215.8552965385,11325.59427805,80,70,2,0,0.0074438,seven_point_per_channel
332,3,710333,13,0,0,2,1500,2,0,0.4100376945587,0,13,3272.597246,251.7382496923,13772.98623958,76,70,1,0,0.0012152,seven_point_per_channel
332,3,710333,13,0,0,2,1500,2,0,0.4100376945587,5,13,2848.541664,219.1185895385,11587.70832973,78,70,2,0,0.0078406,seven_point_per_channel
333,3,710334,13,0,0,2,1000,3,1,0.4815421414322,0,13,3425.626437,263.5097259231,14558.13217545,76,69,0,0,0.0011466,seven_point_per_channel
333,3,710334,13,0,0,2,1000,3,1,0.4815421414322,5,13,2765.745809,212.7496776154,11283.7290491,75,69,0,0,0.0088625,seven_point_per_channel
334,3,710335,13,0,0,2,1250,4,0,0.6165180686758,0,13,3271.466899,251.6512999231,13742.334492,77,70,1,0,0.0011144,seven_point_per_channel
334,3,710335,13,0,0,2,1250,4,0,0.6165180686758,5,13,2804.245735,215.7112103846,11431.22867496,76,70,1,0,0.0085175,seven_point_per_channel
335,3,710336,13,0,0,2,1500,0,1,0.7765625395067,0,13,3378.726805,259.9020619231,14278.63402181,77,70,1,0,0.0011791,seven_point_per_channel
335,3,710336,13,0,0,2,1500,0,1,0.7765625395067,5,13,2806.851555,215.9116580769,11459.25777194,76,70,0,0,0.0081311,seven_point_per_channel
336,3,710337,13,0,0,2,1000,1,0,0.3099795805758,0,13,3489.54135,268.4262576923,14857.70674106,76,70,1,0,0.0012062,seven_point_per_channel
336,3,710337,13,0,0,2,1000,1,0,0.3099795805758,5,13,2678.949922,206.0730709231,10659.74961211,80,70,4,0,0.0070718,seven_point_per_channel
337,3,710338,13,0,0,2,1250,2,1,0.4208575891809,0,13,3365.721431,258.9016485385,14283.60716681,75,69,0,0,0.0010972,seven_point_per_channel
337,3,710338,13,0,0,2,1250,2,1,0.4208575891809,5,13,2559.62283,196.8940638462,10133.11415202,78,69,3,0,0.0095424,seven_point_per_channel
338,3,710339,13,0,0,2,1500,3,0,0.1462836819124,0,13,3264.968116,251.1513935385,13724.84058417,77,70,0,0,0.0012319,seven_point_per_channel
338,3,710339,13,0,0,2,1500,3,0,0.1462836819124,5,13,2873.668035,221.0513873077,11748.340168,78,69,0,0,0.0092376,seven_point_per_channel
339,3,710340,13,0,0,2,1000,4,1,0.2860595913655,0,13,3517.550933,270.580841,14997.75465776,76,70,1,0,0.0011286,seven_point_per_channel
339,3,710340,13,0,0,2,1000,4,1,0.2860595913655,5,13,2725.457079,209.6505445385,10997.28540295,77,70,2,0,0.0069599,seven_point_per_channel
340,3,710341,13,0,0,2,1250,0,0,0.2064983985191,0,13,3478.599499,267.5845768462,14842.99749421,75,70,0,0,0.00107,seven_point_per_channel
340,3,710341,13,0,0,2,1250,0,0,0.2064983985191,5,13,2728.524946,209.8865343077,10992.62472956,79,70,0,0,0.0069937,seven_point_per_channel
341,3,710342,13,0,0,2,1500,1,1,0.3179745310262,0,13,3368.923534,259.1479641538,14229.61766557,77,70,1,0,0.0011453,seven_point_per_channel
341,3,710342,13,0,0,2,1500,1,1,0.3179745310262,5,13,2900.288794,223.099138,11911.44396037,76,70,1,0,0.0066628,seven_point_per_channel
342,3,710343,13,0,0,2,1000,2,0,0.3163410549735,0,13,3541.4816,272.4216615385,15157.4080093,75,70,0,0,0.0009831,seven_point_per_channel
342,3,710343,13,0,0,2,1000,2,0,0.3163410549735,5,13,2681.554486,206.273422,10717.77244591,79,69,3,0,0.0093493,seven_point_per_channel
343,3,710344,13,0,0,2,1250,3,1,0.3112034643416,0,13,3329.354433,256.1041871538,14046.77216021,77,70,0,0,0.0014378,seven_point_per_channel
343,3,710344,13,0,0,2,1250,3,1,0.3112034643416,5,13,2799.551234,215.3500949231,11352.7561668,79,69,0,0,0.009424,seven_point_per_channel
344,3,710345,13,0,0,2,1500,4,0,0.7011823484896,0,13,3395.967326,261.2282558462,14429.83662478,75,70,0,0,0.0010884,seven_point_per_channel
344,3,710345,13,0,0,2,1500,4,0,0.7011823484896,5,13,2480.868567,190.8360436154,9749.342838129,78,70,2,0,0.0084296,seven_point_per_channel
345,3,710346,13,0,0,2,1000,0,1,0.4720587167365,0,13,3414.852303,262.6809463846,14529.26150726,75,69,0,0,0.0011007,seven_point_per_channel
345,3,710346,13,0,0,2,1000,0,1,0.4720587167365,5,13,2635.313851,202.7164500769,10606.56925475,76,69,0,0,0.0084486,seven_point_per_channel
346,3,710347,13,0,0,2,1250,1,0,0.3570078489509,0,13,3494.587612,268.8144316923,14832.93806774,78,70,1,1,0.0010381,seven_point_per_channel
346,3,710347,13,0,0,2,1250,1,0,0.3570078489509,5,13,2908.511163,223.7316279231,11757.55581401,82,70,4,1,0.0091958,seven_point_per_channel
347,3,710348,13,0,0,2,1500,2,1,0.627162587398,0,13,3410.379428,262.3368790769,14466.89713061,76,69,1,0,0.0011705,seven_point_per_channel
347,3,710348,13,0,0,2,1500,2,1,0.627162587398,5,13,2711.577345,208.5828726923,10847.88671616,79,70,4,0,0.0071203,seven_point_per_channel
348,3,710349,13,0,0,2,1000,3,0,0.4190377599608,0,13,3303.753375,254.134875,13948.76687916,76,69,0,0,0.0011588,seven_point_per_channel
348,3,710349,13,0,0,2,1000,3,0,0.4190377599608,5,13,2659.083078,204.5448521538,10745.41539401,75,70,0,0,0.007461,seven_point_per_channel
349,3,710350,13,0,0,2,1250,4,1,0.196268938318,0,13,3564.093972,274.1610747692,15180.46985063,78,70,1,0,0.0011169,seven_point_per_channel
349,3,710350,13,0,0,2,1250,4,1,0.196268938318,5,13,3119.621965,239.9709203846,12808.10981719,82,71,4,0,0.0086053,seven_point_per_channel
350,3,710351,13,0,0,2,1500,0,0,0.1699171694877,0,13,3519.877758,270.7598275385,15024.38878434,76,70,0,0,0.0010911,seven_point_per_channel
350,3,710351,13,0,0,2,1500,0,0,0.1699171694877,5,13,2608.880006,200.6830773846,10469.40002518,76,70,0,0,0.0087588,seven_point_per_channel
351,3,710352,13,0,0,2,1000,1,1,0.2742041985103,0,13,3527.191779,271.3224445385,14980.95888871,78,70,2,0,0.001161,seven_point_per_channel
351,3,710352,13,0,0,2,1000,1,1,0.2742041985103,5,13,2767.734615,212.9026626923,11093.67305248,81,70,3,0,0.0072723,seven_point_per_channel
352,3,710353,13,0,0,2,1250,2,0,0.1999377846266,0,13,3513.808237,270.2929413077,14979.04118131,76,70,1,0,0.0010827,seven_point_per_channel
352,3,710353,13,0,0,2,1250,2,0,0.1999377846266,5,13,2993.278431,230.252187,12286.39215311,79,70,2,0,0.0071819,seven_point_per_channel
353,3,710354,13,0,0,2,1500,3,1,0.7229781235945,0,13,3239.248793,249.1729840769,13621.24396522,76,70,0,0,0.0011663,seven_point_per_channel
353,3,710354,13,0,0,2,1500,3,1,0.7229781235945,5,13,2603.431663,200.2639740769,10467.15832114,75,70,0,0,0.0074396,seven_point_per_channel
354,3,710355,13,0,0,2,1000,4,0,0.3500662582717,0,13,3414.616981,262.6628446923,14528.08490911,75,69,0,0,0.0010643,seven_point_per_channel
354,3,710355,13,0,0,2,1000,4,0,0.3500662582717,5,13,2472.741305,190.2108696154,9693.706520243,78,70,3,0,0.0093691,seven_point_per_channel
355,3,710356,13,0,0,2,1250,0,1,0.3146778691727,0,13,3427.463095,263.6510073077,14587.31546717,75,70,0,0,0.0011724,seven_point_per_channel
355,3,710356,13,0,0,2,1250,0,1,0.3146778691727,5,13,2780.177365,213.8597973077,11300.88684423,77,70,0,0,0.0066128,seven_point_per_channel
356,3,710357,13,0,0,2,1500,1,0,0.2549286299897,0,13,3535.514059,271.9626199231,15062.57029925,77,70,1,0,0.0012922,seven_point_per_channel
356,3,710357,13,0,0,2,1500,1,0,0.2549286299897,5,13,2566.61801,197.4321546154,10203.09005754,77,70,2,0,0.0086913,seven_point_per_channel
357,3,710358,13,0,0,2,1000,2,1,0.2847865661471,0,13,3493.53683,268.7336023077,14892.6841485,76,70,0,0,0.0010898,seven_point_per_channel
357,3,710358,13,0,0,2,1000,2,1,0.2847865661471,5,13,3088.369616,237.5668935385,12771.84807048,78,70,3,0,0.0068746,seven_point_per_channel
358,3,710359,13,0,0,2,1250,3,0,0.5963044622533,0,13,3380.797286,260.0613296923,14353.98642483,75,70,0,0,0.0012045,seven_point_per_channel
358,3,710359,13,0,0,2,1250,3,0,0.5963044622533,5,13,2602.584685,200.1988219231,10462.92342858,75,70,0,0,0.0083589,seven_point_per_channel
359,3,710360,13,0,0,2,1500,4,1,0.2930940209549,0,13,3565.404376,274.2618750769,15147.02188126,79,70,2,1,0.0010662,seven_point_per_channel
359,3,710360,13,0,0,2,1500,4,1,0.2930940209549,5,13,2602.874122,200.2210863077,10299.37060857,80,69,3,0,0.009322,seven_point_per_channel
360,3,710361,13,0,7,0,1000,0,0,0.5041026374912,0,13,4564.038132,351.0798563077,19040.19066881,116,111,0,0,0.0004084,seven_point_per_channel
360,3,710361,13,0,7,0,1000,0,0,0.5041026374912,5,13,4650.665705,357.7435157692,19428.32854266,118,110,0,0,0.0004271,seven_point_per_channel
361,3,710362,13,0,7,0,1250,1,1,0.5555277110579,0,13,4054.936357,311.9181813077,16549.68178471,114,107,1,0,0.0005112,seven_point_per_channel
361,3,710362,13,0,7,0,1250,1,1,0.5555277110579,5,13,4234.387087,325.7220836154,17331.93542617,118,110,1,0,0.0010367,seven_point_per_channel
362,3,710363,13,0,7,0,1500,2,0,0.8667627858586,0,13,3507.563272,269.8125593846,13967.8163771,109,95,3,0,0.0007545,seven_point_per_channel
362,3,710363,13,0,7,0,1500,2,0,0.8667627858586,5,13,3664.799091,281.9076223846,14633.99546437,111,97,7,0,0.0031763,seven_point_per_channel
363,3,710364,13,0,7,0,1000,3,1,0.83234992928,0,13,4430.784211,340.8295546923,18458.92107637,113,106,1,0,0.0003946,seven_point_per_channel
363,3,710364,13,0,7,0,1000,3,1,0.83234992928,5,13,4192.767579,322.520583,17448.83790934,107,103,0,0,0.0020319,seven_point_per_channel
364,3,710365,13,0,7,0,1250,4,0,0.599453681557,0,13,3908.629618,300.6638167692,15703.14810308,117,109,3,0,0.0004801,seven_point_per_channel
364,3,710365,13,0,7,0,1250,4,0,0.599453681557,5,13,3677.625139,282.8942414615,14403.12571892,121,112,5,0,0.0009833,seven_point_per_channel
365,3,710366,13,0,7,0,1500,0,1,0.7037748332346,0,13,4129.800593,317.6769686923,17129.00296616,108,99,0,0,0.0006639,seven_point_per_channel
365,3,710366,13,0,7,0,1500,0,1,0.7037748332346,5,13,4004.457759,308.0352122308,16587.28880576,105,94,1,0,0.0041482,seven_point_per_channel
366,3,710367,13,0,7,0,1000,1,0,0.5067481238456,0,13,4032.6424,310.2032615385,16573.21200807,109,105,1,0,0.000413,seven_point_per_channel
366,3,710367,13,0,7,0,1000,1,0,0.5067481238456,5,13,4398.957036,338.3813104615,17789.78518628,129,122,3,0,0.0004565,seven_point_per_channel
367,3,710368,13,0,7,0,1250,2,1,0.7359020430117,0,13,4190.709919,322.3623014615,17298.54959687,110,98,6,0,0.0006091,seven_point_per_channel
367,3,710368,13,0,7,0,1250,2,1,0.7359020430117,5,13,4382.289637,337.0992028462,18266.4481936,111,100,3,0,0.0022071,seven_point_per_channel
368,3,710369,13,0,7,0,1500,3,0,0.5507797015925,0,13,3965.07419,305.0057069231,16485.37095374,101,89,3,0,0.0008303,seven_point_per_channel
368,3,710369,13,0,7,0,1500,3,0,0.5507797015925,5,13,3763.576281,289.5058677692,15577.8814038,97,86,4,0,0.0053234,seven_point_per_channel
369,3,710370,13,0,7,0,1000,4,1,0.7283212743799,0,13,4269.086127,328.3912405385,17860.43064027,106,102,0,0,0.0005157,seven_point_per_channel
369,3,710370,13,0,7,0,1000,4,1,0.7283212743799,5,13,4228.547734,325.2729026154,17762.73868008,102,92,3,0,0.0059588,seven_point_per_channel
370,3,710371,13,0,7,0,1250,0,0,0.2207618554279,0,13,3391.068761,260.8514431538,13485.34380682,106,99,0,0,0.0005566,seven_point_per_channel
370,3,710371,13,0,7,0,1250,0,0,0.2207618554279,5,13,3644.659912,280.3584547692,15158.29956741,92,88,0,0,0.0049264,seven_point_per_channel
371,3,710372,13,0,7,0,1500,1,1,0.4523102061363,0,13,3680.073728,283.0825944615,15110.36864017,99,86,4,0,0.0007347,seven_point_per_channel
371,3,710372,13,0,7,0,1500,1,1,0.4523102061363,5,13,3372.320644,259.4092803077,13631.60321228,96,86,5,0,0.0040474,seven_point_per_channel
372,3,710373,13,0,7,0,1000,2,0,0.5655527778866,0,13,4688.178509,360.6291160769,19655.89255681,115,105,4,2,0.0005026,seven_point_per_channel
372,3,710373,13,0,7,0,1000,2,0,0.5655527778866,5,13,4154.609936,319.5853796923,17193.0496732,109,103,1,0,0.0016063,seven_point_per_channel
373,3,710374,13,0,7,0,1250,3,1,0.5870916624753,0,13,3872.520247,297.8861728462,16042.60124119,101,94,0,0,0.0006164,seven_point_per_channel
373,3,710374,13,0,7,0,1250,3,1,0.5870916624753,5,13,3912.252783,300.9425217692,16261.26390979,100,92,1,0,0.0037737,seven_point_per_channel
374,3,710375,13,0,7,0,1500,4,0,0.6019930108791,0,13,4014.97625,308.8443269231,16449.88125937,110,98,4,0,0.000662,seven_point_per_channel
374,3,710375,13,0,7,0,1500,4,0,0.6019930108791,5,13,4038.780054,310.6753887692,16868.90028338,100,91,3,0,0.005924,seven_point_per_channel
375,3,710376,13,0,7,0,1000,0,1,0.6965711461184,0,13,4281.799306,329.3691773846,17543.99653463,119,113,0,0,0.0004052,seven_point_per_channel
375,3,710376,13,0,7,0,1000,0,1,0.6965711461184,5,13,4213.722519,324.1325014615,17478.61260035,110,103,0,0,0.001777,seven_point_per_channel
376,3,710377,13,0,7,0,1250,1,0,0.8900800723815,0,13,4192.094339,322.4687953077,17285.47169811,112,104,2,0,0.0005037,seven_point_per_channel
376,3,710377,13,0,7,0,1250,1,0,0.8900800723815,5,13,4150.076415,319.2366473077,16680.38207943,124,111,6,0,0.0009359,seven_point_per_channel
377,3,710378,13,0,7,0,1500,2,1,0.7083357283229,0,13,4034.857901,310.3736846923,16509.28950016,113,100,1,1,0.0006282,seven_point_per_channel
377,3,710378,13,0,7,0,1500,2,1,0.7083357283229,5,13,3892.167284,299.3974833846,15985.83642803,105,93,4,0,0.0042695,seven_point_per_channel
378,3,710379,13,0,7,0,1000,3,0,0.6088682714107,0,13,4357.810749,335.2162114615,17729.05376199,125,122,0,0,0.0003538,seven_point_per_channel
378,3,710379,13,0,7,0,1000,3,0,0.6088682714107,5,13,4355.001313,335.000101,17930.00658136,118,111,1,0,0.0010594,seven_point_per_channel
379,3,710380,13,0,7,0,1250,4,1,0.4762771419181,0,13,4114.201118,316.4770090769,16931.00561363,111,102,2,0,0.0005239,seven_point_per_channel
379,3,710380,13,0,7,0,1250,4,1,0.4762771419181,5,13,4025.297535,309.6382719231,16521.48767993,109,105,2,0,0.0014828,seven_point_per_channel
380,3,710381,13,0,7,0,1500,0,0,0.7763557182094,0,13,3833.597762,294.8921355385,15752.98880872,104,95,1,0,0.0006637,seven_point_per_channel
380,3,710381,13,0,7,0,1500,0,0,0.7763557182094,5,13,3684.851635,283.4501257692,15104.25818213,101,94,0,0,0.0039567,seven_point_per_channel
381,3,710382,13,0,7,0,1000,1,1,0.8672226010071,0,13,4428.665869,340.6666053077,18338.3293486,115,109,4,0,0.0004183,seven_point_per_channel
381,3,710382,13,0,7,0,1000,1,1,0.8672226010071,5,13,4304.59281,331.1225238462,17642.96405206,118,112,3,0,0.0005854,seven_point_per_channel
382,3,710383,13,0,7,0,1250,2,0,0.3859465444508,0,13,3480.19242,267.7071092308,13990.96210657,102,92,5,1,0.0007507,seven_point_per_channel
382,3,710383,13,0,7,0,1250,2,0,0.3859465444508,5,13,3756.33284,288.94868,15076.66418961,112,104,4,0,0.0013097,seven_point_per_channel
383,3,710384,13,0,7,0,1500,3,1,0.8899012894896,0,13,3963.150122,304.8577016923,16575.75062314,98,90,1,0,0.0007606,seven_point_per_channel
383,3,710384,13,0,7,0,1500,3,1,0.8899012894896,5,13,3883.400117,298.7230859231,16097.00059054,101,94,0,0,0.0036474,seven_point_per_channel
384,3,710385,13,0,7,0,1000,4,0,0.4313890887289,0,13,4249.654404,326.8964926154,17448.27201932,116,109,2,0,0.0004164,seven_point_per_channel
384,3,710385,13,0,7,0,1000,4,0,0.4313890887289,5,13,4198.310271,322.9469439231,17331.55135743,111,106,2,0,0.0009152,seven_point_per_channel
385,3,710386,13,0,7,0,1250,0,1,0.5773593059011,0,13,3817.344385,293.6418757692,15706.72193688,103,96,0,0,0.0006159,seven_point_per_channel
385,3,710386,13,0,7,0,1250,0,1,0.5773593059011,5,13,3996.271912,307.4055316923,16771.35956167,97,92,0,0,0.0048665,seven_point_per_channel
386,3,710387,13,0,7,0,1500,1,0,0.7400981078295,0,13,3956.914751,304.3780577692,16314.57376773,105,92,4,2,0.0007498,seven_point_per_channel
386,3,710387,13,0,7,0,1500,1,0,0.7400981078295,5,13,3979.276175,306.0981673077,16346.38087921,107,89,7,2,0.0055554,seven_point_per_channel
387,3,710388,13,0,7,0,1000,2,1,0.7380814065614,0,13,4595.046654,353.4651272308,18675.23328689,132,126,3,0,0.0003729,seven_point_per_channel
387,3,710388,13,0,7,0,1000,2,1,0.7380814065614,5,13,3971.887489,305.5298068462,15944.43745104,121,110,1,0,0.0006876,seven_point_per_channel
388,3,710389,13,0,7,0,1250,3,0,0.7073037650365,0,13,4096.866659,315.1435891538,16749.33330653,115,107,0,0,0.0004467,seven_point_per_channel
388,3,710389,13,0,7,0,1250,3,0,0.7073037650365,5,13,4070.591883,313.1224525385,16777.95941992,109,102,1,0,0.0013655,seven_point_per_channel
389,3,710390,13,0,7,0,1500,4,1,0.6329851331337,0,13,4396.83623,338.2181715385,18464.18115393,107,95,3,1,0.0005856,seven_point_per_channel
389,3,710390,13,0,7,0,1500,4,1,0.6329851331337,5,13,4157.76041,319.8277238462,17368.80204609,103,92,4,0,0.0052639,seven_point_per_channel
390,3,710391,13,0,7,1,1000,0,0,5.547725159255e-05,0,13,4027.055183,309.7734756154,16535.27591735,110,105,0,0,0.0004332,seven_point_per_channel
390,3,710391,13,0,7,1,1000,0,0,5.547725159255e-05,5,13,4095.987895,315.0759919231,16809.93947496,112,109,0,0,0.0006478,seven_point_per_channel
391,3,710392,13,0,7,1,1250,1,1,0.0001050688277685,0,13,4175.789559,321.2145814615,17358.94780247,107,95,3,1,0.0005569,seven_point_per_channel
391,3,710392,13,0,7,1,1250,1,1,0.0001050688277685,5,13,3632.836268,279.4489436923,14029.18133876,127,112,5,1,0.0011755,seven_point_per_channel
392,3,710393,13,0,7,1,1500,2,0,0.0001166293012707,0,13,3997.912123,307.5317017692,16679.56061567,100,94,1,0,0.000628,seven_point_per_channel
392,3,710393,13,0,7,1,1500,2,0,0.0001166293012707,5,13,3983.921621,306.4555093077,16154.60810082,112,95,11,2,0.0035706,seven_point_per_channel
393,3,710394,13,0,7,1,1000,3,1,4.91015260313e-05,0,13,4323.972271,332.6132516154,18109.86136072,107,102,0,0,0.0004608,seven_point_per_channel
393,3,710394,13,0,7,1,1000,3,1,4.91015260313e-05,5,13,4279.199641,329.1692031538,17735.99820677,112,107,0,0,0.0024553,seven_point_per_channel
394,3,710395,13,0,7,1,1250,4,0,8.988991023211e-05,0,13,3813.562377,293.3509520769,15917.81188447,94,86,3,0,0.0006443,seven_point_per_channel
394,3,710395,13,0,7,1,1250,4,0,8.988991023211e-05,5,13,4188.575243,322.1980956154,17312.87621762,110,93,6,0,0.0051403,seven_point_per_channel
395,3,710396,13,0,7,1,1500,0,1,0.0001011676878426,0,13,4086.966338,314.382026,17414.83169079,91,84,0,0,0.0009956,seven_point_per_channel
395,3,710396,13,0,7,1,1500,0,1,0.0001011676878426,5,13,3740.838966,287.7568435385,15584.19483664,95,84,0,0,0.0054007,seven_point_per_channel
396,3,710397,13,0,7,1,1000,1,0,1.557828487623e-05,0,13,3800.780276,292.3677135385,15578.90138302,104,100,0,0,0.000524,seven_point_per_channel
396,3,710397,13,0,7,1,1000,1,0,1.557828487623e-05,5,13,4112.758683,316.3660525385,16683.79340974,118,109,4,0,0.0013078,seven_point_per_channel
397,3,710398,13,0,7,1,1250,2,1,5.008547104068e-05,0,13,3788.070293,291.3900225385,15650.35146271,99,92,2,0,0.0005559,seven_point_per_channel
397,3,710398,13,0,7,1,1250,2,1,5.008547104068e-05,5,13,3833.991683,294.9224371538,15674.9584098,106,92,4,0,0.0031599,seven_point_per_channel
398,3,710399,13,0,7,1,1500,3,0,7.03021495155e-05,0,13,4103.901036,315.6846950769,17004.50518616,107,100,1,0,0.0005316,seven_point_per_channel
398,3,710399,13,0,7,1,1500,3,0,7.03021495155e-05,5,13,3550.095475,273.0842673077,14370.47737855,102,89,4,0,0.0052948,seven_point_per_channel
399,3,710400,13,0,7,1,1000,4,1,3.598117598474e-05,0,13,3769.262761,289.9432893077,15586.31379362,98,88,3,1,0.0006782,seven_point_per_channel
399,3,710400,13,0,7,1,1000,4,1,3.598117598474e-05,5,13,3790.703373,291.5925671538,14928.51685346,123,113,4,0,0.0012862,seven_point_per_channel
400,3,710401,13,0,7,1,1250,0,0,7.501296973921e-05,0,13,4301.104616,330.8542012308,18270.52309148,98,92,0,0,0.0004933,seven_point_per_channel
400,3,710401,13,0,7,1,1250,0,0,7.501296973921e-05,5,13,4342.591825,334.045525,17877.95911859,118,112,0,0,0.0008672,seven_point_per_channel
401,3,710402,13,0,7,1,1500,1,1,0.000134850799234,0,13,4359.816777,335.3705213077,18654.08391094,93,84,5,1,0.0007627,seven_point_per_channel
401,3,710402,13,0,7,1,1500,1,1,0.000134850799234,5,13,4614.436003,354.9566156154,19547.1800042,105,85,10,1,0.005128,seven_point_per_channel
402,3,710403,13,0,7,1,1000,2,0,8.107298213385e-05,0,13,3743.011199,287.9239383846,15625.05599957,93,88,0,0,0.0008087,seven_point_per_channel
402,3,710403,13,0,7,1,1000,2,0,8.107298213385e-05,5,13,3806.071404,292.7747233846,14640.35702942,136,127,2,0,0.0005385,seven_point_per_channel
403,3,710404,13,0,7,1,1250,3,1,0.0001021110721833,0,13,3811.761843,293.2124494615,15578.80921384,106,101,0,0,0.0006003,seven_point_per_channel
403,3,710404,13,0,7,1,1250,3,1,0.0001021110721833,5,13,3311.705935,254.7466103846,13248.52968063,99,87,5,0,0.004603,seven_point_per_channel
404,3,710405,13,0,7,1,1500,4,0,5.276463244474e-05,0,13,4178.547406,321.4267235385,17497.73703935,103,93,2,0,0.0005701,seven_point_per_channel
404,3,710405,13,0,7,1,1500,4,0,5.276463244474e-05,5,13,3699.483426,284.5756481538,14927.41712921,106,95,8,1,0.0033075,seven_point_per_channel
405,3,710406,13,0,7,1,1000,0,1,4.095672358803e-05,0,13,3855.924091,296.6095454615,15974.62046227,100,96,0,0,0.0005882,seven_point_per_channel
405,3,710406,13,0,7,1,1000,0,1,4.095672358803e-05,5,13,3937.399418,302.8768783077,15731.997091,122,116,0,0,0.0006145,seven_point_per_channel
406,3,710407,13,0,7,1,1250,1,0,6.19885267417e-05,0,13,4298.24508,330.6342369231,18056.22540803,104,96,2,0,0.000649,seven_point_per_channel
406,3,710407,13,0,7,1,1250,1,0,6.19885267417e-05,5,13,4437.364469,341.3357283846,18566.82233771,110,103,2,0,0.0026492,seven_point_per_channel
407,3,710408,13,0,7,1,1500,2,1,9.554667762171e-05,0,13,4394.234558,338.0180429231,18786.17280859,96,83,3,1,0.0009035,seven_point_per_channel
407,3,710408,13,0,7,1,1500,2,1,9.554667762171e-05,5,13,4126.347854,317.4113733846,17226.73926488,102,85,7,0,0.0053428,seven_point_per_channel
408,3,710409,13,0,7,1,1000,3,0,8.108876737902e-05,0,13,3463.129253,266.3945579231,13800.64626379,107,103,0,0,0.0004847,seven_point_per_channel
408,3,710409,13,0,7,1,1000,3,0,8.108876737902e-05,5,13,3786.966975,291.3051519231,15204.83486632,114,111,0,0,0.000552,seven_point_per_channel
409,3,710410,13,0,7,1,1250,4,1,4.852498340349e-05,0,13,4522.058454,347.8506503077,19405.29226441,96,87,3,0,0.0008143,seven_point_per_channel
409,3,710410,13,0,7,1,1250,4,1,4.852498340349e-05,5,13,4211.889996,323.9915381538,16949.44998181,125,114,6,0,0.0006719,seven_point_per_channel
410,3,710411,13,0,7,1,1500,0,0,0.0001160299922797,0,13,4182.694909,321.7457622308,17828.47455312,93,87,0,0,0.0006766,seven_point_per_channel
410,3,710411,13,0,7,1,1500,0,0,0.0001160299922797,5,13,3726.88579,286.6835223077,15364.42895699,99,91,1,0,0.0045209,seven_point_per_channel
411,3,710412,13,0,7,1,1000,1,1,5.37757689301e-05,0,13,3723.153324,286.3964095385,14495.76663081,127,121,1,0,0.0004482,seven_point_per_channel
411,3,710412,13,0,7,1,1000,1,1,5.37757689301e-05,5,13,3185.022595,245.0017380769,12585.11297632,100,91,4,0,0.003425,seven_point_per_channel
412,3,710413,13,0,7,1,1250,2,0,4.520572576607e-05,0,13,3782.507945,290.9621496154,15312.53973717,110,102,1,0,0.0005223,seven_point_per_channel
412,3,710413,13,0,7,1,1250,2,0,4.520572576607e-05,5,13,3573.25334,274.8656415385,14116.26669981,113,99,7,0,0.0033118,seven_point_per_channel
413,3,710414,13,0,7,1,1500,3,1,8.173113301461e-05,0,13,4140.527068,318.5020821538,17532.63534974,96,89,0,0,0.0006687,seven_point_per_channel
413,3,710414,13,0,7,1,1500,3,1,8.173113301461e-05,5,13,3742.533894,287.8872226154,15262.66945984,105,94,2,0,0.0052703,seven_point_per_channel
414,3,710415,13,0,7,1,1000,4,0,6.588699601232e-05,0,13,3546.654769,272.8195976154,14553.27384866,96,91,0,0,0.0005623,seven_point_per_channel
414,3,710415,13,0,7,1,1000,4,0,6.588699601232e-05,5,13,3879.760568,298.4431206154,15713.80284836,112,103,3,0,0.0024613,seven_point_per_channel
415,3,710416,13,0,7,1,1250,0,1,5.857355358671e-05,0,13,3658.73191,281.4409161538,14848.65954689,105,99,0,0,0.0005105,seven_point_per_channel
415,3,710416,13,0,7,1,1250,0,1,5.857355358671e-05,5,13,3450.035877,265.3873751538,13695.17937939,108,100,2,0,0.0029867,seven_point_per_channel
416,3,710417,13,0,7,1,1500,1,0,5.457626419124e-05,0,13,4394.231632,338.0178178462,18631.15817666,101,89,3,0,0.0006875,seven_point_per_channel
416,3,710417,13,0,7,1,1500,1,0,5.457626419124e-05,5,13,4216.233753,324.3256733077,17286.16876476,115,98,7,0,0.0051986,seven_point_per_channel
417,3,710418,13,0,7,1,1000,2,1,2.308238947747e-05,0,13,3914.55742,301.1198015385,16177.78711685,102,95,3,0,0.0007145,seven_point_per_channel
417,3,710418,13,0,7,1,1000,2,1,2.308238947747e-05,5,13,4151.547529,319.3498099231,16217.73766131,141,129,3,0,0.000604,seven_point_per_channel
418,3,710419,13,0,7,1,1250,3,0,7.764822966157e-05,0,13,3781.571106,290.8900850769,15672.85554366,98,92,0,0,0.0007799,seven_point_per_channel
418,3,710419,13,0,7,1,1250,3,0,7.764822966157e-05,5,13,3646.256513,280.4812702308,14336.28256248,118,109,5,0,0.0015896,seven_point_per_channel
419,3,710420,13,0,7,1,1500,4,1,0.0001015349596886,0,13,4308.954796,331.4580612308,18159.77397385,102,93,3,0,0.0008096,seven_point_per_channel
419,3,710420,13,0,7,1,1500,4,1,0.0001015349596886,5,13,3608.02847,277.5406515385,14585.14234682,104,88,6,0,0.004453,seven_point_per_channel
420,3,710421,13,0,7,2,1000,0,0,0.03630461751561,0,13,3259.231763,250.7101356154,13536.15882262,82,77,0,0,0.000892,seven_point_per_channel
420,3,710421,13,0,7,2,1000,0,0,0.03630461751561,5,13,3007.168054,231.3206195385,12065.84027394,89,84,0,0,0.0033941,seven_point_per_channel
421,3,710422,13,0,7,2,1250,1,1,0.03308270485237,0,13,3669.84281,282.2956007692,15229.21405259,94,83,2,1,0.0009559,seven_point_per_channel
421,3,710422,13,0,7,2,1250,1,1,0.03308270485237,5,13,3487.234402,268.2488001538,14591.17202124,84,78,2,0,0.0047482,seven_point_per_channel
422,3,710423,13,0,7,2,1500,2,0,0.02444843150915,0,13,3455.556872,265.8120670769,14477.78436489,83,77,1,0,0.0005518,seven_point_per_channel
422,3,710423,13,0,7,2,1500,2,0,0.02444843150915,5,13,3406.248511,262.0191162308,13176.24255077,118,104,4,0,0.005661,seven_point_per_channel
423,3,710424,13,0,7,2,1000,3,1,0.07511982872201,0,13,3298.5901,253.7377,13682.95050141,84,77,0,0,0.001039,seven_point_per_channel
423,3,710424,13,0,7,2,1000,3,1,0.07511982872201,5,13,3137.161067,241.3200820769,12720.80533274,89,83,0,0,0.0038804,seven_point_per_channel
424,3,710425,13,0,7,2,1250,4,0,0.04723245317499,0,13,3335.391402,256.5685693846,13916.95701426,82,77,0,0,0.0005614,seven_point_per_channel
424,3,710425,13,0,7,2,1250,4,0,0.04723245317499,5,13,2983.787248,229.522096,11908.93624363,90,84,1,0,0.0034044,seven_point_per_channel
425,3,710426,13,0,7,2,1500,0,1,0.03087649721912,0,13,3254.855049,250.3734653077,13444.27523634,85,76,0,0,0.0010296,seven_point_per_channel
425,3,710426,13,0,7,2,1500,0,1,0.03087649721912,5,13,3052.495272,234.8073286154,12452.47635891,84,77,0,0,0.0067026,seven_point_per_channel
426,3,710427,13,0,7,2,1000,1,0,0.05843383544047,0,13,3040.731443,233.9024186923,12403.65722153,83,77,1,0,0.0005829,seven_point_per_channel
426,3,710427,13,0,7,2,1000,1,0,0.05843383544047,5,13,3038.131888,233.7024529231,11970.65943376,97,91,1,0,0.0028112,seven_point_per_channel
427,3,710428,13,0,7,2,1250,2,1,0.01866879230524,0,13,3418.205709,262.9389006923,14111.02855109,88,76,5,1,0.0010274,seven_point_per_channel
427,3,710428,13,0,7,2,1250,2,1,0.01866879230524,5,13,3116.046784,239.6959064615,12610.23391705,88,77,4,0,0.0057762,seven_point_per_channel
428,3,710429,13,0,7,2,1500,3,0,0.04920200127326,0,13,3470.96298,266.9971523077,13734.81489625,111,104,0,0,0.0007507,seven_point_per_channel
428,3,710429,13,0,7,2,1500,3,0,0.04920200127326,5,13,2904.5424,223.4263384615,11712.7119971,84,77,0,0,0.0063032,seven_point_per_channel
429,3,710430,13,0,7,2,1000,4,1,0.01291722146103,0,13,3378.090392,259.8531070769,14130.45196478,82,77,0,0,0.0010319,seven_point_per_channel
429,3,710430,13,0,7,2,1000,4,1,0.01291722146103,5,13,3440.843882,264.6802986154,14184.21941647,90,83,2,0,0.0027093,seven_point_per_channel
430,3,710431,13,0,7,2,1250,0,0,0.02497131378814,0,13,3467.079061,266.6983893077,14290.39530331,92,84,0,0,0.001067,seven_point_per_channel
430,3,710431,13,0,7,2,1250,0,0,0.02497131378814,5,13,3126.024627,240.4634328462,12865.12312911,82,78,0,0,0.0054141,seven_point_per_channel
431,3,710432,13,0,7,2,1500,1,1,0.0755169707003,0,13,3493.234908,268.7103775385,14556.17453845,87,76,2,1,0.0009724,seven_point_per_channel
431,3,710432,13,0,7,2,1500,1,1,0.0755169707003,5,13,3208.743937,246.8264566923,13108.71967694,87,78,3,0,0.0063664,seven_point_per_channel
432,3,710433,13,0,7,2,1000,2,0,0.02549662841673,0,13,3792.415982,291.7243063077,15277.07991313,113,104,1,0,0.0007393,seven_point_per_channel
432,3,710433,13,0,7,2,1000,2,0,0.02549662841673,5,13,3200.527234,246.1944026154,13057.63617388,87,77,4,0,0.0047064,seven_point_per_channel
433,3,710434,13,0,7,2,1250,3,1,0.02769719361361,0,13,3405.354735,261.9503642308,14266.77368609,82,77,0,0,0.0005509,seven_point_per_channel
433,3,710434,13,0,7,2,1250,3,1,0.02769719361361,5,13,3271.878535,251.6829642308,13074.39267957,98,90,4,1,0.0039789,seven_point_per_channel
434,3,710435,13,0,7,2,1500,4,0,0.05345751402225,0,13,3318.157094,255.2428533846,13750.7854704,84,77,2,0,0.0005749,seven_point_per_channel
434,3,710435,13,0,7,2,1500,4,0,0.05345751402225,5,13,3346.894028,257.4533867692,12844.47014129,117,98,10,2,0.0056021,seven_point_per_channel
435,3,710436,13,0,7,2,1000,0,1,0.07308814643568,0,13,3229.08827,248.3914053846,13365.44136413,83,76,0,0,0.001106,seven_point_per_channel
435,3,710436,13,0,7,2,1000,0,1,0.07308814643568,5,13,3115.975314,239.6904087692,12554.87656905,91,82,1,0,0.0063258,seven_point_per_channel
436,3,710437,13,0,7,2,1250,1,0,0.03178506587989,0,13,3631.077908,279.3136852308,15345.38954385,84,77,0,0,0.0005737,seven_point_per_channel
436,3,710437,13,0,7,2,1250,1,0,0.03178506587989,5,13,3224.610104,248.0469310769,12668.05051909,105,98,1,0,0.0026286,seven_point_per_channel
437,3,710438,13,0,7,2,1500,2,1,0.03170116899773,0,13,3473.464338,267.1895644615,14457.32170586,87,76,2,1,0.0006208,seven_point_per_channel
437,3,710438,13,0,7,2,1500,2,1,0.03170116899773,5,13,2995.475293,230.4211763846,11242.37647574,114,103,3,0,0.0056183,seven_point_per_channel
438,3,710439,13,0,7,2,1000,3,0,0.04622477683285,0,13,3173.707838,244.1313721538,13113.53919233,82,76,0,0,0.0005565,seven_point_per_channel
438,3,710439,13,0,7,2,1000,3,0,0.04622477683285,5,13,2896.231237,222.7870182308,11481.15618252,90,85,0,0,0.0032734,seven_point_per_channel
439,3,710440,13,0,7,2,1250,4,1,0.05619547794635,0,13,3474.907597,267.3005843846,13609.53799157,115,104,3,0,0.0007279,seven_point_per_channel
439,3,710440,13,0,7,2,1250,4,1,0.05619547794635,5,13,2924.196473,224.9381902308,11235.98236926,102,90,4,0,0.0062761,seven_point_per_channel
440,3,710441,13,0,7,2,1500,0,0,0.02563294315312,0,13,3400.64168,261.5878215385,14223.20839409,83,76,0,0,0.0010535,seven_point_per_channel
440,3,710441,13,0,7,2,1500,0,0,0.02563294315312,5,13,3033.668479,233.3591137692,12308.3424072,86,77,0,0,0.0065088,seven_point_per_channel
441,3,710442,13,0,7,2,1000,1,1,0.04925210908504,0,13,3599.362501,276.8740385385,14306.8125035,113,105,1,0,0.0008148,seven_point_per_channel
441,3,710442,13,0,7,2,1000,1,1,0.04925210908504,5,13,3326.045071,255.8496208462,12940.22535049,113,105,1,0,0.0034408,seven_point_per_channel
442,3,710443,13,0,7,2,1250,2,0,0.0264451959684,0,13,3479.789599,267.676123,14528.94799903,86,76,1,0,0.0012401,seven_point_per_channel
442,3,710443,13,0,7,2,1250,2,0,0.0264451959684,5,13,3468.07406,266.7749276923,13660.37031111,111,98,6,0,0.0058034,seven_point_per_channel
443,3,710444,13,0,7,2,1500,3,1,0.04718580395542,0,13,3602.350329,277.1038714615,14976.75164407,92,76,2,0,0.0011342,seven_point_per_channel
443,3,710444,13,0,7,2,1500,3,1,0.04718580395542,5,13,3082.589659,237.1222814615,12647.94830138,82,78,0,0,0.004846,seven_point_per_channel
444,3,710445,13,0,7,2,1000,4,0,0.0796478459038,0,13,3246.654297,249.7426382308,13408.27149664,84,77,1,0,0.0007229,seven_point_per_channel
444,3,710445,13,0,7,2,1000,4,0,0.0796478459038,5,13,3061.988983,235.5376140769,11829.94490466,106,98,1,0,0.005715,seven_point_per_channel
445,3,710446,13,0,7,2,1250,0,1,0.01327753692347,0,13,3587.580707,275.9677466923,15177.90354504,82,77,0,0,0.0005537,seven_point_per_channel
445,3,710446,13,0,7,2,1250,0,1,0.01327753692347,5,13,2816.994925,216.6919173077,10484.97462744,110,105,0,0,0.0024716,seven_point_per_channel
446,3,710447,13,0,7,2,1500,1,0,0.0165677546553,0,13,3488.112546,268.3163496923,14595.56273961,85,76,1,1,0.0010849,seven_point_per_channel
446,3,710447,13,0,7,2,1500,1,0,0.0165677546553,5,13,3242.682535,249.4371180769,13223.41267359,89,76,4,0,0.006349,seven_point_per_channel
447,3,710448,13,0,7,2,1000,2,1,0.05796944796973,0,13,3282.020787,252.4631374615,13625.10394014,83,77,0,0,0.001214,seven_point_per_channel
447,3,710448,13,0,7,2,1000,2,1,0.05796944796973,5,13,2880.416004,221.5704618462,11327.08001908,92,84,2,0,0.0032323,seven_point_per_channel
448,3,710449,13,0,7,2,1250,3,0,0.04073362707033,0,13,3337.475449,256.7288806923,13827.37723789,86,77,0,0,0.0009771,seven_point_per_channel
448,3,710449,13,0,7,2,1250,3,0,0.04073362707033,5,13,3110.356917,239.2582243846,12511.78458066,92,83,0,0,0.0038883,seven_point_per_channel
449,3,710450,13,0,7,2,1500,4,1,0.02275626644374,0,13,3593.53317,276.4256284615,14212.66584458,114,104,4,0,0.0007434,seven_point_per_channel
449,3,710450,13,0,7,2,1500,4,1,0.02275626644374,5,13,2891.729764,222.4407510769,10903.6488332,108,97,3,0,0.0055028,seven_point_per_channel
450,3,710451,13,0,13,0,1000,0,0,0.4053320326941,0,13,4420.667242,340.0513263077,18203.33622462,120,115,0,0,0.0003633,seven_point_per_channel
450,3,710451,13,0,13,0,1000,0,0,0.4053320326941,5,13,4318.011639,332.1547414615,17480.05821096,127,122,0,0,0.000371,seven_point_per_channel
451,3,710452,13,0,13,0,1250,1,1,0.5369483841882,0,13,3793.249117,291.7883936154,15226.24559824,114,104,3,0,0.0004433,seven_point_per_channel
451,3,710452,13,0,13,0,1250,1,1,0.5369483841882,5,13,3749.22622,288.4020169231,15021.13109611,112,99,7,0,0.0035403,seven_point_per_channel
452,3,710453,13,0,13,0,1500,2,0,0.7221350241061,0,13,3763.827946,289.5252266154,15134.139742,113,104,1,0,0.0004533,seven_point_per_channel
452,3,710453,13,0,13,0,1500,2,0,0.7221350241061,5,13,3696.057623,284.3121248462,14975.28813541,107,98,1,0,0.0037288,seven_point_per_channel
453,3,710454,13,0,13,0,1000,3,1,0.3778937174627,0,13,3860.743717,296.9802859231,15363.71859253,121,115,1,0,0.0003689,seven_point_per_channel
453,3,710454,13,0,13,0,1000,3,1,0.3778937174627,5,13,3774.477,290.3443846154,15062.38500041,117,109,1,0,0.0011174,seven_point_per_channel
454,3,710455,13,0,13,0,1250,4,0,0.6434546918641,0,13,3932.049847,302.4653728462,15900.24923711,115,109,1,0,0.0004072,seven_point_per_channel
454,3,710455,13,0,13,0,1250,4,0,0.6434546918641,5,13,3832.341555,294.7955042308,15561.70777099,110,105,0,0,0.000529,seven_point_per_channel
455,3,710456,13,0,13,0,1500,0,1,0.2788643866636,0,13,3613.188132,277.9375486154,14355.94065108,114,104,1,0,0.0004938,seven_point_per_channel
455,3,710456,13,0,13,0,1500,0,1,0.2788643866636,5,13,3661.455102,281.6503924615,14682.27550143,111,102,1,0,0.0036733,seven_point_per_channel
456,3,710457,13,0,13,0,1000,1,0,0.786142667187,0,13,4568.685896,351.4373766154,18848.42949896,123,119,0,0,0.0003338,seven_point_per_channel
456,3,710457,13,0,13,0,1000,1,0,0.786142667187,5,13,4644.210477,357.2469597692,19246.05238476,122,117,1,0,0.0003732,seven_point_per_channel
457,3,710458,13,0,13,0,1250,2,1,0.4449857647716,0,13,3998.121346,307.5477958462,16305.60673351,113,107,0,0,0.0003991,seven_point_per_channel
457,3,710458,13,0,13,0,1250,2,1,0.4449857647716,5,13,4036.871446,310.5285727692,15994.357239,129,122,2,0,0.000385,seven_point_per_channel
458,3,710459,13,0,13,0,1500,3,0,0.432656034685,0,13,3978.538457,306.0414197692,16147.69230513,115,106,1,0,0.0004587,seven_point_per_channel
458,3,710459,13,0,13,0,1500,3,0,0.432656034685,5,13,3841.544645,295.5034342308,15517.72323512,113,102,2,0,0.0037565,seven_point_per_channel
459,3,710460,13,0,13,0,1000,4,1,0.6484722993171,0,13,4136.789128,318.2145483077,16848.9456472,118,112,0,0,0.0003782,seven_point_per_channel
459,3,710460,13,0,13,0,1000,4,1,0.6484722993171,5,13,4381.701356,337.0539504615,17783.50679062,127,119,2,0,0.0003853,seven_point_per_channel
460,3,710461,13,0,13,0,1250,0,0,0.8035191604342,0,13,4099.374683,315.3365140769,16626.87342382,119,111,1,0,0.0003944,seven_point_per_channel
460,3,710461,13,0,13,0,1250,0,0,0.8035191604342,5,13,4099.040946,315.310842,16565.20473233,121,113,1,0,0.0005929,seven_point_per_channel
461,3,710462,13,0,13,0,1500,1,1,0.4707431338016,0,13,4049.146896,311.4728381538,16405.73448789,118,107,2,0,0.0004446,seven_point_per_channel
461,3,710462,13,0,13,0,1500,1,1,0.4707431338016,5,13,4215.747575,324.288275,17253.7378759,117,106,3,0,0.0009713,seven_point_per_channel
462,3,710463,13,0,13,0,1000,2,0,0.6801101124245,0,13,4196.363691,322.797207,17191.81846639,116,113,0,0,0.0003627,seven_point_per_channel
462,3,710463,13,0,13,0,1000,2,0,0.6801101124245,5,13,4289.047955,329.9267657692,17285.23979712,128,124,1,0,0.0003564,seven_point_per_channel
463,3,710464,13,0,13,0,1250,3,1,0.4723454169143,0,13,4094.014026,314.9241558462,16785.07013028,113,107,0,0,0.0004532,seven_point_per_channel
463,3,710464,13,0,13,0,1250,3,1,0.4723454169143,5,13,3788.039342,291.3876416923,15455.19671039,106,96,2,0,0.0032328,seven_point_per_channel
464,3,710465,13,0,13,0,1500,4,0,0.6544673847846,0,13,4046.692513,311.2840394615,16483.46257487,114,106,3,0,0.0004294,seven_point_per_channel
464,3,710465,13,0,13,0,1500,4,0,0.6544673847846,5,13,4178.482063,321.4216971538,17017.41031698,117,104,7,0,0.0015334,seven_point_per_channel
465,3,710466,13,0,13,0,1000,0,1,0.5382034218144,0,13,4103.781889,315.6755299231,16548.9094658,122,119,0,0,0.0004416,seven_point_per_channel
465,3,710466,13,0,13,0,1000,0,1,0.5382034218144,5,13,4246.656006,326.6658466154,17453.28003778,116,111,0,0,0.0011183,seven_point_per_channel
466,3,710467,13,0,13,0,1250,1,0,0.6191856549355,0,13,4202.330712,323.2562086154,17046.65356149,122,118,0,0,0.0003752,seven_point_per_channel
466,3,710467,13,0,13,0,1250,1,0,0.6191856549355,5,13,4188.739718,322.2107475385,17198.69859287,114,108,2,0,0.0012041,seven_point_per_channel
467,3,710468,13,0,13,0,1500,2,1,0.8150546171683,0,13,4097.219609,315.1707391538,16791.09805762,113,103,2,0,0.000486,seven_point_per_channel
467,3,710468,13,0,13,0,1500,2,1,0.8150546171683,5,13,3888.583768,299.1218283077,15487.91885042,121,112,3,0,0.0007797,seven_point_per_channel
468,3,710469,13,0,13,0,1000,3,0,0.7547420626479,0,13,4243.472814,326.4209856923,17312.36408606,120,116,0,0,0.000379,seven_point_per_channel
468,3,710469,13,0,13,0,1000,3,0,0.7547420626479,5,13,4552.493994,350.1918456923,18632.46997618,127,120,2,0,0.000477,seven_point_per_channel
469,3,710470,13,0,13,0,1250,4,1,0.7726689081506,0,13,4147.227707,319.0175159231,16796.13854938,121,115,1,0,0.0004037,seven_point_per_channel
469,3,710470,13,0,13,0,1250,4,1,0.7726689081506,5,13,4049.269273,311.4822517692,16441.34637046,116,110,2,0,0.0008283,seven_point_per_channel
470,3,710471,13,0,13,0,1500,0,0,0.7530312522213,0,13,3927.891872,302.1455286154,15494.45936979,129,119,0,0,0.0004064,seven_point_per_channel
470,3,710471,13,0,13,0,1500,0,0,0.7530312522213,5,13,3557.846843,273.6805263846,14269.23422323,107,101,1,0,0.0044099,seven_point_per_channel
471,3,710472,13,0,13,0,1000,1,1,0.4844138705368,0,13,4068.018201,312.924477,16500.09101243,118,113,0,0,0.0003905,seven_point_per_channel
471,3,710472,13,0,13,0,1000,1,1,0.4844138705368,5,13,4332.718114,333.2860087692,17308.59057696,135,131,0,0,0.0003793,seven_point_per_channel
472,3,710473,13,0,13,0,1250,2,0,0.8841792518045,0,13,3875.072715,298.0825165385,15400.36358607,123,112,1,0,0.0004491,seven_point_per_channel
472,3,710473,13,0,13,0,1250,2,0,0.8841792518045,5,13,4165.10534,320.3927184615,16705.52669687,128,119,0,0,0.0004825,seven_point_per_channel
473,3,710474,13,0,13,0,1500,3,1,0.8287482651838,0,13,3944.800228,303.4461713846,15954.00114673,115,108,2,0,0.0004159,seven_point_per_channel
473,3,710474,13,0,13,0,1500,3,1,0.8287482651838,5,13,3937.402375,302.8771057692,15542.0118889,128,115,3,0,0.0004699,seven_point_per_channel
474,3,710475,13,0,13,0,1000,4,0,0.3004738522325,0,13,4112.240201,316.3261693077,16506.20100718,125,121,0,0,0.0003371,seven_point_per_channel
474,3,710475,13,0,13,0,1000,4,0,0.3004738522325,5,13,4212.973546,324.0748881538,17224.86773729,118,113,0,0,0.0003667,seven_point_per_channel
475,3,710476,13,0,13,0,1250,0,1,0.4796961230388,0,13,4173.191035,321.014695,17120.95519419,115,109,0,0,0.0004028,seven_point_per_channel
475,3,710476,13,0,13,0,1250,0,1,0.4796961230388,5,13,3944.441055,303.4185426923,15857.20528589,119,113,0,0,0.0007283,seven_point_per_channel
476,3,710477,13,0,13,0,1500,1,0,0.3919439893746,0,13,3650.356188,280.7966298462,14361.78092842,118,108,5,0,0.0004772,seven_point_per_channel
476,3,710477,13,0,13,0,1500,1,0,0.3919439893746,5,13,3898.634441,299.894957,15733.17221018,114,99,6,0,0.0038341,seven_point_per_channel
477,3,710478,13,0,13,0,1000,2,1,0.7420626713913,0,13,4072.23332,313.2487169231,16196.16661765,129,123,0,0,0.0003721,seven_point_per_channel
477,3,710478,13,0,13,0,1000,2,1,0.7420626713913,5,13,3846.759932,295.9046101538,15238.79966613,123,116,1,0,0.0006069,seven_point_per_channel
478,3,710479,13,0,13,0,1250,3,0,0.464302741003,0,13,4069.377127,313.0290097692,16721.88563824,111,105,0,0,0.0004147,seven_point_per_channel
478,3,710479,13,0,13,0,1250,3,0,0.464302741003,5,13,3976.660452,305.8969578462,16093.30226463,116,107,2,0,0.0009946,seven_point_per_channel
479,3,710480,13,0,13,0,1500,4,1,0.3636493067536,0,13,3995.417517,307.339809,16412.08759172,109,103,0,0,0.0004688,seven_point_per_channel
479,3,710480,13,0,13,0,1500,4,1,0.3636493067536,5,13,4101.665174,315.5127056923,16423.32587396,126,116,2,0,0.0004561,seven_point_per_channel
480,3,710481,13,0,13,1,1000,0,0,5.056115884105e-05,0,13,4378.259976,336.7892289231,18021.29987226,119,114,0,0,0.000432,seven_point_per_channel
480,3,710481,13,0,13,1,1000,0,0,5.056115884105e-05,5,13,4410.406028,339.2620021538,18092.03012273,122,117,0,0,0.0007437,seven_point_per_channel
481,3,710482,13,0,13,1,1250,1,1,0.0001166233918308,0,13,4159.131393,319.9331840769,16630.65696419,129,123,0,0,0.0003981,seven_point_per_channel
481,3,710482,13,0,13,1,1250,1,1,0.0001166233918308,5,13,3799.602162,292.2770893846,15338.01081797,112,107,0,0,0.0010131,seven_point_per_channel
482,3,710483,13,0,13,1,1500,2,0,6.300203244668e-05,0,13,4296.673525,330.5133480769,17733.36763102,115,110,0,0,0.0004589,seven_point_per_channel
482,3,710483,13,0,13,1,1500,2,0,6.300203244668e-05,5,13,3914.974783,301.1519063846,15474.87392027,126,110,5,0,0.0014389,seven_point_per_channel
483,3,710484,13,0,13,1,1000,3,1,6.917049501258e-05,0,13,4436.684323,341.2834094615,17928.42161788,132,126,0,0,0.0003904,seven_point_per_channel
483,3,710484,13,0,13,1,1000,3,1,6.917049501258e-05,5,13,4058.086067,312.1604666923,16720.43033578,109,104,0,0,0.001247,seven_point_per_channel
484,3,710485,13,0,13,1,1250,4,0,4.88973489791e-05,0,13,4403.623813,338.7402933077,18148.11906726,119,114,0,0,0.0004299,seven_point_per_channel
484,3,710485,13,0,13,1,1250,4,0,4.88973489791e-05,5,13,4428.578819,340.6599091538,18182.89409879,122,117,0,0,0.0009412,seven_point_per_channel
485,3,710486,13,0,13,1,1500,0,1,2.8495055475e-05,0,13,3708.808561,285.2929662308,15154.04281283,103,98,0,0,0.0005267,seven_point_per_channel
485,3,710486,13,0,13,1,1500,0,1,2.8495055475e-05,5,13,3910.994005,300.8456926923,15379.97003401,130,120,0,0,0.0006956,seven_point_per_channel
486,3,710487,13,0,13,1,1000,1,0,0.0002129391805573,0,13,4693.198346,361.0152573846,18770.99173193,146,138,2,0,0.0004307,seven_point_per_channel
486,3,710487,13,0,13,1,1000,1,0,0.0002129391805573,5,13,4072.069897,313.2361459231,17110.34948232,98,92,1,0,0.003623,seven_point_per_channel
487,3,710488,13,0,13,1,1250,2,1,8.727598691331e-06,0,13,4394.453479,338.034883,18372.26740593,110,105,0,0,0.0005693,seven_point_per_channel
487,3,710488,13,0,13,1,1250,2,1,8.727598691331e-06,5,13,4558.7666,350.6743538462,18563.83301084,131,126,0,0,0.0012751,seven_point_per_channel
488,3,710489,13,0,13,1,1500,3,0,7.074519881394e-05,0,13,5329.913661,409.9933585385,22154.56830635,138,114,10,0,0.000618,seven_point_per_channel
488,3,710489,13,0,13,1,1500,3,0,7.074519881394e-05,5,13,3636.807069,279.7543899231,14614.03535137,109,104,0,0,0.0012579,seven_point_per_channel
489,3,710490,13,0,13,1,1000,4,1,4.564894860903e-05,0,13,4437.992061,341.3840046923,18409.96030262,116,111,0,0,0.000483,seven_point_per_channel
489,3,710490,13,0,13,1,1000,4,1,4.564894860903e-05,5,13,4408.451484,339.1116526154,17992.25742353,125,120,0,0,0.000651,seven_point_per_channel
490,3,710491,13,0,13,1,1250,0,0,5.406944757613e-05,0,13,4564.746704,351.1343618462,18953.73350781,121,104,0,0,0.0005604,seven_point_per_channel
490,3,710491,13,0,13,1,1250,0,0,5.406944757613e-05,5,13,3316.38088,255.1062215385,12711.90440575,119,114,0,0,0.0012061,seven_point_per_channel
491,3,710492,13,0,13,1,1500,1,1,8.075803674359e-05,0,13,4649.579167,357.6599359231,19692.89583439,108,100,2,0,0.0005089,seven_point_per_channel
491,3,710492,13,0,13,1,1500,1,1,8.075803674359e-05,5,13,4436.503168,341.2694744615,18237.51585082,121,113,2,0,0.0007511,seven_point_per_channel
492,3,710493,13,0,13,1,1000,2,0,4.064184043409e-05,0,13,4352.607166,334.8159358462,17808.03582885,122,116,0,0,0.0004976,seven_point_per_channel
492,3,710493,13,0,13,1,1000,2,0,4.064184043409e-05,5,13,4345.884395,334.2987996154,17859.42196716,119,114,0,0,0.0012234,seven_point_per_channel
493,3,710494,13,0,13,1,1250,3,1,4.022670856e-05,0,13,3997.259195,307.4814765385,16026.29596848,122,117,0,0,0.0004199,seven_point_per_channel
493,3,710494,13,0,13,1,1250,3,1,4.022670856e-05,5,13,3655.0662,281.1589384615,14420.33100724,118,101,5,0,0.002464,seven_point_per_channel
494,3,710495,13,0,13,1,1500,4,0,5.388266842915e-05,0,13,4630.01854,356.1552723077,19365.09269608,116,109,1,0,0.0004428,seven_point_per_channel
494,3,710495,13,0,13,1,1500,4,0,5.388266842915e-05,5,13,4696.388768,361.2606744615,19306.94383789,129,122,1,0,0.0004807,seven_point_per_channel
495,3,710496,13,0,13,1,1000,0,1,7.340136047078e-05,0,13,4283.871721,329.5285939231,17164.35861087,132,126,0,0,0.0003941,seven_point_per_channel
495,3,710496,13,0,13,1,1000,0,1,7.340136047078e-05,5,13,3861.422095,297.0324688462,15742.11047562,109,103,0,0,0.0013641,seven_point_per_channel
496,3,710497,13,0,13,1,1250,1,0,4.213984462923e-05,0,13,3948.460269,303.727713,16262.3013545,106,101,0,0,0.0004928,seven_point_per_channel
496,3,710497,13,0,13,1,1250,1,0,4.213984462923e-05,5,13,4170.425392,320.8019532308,17002.1269542,119,101,3,0,0.0026018,seven_point_per_channel
497,3,710498,13,0,13,1,1500,2,1,9.791326140332e-05,0,13,4569.747741,351.519057,19258.73870125,111,98,0,0,0.0005741,seven_point_per_channel
497,3,710498,13,0,13,1,1500,2,1,9.791326140332e-05,5,13,3560.761012,273.9046932308,13713.80507291,126,120,1,0,0.0006488,seven_point_per_channel
498,3,710499,13,0,13,1,1000,3,0,6.232674725218e-05,0,13,4446.209767,342.0161359231,18366.04884153,119,113,0,0,0.0004426,seven_point_per_channel
498,3,710499,13,0,13,1,1000,3,0,6.232674725218e-05,5,13,4457.284883,342.8680679231,18326.42442039,122,117,0,0,0.0007678,seven_point_per_channel
499,3,710500,13,0,13,1,1250,4,1,2.308567046052e-05,0,13,4499.892445,346.1455726923,18294.46223159,130,123,1,0,0.0004329,seven_point_per_channel
499,3,710500,13,0,13,1,1250,4,1,2.308567046052e-05,5,13,4440.442725,341.5725173077,18462.21362763,114,107,2,0,0.0010396,seven_point_per_channel
500,3,710501,13,0,13,1,1500,0,0,5.968617916055e-05,0,13,4437.94941,341.3807238462,18379.74704438,118,107,0,0,0.0004837,seven_point_per_channel
500,3,710501,13,0,13,1,1500,0,0,5.968617916055e-05,5,13,3531.394385,271.6457219231,13996.97192889,112,107,0,0,0.0010233,seven_point_per_channel
501,3,710502,13,0,13,1,1000,1,1,7.140415340372e-05,0,13,4127.2101,317.4777,17336.05050197,100,95,0,0,0.0007364,seven_point_per_channel
501,3,710502,13,0,13,1,1000,1,1,7.140415340372e-05,5,13,3770.983451,290.0756500769,14329.91725955,141,135,0,0,0.0005592,seven_point_per_channel
502,3,710503,13,0,13,1,1250,2,0,3.471288706587e-05,0,13,3994.746232,307.2881716923,16313.7311597,112,107,0,0,0.0004609,seven_point_per_channel
502,3,710503,13,0,13,1,1250,2,0,3.471288706587e-05,5,13,3805.703414,292.7464164615,14788.51708637,130,112,7,0,0.002332,seven_point_per_channel
503,3,710504,13,0,13,1,1500,3,1,3.200322074694e-05,0,13,5514.883575,424.2218134615,23834.41787736,117,98,0,0,0.0006664,seven_point_per_channel
503,3,710504,13,0,13,1,1500,3,1,3.200322074694e-05,5,13,4184.892647,321.914819,16874.46324007,125,120,0,0,0.0006426,seven_point_per_channel
504,3,710505,13,0,13,1,1000,4,0,0.0001081786361551,0,13,4225.437634,325.0336641538,16782.18817858,135,129,0,0,0.0005665,seven_point_per_channel
504,3,710505,13,0,13,1,1000,4,0,0.0001081786361551,5,13,3544.200962,272.6308432308,14206.00480231,107,100,1,0,0.0026403,seven_point_per_channel
505,3,710506,13,0,13,1,1250,0,1,9.582949434279e-05,0,13,4869.644307,374.5880236154,20233.22153709,129,113,0,0,0.0007327,seven_point_per_channel
505,3,710506,13,0,13,1,1250,0,1,9.582949434279e-05,5,13,3217.990946,247.5377650769,12249.95473367,118,113,0,0,0.0027244,seven_point_per_channel
506,3,710507,13,0,13,1,1500,1,0,6.46264914658e-05,0,13,3824.426791,294.1866762308,15552.13394577,109,104,0,0,0.0006018,seven_point_per_channel
506,3,710507,13,0,13,1,1500,1,0,6.46264914658e-05,5,13,3833.82907,294.9099284615,15139.14534832,123,114,4,0,0.0016127,seven_point_per_channel
507,3,710508,13,0,13,1,1000,2,1,3.396252719403e-05,0,13,4472.66019,344.0507838462,18668.30094588,113,106,1,0,0.0004674,seven_point_per_channel
507,3,710508,13,0,13,1,1000,2,1,3.396252719403e-05,5,13,4599.212806,353.7856004615,18711.06403828,132,123,3,0,0.0012699,seven_point_per_channel
508,3,710509,13,0,13,1,1250,3,0,4.447836139352e-05,0,13,3974.155585,305.7042757692,16090.77792611,116,111,0,0,0.000469,seven_point_per_channel
508,3,710509,13,0,13,1,1250,3,0,4.447836139352e-05,5,13,4399.233207,338.4025543846,17801.16602847,128,107,9,0,0.0012194,seven_point_per_channel
509,3,710510,13,0,13,1,1500,4,1,6.037905199248e-05,0,13,4186.756918,322.0582244615,17298.78460354,111,104,1,0,0.0004809,seven_point_per_channel
509,3,710510,13,0,13,1,1500,4,1,6.037905199248e-05,5,13,3505.210186,269.6315527692,13616.05092681,120,114,1,0,0.001256,seven_point_per_channel
510,3,710511,13,0,13,2,1000,0,0,0.0606353532586,0,13,3695.247856,284.2498350769,13596.23926519,153,146,0,0,0.0005021,seven_point_per_channel
510,3,710511,13,0,13,2,1000,0,0,0.0606353532586,5,13,2933.543713,225.6572086923,11707.71856314,89,82,0,0,0.0074624,seven_point_per_channel
511,3,710512,13,0,13,2,1250,1,1,0.08950413529768,0,13,4594.284878,353.4065290769,18196.42438469,150,134,2,0,0.0006663,seven_point_per_channel
511,3,710512,13,0,13,2,1250,1,1,0.08950413529768,5,13,2955.900396,227.3769535385,11714.5019748,92,82,2,0,0.0061688,seven_point_per_channel
512,3,710513,13,0,13,2,1500,2,0,0.08604409025806,0,13,5220.888929,401.6068406923,21634.44465113,141,121,1,0,0.0008257,seven_point_per_channel
512,3,710513,13,0,13,2,1500,2,0,0.08604409025806,5,13,2844.052587,218.7732759231,10895.26294083,101,95,0,0,0.0060524,seven_point_per_channel
513,3,710514,13,0,13,2,1000,3,1,0.03764610323338,0,13,3708.895138,285.299626,13624.4756969,154,146,1,0,0.0005398,seven_point_per_channel
513,3,710514,13,0,13,2,1000,3,1,0.03764610323338,5,13,2898.964761,222.9972893077,11509.82380163,90,82,0,0,0.007918,seven_point_per_channel
514,3,710515,13,0,13,2,1250,4,0,0.1767329244836,0,13,3910.193288,300.7840990769,15450.96643983,127,120,0,0,0.0006297,seven_point_per_channel
514,3,710515,13,0,13,2,1250,4,0,0.1767329244836,5,13,2949.427191,226.8790146923,11032.13596133,114,108,0,0,0.0044442,seven_point_per_channel
515,3,710516,13,0,13,2,1500,0,1,0.07526909460577,0,13,3671.40937,282.4161053846,15032.04684889,101,95,0,0,0.0008587,seven_point_per_channel
515,3,710516,13,0,13,2,1500,0,1,0.07526909460577,5,13,4398.602849,338.3540653077,17548.01425895,140,124,0,0,0.0029098,seven_point_per_channel
516,3,710517,13,0,13,2,1000,1,0,0.07311475430805,0,13,3778.969495,290.6899611538,14789.84747239,127,121,0,0,0.0006291,seven_point_per_channel
516,3,710517,13,0,13,2,1000,1,0,0.07311475430805,5,13,3618.976362,278.3827970769,14334.88181823,115,106,2,0,0.0026067,seven_point_per_channel
517,3,710518,13,0,13,2,1250,2,1,0.06222418409099,0,13,3545.613008,272.7394621538,14798.06504967,88,81,0,0,0.0009575,seven_point_per_channel
517,3,710518,13,0,13,2,1250,2,1,0.06222418409099,5,13,2933.959103,225.6891617692,11344.79551451,101,95,0,0,0.0042257,seven_point_per_channel
518,3,710519,13,0,13,2,1500,3,0,0.06984259994411,0,13,4395.163889,338.0895299231,18740.81945174,100,82,0,0,0.0010541,seven_point_per_channel
518,3,710519,13,0,13,2,1500,3,0,0.06984259994411,5,13,2804.512629,215.7317406923,11092.5631456,88,81,0,0,0.0064536,seven_point_per_channel
519,3,710520,13,0,13,2,1000,4,1,0.07854193913919,0,13,3890.039942,299.2338416923,16125.19971565,101,95,0,0,0.0008894,seven_point_per_channel
519,3,710520,13,0,13,2,1000,4,1,0.07854193913919,5,13,3129.563729,240.7356714615,11152.81864808,140,134,0,0,0.0034259,seven_point_per_channel
520,3,710521,13,0,13,2,1250,0,0,0.07663086112459,0,13,3638.474508,279.8826544615,15257.37254154,88,82,0,0,0.0009641,seven_point_per_channel
520,3,710521,13,0,13,2,1250,0,0,0.07663086112459,5,13,3125.93042,240.4561861538,10989.65210113,144,134,3,0,0.0033571,seven_point_per_channel
521,3,710522,13,0,13,2,1500,1,1,0.09578401303055,0,13,3678.182469,282.937113,13855.91234662,141,134,1,0,0.000596,seven_point_per_channel
521,3,710522,13,0,13,2,1500,1,1,0.09578401303055,5,13,3372.672995,259.4363842308,13423.36497889,103,81,9,1,0.0060938,seven_point_per_channel
522,3,710523,13,0,13,2,1000,2,0,0.1227899455225,0,13,3687.416821,283.6474477692,15192.08410409,98,91,1,0,0.0005337,seven_point_per_channel
522,3,710523,13,0,13,2,1000,2,0,0.1227899455225,5,13,2931.712136,225.5163181538,11583.56068129,92,81,3,0,0.0089303,seven_point_per_channel
523,3,710524,13,0,13,2,1250,3,1,0.03568463729205,0,13,3976.359686,305.873822,15681.7984149,129,115,5,0,0.0005071,seven_point_per_channel
523,3,710524,13,0,13,2,1250,3,1,0.03568463729205,5,13,2934.581319,225.7370245385,10957.90659462,114,108,0,0,0.0049362,seven_point_per_channel
524,3,710525,13,0,13,2,1500,4,0,0.1358873616097,0,13,3330.826382,256.217414,13719.13192415,88,82,0,0,0.0010003,seven_point_per_channel
524,3,710525,13,0,13,2,1500,4,0,0.1358873616097,5,13,3929.268438,302.2514183077,16176.34218393,104,82,9,2,0.005874,seven_point_per_channel
525,3,710526,13,0,13,2,1000,0,1,0.0553992585877,0,13,3883.047218,298.6959398462,15665.23608964,115,110,0,0,0.0006498,seven_point_per_channel
525,3,710526,13,0,13,2,1000,0,1,0.0553992585877,5,13,3462.235382,266.3257986154,13381.17690918,121,116,0,0,0.0006449,seven_point_per_channel
526,3,710527,13,0,13,2,1250,1,0,0.07912549660518,0,13,3489.500586,268.423122,14007.50292606,105,95,1,0,0.0009928,seven_point_per_channel
526,3,710527,13,0,13,2,1250,1,0,0.07912549660518,5,13,3478.201153,267.5539348462,12811.00576109,140,121,10,0,0.0038485,seven_point_per_channel
527,3,710528,13,0,13,2,1500,2,1,0.04039872046385,0,13,5193.877901,399.5290693077,21919.38950615,127,110,0,0,0.0007227,seven_point_per_channel
527,3,710528,13,0,13,2,1500,2,1,0.04039872046385,5,13,3189.813261,245.3702508462,12234.06630198,114,108,0,0,0.0035858,seven_point_per_channel
528,3,710529,13,0,13,2,1000,3,0,0.06293480501068,0,13,4031.725046,310.1326958462,15238.62523098,154,146,1,0,0.000514,seven_point_per_channel
528,3,710529,13,0,13,2,1000,3,0,0.06293480501068,5,13,2964.612358,228.0471044615,11888.06179992,88,82,0,0,0.0068834,seven_point_per_channel
529,3,710530,13,0,13,2,1250,4,1,0.07304700780176,0,13,3534.053972,271.8503055385,14695.26985597,89,82,1,0,0.0009841,seven_point_per_channel
529,3,710530,13,0,13,2,1250,4,1,0.07304700780176,5,13,3496.121161,268.932397,12540.6058064,152,136,9,0,0.0042242,seven_point_per_channel
530,3,710531,13,0,13,2,1500,0,0,0.1371481017415,0,13,4035.267431,310.405187,17066.33715609,95,82,0,0,0.0009666,seven_point_per_channel
530,3,710531,13,0,13,2,1500,0,0,0.1371481017415,5,13,2999.827887,230.7559913077,10454.13943333,142,134,0,0,0.0034878,seven_point_per_channel
531,3,710532,13,0,13,2,1000,1,1,0.128351210849,0,13,3865.161368,297.3201052308,15545.80684312,116,108,1,0,0.0007382,seven_point_per_channel
531,3,710532,13,0,13,2,1000,1,1,0.128351210849,5,13,3176.745806,244.365062,11778.72902229,127,121,0,0,0.0038356,seven_point_per_channel
532,3,710533,13,0,13,2,1250,2,0,0.1280043252939,0,13,4116.193537,316.6302720769,17480.96768268,94,82,1,0,0.000976,seven_point_per_channel
532,3,710533,13,0,13,2,1250,2,0,0.1280043252939,5,13,3300.43555,253.8796576923,11927.17775011,142,134,2,0,0.0030161,seven_point_per_channel
533,3,710534,13,0,13,2,1500,3,1,0.1265441403409,0,13,3824.121394,294.1631841538,15795.60697005,101,95,0,0,0.00084,seven_point_per_channel
533,3,710534,13,0,13,2,1500,3,1,0.1265441403409,5,13,3803.410126,292.5700096923,14432.05062074,142,124,6,0,0.0033573,seven_point_per_channel
534,3,710535,13,0,13,2,1000,4,0,0.05785008884068,0,13,3471.820479,267.0631137692,14384.10238757,89,82,1,0,0.0013245,seven_point_per_channel
534,3,710535,13,0,13,2,1000,4,0,0.05785008884068,5,13,3268.429697,251.417669,11462.14849808,153,146,0,0,0.0027445,seven_point_per_channel
535,3,710536,13,0,13,2,1250,0,1,0.06229248852967,0,13,3873.150277,297.9346366923,16040.75138713,101,95,0,0,0.0008471,seven_point_per_channel
535,3,710536,13,0,13,2,1250,0,1,0.06229248852967,5,13,3112.421237,239.4170182308,11097.10618571,139,133,0,0,0.0024475,seven_point_per_channel
536,3,710537,13,0,13,2,1500,1,0,0.06729875082349,0,13,4959.624265,381.5095588462,21508.12131037,101,85,1,0,0.0008852,seven_point_per_channel
536,3,710537,13,0,13,2,1500,1,0,0.06729875082349,5,13,2844.725891,218.8250685385,11288.62945977,88,82,0,0,0.0052199,seven_point_per_channel
537,3,710538,13,0,13,2,1000,2,1,0.09150220220702,0,13,3531.709558,271.669966,13488.54778571,129,121,1,0,0.0006833,seven_point_per_channel
537,3,710538,13,0,13,2,1000,2,1,0.09150220220702,5,13,3375.482846,259.6525266154,13217.41423271,112,107,0,0,0.002604,seven_point_per_channel
538,3,710539,13,0,13,2,1250,3,0,0.09474444442024,0,13,3463.093098,266.3917767692,14380.46548401,88,82,0,0,0.0009981,seven_point_per_channel
538,3,710539,13,0,13,2,1250,3,0,0.09474444442024,5,13,3543.163696,272.5510535385,12920.81847092,149,134,5,0,0.0031307,seven_point_per_channel
539,3,710540,13,0,13,2,1500,4,1,0.1423715529526,0,13,4069.069565,313.0053511538,17025.34783496,101,91,1,0,0.0005484,seven_point_per_channel
539,3,710540,13,0,13,2,1500,4,1,0.1423715529526,5,13,3335.450607,256.5731236154,12067.25304287,142,132,5,1,0.0012956,seven_point_per_channel
540,3,710541,16,0,0,0,1000,0,0,0.7340360122016,0,16,4631.623103,289.4764439375,19358.11552467,114,107,1,1,0.0005308,upper_bound_16
540,3,710541,16,0,0,0,1000,0,0,0.7340360122016,5,16,3792.08183,237.005114375,15645.40915847,98,90,1,0,0.0017084,upper_bound_16
541,3,710542,16,0,0,0,1250,1,1,0.712878128454,0,16,3657.066666,228.566666625,15265.3333288,85,63,12,3,0.0024542,upper_bound_16
541,3,710542,16,0,0,0,1250,1,1,0.712878128454,5,16,3441.847953,215.1154970625,14224.23976669,86,69,6,1,0.0063873,upper_bound_16
542,3,710543,16,0,0,0,1500,2,0,0.3278174388476,0,16,3696.394993,231.0246870625,15696.97496041,79,55,9,3,0.00395,upper_bound_16
542,3,710543,16,0,0,0,1500,2,0,0.3278174388476,5,16,3367.941854,210.496365875,14044.70926373,79,60,8,1,0.0083953,upper_bound_16
543,3,710544,16,0,0,0,1000,3,1,0.4192414433102,0,16,4514.082903,282.1301814375,19350.41452709,95,89,0,0,0.0009901,upper_bound_16
543,3,710544,16,0,0,0,1000,3,1,0.4192414433102,5,16,4321.089232,270.068077,18120.44616399,103,96,2,0,0.0037961,upper_bound_16
544,3,710545,16,0,0,0,1250,4,0,0.5448231892471,0,16,3838.557016,239.9098135,16012.78508959,91,77,8,0,0.0018322,upper_bound_16
544,3,710545,16,0,0,0,1250,4,0,0.5448231892471,5,16,3550.154768,221.884673,14740.77384095,86,71,7,0,0.0051543,upper_bound_16
545,3,710546,16,0,0,0,1500,0,1,0.5050970813073,0,16,3658.324337,228.6452710625,15746.62168842,74,59,0,1,0.00369,upper_bound_16
545,3,710546,16,0,0,0,1500,0,1,0.5050970813073,5,16,3026.562965,189.1601853125,13282.81481401,51,35,0,1,0.0035964,upper_bound_16
546,3,710547,16,0,0,0,1000,1,0,0.5550135103428,0,16,4633.590294,289.599393375,19767.95145862,99,84,7,0,0.0011377,upper_bound_16
546,3,710547,16,0,0,0,1000,1,0,0.5550135103428,5,16,4704.253229,294.0158268125,20066.26614648,101,85,7,1,0.003973,upper_bound_16
547,3,710548,16,0,0,0,1250,2,1,0.8470439145724,0,16,3495.606018,218.475376125,14148.03008528,97,80,7,1,0.0013006,upper_bound_16
547,3,710548,16,0,0,0,1250,2,1,0.8470439145724,5,16,3925.032357,245.3145223125,16590.16177939,87,74,6,0,0.0045708,upper_bound_16
548,3,710549,16,0,0,0,1500,3,0,0.466238463129,0,16,3269.495143,204.3434464375,13897.47572769,70,60,0,0,0.0032506,upper_bound_16
548,3,710549,16,0,0,0,1500,3,0,0.466238463129,5,16,3168.91574,198.05723375,13594.5787013,63,55,0,0,0.0079769,upper_bound_16
549,3,710550,16,0,0,0,1000,4,1,0.4115025474884,0,16,4469.865333,279.3665833125,18689.32666691,109,95,4,1,0.0006576,upper_bound_16
549,3,710550,16,0,0,0,1000,4,1,0.4115025474884,5,16,4478.91983,279.932489375,18839.59914214,105,94,4,0,0.0037882,upper_bound_16
550,3,710551,16,0,0,0,1250,0,0,0.6089340492305,0,16,3618.550741,226.1594213125,15072.75369682,89,79,0,0,0.0011424,upper_bound_16
550,3,710551,16,0,0,0,1250,0,0,0.6089340492305,5,16,3437.51003,214.844376875,14352.55014908,82,74,1,0,0.0046587,upper_bound_16
551,3,710552,16,0,0,0,1500,1,1,0.6232511700139,0,16,4318.761291,269.9225806875,18743.80646771,82,59,7,2,0.002617,upper_bound_16
551,3,710552,16,0,0,0,1500,1,1,0.6232511700139,5,16,3263.372407,203.9607754375,13671.86203087,75,56,6,1,0.0082948,upper_bound_16
552,3,710553,16,0,0,0,1000,2,0,0.5218899572785,0,16,4366.845316,272.92783225,18134.22659306,108,93,9,0,0.0007908,upper_bound_16
552,3,710553,16,0,0,0,1000,2,0,0.5218899572785,5,16,4295.675182,268.479698875,17953.37590949,103,89,7,0,0.0026248,upper_bound_16
553,3,710554,16,0,0,0,1250,3,1,0.7217739706618,0,16,3118.620376,194.9137735,12948.10187325,76,66,1,0,0.0017592,upper_bound_16
553,3,710554,16,0,0,0,1250,3,1,0.7217739706618,5,16,3788.612153,236.7882595625,15883.06075876,90,82,0,0,0.0042883,upper_bound_16
554,3,710555,16,0,0,0,1500,4,0,0.5178790614569,0,16,3618.251912,226.1407445,15196.2595599,82,62,9,1,0.0025843,upper_bound_16
554,3,710555,16,0,0,0,1500,4,0,0.5178790614569,5,16,3259.500091,203.7187556875,13532.50045437,77,61,9,0,0.0086887,upper_bound_16
555,3,710556,16,0,0,0,1000,0,1,0.4910091058019,0,16,4535.891152,283.493197,19294.45576795,100,94,1,0,0.0007171,upper_bound_16
555,3,710556,16,0,0,0,1000,0,1,0.4910091058019,5,16,4103.061472,256.441342,17055.3073472,103,94,1,1,0.0020641,upper_bound_16
556,3,710557,16,0,0,0,1250,1,0,0.5360555876676,0,16,3876.968426,242.310526625,16129.84212998,94,74,9,1,0.001377,upper_bound_16
556,3,710557,16,0,0,0,1250,1,0,0.5360555876676,5,16,3338.940127,208.6837579375,13784.70063098,82,68,8,0,0.0062746,upper_bound_16
557,3,710558,16,0,0,0,1500,2,1,0.3019185615367,0,16,3896.939108,243.55869425,16789.69553637,76,58,7,1,0.0033127,upper_bound_16
557,3,710558,16,0,0,0,1500,2,1,0.3019185615367,5,16,3731.561305,233.2225815625,16212.80652072,66,43,12,1,0.0065537,upper_bound_16
558,3,710559,16,0,0,0,1000,3,0,0.6698761108087,0,16,4423.497683,276.4686051875,18692.48842306,102,95,0,0,0.0006604,upper_bound_16
558,3,710559,16,0,0,0,1000,3,0,0.6698761108087,5,16,4291.660124,268.22875775,17928.30061299,105,98,1,0,0.0017857,upper_bound_16
559,3,710560,16,0,0,0,1250,4,1,0.6845814034965,0,16,2918.014958,182.375934875,11595.07480189,84,72,9,0,0.0016134,upper_bound_16
559,3,710560,16,0,0,0,1250,4,1,0.6845814034965,5,16,3181.525643,198.8453526875,13222.62822096,75,64,6,0,0.0063133,upper_bound_16
560,3,710561,16,0,0,0,1500,0,0,0.374751373249,0,16,2440.409743,152.5256089375,9852.048712596,67,55,0,0,0.0033516,upper_bound_16
560,3,710561,16,0,0,0,1500,0,0,0.374751373249,5,16,2291.334045,143.2083778125,9781.670218564,44,35,0,0,0.0035557,upper_bound_16
561,3,710562,16,0,0,0,1000,1,1,0.4424298340053,0,16,4232.339505,264.5212190625,17496.69752833,107,97,7,0,0.0008081,upper_bound_16
561,3,710562,16,0,0,0,1000,1,1,0.4424298340053,5,16,4397.055309,274.8159568125,18220.27656085,110,93,10,1,0.0035053,upper_bound_16
562,3,710563,16,0,0,0,1250,2,0,0.6163195098656,0,16,3983.695949,248.9809968125,16508.47975396,98,79,11,0,0.0015466,upper_bound_16
562,3,710563,16,0,0,0,1250,2,0,0.6163195098656,5,16,3713.568067,232.0980041875,15602.84032678,84,66,9,1,0.0058255,upper_bound_16
563,3,710564,16,0,0,0,1500,3,1,0.7179974307807,0,16,3385.22794,211.57674625,14256.13971003,77,69,0,0,0.0015791,upper_bound_16
563,3,710564,16,0,0,0,1500,3,1,0.7179974307807,5,16,2774.025669,173.3766043125,11605.12833165,63,52,2,0,0.0063118,upper_bound_16
564,3,710565,16,0,0,0,1000,4,0,0.5549836449059,0,16,3090.060956,193.12880975,12920.30478284,71,59,4,2,0.0026546,upper_bound_16
564,3,710565,16,0,0,0,1000,4,0,0.5549836449059,5,16,3084.558091,192.7848806875,12817.79046014,73,64,4,1,0.009036,upper_bound_16
565,3,710566,16,0,0,0,1250,0,1,0.4587296651964,0,16,3718.900698,232.431293625,16084.50349036,72,59,1,0,0.0026197,upper_bound_16
565,3,710566,16,0,0,0,1250,0,1,0.4587296651964,5,16,3159.463018,197.466438625,13612.3150828,61,52,0,0,0.0063724,upper_bound_16
566,3,710567,16,0,0,0,1500,1,0,0.5600645808005,0,16,3702.05598,231.37849875,15470.27991199,85,61,14,3,0.0029179,upper_bound_16
566,3,710567,16,0,0,0,1500,1,0,0.5600645808005,5,16,3900.550243,243.7843901875,16457.75121943,84,61,16,2,0.0095434,upper_bound_16
567,3,710568,16,0,0,0,1000,2,1,0.4957403321963,0,16,4323.806343,270.2378964375,18094.03172186,103,92,6,0,0.0007932,upper_bound_16
567,3,710568,16,0,0,0,1000,2,1,0.4957403321963,5,16,3960.89796,247.5561225,16574.48980288,93,77,8,0,0.0061843,upper_bound_16
568,3,710569,16,0,0,0,1250,3,0,0.4352548919508,0,16,3234.246506,202.140406625,13451.23254345,78,74,0,0,0.0017079,upper_bound_16
568,3,710569,16,0,0,0,1250,3,0,0.4352548919508,5,16,2896.672985,181.0420615625,11888.36493629,74,66,1,0,0.0060288,upper_bound_16
569,3,710570,16,0,0,0,1500,4,1,0.666135844635,0,16,3820.499152,238.781197,16077.49577186,85,61,13,2,0.0030698,upper_bound_16
569,3,710570,16,0,0,0,1500,4,1,0.666135844635,5,16,2920.748184,182.5467615,12403.74092179,58,40,10,1,0.0060185,upper_bound_16
570,3,710571,16,0,0,1,1000,0,0,6.106324197033e-05,0,16,3509.705454,219.356590875,15093.52727168,69,66,0,0,0.0010881,upper_bound_16
570,3,710571,16,0,0,1,1000,0,0,6.106324197033e-05,5,16,3209.764008,200.6102505,13828.82003508,61,56,1,0,0.0090672,upper_bound_16
571,3,710572,16,0,0,1,1250,1,1,0.0001387839932756,0,16,4681.867005,292.6166878125,20434.33502184,83,70,10,0,0.0012433,upper_bound_16
571,3,710572,16,0,0,1,1250,1,1,0.0001387839932756,5,16,4524.347805,282.7717378125,19206.73903207,98,80,11,1,0.0046813,upper_bound_16
572,3,710573,16,0,0,1,1500,2,0,0.0001231158986345,0,16,4837.626987,302.3516866875,21673.13492591,73,58,0,0,0.0016536,upper_bound_16
572,3,710573,16,0,0,1,1500,2,0,0.0001231158986345,5,16,3942.550496,246.409406,17287.75248204,68,56,3,0,0.0090034,upper_bound_16
573,3,710574,16,0,0,1,1000,3,1,6.869417851972e-05,0,16,3614.131282,225.883205125,15495.65641624,73,70,0,0,0.0006756,upper_bound_16
573,3,710574,16,0,0,1,1000,3,1,6.869417851972e-05,5,16,3793.401192,237.0875745,15672.00596227,97,91,1,0,0.00455,upper_bound_16
574,3,710575,16,0,0,1,1250,4,0,6.942915504682e-05,0,16,3998.752123,249.9220076875,17508.76063561,69,57,5,1,0.0016369,upper_bound_16
574,3,710575,16,0,0,1,1250,4,0,6.942915504682e-05,5,16,3794.387441,237.1492150625,15961.9372134,86,74,6,0,0.0063869,upper_bound_16
575,3,710576,16,0,0,1,1500,0,1,8.164467536158e-05,0,16,4458.996813,278.6873008125,20109.98405899,61,52,0,0,0.0019512,upper_bound_16
575,3,710576,16,0,0,1,1500,0,1,8.164467536158e-05,5,16,3810.758699,238.1724186875,17403.79349772,43,35,0,0,0.0041893,upper_bound_16
576,3,710577,16,0,0,1,1000,1,0,3.010418861348e-05,0,16,3212.358821,200.7724263125,13336.79409442,78,72,1,0,0.0010121,upper_bound_16
576,3,710577,16,0,0,1,1000,1,0,3.010418861348e-05,5,16,3052.863582,190.803973875,12484.31791921,79,72,3,0,0.0043726,upper_bound_16
577,3,710578,16,0,0,1,1250,2,1,0.0001043376166351,0,16,4307.245597,269.2028498125,19101.22799934,67,57,5,0,0.0017919,upper_bound_16
577,3,710578,16,0,0,1,1250,2,1,0.0001043376166351,5,16,3902.320825,243.8950515625,16981.60413349,70,58,6,0,0.0088042,upper_bound_16
578,3,710579,16,0,0,1,1500,3,0,5.296241775842e-05,0,16,4772.930971,298.3081856875,21524.65485075,67,53,0,0,0.001809,upper_bound_16
578,3,710579,16,0,0,1,1500,3,0,5.296241775842e-05,5,16,4568.454558,285.528409875,20292.27279384,73,59,2,0,0.0103367,upper_bound_16
579,3,710580,16,0,0,1,1000,4,1,8.050407134504e-05,0,16,3912.641026,244.540064125,16838.20513749,77,71,3,0,0.0010263,upper_bound_16
579,3,710580,16,0,0,1,1000,4,1,8.050407134504e-05,5,16,3978.511629,248.6569768125,16247.55815346,108,100,3,0,0.0024394,upper_bound_16
580,3,710581,16,0,0,1,1250,0,0,5.890361425799e-05,0,16,4363.758567,272.7349104375,19413.79283429,67,60,2,0,0.001481,upper_bound_16
580,3,710581,16,0,0,1,1250,0,0,5.890361425799e-05,5,16,4318.985969,269.9366230625,18989.92984203,74,68,1,0,0.0082496,upper_bound_16
581,3,710582,16,0,0,1,1500,1,1,2.560916797906e-05,0,16,4211.455944,263.2159965,18777.27972307,63,55,2,0,0.0019819,upper_bound_16
581,3,710582,16,0,0,1,1500,1,1,2.560916797906e-05,5,16,3994.976067,249.6860041875,17524.88034021,67,57,6,0,0.0079654,upper_bound_16
582,3,710583,16,0,0,1,1000,2,0,5.72399605061e-05,0,16,3904.170568,244.0106605,16645.85285089,81,69,7,0,0.0009849,upper_bound_16
582,3,710583,16,0,0,1,1000,2,0,5.72399605061e-05,5,16,3507.337806,219.208612875,14221.68904112,96,85,6,1,0.004621,upper_bound_16
583,3,710584,16,0,0,1,1250,3,1,0.000133712671671,0,16,4387.518529,274.2199080625,19592.59265019,66,59,0,0,0.0015631,upper_bound_16
583,3,710584,16,0,0,1,1250,3,1,0.000133712671671,5,16,3911.798408,244.4874005,17018.99204042,71,61,4,0,0.0084323,upper_bound_16
584,3,710585,16,0,0,1,1500,4,0,7.911677085789e-05,0,16,4888.978299,305.5611436875,21679.89151054,79,57,7,3,0.0016093,upper_bound_16
584,3,710585,16,0,0,1,1500,4,0,7.911677085789e-05,5,16,4354.762185,272.1726365625,19168.81092548,74,59,4,0,0.0083427,upper_bound_16
585,3,710586,16,0,0,1,1000,0,1,9.418838050483e-05,0,16,3320.068956,207.50430975,13460.34478463,92,88,0,0,0.0007783,upper_bound_16
585,3,710586,16,0,0,1,1000,0,1,9.418838050483e-05,5,16,2875.505628,179.71910175,11622.52815093,79,76,0,0,0.0042745,upper_bound_16
586,3,710587,16,0,0,1,1250,1,0,4.260847987087e-05,0,16,4421.234801,276.3271750625,19381.1740089,76,64,7,0,0.0017778,upper_bound_16
586,3,710587,16,0,0,1,1250,1,0,4.260847987087e-05,5,16,4013.226273,250.8266420625,17056.13136934,87,72,5,0,0.0080966,upper_bound_16
587,3,710588,16,0,0,1,1500,2,1,6.646862352368e-05,0,16,4426.330179,276.6456361875,19676.65090404,69,57,3,0,0.0017148,upper_bound_16
587,3,710588,16,0,0,1,1500,2,1,6.646862352368e-05,5,16,4238.491712,264.905732,19112.4585706,57,45,2,0,0.007756,upper_bound_16
588,3,710589,16,0,0,1,1000,3,0,5.104129938396e-05,0,16,3355.990281,209.7493925625,13974.95140979,81,76,0,0,0.0007586,upper_bound_16
588,3,710589,16,0,0,1,1000,3,0,5.104129938396e-05,5,16,3482.960012,217.68500075,14459.80005748,85,77,3,0,0.0037006,upper_bound_16
589,3,710590,16,0,0,1,1250,4,1,7.922195677147e-05,0,16,3962.106784,247.631674,17355.53392186,69,60,2,0,0.0013576,upper_bound_16
589,3,710590,16,0,0,1,1250,4,1,7.922195677147e-05,5,16,3555.576373,222.2235233125,15172.88186589,72,60,7,0,0.0077248,upper_bound_16
590,3,710591,16,0,0,1,1500,0,0,8.839090367723e-05,0,16,4956.578746,309.786171625,22432.89373136,67,55,0,0,0.0019284,upper_bound_16
590,3,710591,16,0,0,1,1500,0,0,8.839090367723e-05,5,16,4284.9306,267.8081625,18909.65300039,73,58,0,0,0.0088118,upper_bound_16
591,3,710592,16,0,0,1,1000,1,1,3.13962456861e-05,0,16,3946.311854,246.644490875,16726.55928563,85,75,7,0,0.0009992,upper_bound_16
591,3,710592,16,0,0,1,1000,1,1,3.13962456861e-05,5,16,4252.107346,265.756709125,17405.53671631,114,103,6,0,0.0037794,upper_bound_16
592,3,710593,16,0,0,1,1250,2,0,2.271026584e-05,0,16,3596.480832,224.780052,14992.40416094,86,79,3,0,0.0009666,upper_bound_16
592,3,710593,16,0,0,1,1250,2,0,2.271026584e-05,5,16,3109.533216,194.345826,12982.6660648,72,64,3,0,0.0058154,upper_bound_16
593,3,710594,16,0,0,1,1500,3,1,8.272677930225e-05,0,16,4646.715377,290.4197110625,21013.5768943,62,54,0,0,0.0021572,upper_bound_16
593,3,710594,16,0,0,1,1500,3,1,8.272677930225e-05,5,16,4297.620511,268.6012819375,19238.10255518,63,55,0,0,0.0101717,upper_bound_16
594,3,710595,16,0,0,1,1000,4,0,5.101299705386e-05,0,16,3910.021042,244.376315125,16835.10522421,76,68,5,0,0.0012076,upper_bound_16
594,3,710595,16,0,0,1,1000,4,0,5.101299705386e-05,5,16,3930.610906,245.663181625,16078.05453565,105,95,5,0,0.0051613,upper_bound_16
595,3,710596,16,0,0,1,1250,0,1,5.64330654943e-05,0,16,3233.362699,202.0851686875,13741.81349937,68,65,0,0,0.0012399,upper_bound_16
595,3,710596,16,0,0,1,1250,0,1,5.64330654943e-05,5,16,3066.12346,191.63271625,12810.61730302,71,69,0,0,0.0053456,upper_bound_16
596,3,710597,16,0,0,1,1500,1,0,5.680196294199e-05,0,16,4825.421842,301.588865125,21727.10921235,68,54,2,0,0.0019241,upper_bound_16
596,3,710597,16,0,0,1,1500,1,0,5.680196294199e-05,5,16,4727.970658,295.498166125,20984.853281,76,59,4,0,0.0099927,upper_bound_16
597,3,710598,16,0,0,1,1000,2,1,5.001928396113e-05,0,16,3397.516682,212.344792625,14242.58341129,78,73,2,0,0.0008868,upper_bound_16
597,3,710598,16,0,0,1,1000,2,1,5.001928396113e-05,5,16,3339.671374,208.729460875,13618.35686581,89,82,3,0,0.0058976,upper_bound_16
598,3,710599,16,0,0,1,1250,3,0,7.114689329191e-05,0,16,4157.003335,259.8127084375,18385.01667367,68,60,0,0,0.0014726,upper_bound_16
598,3,710599,16,0,0,1,1250,3,0,7.114689329191e-05,5,16,3508.626211,219.2891381875,15013.13104307,71,62,3,0,0.0076314,upper_bound_16
599,3,710600,16,0,0,1,1500,4,1,2.772299323885e-05,0,16,5389.754562,336.859660125,23928.77280793,87,65,8,1,0.0021215,upper_bound_16
599,3,710600,16,0,0,1,1500,4,1,2.772299323885e-05,5,16,4355.85163,272.240726875,19169.2581506,73,56,7,0,0.0126287,upper_bound_16
600,3,710601,16,0,0,2,1000,0,0,0.3087345527167,0,16,3606.887397,225.4304623125,15984.43698215,56,50,0,0,0.0019336,upper_bound_16
600,3,710601,16,0,0,2,1000,0,0,0.3087345527167,5,16,1276.198093,79.7623808125,4880.990466876,37,35,0,0,0.0052629,upper_bound_16
601,3,710602,16,0,0,2,1250,1,1,0.6671667310087,0,16,3583.596112,223.974757,15822.98055965,57,51,1,0,0.0018835,upper_bound_16
601,3,710602,16,0,0,2,1250,1,1,0.6671667310087,5,16,1044.388732,65.27429575,3746.943662132,36,35,0,0,0.0047636,upper_bound_16
602,3,710603,16,0,0,2,1500,2,0,0.4478752861107,0,16,2461.456443,153.8410276875,10607.28221064,43,39,2,0,0.0018623,upper_bound_16
602,3,710603,16,0,0,2,1500,2,0,0.4478752861107,5,16,1364.919567,85.3074729375,5219.597837973,40,35,2,0,0.0053535,upper_bound_16
603,3,710604,16,0,0,2,1000,3,1,0.6999327442479,0,16,2635.867746,164.741734125,11444.33871847,45,42,0,0,0.0018803,upper_bound_16
603,3,710604,16,0,0,2,1000,3,1,0.6999327442479,5,16,1510.583124,94.41144525,6052.915629183,37,35,0,0,0.0049042,upper_bound_16
604,3,710605,16,0,0,2,1250,4,0,0.2583607779319,0,16,2542.390949,158.8994343125,11076.95475272,41,39,1,0,0.0017496,upper_bound_16
604,3,710605,16,0,0,2,1250,4,0,0.2583607779319,5,16,1469.532863,91.8458039375,5742.66430802,40,35,2,0,0.0053738,upper_bound_16
605,3,710606,16,0,0,2,1500,0,1,0.2438923735012,0,16,2504.603283,156.5377051875,10928.01639795,40,39,0,0,0.0017345,upper_bound_16
605,3,710606,16,0,0,2,1500,0,1,0.2438923735012,5,16,1247.66078,77.97879875,4713.303900776,38,35,0,0,0.0052319,upper_bound_16
606,3,710607,16,0,0,2,1000,1,0,0.2491762451864,0,16,2653.853347,165.8658341875,11569.26673493,43,39,2,0,0.0018322,upper_bound_16
606,3,710607,16,0,0,2,1000,1,0,0.2491762451864,5,16,1612.684678,100.792792375,6143.423382114,49,35,8,0,0.0051562,upper_bound_16
607,3,710608,16,0,0,2,1250,2,1,0.4621243072312,0,16,2489.094658,155.568416125,10785.47327856,42,39,1,0,0.0017499,upper_bound_16
607,3,710608,16,0,0,2,1250,2,1,0.4621243072312,5,16,1304.266254,81.516640875,4916.331273259,40,35,2,0,0.0049257,upper_bound_16
608,3,710609,16,0,0,2,1500,3,0,0.6484954483647,0,16,2312.353455,144.5220909375,10086.76726876,36,35,0,0,0.0017837,upper_bound_16
608,3,710609,16,0,0,2,1500,3,0,0.6484954483647,5,16,1104.071797,69.0044873125,4020.358982386,37,35,0,0,0.0048346,upper_bound_16
609,3,710610,16,0,0,2,1000,4,1,0.3695949535335,0,16,2445.779989,152.8612493125,10613.89994305,41,38,0,0,0.0019866,upper_bound_16
609,3,710610,16,0,0,2,1000,4,1,0.3695949535335,5,16,1328.457499,83.0285936875,4932.287485366,43,35,4,1,0.0051012,upper_bound_16
610,3,710611,16,0,0,2,1250,0,0,0.4114594943036,0,16,2311.680183,144.4800114375,10083.40090971,36,35,0,0,0.001779,upper_bound_16
610,3,710611,16,0,0,2,1250,0,0,0.4114594943036,5,16,1698.876133,106.1797583125,6994.380668235,37,35,0,0,0.0051571,upper_bound_16
611,3,710612,16,0,0,2,1500,1,1,0.4240418434773,0,16,2396.297486,149.768592875,10386.48744863,40,39,0,0,0.0017318,upper_bound_16
611,3,710612,16,0,0,2,1500,1,1,0.4240418434773,5,16,1434.258126,89.641132875,5461.290638393,43,35,4,0,0.0048457,upper_bound_16
612,3,710613,16,0,0,2,1000,2,0,0.4652148941967,0,16,2574.795308,160.92470675,11213.97653366,42,39,1,0,0.002127,upper_bound_16
612,3,710613,16,0,0,2,1000,2,0,0.4652148941967,5,16,972.733821,60.7958638125,3388.669103252,36,35,0,0,0.0049048,upper_bound_16
613,3,710614,16,0,0,2,1250,3,1,0.2510799719222,0,16,3639.154098,227.447131125,16115.77048513,57,51,0,0,0.0021425,upper_bound_16
613,3,710614,16,0,0,2,1250,3,1,0.2510799719222,5,16,1348.996974,84.312310875,5219.984873171,38,35,0,0,0.0047911,upper_bound_16
614,3,710615,16,0,0,2,1500,4,0,0.2753037680593,0,16,2466.568016,154.160501,10697.84009334,41,39,1,0,0.0018993,upper_bound_16
614,3,710615,16,0,0,2,1500,4,0,0.2753037680593,5,16,1780.286979,111.2679361875,7131.434897534,46,35,3,2,0.0048444,upper_bound_16
615,3,710616,16,0,0,2,1000,0,1,0.3250128849808,0,16,2474.192029,154.6370018125,10750.9601463,41,39,0,0,0.0017047,upper_bound_16
615,3,710616,16,0,0,2,1000,0,1,0.3250128849808,5,16,1468.849457,91.8030910625,5819.247277233,38,35,0,0,0.0049154,upper_bound_16
616,3,710617,16,0,0,2,1250,1,0,0.7178595586535,0,16,2555.237855,159.7023659375,11091.18926348,43,39,1,1,0.0019004,upper_bound_16
616,3,710617,16,0,0,2,1250,1,0,0.7178595586535,5,16,1452.671792,90.791987,5723.358964729,38,35,1,0,0.0052053,upper_bound_16
617,3,710618,16,0,0,2,1500,2,1,0.2582337429521,0,16,3500.10733,218.756708125,15405.53662265,57,51,1,0,0.001923,upper_bound_16
617,3,710618,16,0,0,2,1500,2,1,0.2582337429521,5,16,1194.665823,74.6666139375,4433.329111603,38,35,1,0,0.0047701,upper_bound_16
618,3,710619,16,0,0,2,1000,3,0,0.2977726600764,0,16,2514.489,157.1555625,10977.44500052,40,39,0,0,0.0017046,upper_bound_16
618,3,710619,16,0,0,2,1000,3,0,0.2977726600764,5,16,1145.068045,71.5667528125,4175.340224685,39,35,0,0,0.0048294,upper_bound_16
619,3,710620,16,0,0,2,1250,4,1,0.400073680961,0,16,2432.368218,152.023013625,10566.84109975,40,39,0,0,0.0017589,upper_bound_16
619,3,710620,16,0,0,2,1250,4,1,0.400073680961,5,16,1525.668039,95.3542524375,6008.340196416,40,35,3,0,0.0051876,upper_bound_16
620,3,710621,16,0,0,2,1500,0,0,0.572547214406,0,16,2243.123017,140.1951885625,9570.615084901,42,39,0,0,0.0019117,upper_bound_16
620,3,710621,16,0,0,2,1500,0,0,0.572547214406,5,16,1339.223953,83.7014970625,5196.119766627,37,35,0,0,0.0050398,upper_bound_16
621,3,710622,16,0,0,2,1000,1,1,0.1684453336403,0,16,2602.039164,162.62744775,11325.19582023,43,39,1,1,0.0019134,upper_bound_16
621,3,710622,16,0,0,2,1000,1,1,0.1684453336403,5,16,1358.670386,84.916899125,5148.35192364,41,35,3,0,0.0046043,upper_bound_16
622,3,710623,16,0,0,2,1250,2,0,0.2717281009582,0,16,2580.128674,161.258042125,11265.64337232,41,39,1,0,0.0017365,upper_bound_16
622,3,710623,16,0,0,2,1250,2,0,0.2717281009582,5,16,1356.764101,84.7977563125,5123.820495754,41,35,4,0,0.0049742,upper_bound_16
623,3,710624,16,0,0,2,1500,3,1,0.1640554309311,0,16,2414.788746,150.924296625,10428.94372556,42,39,0,0,0.0018007,upper_bound_16
623,3,710624,16,0,0,2,1500,3,1,0.1640554309311,5,16,1560.824694,97.551543375,6054.123474836,46,34,2,0,0.0049809,upper_bound_16
624,3,710625,16,0,0,2,1000,4,0,0.2820661784364,0,16,2679.399601,167.4624750625,11691.9979956,44,41,0,0,0.001766,upper_bound_16
624,3,710625,16,0,0,2,1000,4,0,0.2820661784364,5,16,1243.194758,77.699672375,4700.973791893,37,35,1,0,0.0048484,upper_bound_16
625,3,710626,16,0,0,2,1250,0,1,0.259577281251,0,16,2536.964662,158.560291375,11089.82329528,40,39,0,0,0.0017421,upper_bound_16
625,3,710626,16,0,0,2,1250,0,1,0.259577281251,5,16,1224.166331,76.5103956875,4595.831661022,38,35,0,0,0.0048567,upper_bound_16
626,3,710627,16,0,0,2,1500,1,0,0.3713975583416,0,16,3634.665797,227.1666123125,16083.32899795,57,50,1,0,0.0018465,upper_bound_16
626,3,710627,16,0,0,2,1500,1,0,0.3713975583416,5,16,1247.633817,77.9771135625,4618.169089939,40,35,3,0,0.0049113,upper_bound_16
627,3,710628,16,0,0,2,1000,2,1,0.3005156327632,0,16,2613.269329,163.3293330625,11391.34663684,42,39,2,0,0.0019019,upper_bound_16
627,3,710628,16,0,0,2,1000,2,1,0.3005156327632,5,16,1593.429386,99.589336625,6222.146914849,44,34,5,0,0.0049978,upper_bound_16
628,3,710629,16,0,0,2,1250,3,0,0.3261733586723,0,16,2537.541749,158.5963593125,11072.7087386,41,38,0,0,0.0019887,upper_bound_16
628,3,710629,16,0,0,2,1250,3,0,0.3261733586723,5,16,1247.2815,77.95509375,4736.407505666,37,35,0,0,0.0048133,upper_bound_16
629,3,710630,16,0,0,2,1500,4,1,0.1698743144489,0,16,2581.299299,161.3312061875,11246.49650143,42,39,1,0,0.0017869,upper_bound_16
629,3,710630,16,0,0,2,1500,4,1,0.1698743144489,5,16,1353.023124,84.56394525,5070.115628913,43,35,3,0,0.0050892,upper_bound_16
630,3,710631,16,0,8,0,1000,0,0,0.6431639855317,0,16,4342.312069,271.3945043125,18051.56035272,110,102,0,0,0.0005968,upper_bound_16
630,3,710631,16,0,8,0,1000,0,0,0.6431639855317,5,16,4591.250231,286.9531394375,19316.25116496,109,100,1,0,0.0014093,upper_bound_16
631,3,710632,16,0,8,0,1250,1,1,0.468298672703,0,16,3803.428448,237.714278,15627.14224422,99,88,5,0,0.0007057,upper_bound_16
631,3,710632,16,0,8,0,1250,1,1,0.468298672703,5,16,4253.789438,265.861839875,17943.94719956,97,85,5,0,0.0077722,upper_bound_16
632,3,710633,16,0,8,0,1500,2,0,0.7243670825578,0,16,4437.652948,277.35330925,18903.26474269,96,79,6,1,0.0013138,upper_bound_16
632,3,710633,16,0,8,0,1500,2,0,0.7243670825578,5,16,3879.229975,242.4518734375,16206.14987701,92,80,6,0,0.0061066,upper_bound_16
633,3,710634,16,0,8,0,1000,3,1,0.5228943890495,0,16,3915.682375,244.7301484375,16188.41186901,100,98,0,0,0.0004937,upper_bound_16
633,3,710634,16,0,8,0,1000,3,1,0.5228943890495,5,16,3936.050124,246.00313275,15935.25061432,112,109,0,0,0.0014158,upper_bound_16
634,3,710635,16,0,8,0,1250,4,0,0.5894970577859,0,16,3852.564063,240.7852539375,15892.82030603,99,90,3,0,0.0007852,upper_bound_16
634,3,710635,16,0,8,0,1250,4,0,0.5894970577859,5,16,3867.921722,241.745107625,15884.60860769,102,92,3,0,0.0033728,upper_bound_16
635,3,710636,16,0,8,0,1500,0,1,0.2484211423397,0,16,3969.379528,248.0862205,16646.89764562,95,85,0,0,0.0009602,upper_bound_16
635,3,710636,16,0,8,0,1500,0,1,0.2484211423397,5,16,4039.424477,252.4640298125,17352.12238603,83,71,1,1,0.0049708,upper_bound_16
636,3,710637,16,0,8,0,1000,1,0,0.5497355633876,0,16,4999.262405,312.4539003125,21421.31203165,106,96,3,1,0.0006508,upper_bound_16
636,3,710637,16,0,8,0,1000,1,0,0.5497355633876,5,16,4765.17766,297.82360375,20180.88831113,109,95,3,1,0.0038392,upper_bound_16
637,3,710638,16,0,8,0,1250,2,1,0.5594430603564,0,16,4707.895596,294.24347475,19869.47797424,108,93,7,0,0.0008607,upper_bound_16
637,3,710638,16,0,8,0,1250,2,1,0.5594430603564,5,16,4262.172816,266.385801,18005.86409426,97,87,3,0,0.0051672,upper_bound_16
638,3,710639,16,0,8,0,1500,3,0,0.475553840885,0,16,4123.749956,257.73437225,17563.74977498,90,81,0,0,0.0010086,upper_bound_16
638,3,710639,16,0,8,0,1500,3,0,0.475553840885,5,16,3753.397813,234.5873633125,15751.98905558,88,80,1,0,0.00373,upper_bound_16
639,3,710640,16,0,8,0,1000,4,1,0.6375358790224,0,16,4605.09078,287.81817375,19370.45390957,109,100,2,0,0.00054,upper_bound_16
639,3,710640,16,0,8,0,1000,4,1,0.6375358790224,5,16,4838.945222,302.434076375,20554.72611301,108,99,3,0,0.0034764,upper_bound_16
640,3,710641,16,0,8,0,1250,0,0,0.433989077777,0,16,4128.420904,258.0263065,17332.10452796,98,92,0,0,0.0009523,upper_bound_16
640,3,710641,16,0,8,0,1250,0,0,0.433989077777,5,16,4241.795479,265.1122174375,17898.97738976,97,91,2,0,0.0054389,upper_bound_16
641,3,710642,16,0,8,0,1500,1,1,0.5786757559513,0,16,4349.023698,271.813981125,18330.11849108,100,88,5,2,0.0008616,upper_bound_16
641,3,710642,16,0,8,0,1500,1,1,0.5786757559513,5,16,4352.546151,272.0341344375,18512.73075741,95,80,5,0,0.0046434,upper_bound_16
642,3,710643,16,0,8,0,1000,2,0,0.8376028050947,0,16,4273.638733,267.1024208125,17723.19368341,108,100,3,0,0.00057,upper_bound_16
642,3,710643,16,0,8,0,1000,2,0,0.8376028050947,5,16,4211.403712,263.212732,17497.01856805,106,96,2,0,0.004,upper_bound_16
643,3,710644,16,0,8,0,1250,3,1,0.5013192144263,0,16,4226.4994,264.1562125,17567.49701357,107,95,1,0,0.0007465,upper_bound_16
643,3,710644,16,0,8,0,1250,3,1,0.5013192144263,5,16,4110.293953,256.8933720625,17036.46976781,105,92,2,0,0.0041519,upper_bound_16
644,3,710645,16,0,8,0,1500,4,0,0.6950369856972,0,16,3953.793713,247.1121070625,16518.96858528,95,80,5,0,0.0009992,upper_bound_16
644,3,710645,16,0,8,0,1500,4,0,0.6950369856972,5,16,4226.18565,264.136603125,17825.92825864,97,81,5,0,0.0040655,upper_bound_16
645,3,710646,16,0,8,0,1000,0,1,0.5528946298211,0,16,4586.946443,286.6841526875,19224.73222975,112,102,0,0,0.0005539,upper_bound_16
645,3,710646,16,0,8,0,1000,0,1,0.5528946298211,5,16,4248.902761,265.5564225625,17489.51381473,113,106,0,0,0.0013496,upper_bound_16
646,3,710647,16,0,8,0,1250,1,0,0.4960097926023,0,16,3990.632989,249.4145618125,16738.16495544,94,84,3,0,0.0008164,upper_bound_16
646,3,710647,16,0,8,0,1250,1,0,0.4960097926023,5,16,3951.345652,246.95910325,16226.7282613,104,88,6,1,0.004742,upper_bound_16
647,3,710648,16,0,8,0,1500,2,1,0.4658493245136,0,16,3813.055319,238.3159574375,16000.27660836,89,73,5,0,0.0013679,upper_bound_16
647,3,710648,16,0,8,0,1500,2,1,0.4658493245136,5,16,3858.952952,241.1845595,16559.76474716,78,59,6,1,0.0054798,upper_bound_16
648,3,710649,16,0,8,0,1000,3,0,0.6413410438358,0,16,4619.598355,288.7248971875,19367.99179231,112,106,0,0,0.000538,upper_bound_16
648,3,710649,16,0,8,0,1000,3,0,0.6413410438358,5,16,4579.878065,286.2423790625,19264.39034014,109,102,0,0,0.0010521,upper_bound_16
649,3,710650,16,0,8,0,1250,4,1,0.9003049394074,0,16,4439.774257,277.4858910625,18498.87127694,109,94,7,1,0.000627,upper_bound_16
649,3,710650,16,0,8,0,1250,4,1,0.9003049394074,5,16,4284.180999,267.7613124375,17650.90499252,112,102,4,0,0.0012747,upper_bound_16
650,3,710651,16,0,8,0,1500,0,0,0.6068495799816,0,16,3817.718213,238.6073883125,16168.59107429,86,68,2,1,0.0015368,upper_bound_16
650,3,710651,16,0,8,0,1500,0,0,0.6068495799816,5,16,4147.724466,259.232779125,17428.62233733,98,89,1,0,0.0064124,upper_bound_16
651,3,710652,16,0,8,0,1000,1,1,0.9062379166559,0,16,4788.509858,299.281866125,20097.54929506,116,106,1,1,0.0005818,upper_bound_16
651,3,710652,16,0,8,0,1000,1,1,0.9062379166559,5,16,4668.513529,291.7820955625,19807.56766538,105,99,1,0,0.0008955,upper_bound_16
652,3,710653,16,0,8,0,1250,2,0,0.5874477041436,0,16,4694.179132,293.38619575,19680.89567523,113,101,4,0,0.0006389,upper_bound_16
652,3,710653,16,0,8,0,1250,2,0,0.5874477041436,5,16,4465.863673,279.1164795625,18469.31837364,114,101,7,0,0.0016764,upper_bound_16
653,3,710654,16,0,8,0,1500,3,1,0.9043911683775,0,16,3657.922623,228.6201639375,14999.61312956,98,85,1,0,0.0009509,upper_bound_16
653,3,710654,16,0,8,0,1500,3,1,0.9043911683775,5,16,3882.929628,242.68310175,16459.6481466,86,78,1,0,0.0046895,upper_bound_16
654,3,710655,16,0,8,0,1000,4,0,0.6719090205419,0,16,4550.032396,284.37702475,18820.16197844,117,109,4,1,0.0005138,upper_bound_16
654,3,710655,16,0,8,0,1000,4,0,0.6719090205419,5,16,4427.881222,276.742576375,18454.40611145,109,100,4,0,0.001517,upper_bound_16
655,3,710656,16,0,8,0,1250,0,1,0.5845832741324,0,16,3872.880471,242.0550294375,16409.40235888,87,76,0,1,0.0010152,upper_bound_16
655,3,710656,16,0,8,0,1250,0,1,0.5845832741324,5,16,3971.017019,248.1885636875,16080.0851002,113,107,1,0,0.00132,upper_bound_16
656,3,710657,16,0,8,0,1500,1,0,0.4480354361816,0,16,3935.117426,245.944839125,16535.5871475,90,71,9,0,0.0015418,upper_bound_16
656,3,710657,16,0,8,0,1500,1,0,0.4480354361816,5,16,3931.372717,245.7107948125,16316.86359619,97,85,6,0,0.0037863,upper_bound_16
657,3,710658,16,0,8,0,1000,2,1,0.7818733822083,0,16,4564.415538,285.275971125,19057.07769504,112,107,2,0,0.0005153,upper_bound_16
657,3,710658,16,0,8,0,1000,2,1,0.7818733822083,5,16,4387.947347,274.2467091875,18369.73675175,106,98,2,0,0.0021445,upper_bound_16
658,3,710659,16,0,8,0,1250,3,0,0.8127970659598,0,16,4535.832002,283.489500125,18989.16001709,111,97,2,0,0.0007183,upper_bound_16
658,3,710659,16,0,8,0,1250,3,0,0.8127970659598,5,16,4832.923747,302.0577341875,20829.61874771,99,89,1,0,0.0039536,upper_bound_16
659,3,710660,16,0,8,0,1500,4,1,0.4599180680624,0,16,4103.366419,256.4604011875,17266.83208851,95,80,5,1,0.0012326,upper_bound_16
659,3,710660,16,0,8,0,1500,4,1,0.4599180680624,5,16,4241.289321,265.0805825625,18156.44659582,87,65,10,0,0.0048962,upper_bound_16
660,3,710661,16,0,8,1,1000,0,0,9.783060327138e-05,0,16,3449.413076,215.58831725,14382.06539119,83,78,0,0,0.0008571,upper_bound_16
660,3,710661,16,0,8,1,1000,0,0,9.783060327138e-05,5,16,4190.513233,261.9070770625,17787.56617208,93,88,0,0,0.0012203,upper_bound_16
661,3,710662,16,0,8,1,1250,1,1,8.289419085075e-05,0,16,3922.970858,245.185678625,16294.85429013,98,91,1,0,0.0007835,upper_bound_16
661,3,710662,16,0,8,1,1250,1,1,8.289419085075e-05,5,16,3344.805255,209.0503284375,13539.0262637,91,78,8,0,0.0039518,upper_bound_16
662,3,710663,16,0,8,1,1500,2,0,5.880341146727e-05,0,16,3944.638021,246.5398763125,17033.19011158,77,70,1,0,0.0010609,upper_bound_16
662,3,710663,16,0,8,1,1500,2,0,5.880341146727e-05,5,16,4205.659376,262.853711,17563.29687812,102,85,6,0,0.0051386,upper_bound_16
663,3,710664,16,0,8,1,1000,3,1,6.560428817938e-05,0,16,3308.878707,206.8049191875,13309.39353003,95,92,0,0,0.000574,upper_bound_16
663,3,710664,16,0,8,1,1000,3,1,6.560428817938e-05,5,16,3870.265492,241.89159325,15096.32745849,129,123,1,0,0.0006458,upper_bound_16
664,3,710665,16,0,8,1,1250,4,0,0.0001244800822276,0,16,3646.006053,227.8753783125,15445.03025573,79,73,3,0,0.0008138,upper_bound_16
664,3,710665,16,0,8,1,1250,4,0,0.0001244800822276,5,16,3858.701351,241.1688344375,15718.50676186,105,95,5,0,0.0017271,upper_bound_16
665,3,710666,16,0,8,1,1500,0,1,3.126785760183e-05,0,16,4263.068216,266.4417635,18610.34106382,78,71,0,0,0.0011877,upper_bound_16
665,3,710666,16,0,8,1,1500,0,1,3.126785760183e-05,5,16,4782.392336,298.899521,20661.96168287,97,82,1,0,0.005274,upper_bound_16
666,3,710667,16,0,8,1,1000,1,0,5.693541525303e-05,0,16,3855.363257,240.9602035625,16331.8162941,85,81,1,0,0.0007789,upper_bound_16
666,3,710667,16,0,8,1,1000,1,0,5.693541525303e-05,5,16,4278.114744,267.3821715,17745.57373007,108,100,3,0,0.0023053,upper_bound_16
667,3,710668,16,0,8,1,1250,2,1,4.522791716445e-05,0,16,3981.819869,248.8637418125,16829.09936206,89,82,3,0,0.0007582,upper_bound_16
667,3,710668,16,0,8,1,1250,2,1,4.522791716445e-05,5,16,3925.962625,245.3726640625,15669.81311741,118,104,6,0,0.0035015,upper_bound_16
668,3,710669,16,0,8,1,1500,3,0,4.941587649431e-05,0,16,4047.065042,252.941565125,17730.32519655,71,66,0,0,0.0011413,upper_bound_16
668,3,710669,16,0,8,1,1500,3,0,4.941587649431e-05,5,16,4701.469977,293.8418735625,20217.34988969,97,84,3,0,0.0051266,upper_bound_16
669,3,710670,16,0,8,1,1000,4,1,3.556736495901e-05,0,16,3896.423103,243.5264439375,16287.11553005,92,84,5,0,0.0006169,upper_bound_16
669,3,710670,16,0,8,1,1000,4,1,3.556736495901e-05,5,16,3906.669646,244.166852875,15793.34822325,111,101,4,0,0.0013254,upper_bound_16
670,3,710671,16,0,8,1,1250,0,0,4.179695271864e-05,0,16,4229.871987,264.3669991875,18529.3599402,75,69,0,0,0.001356,upper_bound_16
670,3,710671,16,0,8,1,1250,0,0,4.179695271864e-05,5,16,4251.875976,265.7422485,18279.37988231,87,81,0,0,0.0051216,upper_bound_16
671,3,710672,16,0,8,1,1500,1,1,0.0001054634772508,0,16,4126.518921,257.9074325625,17792.59461483,82,72,2,0,0.0011249,upper_bound_16
671,3,710672,16,0,8,1,1500,1,1,0.0001054634772508,5,16,4145.998185,259.1248865625,17819.99093756,84,70,4,0,0.0054517,upper_bound_16
672,3,710673,16,0,8,1,1000,2,0,4.577007425202e-05,0,16,3624.123707,226.5077316875,14980.61853203,91,84,3,0,0.0006418,upper_bound_16
672,3,710673,16,0,8,1,1000,2,0,4.577007425202e-05,5,16,4333.857094,270.866068375,17349.28547371,131,123,2,0,0.0007219,upper_bound_16
673,3,710674,16,0,8,1,1250,3,1,4.52077345161e-05,0,16,4289.715492,268.10721825,18943.57744671,71,66,0,0,0.0012724,upper_bound_16
673,3,710674,16,0,8,1,1250,3,1,4.52077345161e-05,5,16,4061.028903,253.8143064375,17440.14451381,83,78,0,0,0.0055192,upper_bound_16
674,3,710675,16,0,8,1,1500,4,0,7.391241316815e-05,0,16,4055.115027,253.4446891875,17310.57514745,85,73,5,0,0.0009964,upper_bound_16
674,3,710675,16,0,8,1,1500,4,0,7.391241316815e-05,5,16,3629.760052,226.86000325,15103.80025371,87,70,8,0,0.0049452,upper_bound_16
675,3,710676,16,0,8,1,1000,0,1,3.53448374859e-05,0,16,3444.38765,215.274228125,14496.93824354,78,75,0,0,0.0008503,upper_bound_16
675,3,710676,16,0,8,1,1000,0,1,3.53448374859e-05,5,16,3941.506087,246.3441304375,16152.53043571,106,101,0,0,0.0029135,upper_bound_16
676,3,710677,16,0,8,1,1250,1,0,9.546800725614e-05,0,16,4539.924162,283.745260125,19239.62081247,101,89,6,0,0.0010827,upper_bound_16
676,3,710677,16,0,8,1,1250,1,0,9.546800725614e-05,5,16,3841.5857,240.09910625,16047.92851223,89,74,11,0,0.0047805,upper_bound_16
677,3,710678,16,0,8,1,1500,2,1,8.09310948912e-05,0,16,4440.285128,277.5178205,19531.42564845,75,64,5,1,0.0014842,upper_bound_16
677,3,710678,16,0,8,1,1500,2,1,8.09310948912e-05,5,16,4487.749217,280.4843260625,19543.74609499,83,63,7,1,0.007982,upper_bound_16
678,3,710679,16,0,8,1,1000,3,0,8.225804071551e-05,0,16,4185.559424,261.597464,17157.79712573,113,109,0,0,0.0005517,upper_bound_16
678,3,710679,16,0,8,1,1000,3,0,8.225804071551e-05,5,16,2920.858532,182.55365825,11484.29266104,91,86,1,0,0.0024977,upper_bound_16
679,3,710680,16,0,8,1,1250,4,1,6.551861565184e-05,0,16,3598.82595,224.926621875,15044.12974504,85,76,3,0,0.0008043,upper_bound_16
679,3,710680,16,0,8,1,1250,4,1,6.551861565184e-05,5,16,3027.642071,189.2276294375,11693.21036102,99,87,9,0,0.0030964,upper_bound_16
680,3,710681,16,0,8,1,1500,0,0,0.0001264892702255,0,16,4155.863797,259.7414873125,17764.31899095,88,80,1,0,0.00087,upper_bound_16
680,3,710681,16,0,8,1,1500,0,0,0.0001264892702255,5,16,3709.650817,231.8531760625,15408.25407927,93,80,1,0,0.0051059,upper_bound_16
681,3,710682,16,0,8,1,1000,1,1,3.463379203162e-05,0,16,4017.622404,251.10140025,17183.11200791,83,77,3,0,0.0006481,upper_bound_16
681,3,710682,16,0,8,1,1000,1,1,3.463379203162e-05,5,16,4154.342816,259.646426,16881.71406961,117,107,2,0,0.0015825,upper_bound_16
682,3,710683,16,0,8,1,1250,2,0,6.032989744302e-05,0,16,4042.368297,252.6480185625,17501.84149389,77,71,2,0,0.0009005,upper_bound_16
682,3,710683,16,0,8,1,1250,2,0,6.032989744302e-05,5,16,4391.651931,274.4782456875,18543.25965036,99,90,6,0,0.0053514,upper_bound_16
683,3,710684,16,0,8,1,1500,3,1,8.47128326284e-05,0,16,4651.446873,290.7154295625,19982.23436915,96,83,4,0,0.0011528,upper_bound_16
683,3,710684,16,0,8,1,1500,3,1,8.47128326284e-05,5,16,3936.509829,246.0318643125,16932.54913216,79,69,2,0,0.0046242,upper_bound_16
684,3,710685,16,0,8,1,1000,4,0,5.103764019787e-05,0,16,3328.004979,208.0003111875,13645.02490949,87,81,1,0,0.0006553,upper_bound_16
684,3,710685,16,0,8,1,1000,4,0,5.103764019787e-05,5,16,3907.84672,244.24042,15204.23360508,131,123,3,0,0.0005705,upper_bound_16
685,3,710686,16,0,8,1,1250,0,1,5.101853394968e-05,0,16,3554.595189,222.1621993125,14812.97595096,86,82,0,0,0.0007525,upper_bound_16
685,3,710686,16,0,8,1,1250,0,1,5.101853394968e-05,5,16,3596.53835,224.783646875,14722.69175856,96,92,0,0,0.0015709,upper_bound_16
686,3,710687,16,0,8,1,1500,1,0,2.692238926019e-05,0,16,4281.375595,267.5859746875,17891.87797492,104,94,3,0,0.0007074,upper_bound_16
686,3,710687,16,0,8,1,1500,1,0,2.692238926019e-05,5,16,3249.500521,203.0937825625,13247.50261175,85,71,8,0,0.0053423,upper_bound_16
687,3,710688,16,0,8,1,1000,2,1,7.386104687527e-05,0,16,3719.951508,232.49696925,15514.75753794,89,83,3,0,0.0006856,upper_bound_16
687,3,710688,16,0,8,1,1000,2,1,7.386104687527e-05,5,16,3696.600405,231.0375253125,14818.00202195,109,99,3,0,0.0014849,upper_bound_16
688,3,710689,16,0,8,1,1250,3,0,6.664258298042e-05,0,16,3642.324218,227.645263625,15396.62110522,81,78,0,0,0.000887,upper_bound_16
688,3,710689,16,0,8,1,1250,3,0,6.664258298042e-05,5,16,3855.05229,240.940768125,15815.26144967,103,91,2,0,0.0042474,upper_bound_16
689,3,710690,16,0,8,1,1500,4,1,7.66009165308e-05,0,16,4637.038001,289.8148750625,19730.18998435,102,86,5,2,0.0010837,upper_bound_16
689,3,710690,16,0,8,1,1500,4,1,7.66009165308e-05,5,16,4103.505516,256.46909475,17692.52757944,80,67,6,0,0.0054882,upper_bound_16
690,3,710691,16,0,8,2,1000,0,0,0.06546627151438,0,16,2204.848976,137.803061,9164.244871649,49,47,0,0,0.0013994,upper_bound_16
690,3,710691,16,0,8,2,1000,0,0,0.06546627151438,5,16,2088.570053,130.5356283125,7897.850265997,72,69,0,0,0.0031328,upper_bound_16
691,3,710692,16,0,8,2,1250,1,1,0.03106872224211,0,16,2427.468907,151.7168066875,10267.34451908,49,46,1,0,0.0007641,upper_bound_16
691,3,710692,16,0,8,2,1250,1,1,0.03106872224211,5,16,2474.2835,154.64271875,10021.41749363,64,55,5,0,0.0054468,upper_bound_16
692,3,710693,16,0,8,2,1500,2,0,0.01587379201305,0,16,2465.137067,154.0710666875,10450.68533037,49,47,1,0,0.0008194,upper_bound_16
692,3,710693,16,0,8,2,1500,2,0,0.01587379201305,5,16,3880.749935,242.5468709375,15773.74967081,108,91,5,0,0.0067366,upper_bound_16
693,3,710694,16,0,8,2,1000,3,1,0.02179220673262,0,16,2429.773593,151.8608495625,10313.86795814,48,47,0,0,0.0007917,upper_bound_16
693,3,710694,16,0,8,2,1000,3,1,0.02179220673262,5,16,2703.900287,168.9937679375,10239.50142843,97,91,0,0,0.0031836,upper_bound_16
694,3,710695,16,0,8,2,1250,4,0,0.02665983969875,0,16,4076.647517,254.7904698125,16758.23758123,107,95,5,0,0.0013527,upper_bound_16
694,3,710695,16,0,8,2,1250,4,0,0.02665983969875,5,16,1816.452811,113.5283006875,6997.264062128,55,47,5,0,0.0034123,upper_bound_16
695,3,710696,16,0,8,2,1500,0,1,0.07182248821652,0,16,2490.172169,155.6357605625,10615.86084149,48,47,0,0,0.0007766,upper_bound_16
695,3,710696,16,0,8,2,1500,0,1,0.07182248821652,5,16,2086.139639,130.3837274375,8080.698190601,66,57,1,0,0.0054165,upper_bound_16
696,3,710697,16,0,8,2,1000,1,0,0.1089803843618,0,16,2209.922324,138.12014525,9214.611611611,48,47,0,0,0.0007744,upper_bound_16
696,3,710697,16,0,8,2,1000,1,0,0.1089803843618,5,16,2111.123949,131.9452468125,8255.619750161,63,59,2,0,0.0032789,upper_bound_16
697,3,710698,16,0,8,2,1250,2,1,0.05000659397692,0,16,2331.25667,145.703541875,9586.283355395,55,47,4,1,0.0017799,upper_bound_16
697,3,710698,16,0,8,2,1250,2,1,0.05000659397692,5,16,2869.107093,179.3191933125,11135.53546759,94,80,4,0,0.0069237,upper_bound_16
698,3,710699,16,0,8,2,1500,3,0,0.02030713303604,0,16,4238.442033,264.9026270625,17557.21016519,107,94,6,0,0.0013234,upper_bound_16
698,3,710699,16,0,8,2,1500,3,0,0.02030713303604,5,16,1752.515131,109.5321956875,6742.575645396,53,47,4,0,0.0051189,upper_bound_16
699,3,710700,16,0,8,2,1000,4,1,0.03701768487693,0,16,2424.065,151.5040625,10285.32500504,48,47,0,0,0.0007919,upper_bound_16
699,3,710700,16,0,8,2,1000,4,1,0.03701768487693,5,16,3084.980124,192.81125775,12069.90062888,99,90,2,0,0.0031782,upper_bound_16
700,3,710701,16,0,8,2,1250,0,0,0.03777569107893,0,16,2292.145842,143.259115125,9625.729219961,48,47,0,0,0.0007605,upper_bound_16
700,3,710701,16,0,8,2,1250,0,0,0.03777569107893,5,16,2820.106072,176.2566295,10840.53036362,96,92,0,0,0.0031651,upper_bound_16
701,3,710702,16,0,8,2,1500,1,1,0.04680405349464,0,16,2449.170161,153.0731350625,10375.85080622,49,46,1,0,0.0008142,upper_bound_16
701,3,710702,16,0,8,2,1500,1,1,0.04680405349464,5,16,2933.50015,183.343759375,11252.50076297,100,88,5,0,0.0074367,upper_bound_16
702,3,710703,16,0,8,2,1000,2,0,0.01592246252235,0,16,2612.828529,163.3017830625,11179.14264331,50,47,0,0,0.0015054,upper_bound_16
702,3,710703,16,0,8,2,1000,2,0,0.01592246252235,5,16,2954.266506,184.641656625,11431.33254309,98,92,2,0,0.0030283,upper_bound_16
703,3,710704,16,0,8,2,1250,3,1,0.07370843203934,0,16,2503.458243,156.4661401875,10542.29121838,53,50,0,0,0.0015827,upper_bound_16
703,3,710704,16,0,8,2,1250,3,1,0.07370843203934,5,16,1606.444083,100.4027551875,6107.220408583,51,47,1,0,0.0048467,upper_bound_16
704,3,710705,16,0,8,2,1500,4,0,0.09215071135702,0,16,2423.481655,151.4676034375,10152.40827126,52,47,2,0,0.0016548,upper_bound_16
704,3,710705,16,0,8,2,1500,4,0,0.09215071135702,5,16,3370.755099,210.6721936875,13453.77550217,100,88,4,0,0.0059753,upper_bound_16
705,3,710706,16,0,8,2,1000,0,1,0.05732959750868,0,16,2521.775957,157.6109973125,10713.8797832,50,46,1,0,0.0017014,upper_bound_16
705,3,710706,16,0,8,2,1000,0,1,0.05732959750868,5,16,2266.548794,141.659299625,9117.743970146,61,55,1,0,0.0044429,upper_bound_16
706,3,710707,16,0,8,2,1250,1,0,0.0385821544837,0,16,2163.835369,135.2397105625,8919.176838823,50,47,1,0,0.0008084,upper_bound_16
706,3,710707,16,0,8,2,1250,1,0,0.0385821544837,5,16,3108.230244,194.26439025,12106.15122578,100,86,7,0,0.0067799,upper_bound_16
707,3,710708,16,0,8,2,1500,2,1,0.05905447817703,0,16,2057.012263,128.5632664375,8400.061322424,50,47,0,0,0.0015251,upper_bound_16
707,3,710708,16,0,8,2,1500,2,1,0.05905447817703,5,16,2964.305845,185.2691153125,11306.52923579,103,84,8,0,0.0077616,upper_bound_16
708,3,710709,16,0,8,2,1000,3,0,0.01073553876652,0,16,3919.837286,244.989830375,16344.18642989,96,91,0,0,0.0011858,upper_bound_16
708,3,710709,16,0,8,2,1000,3,0,0.01073553876652,5,16,1720.077635,107.5048521875,6675.388174237,51,47,1,0,0.0042306,upper_bound_16
709,3,710710,16,0,8,2,1250,4,1,0.05923077624034,0,16,2154.429924,134.65187025,8937.149613236,48,47,0,0,0.0007965,upper_bound_16
709,3,710710,16,0,8,2,1250,4,1,0.05923077624034,5,16,3340.989499,208.8118436875,13144.94749705,105,92,5,0,0.0042168,upper_bound_16
710,3,710711,16,0,8,2,1500,0,0,0.02776924399613,0,16,3570.24732,223.1404575,14531.23658829,98,91,1,0,0.00133,upper_bound_16
710,3,710711,16,0,8,2,1500,0,0,0.02776924399613,5,16,2413.649118,150.853069875,9283.245593425,81,69,1,0,0.006087,upper_bound_16
711,3,710712,16,0,8,2,1000,1,1,0.0407850727008,0,16,2085.040136,130.3150085,8590.200684102,48,47,0,0,0.0007672,upper_bound_16
711,3,710712,16,0,8,2,1000,1,1,0.0407850727008,5,16,2026.757523,126.6723451875,7758.787608224,65,58,4,0,0.002927,upper_bound_16
712,3,710713,16,0,8,2,1250,2,0,0.02671072820799,0,16,2438.057377,152.3785860625,10320.28687811,49,46,1,0,0.0007571,upper_bound_16
712,3,710713,16,0,8,2,1250,2,0,0.02671072820799,5,16,2853.339327,178.3337079375,10771.69663629,103,92,4,1,0.0062981,upper_bound_16
713,3,710714,16,0,8,2,1500,3,1,0.02710157932174,0,16,2368.710337,148.0443960625,10008.55168493,48,47,0,0,0.0007755,upper_bound_16
713,3,710714,16,0,8,2,1500,3,1,0.02710157932174,5,16,2346.615399,146.6634624375,9448.076993101,64,57,0,0,0.0055695,upper_bound_16
714,3,710715,16,0,8,2,1000,4,0,0.07141060826749,0,16,2975.527707,185.9704816875,12252.63853507,74,69,2,0,0.0007009,upper_bound_16
714,3,710715,16,0,8,2,1000,4,0,0.07141060826749,5,16,2248.939157,140.5586973125,8674.695782062,73,69,0,0,0.0029506,upper_bound_16
715,3,710716,16,0,8,2,1250,0,1,0.04213627013596,0,16,2253.308211,140.8317631875,9406.541047635,49,47,0,0,0.0007774,upper_bound_16
715,3,710716,16,0,8,2,1250,0,1,0.04213627013596,5,16,3153.648056,197.1030035,12158.24027911,108,102,0,0,0.0030664,upper_bound_16
716,3,710717,16,0,8,2,1500,1,0,0.06280048680801,0,16,2430.628513,151.9142820625,10148.14255946,53,47,3,1,0.0017495,upper_bound_16
716,3,710717,16,0,8,2,1500,1,0,0.06280048680801,5,16,2753.947752,172.1217345,10634.73876803,91,80,4,0,0.006161,upper_bound_16
717,3,710718,16,0,8,2,1000,2,1,0.05704789098749,0,16,2920.113412,182.50708825,12080.56706036,71,66,1,0,0.0008523,upper_bound_16
717,3,710718,16,0,8,2,1000,2,1,0.05704789098749,5,16,2117.449674,132.340604625,8482.248375555,56,52,3,0,0.0040034,upper_bound_16
718,3,710719,16,0,8,2,1250,3,0,0.02593379017047,0,16,2598.535667,162.4084791875,11082.67834063,51,47,0,0,0.0015883,upper_bound_16
718,3,710719,16,0,8,2,1250,3,0,0.02593379017047,5,16,1722.826835,107.6766771875,6394.134173546,61,59,0,0,0.0030712,upper_bound_16
719,3,710720,16,0,8,2,1500,4,1,0.05270963093915,0,16,3492.050974,218.253185875,14105.25486939,99,90,2,0,0.0012573,upper_bound_16
719,3,710720,16,0,8,2,1500,4,1,0.05270963093915,5,16,1856.836066,116.052254125,7074.180314974,59,46,7,0,0.0051162,upper_bound_16
720,3,710721,16,0,16,0,1000,0,0,0.5503240155395,0,16,4395.761011,274.7350631875,18243.80504495,112,107,0,0,0.0004571,upper_bound_16
720,3,710721,16,0,16,0,1000,0,0,0.5503240155395,5,16,4665.179225,291.5737015625,19555.89613504,113,109,0,0,0.0006146,upper_bound_16
721,3,710722,16,0,16,0,1250,1,1,0.7258359165616,0,16,4169.075017,260.5671885625,16815.37508825,122,116,0,0,0.0004315,upper_bound_16
721,3,710722,16,0,16,0,1250,1,1,0.7258359165616,5,16,4327.649187,270.4780741875,17698.24593881,118,106,4,0,0.0029495,upper_bound_16
722,3,710723,16,0,16,0,1500,2,0,0.5702158165092,0,16,4118.282099,257.3926311875,16806.41051207,114,104,1,0,0.0005487,upper_bound_16
722,3,710723,16,0,16,0,1500,2,0,0.5702158165092,5,16,3920.993264,245.062079,15964.96631968,109,97,2,0,0.0027065,upper_bound_16
723,3,710724,16,0,16,0,1000,3,1,0.4931653592488,0,16,4325.628331,270.3517706875,17578.14167786,122,117,1,0,0.0004691,upper_bound_16
723,3,710724,16,0,16,0,1000,3,1,0.4931653592488,5,16,4231.626474,264.476654625,17373.1323813,113,106,2,0,0.0013982,upper_bound_16
724,3,710725,16,0,16,0,1250,4,0,0.68838115959,0,16,4458.394909,278.6496818125,18306.97454306,121,112,0,0,0.000452,upper_bound_16
724,3,710725,16,0,16,0,1250,4,0,0.68838115959,5,16,4484.906252,280.30664075,18444.53125708,121,111,0,0,0.0009608,upper_bound_16
725,3,710726,16,0,16,0,1500,0,1,0.6574106786603,0,16,4131.515581,258.2197238125,17097.57791591,106,93,3,0,0.0006093,upper_bound_16
725,3,710726,16,0,16,0,1500,0,1,0.6574106786603,5,16,3944.402449,246.5251530625,15867.01224715,116,105,2,0,0.0006278,upper_bound_16
726,3,710727,16,0,16,0,1000,1,0,0.4708520370778,0,16,4509.822198,281.863887375,18659.11099021,117,110,1,0,0.000467,upper_bound_16
726,3,710727,16,0,16,0,1000,1,0,0.4708520370778,5,16,4219.795154,263.737197125,17128.97576823,119,110,3,0,0.0005712,upper_bound_16
727,3,710728,16,0,16,0,1250,2,1,0.701164308218,0,16,4049.900232,253.1187645,16524.50116601,112,102,1,0,0.0004842,upper_bound_16
727,3,710728,16,0,16,0,1250,2,1,0.701164308218,5,16,4221.108629,263.8192893125,17260.5431559,115,102,4,0,0.0009866,upper_bound_16
728,3,710729,16,0,16,0,1500,3,0,0.6407136760244,0,16,3887.010541,242.9381588125,16020.05271004,101,92,2,0,0.0005567,upper_bound_16
728,3,710729,16,0,16,0,1500,3,0,0.6407136760244,5,16,4346.213632,271.638352,18266.06817438,103,89,3,0,0.0025679,upper_bound_16
729,3,710730,16,0,16,0,1000,4,1,0.6243374831364,0,16,4389.107168,274.319198,18355.53583819,107,103,0,0,0.0004632,upper_bound_16
729,3,710730,16,0,16,0,1000,4,1,0.6243374831364,5,16,4461.027435,278.8142146875,18285.1371861,121,116,1,0,0.0008341,upper_bound_16
730,3,710731,16,0,16,0,1250,0,0,0.5081346886708,0,16,3859.275166,241.204697875,15661.3758443,109,99,1,0,0.0005154,upper_bound_16
730,3,710731,16,0,16,0,1250,0,0,0.5081346886708,5,16,3816.634404,238.53965025,15548.17202764,106,97,0,0,0.0008863,upper_bound_16
731,3,710732,16,0,16,0,1500,1,1,0.7510079204445,0,16,4101.199399,256.3249624375,17040.99700489,102,88,5,0,0.000795,upper_bound_16
731,3,710732,16,0,16,0,1500,1,1,0.7510079204445,5,16,3862.726975,241.4204359375,15733.63488216,106,94,4,0,0.0013701,upper_bound_16
732,3,710733,16,0,16,0,1000,2,0,0.7684738335112,0,16,4555.462838,284.716427375,19147.31421885,108,103,1,0,0.0004956,upper_bound_16
732,3,710733,16,0,16,0,1000,2,0,0.7684738335112,5,16,4417.765047,276.1103154375,18388.82524824,110,107,1,0,0.0014758,upper_bound_16
733,3,710734,16,0,16,0,1250,3,1,0.2987071919313,0,16,3899.252158,243.703259875,15821.26079061,110,105,0,0,0.0005037,upper_bound_16
733,3,710734,16,0,16,0,1250,3,1,0.2987071919313,5,16,3998.717403,249.9198376875,16328.58701043,109,102,2,0,0.0014086,upper_bound_16
734,3,710735,16,0,16,0,1500,4,0,0.279877574324,0,16,4093.161522,255.822595125,17105.8076203,98,87,5,0,0.0010958,upper_bound_16
734,3,710735,16,0,16,0,1500,4,0,0.279877574324,5,16,4039.068372,252.44177325,16455.34186226,111,98,5,0,0.0034016,upper_bound_16
735,3,710736,16,0,16,0,1000,0,1,0.7796191270905,0,16,4626.322566,289.145160375,19086.61282868,122,119,0,0,0.0004174,upper_bound_16
735,3,710736,16,0,16,0,1000,0,1,0.7796191270905,5,16,4584.312388,286.51952425,18946.5619462,120,115,0,0,0.0004974,upper_bound_16
736,3,710737,16,0,16,0,1250,1,0,0.8000146135999,0,16,4102.169742,256.385608875,16905.84871426,108,101,0,0,0.0004918,upper_bound_16
736,3,710737,16,0,16,0,1250,1,0,0.8000146135999,5,16,4552.257866,284.516116625,18971.28934442,114,105,1,0,0.0015189,upper_bound_16
737,3,710738,16,0,16,0,1500,2,1,0.7745223739541,0,16,4356.783991,272.2989994375,17898.91996342,117,103,3,0,0.0005556,upper_bound_16
737,3,710738,16,0,16,0,1500,2,1,0.7745223739541,5,16,4046.453205,252.9033253125,16442.26602747,112,97,7,1,0.0031337,upper_bound_16
738,3,710739,16,0,16,0,1000,3,0,0.7748041445854,0,16,4801.461617,300.0913510625,20312.30809174,111,104,0,0,0.0004681,upper_bound_16
738,3,710739,16,0,16,0,1000,3,0,0.7748041445854,5,16,4783.577361,298.9735850625,19907.88681346,121,111,2,0,0.0006191,upper_bound_16
739,3,710740,16,0,16,0,1250,4,1,0.6865380168197,0,16,4075.789853,254.7368658125,16603.94926051,112,103,4,0,0.0005917,upper_bound_16
739,3,710740,16,0,16,0,1250,4,1,0.6865380168197,5,16,4017.723371,251.1077106875,16343.61685342,111,102,4,0,0.0013666,upper_bound_16
740,3,710741,16,0,16,0,1500,0,0,0.5728060014587,0,16,4099.014391,256.1883994375,16755.07197011,112,99,3,0,0.0006751,upper_bound_16
740,3,710741,16,0,16,0,1500,0,0,0.5728060014587,5,16,4058.430101,253.6518813125,16682.15051756,108,99,1,0,0.0027477,upper_bound_16
741,3,710742,16,0,16,0,1000,1,1,0.4163159440955,0,16,4153.455869,259.5909918125,16622.27933906,125,115,3,0,0.0005561,upper_bound_16
741,3,710742,16,0,16,0,1000,1,1,0.4163159440955,5,16,4141.248341,258.8280213125,17251.24171405,103,96,0,0,0.0064552,upper_bound_16
742,3,710743,16,0,16,0,1250,2,0,0.7707460141392,0,16,4367.463699,272.9664811875,18037.31850003,114,104,2,0,0.0005179,upper_bound_16
742,3,710743,16,0,16,0,1250,2,0,0.7707460141392,5,16,4309.497796,269.34361225,17832.4889808,111,99,3,0,0.0029379,upper_bound_16
743,3,710744,16,0,16,0,1500,3,1,0.5674068698154,0,16,3999.653859,249.9783661875,16408.26931543,107,97,2,0,0.0005546,upper_bound_16
743,3,710744,16,0,16,0,1500,3,1,0.5674068698154,5,16,4515.413979,282.2133736875,18722.06991303,116,105,2,0,0.0010108,upper_bound_16
744,3,710745,16,0,16,0,1000,4,0,0.37195568947,0,16,4043.954615,252.7471634375,16424.77308181,114,109,0,0,0.0004847,upper_bound_16
744,3,710745,16,0,16,0,1000,4,0,0.37195568947,5,16,4080.868068,255.05425425,16574.34034619,115,111,0,0,0.0004697,upper_bound_16
745,3,710746,16,0,16,0,1250,0,1,0.641928276289,0,16,3739.806523,233.7379076875,15409.03262471,97,90,1,0,0.0005215,upper_bound_16
745,3,710746,16,0,16,0,1250,0,1,0.641928276289,5,16,3711.714239,231.9821399375,15183.57121632,100,95,0,0,0.0032377,upper_bound_16
746,3,710747,16,0,16,0,1500,1,0,0.7637550867381,0,16,4104.784977,256.5490610625,16698.92489678,115,107,1,0,0.0005348,upper_bound_16
746,3,710747,16,0,16,0,1500,1,0,0.7637550867381,5,16,4272.456247,267.0285154375,17452.2812401,116,101,7,0,0.0011611,upper_bound_16
747,3,710748,16,0,16,0,1000,2,1,0.6651939734186,0,16,4355.457166,272.216072875,17762.28583795,121,118,0,0,0.000424,upper_bound_16
747,3,710748,16,0,16,0,1000,2,1,0.6651939734186,5,16,4239.800694,264.987543375,17534.00348167,109,105,1,0,0.0035965,upper_bound_16
748,3,710749,16,0,16,0,1250,3,0,0.3664762737489,0,16,3678.601236,229.91257725,14748.00618108,109,101,1,0,0.0005056,upper_bound_16
748,3,710749,16,0,16,0,1250,3,0,0.3664762737489,5,16,3636.863025,227.3039390625,15104.31513021,90,83,1,0,0.005029,upper_bound_16
749,3,710750,16,0,16,0,1500,4,1,0.7290613420763,0,16,3982.341791,248.8963619375,16276.70895638,108,98,3,0,0.0005496,upper_bound_16
749,3,710750,16,0,16,0,1500,4,1,0.7290613420763,5,16,4442.288747,277.6430466875,18271.44374723,118,106,4,0,0.0008606,upper_bound_16
750,3,710751,16,0,16,1,1000,0,0,0.0001970393067793,0,16,4128.507772,258.03173575,17267.53885516,100,95,0,0,0.0008137,upper_bound_16
750,3,710751,16,0,16,1,1000,0,0,0.0001970393067793,5,16,3432.920627,214.5575391875,13069.60314013,124,119,0,0,0.0023381,upper_bound_16
751,3,710752,16,0,16,1,1250,1,1,8.530062841853e-05,0,16,5007.799491,312.9874681875,20898.99744805,126,106,4,0,0.0006544,upper_bound_16
751,3,710752,16,0,16,1,1250,1,1,8.530062841853e-05,5,16,2800.811331,175.0507081875,10829.05665654,93,87,1,0,0.0024107,upper_bound_16
752,3,710753,16,0,16,1,1500,2,0,3.06956426867e-05,0,16,3668.222927,229.2639329375,15381.11463579,86,82,0,0,0.000721,upper_bound_16
752,3,710753,16,0,16,1,1500,2,0,3.06956426867e-05,5,16,3450.211707,215.6382316875,13956.05853606,97,82,4,0,0.0032517,upper_bound_16
753,3,710754,16,0,16,1,1000,3,1,6.591849972516e-05,0,16,4340.851538,271.303221125,17699.25768602,121,116,0,0,0.0006172,upper_bound_16
753,3,710754,16,0,16,1,1000,3,1,6.591849972516e-05,5,16,3856.399217,241.0249510625,15821.99608413,103,97,0,0,0.0034267,upper_bound_16
754,3,710755,16,0,16,1,1250,4,0,7.319533091997e-05,0,16,4779.509546,298.719346625,19802.54773123,126,106,1,0,0.0009611,upper_bound_16
754,3,710755,16,0,16,1,1250,4,0,7.319533091997e-05,5,16,3208.300226,200.518764125,12321.50112774,111,106,1,0,0.0034686,upper_bound_16
755,3,710756,16,0,16,1,1500,0,1,5.527124876175e-05,0,16,5666.026779,354.1266736875,24265.13390284,125,102,2,0,0.0008555,upper_bound_16
755,3,710756,16,0,16,1,1500,0,1,5.527124876175e-05,5,16,3591.121381,224.4450863125,14365.60690595,107,103,0,0,0.0026857,upper_bound_16
756,3,710757,16,0,16,1,1000,1,0,4.205297824721e-05,0,16,3725.003813,232.8127383125,15395.01906671,95,91,0,0,0.0005887,upper_bound_16
756,3,710757,16,0,16,1,1000,1,0,4.205297824721e-05,5,16,4528.105234,283.006577125,18540.52620156,123,116,3,0,0.0005688,upper_bound_16
757,3,710758,16,0,16,1,1250,2,1,5.563926312541e-05,0,16,4549.741613,284.3588508125,18838.7080701,118,112,0,0,0.0006517,upper_bound_16
757,3,710758,16,0,16,1,1250,2,1,5.563926312541e-05,5,16,4274.936975,267.1835609375,17819.68489495,106,101,0,0,0.0029125,upper_bound_16
758,3,710759,16,0,16,1,1500,3,0,3.589373663869e-05,0,16,5440.996637,340.0622898125,22884.98317104,133,116,1,0,0.00066,upper_bound_16
758,3,710759,16,0,16,1,1500,3,0,3.589373663869e-05,5,16,3058.990868,191.18692925,12384.9543406,84,79,1,0,0.0039359,upper_bound_16
759,3,710760,16,0,16,1,1000,4,1,5.287002297763e-05,0,16,4025.76477,251.610298125,16663.82385607,103,98,0,0,0.0006782,upper_bound_16
759,3,710760,16,0,16,1,1000,4,1,5.287002297763e-05,5,16,4009.906758,250.619172375,15979.53379543,123,116,1,0,0.0013873,upper_bound_16
760,3,710761,16,0,16,1,1250,0,0,5.622035681574e-05,0,16,4501.048137,281.3155085625,18950.24068425,106,101,0,0,0.0006148,upper_bound_16
760,3,710761,16,0,16,1,1250,0,0,5.622035681574e-05,5,16,4284.936996,267.80856225,17509.68497581,118,113,0,0,0.0011224,upper_bound_16
761,3,710762,16,0,16,1,1500,1,1,8.375461470518e-05,0,16,4110.604517,256.9127823125,17508.02257869,89,84,0,0,0.0006691,upper_bound_16
761,3,710762,16,0,16,1,1500,1,1,8.375461470518e-05,5,16,3755.093437,234.6933398125,15155.46719618,107,85,8,0,0.0031448,upper_bound_16
762,3,710763,16,0,16,1,1000,2,0,9.214346322786e-05,0,16,4348.908064,271.806754,17144.54032479,141,135,0,0,0.0005016,upper_bound_16
762,3,710763,16,0,16,1,1000,2,0,9.214346322786e-05,5,16,3126.693817,195.4183635625,12723.46908925,84,79,1,0,0.0036493,upper_bound_16
763,3,710764,16,0,16,1,1250,3,1,8.447621497131e-05,0,16,4273.703637,267.1064773125,18333.51818006,89,82,0,0,0.0007321,upper_bound_16
763,3,710764,16,0,16,1,1250,3,1,8.447621497131e-05,5,16,3429.503207,214.3439504375,13232.51602459,118,113,0,0,0.001149,upper_bound_16
764,3,710765,16,0,16,1,1500,4,0,7.170613801046e-05,0,16,3671.963155,229.4976971875,15134.8157812,95,90,0,0,0.0005797,upper_bound_16
764,3,710765,16,0,16,1,1500,4,0,7.170613801046e-05,5,16,3800.871258,237.554453625,15059.35628358,118,104,5,0,0.0026251,upper_bound_16
765,3,710766,16,0,16,1,1000,0,1,7.027909838829e-05,0,16,4327.373743,270.4608589375,17396.86871766,129,123,0,0,0.0005101,upper_bound_16
765,3,710766,16,0,16,1,1000,0,1,7.027909838829e-05,5,16,3224.194151,201.5121344375,12895.97077117,95,90,0,0,0.0024398,upper_bound_16
766,3,710767,16,0,16,1,1250,1,0,6.69887198237e-05,0,16,4063.465535,253.9665959375,16407.32766798,118,112,0,0,0.000532,upper_bound_16
766,3,710767,16,0,16,1,1250,1,0,6.69887198237e-05,5,16,3470.233752,216.8896095,14191.16876849,91,82,5,0,0.0033645,upper_bound_16
767,3,710768,16,0,16,1,1500,2,1,0.0001395539715011,0,16,3590.370925,224.3981828125,15171.85462084,80,76,0,0,0.0009497,upper_bound_16
767,3,710768,16,0,16,1,1500,2,1,0.0001395539715011,5,16,3517.03847,219.814904375,14325.19235393,95,76,7,0,0.0048771,upper_bound_16
768,3,710769,16,0,16,1,1000,3,0,0.0001161790296615,0,16,4567.303319,285.4564574375,19196.51658626,109,103,0,0,0.0005885,upper_bound_16
768,3,710769,16,0,16,1,1000,3,0,0.0001161790296615,5,16,4174.347694,260.896730875,17046.73846239,115,110,0,0,0.0013122,upper_bound_16
769,3,710770,16,0,16,1,1250,4,1,6.448186995255e-05,0,16,4546.982858,284.186428625,18909.91430599,115,110,0,0,0.0005397,upper_bound_16
769,3,710770,16,0,16,1,1250,4,1,6.448186995255e-05,5,16,4472.198186,279.512386625,18675.99093761,110,104,1,0,0.00246,upper_bound_16
770,3,710771,16,0,16,1,1500,0,0,5.305428519355e-05,0,16,4068.973305,254.3108315625,17204.86652605,92,88,0,0,0.000631,upper_bound_16
770,3,710771,16,0,16,1,1500,0,0,5.305428519355e-05,5,16,5100.954953,318.8096845625,21974.7747649,107,88,1,0,0.0026309,upper_bound_16
771,3,710772,16,0,16,1,1000,1,1,8.347548242107e-05,0,16,4641.493257,290.0933285625,19617.46628853,107,100,1,0,0.0006524,upper_bound_16
771,3,710772,16,0,16,1,1000,1,1,8.347548242107e-05,5,16,4424.345697,276.5216060625,18126.72849216,120,113,2,0,0.0011275,upper_bound_16
772,3,710773,16,0,16,1,1250,2,0,4.548196526733e-05,0,16,3633.212509,227.0757818125,15206.06254242,86,82,0,0,0.0007322,upper_bound_16
772,3,710773,16,0,16,1,1250,2,0,4.548196526733e-05,5,16,4477.874394,279.867149625,18264.37197105,124,113,4,0,0.0011947,upper_bound_16
773,3,710774,16,0,16,1,1500,3,1,5.835678859118e-05,0,16,3673.600772,229.60004825,15143.00386494,95,90,0,0,0.0006076,upper_bound_16
773,3,710774,16,0,16,1,1500,3,1,5.835678859118e-05,5,16,3800.710439,237.5444024375,15233.5521851,109,90,13,0,0.0026486,upper_bound_16
774,3,710775,16,0,16,1,1000,4,0,8.869257810157e-05,0,16,4699.100979,293.6938111875,18805.5048951,144,138,0,0,0.0005138,upper_bound_16
774,3,710775,16,0,16,1,1000,4,0,8.869257810157e-05,5,16,3347.158186,209.197386625,13955.79093471,80,76,0,0,0.0045083,upper_bound_16
775,3,710776,16,0,16,1,1250,0,1,0.0001023635627328,0,16,3615.549982,225.971873875,15207.74989511,83,79,0,0,0.00079,upper_bound_16
775,3,710776,16,0,16,1,1250,0,1,0.0001023635627328,5,16,3640.55635,227.534771875,13877.78174553,132,116,3,0,0.0015517,upper_bound_16
776,3,710777,16,0,16,1,1500,1,0,7.585281047314e-05,0,16,5391.43623,336.964764375,22642.18115139,134,113,0,0,0.0007111,upper_bound_16
776,3,710777,16,0,16,1,1500,1,0,7.585281047314e-05,5,16,3184.323507,199.0202191875,12961.61752412,86,82,0,0,0.0033982,upper_bound_16
777,3,710778,16,0,16,1,1000,2,1,7.86879267612e-05,0,16,4495.601929,280.9751205625,18743.00963404,112,107,0,0,0.0005522,upper_bound_16
777,3,710778,16,0,16,1,1000,2,1,7.86879267612e-05,5,16,4220.842931,263.8026831875,17369.21465326,112,107,0,0,0.0021759,upper_bound_16
778,3,710779,16,0,16,1,1250,3,0,0.0001029295436482,0,16,4344.608631,271.5380394375,17718.04315811,121,116,0,0,0.0005418,upper_bound_16
778,3,710779,16,0,16,1,1250,3,0,0.0001029295436482,5,16,3739.856681,233.7410425625,15234.2834183,103,98,0,0,0.0033864,upper_bound_16
779,3,710780,16,0,16,1,1500,4,1,7.051421965206e-05,0,16,4251.318223,265.7073889375,17431.59111497,115,110,0,0,0.000531,upper_bound_16
779,3,710780,16,0,16,1,1500,4,1,7.051421965206e-05,5,16,4197.314837,262.3321773125,17231.57418468,110,85,12,0,0.002929,upper_bound_16
780,3,710781,16,0,16,2,1000,0,0,0.05810354295823,0,16,3437.60155,214.850096875,13783.00775948,101,96,0,0,0.0010636,upper_bound_16
780,3,710781,16,0,16,2,1000,0,0,0.05810354295823,5,16,2853.020128,178.313758,10500.1006548,113,108,0,0,0.0026457,upper_bound_16
781,3,710782,16,0,16,2,1250,1,1,0.05119251245081,0,16,4117.194572,257.32466075,16825.97287201,111,96,7,0,0.0011204,upper_bound_16
781,3,710782,16,0,16,2,1250,1,1,0.05119251245081,5,16,2399.997965,149.9998728125,8704.989819428,97,91,1,0,0.0045054,upper_bound_16
782,3,710783,16,0,16,2,1500,2,0,0.1195373934693,0,16,4136.063165,258.5039478125,16750.31583415,119,111,0,0,0.0009869,upper_bound_16
782,3,710783,16,0,16,2,1500,2,0,0.1195373934693,5,16,2141.565068,133.84781675,7837.825346493,82,72,4,0,0.0040447,upper_bound_16
783,3,710784,16,0,16,2,1000,3,1,0.09573389164627,0,16,2515.498902,157.218681375,10482.49450577,57,54,0,0,0.0016656,upper_bound_16
783,3,710784,16,0,16,2,1000,3,1,0.09573389164627,5,16,2037.334004,127.33337525,7646.670017296,70,63,5,0,0.0040906,upper_bound_16
784,3,710785,16,0,16,2,1250,4,0,0.1743327944439,0,16,2693.264898,168.329056125,11396.32449176,56,54,0,0,0.0015863,upper_bound_16
784,3,710785,16,0,16,2,1250,4,0,0.1743327944439,5,16,3705.278401,231.5799000625,13341.39199697,159,141,7,0,0.0038835,upper_bound_16
785,3,710786,16,0,16,2,1500,0,1,0.04394725362099,0,16,4324.815268,270.30095425,17024.0763236,142,130,0,0,0.000958,upper_bound_16
785,3,710786,16,0,16,2,1500,0,1,0.04394725362099,5,16,1790.003723,111.8752326875,6855.018621872,57,54,0,0,0.0049471,upper_bound_16
786,3,710787,16,0,16,2,1000,1,0,0.0979085695429,0,16,3377.505134,211.094070875,13627.52566311,96,92,0,0,0.0011602,upper_bound_16
786,3,710787,16,0,16,2,1000,1,0,0.0979085695429,5,16,2602.580396,162.66127475,9117.901977388,117,111,1,0,0.0060344,upper_bound_16
787,3,710788,16,0,16,2,1250,2,1,0.07400689026345,0,16,2686.538076,167.90862975,11322.69038537,57,54,1,0,0.0016097,upper_bound_16
787,3,710788,16,0,16,2,1250,2,1,0.07400689026345,5,16,1899.153956,118.69712225,6775.769786639,77,70,3,0,0.0025289,upper_bound_16
788,3,710789,16,0,16,2,1500,3,0,0.07474331413421,0,16,5328.147366,333.009210375,22570.7368252,124,96,6,0,0.0011829,upper_bound_16
788,3,710789,16,0,16,2,1500,3,0,0.07474331413421,5,16,2309.099759,144.3187349375,8285.49880431,96,92,0,0,0.0049455,upper_bound_16
789,3,710790,16,0,16,2,1000,4,1,0.08763195010514,0,16,3915.030898,244.689431125,15300.15450276,130,125,0,0,0.0005034,upper_bound_16
789,3,710790,16,0,16,2,1000,4,1,0.08763195010514,5,16,2110.555886,131.909742875,7782.779421887,79,73,2,0,0.0056206,upper_bound_16
790,3,710791,16,0,16,2,1250,0,0,0.03373504919663,0,16,3033.113097,189.5695685625,12570.56549831,74,69,0,0,0.0007679,upper_bound_16
790,3,710791,16,0,16,2,1250,0,0,0.03373504919663,5,16,3007.4623,187.96639375,10587.31150566,136,130,0,0,0.005274,upper_bound_16
791,3,710792,16,0,16,2,1500,1,1,0.0917484672485,0,16,4143.804923,258.9878076875,16199.02461805,138,128,2,0,0.0006429,upper_bound_16
791,3,710792,16,0,16,2,1500,1,1,0.0917484672485,5,16,2630.8692,164.429325,10339.34600503,79,64,8,0,0.0035138,upper_bound_16
792,3,710793,16,0,16,2,1000,2,0,0.1471584076185,0,16,3203.446264,200.2153915,12812.23133524,94,91,0,0,0.0008917,upper_bound_16
792,3,710793,16,0,16,2,1000,2,0,0.1471584076185,5,16,2946.460878,184.153804875,10837.3043789,117,111,1,0,0.0049675,upper_bound_16
793,3,710794,16,0,16,2,1250,3,1,0.05986031673263,0,16,3900.186891,243.7616806875,15645.93444993,116,111,0,0,0.0010101,upper_bound_16
793,3,710794,16,0,16,2,1250,3,1,0.05986031673263,5,16,2210.272666,138.142041625,7791.363331902,96,92,0,0,0.0037358,upper_bound_16
794,3,710795,16,0,16,2,1500,4,0,0.1277819824507,0,16,3930.446343,245.6528964375,16227.2317132,102,92,1,0,0.001207,upper_bound_16
794,3,710795,16,0,16,2,1500,4,0,0.1277819824507,5,16,2482.292115,155.1432571875,8926.46057441,102,92,5,0,0.0046946,upper_bound_16
795,3,710796,16,0,16,2,1000,0,1,0.05787872678144,0,16,4207.060559,262.9412849375,15995.30280701,156,148,0,0,0.0008182,upper_bound_16
795,3,710796,16,0,16,2,1000,0,1,0.05787872678144,5,16,1628.138645,101.7586653125,6070.693231498,56,54,0,0,0.0050797,upper_bound_16
796,3,710797,16,0,16,2,1250,1,0,0.04523678954708,0,16,2311.070008,144.4418755,9485.350045361,56,54,0,0,0.0016053,upper_bound_16
796,3,710797,16,0,16,2,1250,1,0,0.04523678954708,5,16,2334.578902,145.911181375,8997.894520337,76,69,2,0,0.0016448,upper_bound_16
797,3,710798,16,0,16,2,1500,2,1,0.06531624133066,0,16,5462.928299,341.4330186875,22194.64149778,159,134,5,2,0.0011448,upper_bound_16
797,3,710798,16,0,16,2,1500,2,1,0.06531624133066,5,16,1764.553419,110.2845886875,6752.767093472,56,54,0,0,0.0052095,upper_bound_16
798,3,710799,16,0,16,2,1000,3,0,0.05945544377172,0,16,3292.097516,205.75609475,13185.48758353,96,92,1,0,0.0010744,upper_bound_16
798,3,710799,16,0,16,2,1000,3,0,0.05945544377172,5,16,2813.758348,175.85989675,10173.79175053,117,111,1,0,0.0049073,upper_bound_16
799,3,710800,16,0,16,2,1250,4,1,0.06247074103307,0,16,4051.634426,253.227151625,15828.17212402,135,125,2,0,0.0005526,upper_bound_16
799,3,710800,16,0,16,2,1250,4,1,0.06247074103307,5,16,1980.74614,123.79663375,7238.730694992,76,73,0,0,0.0050895,upper_bound_16
800,3,710801,16,0,16,2,1500,0,0,0.05239098752494,0,16,5347.937512,334.2460945,22509.6875615,131,111,0,0,0.0011375,upper_bound_16
800,3,710801,16,0,16,2,1500,0,0,0.05239098752494,5,16,2093.380819,130.8363011875,7801.904097334,76,73,0,0,0.0058831,upper_bound_16
801,3,710802,16,0,16,2,1000,1,1,0.1229904180818,0,16,2902.513119,181.4070699375,11872.56559051,75,73,0,0,0.0011994,upper_bound_16
801,3,710802,16,0,16,2,1000,1,1,0.1229904180818,5,16,1904.254283,119.0158926875,7371.271417242,58,54,2,0,0.0042817,upper_bound_16
802,3,710803,16,0,16,2,1250,2,0,0.04545510686805,0,16,5172.287789,323.2679868125,20966.43894939,152,136,1,0,0.0007715,upper_bound_16
802,3,710803,16,0,16,2,1250,2,0,0.04545510686805,5,16,1762.450789,110.1531743125,6707.25394269,57,53,1,0,0.005575,upper_bound_16
803,3,710804,16,0,16,2,1500,3,1,0.05737497971409,0,16,2505.867493,156.6167183125,10409.33746035,58,54,0,0,0.001608,upper_bound_16
803,3,710804,16,0,16,2,1500,3,1,0.05737497971409,5,16,2070.360925,129.3975578125,8016.804645111,63,54,6,0,0.0040512,upper_bound_16
804,3,710805,16,0,16,2,1000,4,0,0.09933055368171,0,16,3583.507456,223.969216,14407.53729036,104,99,1,0,0.0007816,upper_bound_16
804,3,710805,16,0,16,2,1000,4,0,0.09933055368171,5,16,2964.51447,185.282154375,11382.57235584,102,98,0,0,0.0041124,upper_bound_16
805,3,710806,16,0,16,2,1250,0,1,0.08487257304255,0,16,2317.179437,144.8237148125,9515.89718125,56,54,0,0,0.001565,upper_bound_16
805,3,710806,16,0,16,2,1250,0,1,0.08487257304255,5,16,3417.123712,213.570232,12040.61856408,156,149,0,0,0.003586,upper_bound_16
806,3,710807,16,0,16,2,1500,1,0,0.04217295025389,0,16,4059.618546,253.726159125,17633.09274073,76,61,4,0,0.0012114,upper_bound_16
806,3,710807,16,0,16,2,1500,1,0,0.04217295025389,5,16,3091.572328,193.2232705,11027.86163999,135,128,1,0,0.00284,upper_bound_16
807,3,710808,16,0,16,2,1000,2,1,0.06678087971937,0,16,2771.982257,173.2488910625,11569.91129066,63,60,1,0,0.0011542,upper_bound_16
807,3,710808,16,0,16,2,1000,2,1,0.06678087971937,5,16,3436.555936,214.784746,12322.77968955,149,138,3,0,0.0055727,upper_bound_16
808,3,710809,16,0,16,2,1250,3,0,0.06607178522562,0,16,4125.287946,257.830496625,16346.43973353,131,121,0,0,0.0005549,upper_bound_16
808,3,710809,16,0,16,2,1250,3,0,0.06607178522562,5,16,2042.226528,127.639158,7546.13263193,76,73,0,0,0.0055369,upper_bound_16
809,3,710810,16,0,16,2,1500,4,1,0.05956054732319,0,16,3342.850636,208.92816475,13679.2531716,89,73,3,0,0.0014026,upper_bound_16
809,3,710810,16,0,16,2,1500,4,1,0.05956054732319,5,16,2853.923622,178.370226375,10374.61811646,117,111,1,0,0.005913,upper_bound_16
810,4,710811,10,2,0,0,1000,0,0,0.5199940462437,0,10,8016.201676,801.6201676,29886.00838052,272,257,124,2,0.004845,convex_mesh_per_channel
810,4,710811,10,2,0,0,1000,0,0,0.5199940462437,5,10,6426.249042,642.6249042,23731.24520539,252,235,45,1,0.020192,convex_mesh_per_channel
811,4,710812,10,2,0,0,1250,1,1,0.2675511447696,0,10,6401.643728,640.1643728,23638.21865155,273,250,3,1,0.0042032,convex_mesh_per_channel
811,4,710812,10,2,0,0,1250,1,1,0.2675511447696,5,10,6500.897505,650.0897505,23874.48754624,281,259,4,0,0.0133321,convex_mesh_per_channel
812,4,710813,10,2,0,0,1500,2,0,0.457163011904,0,10,5813.426173,581.3426173,21167.13087557,257,233,4,1,0.0063739,convex_mesh_per_channel
812,4,710813,10,2,0,0,1500,2,0,0.457163011904,5,10,5802.709787,580.2709787,21613.5489519,241,222,1,0,0.0201931,convex_mesh_per_channel
813,4,710814,10,2,0,0,1000,3,1,0.641087170682,0,10,6608.139767,660.8139767,23780.69883614,303,287,0,0,0.0029621,convex_mesh_per_channel
813,4,710814,10,2,0,0,1000,3,1,0.641087170682,5,10,6309.759325,630.9759325,22503.7966217,295,272,4,1,0.011208,convex_mesh_per_channel
814,4,710815,10,2,0,0,1250,4,0,0.5665425197566,0,10,5703.820104,570.3820104,20974.1005161,246,226,1,0,0.0055925,convex_mesh_per_channel
814,4,710815,10,2,0,0,1250,4,0,0.5665425197566,5,10,5640.214612,564.0214612,20496.07307257,249,228,6,0,0.0263209,convex_mesh_per_channel
815,4,710816,10,2,0,0,1500,0,1,0.1434044842344,0,10,6132.39416,613.239416,22416.97080315,271,244,0,1,0.006858,convex_mesh_per_channel
815,4,710816,10,2,0,0,1500,0,1,0.1434044842344,5,10,6044.410779,604.4410779,22662.05390059,248,222,0,0,0.0234478,convex_mesh_per_channel
816,4,710817,10,2,0,0,1000,1,0,0.5740047445058,0,10,5938.96976,593.896976,20909.84879966,286,271,2,0,0.0037173,convex_mesh_per_channel
816,4,710817,10,2,0,0,1000,1,0,0.5740047445058,5,10,5832.349473,583.2349473,20621.74737088,277,255,6,0,0.018441,convex_mesh_per_channel
817,4,710818,10,2,0,0,1250,2,1,0.5484624456753,0,10,6041.938755,604.1938755,21114.69377947,298,273,2,1,0.0044422,convex_mesh_per_channel
817,4,710818,10,2,0,0,1250,2,1,0.5484624456753,5,10,5805.807399,580.5807399,20814.03700038,268,247,2,1,0.0185401,convex_mesh_per_channel
818,4,710819,10,2,0,0,1500,3,0,0.1641428073723,0,10,6007.348025,600.7348025,22446.74013224,248,228,0,0,0.007093,convex_mesh_per_channel
818,4,710819,10,2,0,0,1500,3,0,0.1641428073723,5,10,6155.205056,615.5205056,23221.02527522,246,225,2,1,0.0213947,convex_mesh_per_channel
819,4,710820,10,2,0,0,1000,4,1,0.5195276969229,0,10,5997.327355,599.7327355,21291.63677955,283,265,3,0,0.0039538,convex_mesh_per_channel
819,4,710820,10,2,0,0,1000,4,1,0.5195276969229,5,10,6690.733514,669.0733514,24453.66760555,286,266,18,1,0.0142069,convex_mesh_per_channel
820,4,710821,10,2,0,0,1250,0,0,0.3535306079672,0,10,6339.9392,633.99392,23079.69601136,278,254,10,1,0.0052735,convex_mesh_per_channel
820,4,710821,10,2,0,0,1250,0,0,0.3535306079672,5,10,6246.099751,624.6099751,22835.4987601,274,253,2,0,0.0169894,convex_mesh_per_channel
821,4,710822,10,2,0,0,1500,1,1,0.6921124414576,0,10,6481.191256,648.1191256,23905.95628777,275,242,11,2,0.0055007,convex_mesh_per_channel
821,4,710822,10,2,0,0,1500,1,1,0.6921124414576,5,10,6265.687938,626.5687938,23563.43970579,253,223,5,1,0.0208511,convex_mesh_per_channel
822,4,710823,10,2,0,0,1000,2,0,0.50683583935,0,10,6332.299313,633.2299313,23431.49658603,267,246,5,2,0.0047171,convex_mesh_per_channel
822,4,710823,10,2,0,0,1000,2,0,0.50683583935,5,10,6270.843871,627.0843871,23059.2193516,270,247,4,0,0.0196054,convex_mesh_per_channel
823,4,710824,10,2,0,0,1250,3,1,0.3129579637642,0,10,6019.052034,601.9052034,21190.26017439,291,276,0,0,0.0033408,convex_mesh_per_channel
823,4,710824,10,2,0,0,1250,3,1,0.3129579637642,5,10,6330.609304,633.0609304,22733.04651456,291,276,1,0,0.0117631,convex_mesh_per_channel
824,4,710825,10,2,0,0,1500,4,0,0.3562122923426,0,10,6375.981982,637.5981982,23584.90991102,268,236,11,2,0.006695,convex_mesh_per_channel
824,4,710825,10,2,0,0,1500,4,0,0.3562122923426,5,10,5494.684622,549.4684622,20148.4231072,238,219,2,0,0.0293746,convex_mesh_per_channel
825,4,710826,10,2,0,0,1000,0,1,0.4580227460574,0,10,7419.973076,741.9973076,26129.86522527,311,295,98,1,0.0031633,convex_mesh_per_channel
825,4,710826,10,2,0,0,1000,0,1,0.4580227460574,5,10,6188.468772,618.8468772,21857.34386156,297,282,0,0,0.0104736,convex_mesh_per_channel
826,4,710827,10,2,0,0,1250,1,0,0.5151453279625,0,10,6192.450373,619.2450373,22952.25186844,260,240,4,0,0.0048688,convex_mesh_per_channel
826,4,710827,10,2,0,0,1250,1,0,0.5151453279625,5,10,5982.108513,598.2108513,21815.54256183,264,243,2,1,0.0203275,convex_mesh_per_channel
827,4,710828,10,2,0,0,1500,2,1,0.4863589000874,0,10,6132.510346,613.2510346,22672.55174109,260,239,3,0,0.0052548,convex_mesh_per_channel
827,4,710828,10,2,0,0,1500,2,1,0.4863589000874,5,10,6597.028113,659.7028113,24640.14057065,272,244,5,0,0.0204997,convex_mesh_per_channel
828,4,710829,10,2,0,0,1000,3,0,0.5762817489327,0,10,6195.248261,619.5248261,21526.24131829,310,290,0,1,0.0031132,convex_mesh_per_channel
828,4,710829,10,2,0,0,1000,3,0,0.5762817489327,5,10,5969.652169,596.9652169,21118.26085255,285,268,1,0,0.0109871,convex_mesh_per_channel
829,4,710830,10,2,0,0,1250,4,1,0.2156513669364,0,10,6971.545323,697.1545323,26042.72662826,287,266,4,0,0.003556,convex_mesh_per_channel
829,4,710830,10,2,0,0,1250,4,1,0.2156513669364,5,10,6534.849903,653.4849903,23894.24952648,285,263,6,0,0.0121919,convex_mesh_per_channel
830,4,710831,10,2,0,0,1500,0,0,0.9070571945401,0,10,5853.929393,585.3929393,21379.64696926,258,238,0,0,0.0065197,convex_mesh_per_channel
830,4,710831,10,2,0,0,1500,0,0,0.9070571945401,5,10,5867.927656,586.7927656,21714.63827387,249,230,0,0,0.0203904,convex_mesh_per_channel
831,4,710832,10,2,0,0,1000,1,1,0.2800866936797,0,10,5784.723823,578.4723823,21248.61912629,250,232,1,0,0.004734,convex_mesh_per_channel
831,4,710832,10,2,0,0,1000,1,1,0.2800866936797,5,10,5673.713542,567.3713542,20703.56770787,249,229,3,0,0.0219854,convex_mesh_per_channel
832,4,710833,10,2,0,0,1250,2,0,0.5894839344426,0,10,7019.607301,701.9607301,25753.03652562,257,234,100,2,0.0053568,convex_mesh_per_channel
832,4,710833,10,2,0,0,1250,2,0,0.5894839344426,5,10,6635.282762,663.5282762,24066.41381686,274,255,49,1,0.0177777,convex_mesh_per_channel
833,4,710834,10,2,0,0,1500,3,1,0.8596534073232,0,10,6181.37262,618.137262,23176.86310329,253,231,0,0,0.0055244,convex_mesh_per_channel
833,4,710834,10,2,0,0,1500,3,1,0.8596534073232,5,10,6183.988328,618.3988328,22939.94164945,261,241,0,0,0.0178757,convex_mesh_per_channel
834,4,710835,10,2,0,0,1000,4,0,0.4389057240725,0,10,6150.000699,615.0000699,22000.00350573,286,267,1,0,0.003716,convex_mesh_per_channel
834,4,710835,10,2,0,0,1000,4,0,0.4389057240725,5,10,6047.662023,604.7662023,20928.31011394,304,289,1,0,0.0112816,convex_mesh_per_channel
835,4,710836,10,2,0,0,1250,0,1,0.3313150132705,0,10,6489.207582,648.9207582,24126.03791323,272,254,0,0,0.0043769,convex_mesh_per_channel
835,4,710836,10,2,0,0,1250,0,1,0.3313150132705,5,10,5581.803226,558.1803226,19904.0161334,261,246,0,0,0.0185987,convex_mesh_per_channel
836,4,710837,10,2,0,0,1500,1,0,0.5887569483082,0,10,6984.674761,698.4674761,26408.37366507,244,223,70,1,0.0070659,convex_mesh_per_channel
836,4,710837,10,2,0,0,1500,1,0,0.5887569483082,5,10,6915.411858,691.5411858,26127.05915637,242,220,70,1,0.0246853,convex_mesh_per_channel
837,4,710838,10,2,0,0,1000,2,1,0.346724618207,0,10,6927.913076,692.7913076,25614.56534915,273,249,47,2,0.0042382,convex_mesh_per_channel
837,4,710838,10,2,0,0,1000,2,1,0.346724618207,5,10,6754.289801,675.4289801,24951.4489781,267,247,44,1,0.0174023,convex_mesh_per_channel
838,4,710839,10,2,0,0,1250,3,0,0.5899963598178,0,10,6100.812899,610.0812899,22774.06449297,248,226,10,1,0.0068712,convex_mesh_per_channel
838,4,710839,10,2,0,0,1250,3,0,0.5899963598178,5,10,5489.918217,548.9918217,20114.59109066,239,222,0,0,0.0206089,convex_mesh_per_channel
839,4,710840,10,2,0,0,1500,4,1,0.3879433924127,0,10,6463.231841,646.3231841,23966.1592081,271,244,7,1,0.0053597,convex_mesh_per_channel
839,4,710840,10,2,0,0,1500,4,1,0.3879433924127,5,10,6238.228879,623.8228879,23171.14438626,262,241,1,0,0.0206219,convex_mesh_per_channel
840,4,710841,10,2,0,1,1000,0,0,4.384142827504e-05,0,10,7079.835773,707.9835773,26739.17889523,266,244,36,1,0.0042175,convex_mesh_per_channel
840,4,710841,10,2,0,1,1000,0,0,4.384142827504e-05,5,10,6150.303044,615.0303044,22226.51522803,279,260,0,0,0.0169338,convex_mesh_per_channel
841,4,710842,10,2,0,1,1250,1,1,5.598262555733e-05,0,10,6723.992729,672.3992729,24644.96371835,280,252,31,2,0.0042822,convex_mesh_per_channel
841,4,710842,10,2,0,1,1250,1,1,5.598262555733e-05,5,10,6762.607023,676.2607023,25073.03518448,273,252,27,1,0.0179409,convex_mesh_per_channel
842,4,710843,10,2,0,1,1500,2,0,5.730056605793e-05,0,10,6372.04055,637.204055,24370.20275473,243,215,6,1,0.0056035,convex_mesh_per_channel
842,4,710843,10,2,0,1,1500,2,0,5.730056605793e-05,5,10,6045.451563,604.5451563,22692.25781808,245,226,2,0,0.0348281,convex_mesh_per_channel
843,4,710844,10,2,0,1,1000,3,1,7.551198323775e-05,0,10,6016.775095,601.6775095,22268.87547551,255,238,0,0,0.0052642,convex_mesh_per_channel
843,4,710844,10,2,0,1,1000,3,1,7.551198323775e-05,5,10,5822.338767,582.2338767,21076.69383232,262,247,0,0,0.0176177,convex_mesh_per_channel
844,4,710845,10,2,0,1,1250,4,0,5.513581202787e-05,0,10,6188.706333,618.8706333,23263.53166433,251,228,1,0,0.0056539,convex_mesh_per_channel
844,4,710845,10,2,0,1,1250,4,0,5.513581202787e-05,5,10,5923.011084,592.3011084,21910.05541531,251,230,2,0,0.0260544,convex_mesh_per_channel
845,4,710846,10,2,0,1,1500,0,1,5.424155963524e-05,0,10,6696.847913,669.6847913,26079.23956452,242,221,0,0,0.006555,convex_mesh_per_channel
845,4,710846,10,2,0,1,1500,0,1,5.424155963524e-05,5,10,6549.542401,654.9542401,25427.71200254,239,219,0,0,0.0251727,convex_mesh_per_channel
846,4,710847,10,2,0,1,1000,1,0,3.667006252474e-05,0,10,6550.336969,655.0336969,25056.68485042,251,228,2,0,0.0047037,convex_mesh_per_channel
846,4,710847,10,2,0,1,1000,1,0,3.667006252474e-05,5,10,6220.914518,622.0914518,23779.57260054,239,217,1,1,0.03418,convex_mesh_per_channel
847,4,710848,10,2,0,1,1250,2,1,0.0001629682510047,0,10,6476.075955,647.6075955,24020.37979567,272,244,6,0,0.0045989,convex_mesh_per_channel
847,4,710848,10,2,0,1,1250,2,1,0.0001629682510047,5,10,6483.273725,648.3273725,24511.36863225,258,238,1,0,0.016467,convex_mesh_per_channel
848,4,710849,10,2,0,1,1500,3,0,2.649607915227e-05,0,10,7068.988899,706.8988899,27014.94449092,270,239,9,1,0.0052058,convex_mesh_per_channel
848,4,710849,10,2,0,1,1500,3,0,2.649607915227e-05,5,10,7275.126692,727.5126692,28010.63349371,261,234,28,2,0.0264368,convex_mesh_per_channel
849,4,710850,10,2,0,1,1000,4,1,0.0001233536870535,0,10,6664.812432,666.4812432,24614.06216467,284,263,3,0,0.0040589,convex_mesh_per_channel
849,4,710850,10,2,0,1,1000,4,1,0.0001233536870535,5,10,6444.161383,644.4161383,23615.80689926,272,254,19,1,0.0156006,convex_mesh_per_channel
850,4,710851,10,2,0,1,1250,0,0,2.140695675775e-05,0,10,6246.939534,624.6939534,23339.69767035,258,236,1,0,0.0058716,convex_mesh_per_channel
850,4,710851,10,2,0,1,1250,0,0,2.140695675775e-05,5,10,6001.643381,600.1643381,22018.2169109,261,243,0,0,0.0214573,convex_mesh_per_channel
851,4,710852,10,2,0,1,1500,1,1,0.0001885207036979,0,10,7280.962613,728.0962613,27169.81293885,248,221,112,2,0.0062901,convex_mesh_per_channel
851,4,710852,10,2,0,1,1500,1,1,0.0001885207036979,5,10,7238.610932,723.8610932,26933.05461347,291,257,30,2,0.0181339,convex_mesh_per_channel
852,4,710853,10,2,0,1,1000,2,0,4.731538493348e-05,0,10,6979.598947,697.9598947,26462.99478054,262,240,29,2,0.0058269,convex_mesh_per_channel
852,4,710853,10,2,0,1,1000,2,0,4.731538493348e-05,5,10,6626.313922,662.6313922,24191.56966772,279,259,28,1,0.0188626,convex_mesh_per_channel
853,4,710854,10,2,0,1,1250,3,1,0.0001083079305266,0,10,7117.139098,711.7139098,27200.69549138,259,242,30,1,0.0045053,convex_mesh_per_channel
853,4,710854,10,2,0,1,1250,3,1,0.0001083079305266,5,10,5827.980642,582.7980642,21179.90321401,260,242,0,0,0.0250106,convex_mesh_per_channel
854,4,710855,10,2,0,1,1500,4,0,6.504357477588e-05,0,10,6672.707095,667.2707095,25468.53549267,256,228,7,2,0.0053298,convex_mesh_per_channel
854,4,710855,10,2,0,1,1500,4,0,6.504357477588e-05,5,10,6606.849777,660.6849777,25069.2488865,258,232,7,2,0.0251777,convex_mesh_per_channel
855,4,710856,10,2,0,1,1000,0,1,8.821380925722e-05,0,10,5931.693972,593.1693972,22058.4698719,248,230,0,0,0.0049731,convex_mesh_per_channel
855,4,710856,10,2,0,1,1000,0,1,8.821380925722e-05,5,10,6000.275667,600.0275667,21801.37833307,268,250,0,0,0.016909,convex_mesh_per_channel
856,4,710857,10,2,0,1,1250,1,0,5.872956325784e-05,0,10,7066.493648,706.6493648,26632.46824503,271,245,30,1,0.0036914,convex_mesh_per_channel
856,4,710857,10,2,0,1,1250,1,0,5.872956325784e-05,5,10,6711.306611,671.1306611,24436.53305614,285,262,29,1,0.0192412,convex_mesh_per_channel
857,4,710858,10,2,0,1,1500,2,1,3.95488079181e-05,0,10,6946.090911,694.6090911,26605.45457478,266,239,2,0,0.0059719,convex_mesh_per_channel
857,4,710858,10,2,0,1,1500,2,1,3.95488079181e-05,5,10,6459.493921,645.9493921,24842.46961063,243,220,2,0,0.0309302,convex_mesh_per_channel
858,4,710859,10,2,0,1,1000,3,0,0.0001034473847525,0,10,5808.634859,580.8634859,21528.17429782,245,228,0,0,0.0059716,convex_mesh_per_channel
858,4,710859,10,2,0,1,1000,3,0,0.0001034473847525,5,10,5862.81221,586.281221,21859.06105478,243,226,0,0,0.0302955,convex_mesh_per_channel
859,4,710860,10,2,0,1,1250,4,1,4.547799225316e-05,0,10,7057.310337,705.7310337,26801.55173614,261,240,34,1,0.0055695,convex_mesh_per_channel
859,4,710860,10,2,0,1,1250,4,1,4.547799225316e-05,5,10,6662.544523,666.2544523,24797.72263159,259,238,40,1,0.0214917,convex_mesh_per_channel
860,4,710861,10,2,0,1,1500,0,0,6.67903234202e-05,0,10,6676.996854,667.6996854,25589.98427631,255,228,2,0,0.0059803,convex_mesh_per_channel
860,4,710861,10,2,0,1,1500,0,0,6.67903234202e-05,5,10,6334.080809,633.4080809,23710.40404926,259,238,3,0,0.0250953,convex_mesh_per_channel
861,4,710862,10,2,0,1,1000,1,1,1.651905860679e-05,0,10,6368.739418,636.8739418,24008.69710223,255,236,2,0,0.005747,convex_mesh_per_channel
861,4,710862,10,2,0,1,1000,1,1,1.651905860679e-05,5,10,6529.689011,652.9689011,24548.44505494,264,244,2,0,0.0229947,convex_mesh_per_channel
862,4,710863,10,2,0,1,1250,2,0,0.0001613575644095,0,10,6560.194495,656.0194495,25535.97250011,237,215,1,0,0.0082787,convex_mesh_per_channel
862,4,710863,10,2,0,1,1250,2,0,0.0001613575644095,5,10,6308.030037,630.8030037,24145.15019211,242,219,0,0,0.0313687,convex_mesh_per_channel
863,4,710864,10,2,0,1,1500,3,1,3.772627103715e-05,0,10,7303.017573,730.3017573,27590.08785037,255,232,76,1,0.0057257,convex_mesh_per_channel
863,4,710864,10,2,0,1,1500,3,1,3.772627103715e-05,5,10,6084.546184,608.4546184,22857.73092184,247,228,0,0,0.0299786,convex_mesh_per_channel
864,4,710865,10,2,0,1,1000,4,0,0.000158438136761,0,10,6449.860434,644.9860434,24079.30216447,266,245,3,0,0.0047432,convex_mesh_per_channel
864,4,710865,10,2,0,1,1000,4,0,0.000158438136761,5,10,6208.890877,620.8890877,22734.4543951,271,248,3,0,0.0213108,convex_mesh_per_channel
865,4,710866,10,2,0,1,1250,0,1,8.245725336414e-05,0,10,6368.852123,636.8852123,23774.26059806,251,231,26,1,0.0057924,convex_mesh_per_channel
865,4,710866,10,2,0,1,1250,0,1,8.245725336414e-05,5,10,6521.263096,652.1263096,24461.31546545,254,231,26,1,0.023682,convex_mesh_per_channel
866,4,710867,10,2,0,1,1500,1,0,0.0001412657148964,0,10,6273.118457,627.3118457,23970.59230288,241,218,2,0,0.0075266,convex_mesh_per_channel
866,4,710867,10,2,0,1,1500,1,0,0.0001412657148964,5,10,6581.03498,658.103498,24535.17491798,274,242,4,2,0.0203806,convex_mesh_per_channel
867,4,710868,10,2,0,1,1000,2,1,8.13571482517e-05,0,10,7116.451226,711.6451226,27247.25614116,262,238,23,1,0.0039763,convex_mesh_per_channel
867,4,710868,10,2,0,1,1000,2,1,8.13571482517e-05,5,10,6830.35182,683.035182,24691.75911683,300,276,22,1,0.0141298,convex_mesh_per_channel
868,4,710869,10,2,0,1,1250,3,0,2.464241262096e-05,0,10,6499.692375,649.9692375,24898.46189091,248,230,0,0,0.0068019,convex_mesh_per_channel
868,4,710869,10,2,0,1,1250,3,0,2.464241262096e-05,5,10,6204.382822,620.4382822,23446.91411738,247,230,0,0,0.0303294,convex_mesh_per_channel
869,4,710870,10,2,0,1,1500,4,1,4.400164260963e-05,0,10,7257.823448,725.7823448,28024.1172538,270,241,4,0,0.0062875,convex_mesh_per_channel
869,4,710870,10,2,0,1,1500,4,1,4.400164260963e-05,5,10,6416.601682,641.6601682,24308.00841395,252,230,5,0,0.0293686,convex_mesh_per_channel
870,4,710871,10,2,0,2,1000,0,0,0.1289851622496,0,10,5993.56428,599.356428,22912.82139454,230,211,0,0,0.0064952,convex_mesh_per_channel
870,4,710871,10,2,0,2,1000,0,0,0.1289851622496,5,10,5492.118347,549.2118347,20355.59173735,232,211,0,0,0.0466553,convex_mesh_per_channel
871,4,710872,10,2,0,2,1250,1,1,0.3732335004166,0,10,6275.396239,627.5396239,24086.98119569,237,214,3,0,0.0071501,convex_mesh_per_channel
871,4,710872,10,2,0,2,1250,1,1,0.3732335004166,5,10,6049.97986,604.997986,22954.89930948,238,213,2,0,0.0255562,convex_mesh_per_channel
872,4,710873,10,2,0,2,1500,2,0,0.8205971247344,0,10,6154.544192,615.4544192,23462.72095497,238,213,3,1,0.006488,convex_mesh_per_channel
872,4,710873,10,2,0,2,1500,2,0,0.8205971247344,5,10,5744.235357,574.4235357,21201.17679215,245,220,3,0,0.0364326,convex_mesh_per_channel
873,4,710874,10,2,0,2,1000,3,1,0.4205645013634,0,10,6147.298661,614.7298661,23546.49331455,235,213,0,0,0.0073604,convex_mesh_per_channel
873,4,710874,10,2,0,2,1000,3,1,0.4205645013634,5,10,5557.348249,555.7348249,20371.74124063,242,223,0,0,0.0344543,convex_mesh_per_channel
874,4,710875,10,2,0,2,1250,4,0,0.2311399415409,0,10,6063.409004,606.3409004,23207.04503375,232,212,0,0,0.0066855,convex_mesh_per_channel
874,4,710875,10,2,0,2,1250,4,0,0.2311399415409,5,10,6865.239905,686.5239905,25761.19952145,239,219,83,1,0.0357073,convex_mesh_per_channel
875,4,710876,10,2,0,2,1500,0,1,0.4428356863133,0,10,6094.521925,609.4521925,22967.60962142,245,223,1,0,0.0062926,convex_mesh_per_channel
875,4,710876,10,2,0,2,1500,0,1,0.4428356863133,5,10,5803.50327,580.350327,21852.51635071,234,213,0,0,0.0272993,convex_mesh_per_channel
876,4,710877,10,2,0,2,1000,1,0,0.1365929736388,0,10,6844.713751,684.4713751,26548.5687286,237,216,28,1,0.0057851,convex_mesh_per_channel
876,4,710877,10,2,0,2,1000,1,0,0.1365929736388,5,10,6515.512818,651.5512818,24802.56406095,241,213,29,1,0.0302359,convex_mesh_per_channel
877,4,710878,10,2,0,2,1250,2,1,0.238178612563,0,10,6679.245567,667.9245567,25696.22783138,243,221,18,1,0.0061232,convex_mesh_per_channel
877,4,710878,10,2,0,2,1250,2,1,0.238178612563,5,10,6115.16063,611.516063,23055.80314392,237,215,18,1,0.0286718,convex_mesh_per_channel
878,4,710879,10,2,0,2,1500,3,0,0.1352871954248,0,10,6344.655846,634.4655846,24533.27922204,235,213,0,0,0.007021,convex_mesh_per_channel
878,4,710879,10,2,0,2,1500,3,0,0.1352871954248,5,10,5611.054529,561.1054529,20895.27264787,234,212,0,0,0.0294715,convex_mesh_per_channel
879,4,710880,10,2,0,2,1000,4,1,0.4473269073867,0,10,7854.983454,785.4983454,29604.917171,234,213,167,2,0.0073727,convex_mesh_per_channel
879,4,710880,10,2,0,2,1000,4,1,0.4473269073867,5,10,5934.286545,593.4286545,22241.43271807,242,220,2,0,0.0309564,convex_mesh_per_channel
880,4,710881,10,2,0,2,1250,0,0,0.2826381897806,0,10,6841.18384,684.118384,26175.91920385,233,211,60,1,0.0068737,convex_mesh_per_channel
880,4,710881,10,2,0,2,1250,0,0,0.2826381897806,5,10,6310.479431,631.0479431,23497.39715377,234,211,60,1,0.0358082,convex_mesh_per_channel
881,4,710882,10,2,0,2,1500,1,1,0.8362134563796,0,10,7061.234582,706.1234582,26851.17280853,235,214,84,1,0.0070791,convex_mesh_per_channel
881,4,710882,10,2,0,2,1500,1,1,0.8362134563796,5,10,5781.505212,578.1505212,21412.5260627,244,220,3,0,0.0299089,convex_mesh_per_channel
882,4,710883,10,2,0,2,1000,2,0,0.2117438133605,0,10,6214.466548,621.4466548,23952.33274397,232,211,1,0,0.0067657,convex_mesh_per_channel
882,4,710883,10,2,0,2,1000,2,0,0.2117438133605,5,10,5547.233016,554.7233016,20591.16508035,233,211,1,0,0.0346206,convex_mesh_per_channel
883,4,710884,10,2,0,2,1250,3,1,0.4942312119576,0,10,6170.090524,617.0090524,23420.45262396,243,221,0,0,0.0075942,convex_mesh_per_channel
883,4,710884,10,2,0,2,1250,3,1,0.4942312119576,5,10,5642.05536,564.205536,20865.27680642,240,219,0,0,0.0281245,convex_mesh_per_channel
884,4,710885,10,2,0,2,1500,4,0,0.1581095550467,0,10,7464.171222,746.4171222,28515.856021,246,214,89,3,0.0061313,convex_mesh_per_channel
884,4,710885,10,2,0,2,1500,4,0,0.1581095550467,5,10,7118.193749,711.8193749,26635.9686648,237,214,114,2,0.0293697,convex_mesh_per_channel
885,4,710886,10,2,0,2,1000,0,1,0.1612882738581,0,10,6829.390424,682.9390424,25656.95199635,234,214,88,1,0.0064879,convex_mesh_per_channel
885,4,710886,10,2,0,2,1000,0,1,0.1612882738581,5,10,6648.091407,664.8091407,24675.45690747,237,214,88,1,0.0286185,convex_mesh_per_channel
886,4,710887,10,2,0,2,1250,1,0,0.2796372187291,0,10,7057.972238,705.7972238,26744.86119558,240,213,82,1,0.0072991,convex_mesh_per_channel
886,4,710887,10,2,0,2,1250,1,0,0.2796372187291,5,10,5679.325651,567.9325651,20886.62826538,245,221,2,0,0.0333296,convex_mesh_per_channel
887,4,710888,10,2,0,2,1500,2,1,0.1384458406086,0,10,7492.767676,749.2767676,28578.83836421,235,213,113,2,0.0070015,convex_mesh_per_channel
887,4,710888,10,2,0,2,1500,2,1,0.1384458406086,5,10,6914.990731,691.4990731,25549.9536504,252,225,90,1,0.0326054,convex_mesh_per_channel
888,4,710889,10,2,0,2,1000,3,0,0.2005219017009,0,10,7074.516709,707.4516709,27062.5835504,233,213,78,1,0.0060834,convex_mesh_per_channel
888,4,710889,10,2,0,2,1000,3,0,0.2005219017009,5,10,5567.142813,556.7142813,20695.71406099,233,213,0,0,0.0292516,convex_mesh_per_channel
889,4,710890,10,2,0,2,1250,4,1,0.1216837307942,0,10,6392.841775,639.2841775,24404.20889074,247,224,1,0,0.005484,convex_mesh_per_channel
889,4,710890,10,2,0,2,1250,4,1,0.1216837307942,5,10,5646.659981,564.6659981,20968.29991176,236,214,3,0,0.0239857,convex_mesh_per_channel
890,4,710891,10,2,0,2,1500,0,0,0.1938419281823,0,10,6047.892649,604.7892649,23014.46325671,236,215,0,0,0.0072987,convex_mesh_per_channel
890,4,710891,10,2,0,2,1500,0,0,0.1938419281823,5,10,6030.214178,603.0214178,22446.07088472,235,214,34,1,0.0322819,convex_mesh_per_channel
891,4,710892,10,2,0,2,1000,1,1,0.4482567612413,0,10,7587.247979,758.7247979,29186.23974198,235,213,104,2,0.0058992,convex_mesh_per_channel
891,4,710892,10,2,0,2,1000,1,1,0.4482567612413,5,10,5496.154605,549.6154605,20145.77304063,239,219,1,0,0.0285961,convex_mesh_per_channel
892,4,710893,10,2,0,2,1250,2,0,0.2835903426328,0,10,6081.027476,608.1027476,23290.13738113,232,210,1,0,0.0074388,convex_mesh_per_channel
892,4,710893,10,2,0,2,1250,2,0,0.2835903426328,5,10,5623.735729,562.3735729,20968.67864783,234,210,0,0,0.0325327,convex_mesh_per_channel
893,4,710894,10,2,0,2,1500,3,1,0.5624662740209,0,10,6297.587648,629.7587648,24077.93824813,233,213,18,1,0.0068915,convex_mesh_per_channel
893,4,710894,10,2,0,2,1500,3,1,0.5624662740209,5,10,5604.626553,560.4626553,20528.13276261,245,224,0,0,0.0286359,convex_mesh_per_channel
894,4,710895,10,2,0,2,1000,4,0,0.1997893609304,0,10,6018.578823,601.8578823,22882.89412382,235,214,1,0,0.007985,convex_mesh_per_channel
894,4,710895,10,2,0,2,1000,4,0,0.1997893609304,5,10,6133.282401,613.3282401,23026.41200703,250,225,1,0,0.0319019,convex_mesh_per_channel
895,4,710896,10,2,0,2,1250,0,1,0.4933115813383,0,10,6347.889967,634.7889967,24524.4498411,236,213,0,0,0.0066966,convex_mesh_per_channel
895,4,710896,10,2,0,2,1250,0,1,0.4933115813383,5,10,5883.376832,588.3376832,22246.88416104,234,214,0,0,0.0248383,convex_mesh_per_channel
896,4,710897,10,2,0,2,1500,1,0,0.7556232728056,0,10,6304.138685,630.4138685,24395.6934318,233,210,0,0,0.005989,convex_mesh_per_channel
896,4,710897,10,2,0,2,1500,1,0,0.7556232728056,5,10,5770.545877,577.0545877,21707.72939226,233,211,1,0,0.0278037,convex_mesh_per_channel
897,4,710898,10,2,0,2,1000,2,1,0.7215783541801,0,10,6525.664749,652.5664749,24928.32372295,240,215,25,1,0.0071533,convex_mesh_per_channel
897,4,710898,10,2,0,2,1000,2,1,0.7215783541801,5,10,5891.571917,589.1571917,21982.85958613,244,222,1,0,0.030748,convex_mesh_per_channel
898,4,710899,10,2,0,2,1250,3,0,0.4016403429628,0,10,6068.075709,606.8075709,23200.37854466,233,213,0,0,0.0064382,convex_mesh_per_channel
898,4,710899,10,2,0,2,1250,3,0,0.4016403429628,5,10,6693.939823,669.3939823,25004.699066,233,214,88,1,0.027291,convex_mesh_per_channel
899,4,710900,10,2,0,2,1500,4,1,0.1991661664582,0,10,7618.24085,761.824085,29396.20423033,234,213,102,2,0.0052281,convex_mesh_per_channel
899,4,710900,10,2,0,2,1500,4,1,0.1991661664582,5,10,7256.382411,725.6382411,27066.91202663,251,226,104,2,0.0309516,convex_mesh_per_channel
900,4,710901,10,2,5,0,1000,0,0,0.8195507127788,0,10,7037.935638,703.7935638,25209.67817932,311,289,34,2,0.0033271,convex_mesh_per_channel
900,4,710901,10,2,5,0,1000,0,0,0.8195507127788,5,10,6463.321502,646.3321502,22751.6074897,297,279,33,1,0.0120767,convex_mesh_per_channel
901,4,710902,10,2,5,0,1250,1,1,0.5806219365354,0,10,6733.470346,673.3470346,24232.35173793,303,286,12,1,0.0031011,convex_mesh_per_channel
901,4,710902,10,2,5,0,1250,1,1,0.5806219365354,5,10,6342.625177,634.2625177,22053.12587153,312,292,10,1,0.0135871,convex_mesh_per_channel
902,4,710903,10,2,5,0,1500,2,0,0.4151693768862,0,10,6911.468342,691.1468342,26282.34171086,266,245,10,1,0.0059728,convex_mesh_per_channel
902,4,710903,10,2,5,0,1500,2,0,0.4151693768862,5,10,6440.055309,644.0055309,24120.27655257,259,238,11,1,0.0190683,convex_mesh_per_channel
903,4,710904,10,2,5,0,1000,3,1,0.6976386219671,0,10,6525.847526,652.5847526,23429.23763393,301,285,0,0,0.0032721,convex_mesh_per_channel
903,4,710904,10,2,5,0,1000,3,1,0.6976386219671,5,10,6227.279279,622.7279279,22641.39641452,278,259,0,0,0.0146762,convex_mesh_per_channel
904,4,710905,10,2,5,0,1250,4,0,0.7809388346705,0,10,6518.743212,651.8743212,23953.71604771,269,252,27,2,0.0046335,convex_mesh_per_channel
904,4,710905,10,2,5,0,1250,4,0,0.7809388346705,5,10,5540.990919,554.0990919,19584.95460276,264,251,1,0,0.0149611,convex_mesh_per_channel
905,4,710906,10,2,5,0,1500,0,1,0.6853186362018,0,10,6516.776934,651.6776934,23668.88466694,288,260,11,1,0.0039393,convex_mesh_per_channel
905,4,710906,10,2,5,0,1500,0,1,0.6853186362018,5,10,6149.31219,614.931219,21956.56095094,288,268,0,0,0.0143301,convex_mesh_per_channel
906,4,710907,10,2,5,0,1000,1,0,0.5795474862134,0,10,6622.048299,662.2048299,24035.24150443,296,279,2,0,0.0041016,convex_mesh_per_channel
906,4,710907,10,2,5,0,1000,1,0,0.5795474862134,5,10,5635.255593,563.5255593,19866.27797937,270,253,3,0,0.0145582,convex_mesh_per_channel
907,4,710908,10,2,5,0,1250,2,1,0.4058249523098,0,10,5922.569976,592.2569976,21262.84988924,271,250,5,1,0.0044838,convex_mesh_per_channel
907,4,710908,10,2,5,0,1250,2,1,0.4058249523098,5,10,6265.310606,626.5310606,22791.5530463,277,254,6,2,0.0143923,convex_mesh_per_channel
908,4,710909,10,2,5,0,1500,3,0,0.5720916591692,0,10,6307.267322,630.7267322,23371.33661895,267,242,2,1,0.0051294,convex_mesh_per_channel
908,4,710909,10,2,5,0,1500,3,0,0.5720916591692,5,10,6692.165966,669.2165966,24175.82984003,303,277,5,1,0.0130329,convex_mesh_per_channel
909,4,710910,10,2,5,0,1000,4,1,0.4888284507355,0,10,6194.845484,619.4845484,21009.22741842,326,313,0,0,0.0026706,convex_mesh_per_channel
909,4,710910,10,2,5,0,1000,4,1,0.4888284507355,5,10,6204.15644,620.415644,20455.78220452,345,329,3,0,0.0085822,convex_mesh_per_channel
910,4,710911,10,2,5,0,1250,0,0,0.3808590142262,0,10,7393.88288,739.388288,27039.41429257,275,255,102,2,0.0043381,convex_mesh_per_channel
910,4,710911,10,2,5,0,1250,0,0,0.3808590142262,5,10,7406.65314,740.665314,26443.26558001,297,277,102,2,0.0143863,convex_mesh_per_channel
911,4,710912,10,2,5,0,1500,1,1,0.3936777089692,0,10,7696.444616,769.6444616,28572.22308085,275,251,102,1,0.0047106,convex_mesh_per_channel
911,4,710912,10,2,5,0,1500,1,1,0.3936777089692,5,10,7366.981525,736.6981525,27419.90763286,258,237,102,1,0.0183666,convex_mesh_per_channel
912,4,710913,10,2,5,0,1000,2,0,0.6900664307174,0,10,6706.919181,670.6919181,23394.59592871,315,298,35,1,0.0025929,convex_mesh_per_channel
912,4,710913,10,2,5,0,1000,2,0,0.6900664307174,5,10,6614.748078,661.4748078,23438.74041528,298,276,37,1,0.0124538,convex_mesh_per_channel
913,4,710914,10,2,5,0,1250,3,1,0.356646941571,0,10,6711.920872,671.1920872,24004.60436386,312,295,2,1,0.0028278,convex_mesh_per_channel
913,4,710914,10,2,5,0,1250,3,1,0.356646941571,5,10,6380.893345,638.0893345,22729.46672432,299,284,2,1,0.0133097,convex_mesh_per_channel
914,4,710915,10,2,5,0,1500,4,0,0.8105128156968,0,10,6962.219447,696.2219447,26646.09726346,262,240,11,1,0.0048348,convex_mesh_per_channel
914,4,710915,10,2,5,0,1500,4,0,0.8105128156968,5,10,6036.249062,603.6249062,21816.24530292,272,254,3,0,0.0160261,convex_mesh_per_channel
915,4,710916,10,2,5,0,1000,0,1,0.3442688233367,0,10,6605.011996,660.5011996,23735.05999953,303,284,3,1,0.0030407,convex_mesh_per_channel
915,4,710916,10,2,5,0,1000,0,1,0.3442688233367,5,10,6598.909943,659.8909943,23694.5497332,303,286,3,1,0.0150072,convex_mesh_per_channel
916,4,710917,10,2,5,0,1250,1,0,0.403462768623,0,10,6926.778198,692.6778198,25113.89099306,280,256,66,3,0.0052242,convex_mesh_per_channel
916,4,710917,10,2,5,0,1250,1,0,0.403462768623,5,10,6273.767301,627.3767301,21838.83650002,311,292,3,0,0.011111,convex_mesh_per_channel
917,4,710918,10,2,5,0,1500,2,1,0.5009679167683,0,10,7077.081969,707.7081969,26480.40981618,272,248,41,2,0.0053609,convex_mesh_per_channel
917,4,710918,10,2,5,0,1500,2,1,0.5009679167683,5,10,6486.267647,648.6267647,24091.33824165,268,248,10,1,0.0155912,convex_mesh_per_channel
918,4,710919,10,2,5,0,1000,3,0,0.513717939083,0,10,5740.753706,574.0753706,20173.76854439,278,266,0,0,0.0039096,convex_mesh_per_channel
918,4,710919,10,2,5,0,1000,3,0,0.513717939083,5,10,6621.889228,662.1889228,23539.44611746,278,261,71,1,0.0162601,convex_mesh_per_channel
919,4,710920,10,2,5,0,1250,4,1,0.5977464876387,0,10,5950.97641,595.097641,21214.88207768,278,262,2,0,0.0045164,convex_mesh_per_channel
919,4,710920,10,2,5,0,1250,4,1,0.5977464876387,5,10,6346.11058,634.611058,23125.55290939,279,258,6,0,0.0144755,convex_mesh_per_channel
920,4,710921,10,2,5,0,1500,0,0,0.6984908225112,0,10,6066.774465,606.6774465,22053.87232683,271,251,0,0,0.0053853,convex_mesh_per_channel
920,4,710921,10,2,5,0,1500,0,0,0.6984908225112,5,10,5873.944481,587.3944481,21434.7224151,259,242,0,0,0.014926,convex_mesh_per_channel
921,4,710922,10,2,5,0,1000,1,1,0.2643194155989,0,10,6658.067145,665.8067145,24490.33573159,283,262,11,2,0.0040626,convex_mesh_per_channel
921,4,710922,10,2,5,0,1000,1,1,0.2643194155989,5,10,6336.591489,633.6591489,22712.95744597,288,268,12,1,0.0149143,convex_mesh_per_channel
922,4,710923,10,2,5,0,1250,2,0,0.548472967946,0,10,6358.173542,635.8173542,22900.86771496,290,269,3,1,0.0034106,convex_mesh_per_channel
922,4,710923,10,2,5,0,1250,2,0,0.548472967946,5,10,5837.193528,583.7193528,20755.96763996,274,257,3,0,0.0167157,convex_mesh_per_channel
923,4,710924,10,2,5,0,1500,3,1,0.2627438196564,0,10,6770.093311,677.0093311,25075.46657242,284,264,7,1,0.0037533,convex_mesh_per_channel
923,4,710924,10,2,5,0,1500,3,1,0.2627438196564,5,10,6383.265364,638.3265364,23381.32683181,276,256,7,1,0.0141312,convex_mesh_per_channel
924,4,710925,10,2,5,0,1000,4,0,0.4943725450828,0,10,6521.331419,652.1331419,22996.65710569,314,293,3,0,0.0029225,convex_mesh_per_channel
924,4,710925,10,2,5,0,1000,4,0,0.4943725450828,5,10,5970.791369,597.0791369,20498.95685602,305,287,3,0,0.0102034,convex_mesh_per_channel
925,4,710926,10,2,5,0,1250,0,1,0.499457258081,0,10,6509.159784,650.9159784,23300.7989303,297,278,12,1,0.0036245,convex_mesh_per_channel
925,4,710926,10,2,5,0,1250,0,1,0.499457258081,5,10,5647.284225,564.7284225,19656.42112567,280,266,0,0,0.014359,convex_mesh_per_channel
926,4,710927,10,2,5,0,1500,1,0,0.2376240464475,0,10,6044.01685,604.401685,22335.08424521,256,235,4,0,0.0051118,convex_mesh_per_channel
926,4,710927,10,2,5,0,1500,1,0,0.2376240464475,5,10,6010.808069,601.0808069,21864.04033592,266,243,5,0,0.017248,convex_mesh_per_channel
927,4,710928,10,2,5,0,1000,2,1,0.4210880962671,0,10,6375.169948,637.5169948,22470.84975055,307,293,1,0,0.0030331,convex_mesh_per_channel
927,4,710928,10,2,5,0,1000,2,1,0.4210880962671,5,10,6104.471682,610.4471682,21072.3584172,308,291,3,0,0.0121131,convex_mesh_per_channel
928,4,710929,10,2,5,0,1250,3,0,0.5596106198487,0,10,6957.795358,695.7795358,25618.976816,285,269,30,1,0.0036813,convex_mesh_per_channel
928,4,710929,10,2,5,0,1250,3,0,0.5596106198487,5,10,5683.904065,568.3904065,20259.52032068,266,252,0,0,0.016607,convex_mesh_per_channel
929,4,710930,10,2,5,0,1500,4,1,0.5137068880655,0,10,6666.352309,666.6352309,24906.76154301,274,241,8,1,0.0048506,convex_mesh_per_channel
929,4,710930,10,2,5,0,1500,4,1,0.5137068880655,5,10,6214.800333,621.4800333,23019.00166887,261,238,6,0,0.0241965,convex_mesh_per_channel
930,4,710931,10,2,5,1,1000,0,0,0.0001123883421726,0,10,6371.291864,637.1291864,23976.45930897,255,233,6,1,0.0056527,convex_mesh_per_channel
930,4,710931,10,2,5,1,1000,0,0,0.0001123883421726,5,10,6001.526199,600.1526199,21937.6309967,264,244,0,0,0.020824,convex_mesh_per_channel
931,4,710932,10,2,5,1,1250,1,1,0.000113990989318,0,10,6314.057738,631.4057738,23400.28869516,266,245,3,0,0.0051789,convex_mesh_per_channel
931,4,710932,10,2,5,1,1250,1,1,0.000113990989318,5,10,5901.088949,590.1088949,21425.44475203,263,242,3,0,0.0172514,convex_mesh_per_channel
932,4,710933,10,2,5,1,1500,2,0,0.0001610600795315,0,10,6401.619279,640.1619279,23878.09638603,265,239,4,0,0.0053426,convex_mesh_per_channel
932,4,710933,10,2,5,1,1500,2,0,0.0001610600795315,5,10,6358.017122,635.8017122,23885.08561945,257,237,3,0,0.022151,convex_mesh_per_channel
933,4,710934,10,2,5,1,1000,3,1,2.864636868798e-05,0,10,6188.637354,618.8637354,22618.18675937,273,250,0,0,0.0038257,convex_mesh_per_channel
933,4,710934,10,2,5,1,1000,3,1,2.864636868798e-05,5,10,6163.563753,616.3563753,22152.81877709,283,268,0,0,0.0152792,convex_mesh_per_channel
934,4,710935,10,2,5,1,1250,4,0,1.768357311471e-05,0,10,6222.480095,622.2480095,23107.40048855,261,240,2,1,0.0040469,convex_mesh_per_channel
934,4,710935,10,2,5,1,1250,4,0,1.768357311471e-05,5,10,6064.582004,606.4582004,22297.91003295,262,245,0,0,0.0237906,convex_mesh_per_channel
935,4,710936,10,2,5,1,1500,0,1,8.440551594351e-05,0,10,6210.87503,621.087503,23104.37515164,260,240,0,0,0.0056411,convex_mesh_per_channel
935,4,710936,10,2,5,1,1500,0,1,8.440551594351e-05,5,10,6138.35894,613.835894,22301.79470041,274,252,2,0,0.0228627,convex_mesh_per_channel
936,4,710937,10,2,5,1,1000,1,0,1.942940665153e-05,0,10,6505.838782,650.5838782,24159.19390543,274,248,2,1,0.003917,convex_mesh_per_channel
936,4,710937,10,2,5,1,1000,1,0,1.942940665153e-05,5,10,6081.369121,608.1369121,21886.84559495,277,254,5,0,0.0152936,convex_mesh_per_channel
937,4,710938,10,2,5,1,1250,2,1,6.436909629649e-05,0,10,6156.463808,615.6463808,22757.31904946,261,235,5,1,0.0042904,convex_mesh_per_channel
937,4,710938,10,2,5,1,1250,2,1,6.436909629649e-05,5,10,6637.19842,663.719842,24380.99211319,288,262,3,0,0.0227546,convex_mesh_per_channel
938,4,710939,10,2,5,1,1500,3,0,4.537825591438e-05,0,10,6316.006936,631.6006936,23840.0346917,252,232,2,1,0.0050388,convex_mesh_per_channel
938,4,710939,10,2,5,1,1500,3,0,4.537825591438e-05,5,10,6295.82566,629.582566,23519.1282985,259,241,2,1,0.0174841,convex_mesh_per_channel
939,4,710940,10,2,5,1,1000,4,1,0.0001006431218899,0,10,6460.486964,646.0486964,23252.43482606,294,275,5,1,0.0038446,convex_mesh_per_channel
939,4,710940,10,2,5,1,1000,4,1,0.0001006431218899,5,10,6254.073287,625.4073287,23085.3664427,265,244,6,1,0.0166935,convex_mesh_per_channel
940,4,710941,10,2,5,1,1250,0,0,4.033056995785e-05,0,10,6582.118478,658.2118478,24755.59240479,266,248,1,0,0.0050488,convex_mesh_per_channel
940,4,710941,10,2,5,1,1250,0,0,4.033056995785e-05,5,10,6157.153469,615.7153469,22395.76735113,274,258,0,0,0.0226808,convex_mesh_per_channel
941,4,710942,10,2,5,1,1500,1,1,4.728938123568e-05,0,10,7296.409717,729.6409717,27837.04865385,253,234,60,2,0.0045287,convex_mesh_per_channel
941,4,710942,10,2,5,1,1500,1,1,4.728938123568e-05,5,10,6780.566768,678.0566768,25312.83388004,268,244,28,1,0.0192957,convex_mesh_per_channel
942,4,710943,10,2,5,1,1000,2,0,5.272353304774e-05,0,10,6236.545213,623.6545213,23097.72606831,264,244,1,0,0.004065,convex_mesh_per_channel
942,4,710943,10,2,5,1,1000,2,0,5.272353304774e-05,5,10,6744.551251,674.4551251,24862.75625802,289,262,5,0,0.0194861,convex_mesh_per_channel
943,4,710944,10,2,5,1,1250,3,1,2.058620153887e-05,0,10,7239.356432,723.9356432,27026.78214976,283,261,36,2,0.003195,convex_mesh_per_channel
943,4,710944,10,2,5,1,1250,3,1,2.058620153887e-05,5,10,6033.214067,603.3214067,22016.07033784,267,245,0,1,0.0221995,convex_mesh_per_channel
944,4,710945,10,2,5,1,1500,4,0,9.022250310802e-05,0,10,6541.945381,654.1945381,25179.72692296,246,226,0,0,0.0052403,convex_mesh_per_channel
944,4,710945,10,2,5,1,1500,4,0,9.022250310802e-05,5,10,6872.217787,687.2217787,26511.0889408,256,228,4,0,0.0311393,convex_mesh_per_channel
945,4,710946,10,2,5,1,1000,0,1,4.938861997718e-05,0,10,6008.680064,600.8680064,21618.40032958,275,260,0,0,0.0032788,convex_mesh_per_channel
945,4,710946,10,2,5,1,1000,0,1,4.938861997718e-05,5,10,6211.231252,621.1231252,21941.15626821,298,283,0,0,0.0139848,convex_mesh_per_channel
946,4,710947,10,2,5,1,1250,1,0,4.840966513833e-05,0,10,6096.319996,609.6319996,22591.59997268,257,234,3,0,0.0051774,convex_mesh_per_channel
946,4,710947,10,2,5,1,1250,1,0,4.840966513833e-05,5,10,6661.701078,666.1701078,24758.50545314,264,241,33,1,0.0228544,convex_mesh_per_channel
947,4,710948,10,2,5,1,1500,2,1,4.399479576728e-05,0,10,7237.946972,723.7946972,26759.73484586,289,259,44,2,0.0033952,convex_mesh_per_channel
947,4,710948,10,2,5,1,1500,2,1,4.399479576728e-05,5,10,6501.88551,650.188551,24449.42755086,263,235,4,0,0.0279081,convex_mesh_per_channel
948,4,710949,10,2,5,1,1000,3,0,1.533453574738e-05,0,10,6104.898027,610.4898027,22389.49015327,266,247,0,0,0.0038028,convex_mesh_per_channel
948,4,710949,10,2,5,1,1000,3,0,1.533453574738e-05,5,10,6031.66091,603.166091,21258.30456508,291,275,0,0,0.0142309,convex_mesh_per_channel
949,4,710950,10,2,5,1,1250,4,1,9.984486568364e-05,0,10,6093.622232,609.3622232,22363.11117107,264,245,2,0,0.0047411,convex_mesh_per_channel
949,4,710950,10,2,5,1,1250,4,1,9.984486568364e-05,5,10,6133.643328,613.3643328,22398.21665433,269,250,3,0,0.0144501,convex_mesh_per_channel
950,4,710951,10,2,5,1,1500,0,0,0.000136274991654,0,10,7170.093488,717.0093488,27340.46744958,278,244,6,2,0.0044884,convex_mesh_per_channel
950,4,710951,10,2,5,1,1500,0,0,0.000136274991654,5,10,6194.501166,619.4501166,23007.50583994,261,238,0,0,0.0247463,convex_mesh_per_channel
951,4,710952,10,2,5,1,1000,1,1,3.73233827393e-05,0,10,6220.900535,622.0900535,21984.50268157,298,275,3,0,0.003319,convex_mesh_per_channel
951,4,710952,10,2,5,1,1000,1,1,3.73233827393e-05,5,10,6427.469321,642.7469321,23362.34660979,286,263,4,0,0.015448,convex_mesh_per_channel
952,4,710953,10,2,5,1,1250,2,0,9.080143841562e-06,0,10,6069.673948,606.9673948,22193.36974595,266,245,2,0,0.0050368,convex_mesh_per_channel
952,4,710953,10,2,5,1,1250,2,0,9.080143841562e-06,5,10,6054.240209,605.4240209,22026.20104829,269,245,3,0,0.0232324,convex_mesh_per_channel
953,4,710954,10,2,5,1,1500,3,1,8.845402685086e-05,0,10,6551.914358,655.1914358,22659.57178882,331,306,3,1,0.002957,convex_mesh_per_channel
953,4,710954,10,2,5,1,1500,3,1,8.845402685086e-05,5,10,6300.222035,630.0222035,21261.11018613,336,312,2,1,0.0115139,convex_mesh_per_channel
954,4,710955,10,2,5,1,1000,4,0,4.233289657281e-05,0,10,7006.808159,700.6808159,25974.04079098,296,276,2,1,0.0037302,convex_mesh_per_channel
954,4,710955,10,2,5,1,1000,4,0,4.233289657281e-05,5,10,6300.365953,630.0365953,22461.82976591,295,274,3,0,0.0138404,convex_mesh_per_channel
955,4,710956,10,2,5,1,1250,0,1,0.0001382040944932,0,10,7109.423291,710.9423291,27952.11648681,241,219,15,2,0.0065938,convex_mesh_per_channel
955,4,710956,10,2,5,1,1250,0,1,0.0001382040944932,5,10,6944.909117,694.4909117,26259.54561592,270,251,14,2,0.0163765,convex_mesh_per_channel
956,4,710957,10,2,5,1,1500,1,0,1.40074942666e-05,0,10,6559.114709,655.9114709,24205.57354341,281,251,4,1,0.0045714,convex_mesh_per_channel
956,4,710957,10,2,5,1,1500,1,0,1.40074942666e-05,5,10,6031.004143,603.1004143,21995.0207074,265,248,3,0,0.0163604,convex_mesh_per_channel
957,4,710958,10,2,5,1,1000,2,1,5.304043867817e-05,0,10,6594.418669,659.4418669,24432.093343,279,257,2,1,0.0032157,convex_mesh_per_channel
957,4,710958,10,2,5,1,1000,2,1,5.304043867817e-05,5,10,6242.969712,624.2969712,22074.8485708,299,280,1,0,0.0163426,convex_mesh_per_channel
958,4,710959,10,2,5,1,1250,3,0,0.0001142532541173,0,10,6385.680945,638.5680945,23553.40468273,262,243,24,1,0.0045804,convex_mesh_per_channel
958,4,710959,10,2,5,1,1250,3,0,0.0001142532541173,5,10,6239.138248,623.9138248,23085.69120213,253,235,24,1,0.0203941,convex_mesh_per_channel
959,4,710960,10,2,5,1,1500,4,1,7.177678968476e-05,0,10,6503.569661,650.3569661,22977.84831449,311,288,5,0,0.0031346,convex_mesh_per_channel
959,4,710960,10,2,5,1,1500,4,1,7.177678968476e-05,5,10,6234.676634,623.4676634,22713.38318161,276,247,5,1,0.0219732,convex_mesh_per_channel
960,4,710961,10,2,5,2,1000,0,0,0.04409861672888,0,10,6679.949802,667.9949802,24454.74902691,277,255,33,1,0.0037915,convex_mesh_per_channel
960,4,710961,10,2,5,2,1000,0,0,0.04409861672888,5,10,6389.41819,638.941819,24092.09096621,241,220,32,1,0.0184203,convex_mesh_per_channel
961,4,710962,10,2,5,2,1250,1,1,0.02389585036117,0,10,6284.342482,628.4342482,23196.71236815,257,235,25,1,0.005642,convex_mesh_per_channel
961,4,710962,10,2,5,2,1250,1,1,0.02389585036117,5,10,6360.144346,636.0144346,23360.72173638,276,252,2,0,0.0188043,convex_mesh_per_channel
962,4,710963,10,2,5,2,1500,2,0,0.04153536946415,0,10,6835.962952,683.5962952,25234.81468777,246,218,97,2,0.006246,convex_mesh_per_channel
962,4,710963,10,2,5,2,1500,2,0,0.04153536946415,5,10,6171.66774,617.166774,22403.33870906,275,248,6,1,0.0204583,convex_mesh_per_channel
963,4,710964,10,2,5,2,1000,3,1,0.01980799632648,0,10,6314.027332,631.4027332,23205.13664417,256,235,36,1,0.0052031,convex_mesh_per_channel
963,4,710964,10,2,5,2,1000,3,1,0.01980799632648,5,10,5841.470333,584.1470333,20497.35166678,285,267,0,0,0.0156206,convex_mesh_per_channel
964,4,710965,10,2,5,2,1250,4,0,0.03871622360839,0,10,5596.102252,559.6102252,20235.51127205,253,228,2,1,0.0061622,convex_mesh_per_channel
964,4,710965,10,2,5,2,1250,4,0,0.03871622360839,5,10,5867.173075,586.7173075,20790.8653827,280,253,2,1,0.0170513,convex_mesh_per_channel
965,4,710966,10,2,5,2,1500,0,1,0.04043754903056,0,10,5996.161374,599.6161374,21850.80687261,266,246,0,0,0.0045506,convex_mesh_per_channel
965,4,710966,10,2,5,2,1500,0,1,0.04043754903056,5,10,5553.837906,555.3837906,19809.18953827,260,242,0,0,0.0194434,convex_mesh_per_channel
966,4,710967,10,2,5,2,1000,1,0,0.02789085621552,0,10,5979.425736,597.9425736,22057.12869103,255,234,3,0,0.0053297,convex_mesh_per_channel
966,4,710967,10,2,5,2,1000,1,0,0.02789085621552,5,10,5638.496318,563.8496318,20617.48160132,246,223,4,0,0.0264934,convex_mesh_per_channel
967,4,710968,10,2,5,2,1250,2,1,0.02086487789315,0,10,6471.59545,647.159545,24622.97725609,253,226,2,2,0.0061217,convex_mesh_per_channel
967,4,710968,10,2,5,2,1250,2,1,0.02086487789315,5,10,6341.692393,634.1692393,23973.46197346,253,226,2,1,0.0234632,convex_mesh_per_channel
968,4,710969,10,2,5,2,1500,3,0,0.02111404065394,0,10,5890.429469,589.0429469,22167.14735614,238,217,0,0,0.0067701,convex_mesh_per_channel
968,4,710969,10,2,5,2,1500,3,0,0.02111404065394,5,10,5796.16638,579.616638,21120.8319055,257,237,0,0,0.0251012,convex_mesh_per_channel
969,4,710970,10,2,5,2,1000,4,1,0.05267994009653,0,10,6281.003705,628.1003705,23055.018537,273,246,3,1,0.0042695,convex_mesh_per_channel
969,4,710970,10,2,5,2,1000,4,1,0.05267994009653,5,10,5922.851688,592.2851688,21679.25845532,259,239,1,0,0.0187487,convex_mesh_per_channel
970,4,710971,10,2,5,2,1250,0,0,0.02026471005552,0,10,5843.24378,584.324378,21921.21890396,238,219,0,0,0.0063384,convex_mesh_per_channel
970,4,710971,10,2,5,2,1250,0,0,0.02026471005552,5,10,5721.439777,572.1439777,21132.19887348,244,225,0,0,0.0288537,convex_mesh_per_channel
971,4,710972,10,2,5,2,1500,1,1,0.03253060647021,0,10,5951.682618,595.1682618,22218.4130882,245,221,4,0,0.0079227,convex_mesh_per_channel
971,4,710972,10,2,5,2,1500,1,1,0.03253060647021,5,10,6470.312448,647.0312448,23076.56225097,302,274,7,1,0.0170485,convex_mesh_per_channel
972,4,710973,10,2,5,2,1000,2,0,0.05462911890429,0,10,6070.169086,607.0169086,22970.84543415,237,217,8,1,0.0071346,convex_mesh_per_channel
972,4,710973,10,2,5,2,1000,2,0,0.05462911890429,5,10,5734.382811,573.4382811,20536.91405591,266,247,0,0,0.0175684,convex_mesh_per_channel
973,4,710974,10,2,5,2,1250,3,1,0.09901329031415,0,10,6096.106545,609.6106545,21875.53273159,282,261,0,1,0.0048693,convex_mesh_per_channel
973,4,710974,10,2,5,2,1250,3,1,0.09901329031415,5,10,5883.355828,588.3355828,21576.77914376,256,238,0,1,0.0177859,convex_mesh_per_channel
974,4,710975,10,2,5,2,1500,4,0,0.02560542266069,0,10,6075.844249,607.5844249,22549.22126526,255,232,3,0,0.0055873,convex_mesh_per_channel
974,4,710975,10,2,5,2,1500,4,0,0.02560542266069,5,10,6449.195455,644.9195455,24435.97727343,255,231,2,0,0.0247107,convex_mesh_per_channel
975,4,710976,10,2,5,2,1000,0,1,0.01921916381369,0,10,6434.253478,643.4253478,24141.26738635,262,240,2,1,0.0055333,convex_mesh_per_channel
975,4,710976,10,2,5,2,1000,0,1,0.01921916381369,5,10,6127.22115,612.722115,22741.10574437,257,238,2,1,0.0185261,convex_mesh_per_channel
976,4,710977,10,2,5,2,1250,1,0,0.03682207661296,0,10,6315.173546,631.5173546,23085.86774441,274,251,9,1,0.0055399,convex_mesh_per_channel
976,4,710977,10,2,5,2,1250,1,0,0.03682207661296,5,10,6601.556753,660.1556753,24947.78378128,260,238,8,1,0.0186636,convex_mesh_per_channel
977,4,710978,10,2,5,2,1500,2,1,0.02438584509405,0,10,6490.14987,649.014987,24825.74936093,242,220,15,1,0.0048164,convex_mesh_per_channel
977,4,710978,10,2,5,2,1500,2,1,0.02438584509405,5,10,6441.658672,644.1658672,23363.29336952,289,262,4,0,0.0189916,convex_mesh_per_channel
978,4,710979,10,2,5,2,1000,3,0,0.03680241644737,0,10,6100.180904,610.0180904,22935.90453433,247,228,0,0,0.0041293,convex_mesh_per_channel
978,4,710979,10,2,5,2,1000,3,0,0.03680241644737,5,10,5460.887004,546.0887004,19044.43501083,270,252,0,0,0.0177537,convex_mesh_per_channel
979,4,710980,10,2,5,2,1250,4,1,0.05108501528339,0,10,6091.256877,609.1256877,22346.28439241,264,243,3,0,0.0049111,convex_mesh_per_channel
979,4,710980,10,2,5,2,1250,4,1,0.05108501528339,5,10,6276.623811,627.6623811,23233.11906796,265,243,4,1,0.0165589,convex_mesh_per_channel
980,4,710981,10,2,5,2,1500,0,0,0.02892619333169,0,10,5704.811305,570.4811305,21294.05652855,236,216,0,0,0.0068835,convex_mesh_per_channel
980,4,710981,10,2,5,2,1500,0,0,0.02892619333169,5,10,5615.862875,561.5862875,20099.314381,261,241,0,0,0.0241864,convex_mesh_per_channel
981,4,710982,10,2,5,2,1000,1,1,0.03835054927072,0,10,5893.117949,589.3117949,21085.58974606,274,253,1,0,0.0050105,convex_mesh_per_channel
981,4,710982,10,2,5,2,1000,1,1,0.03835054927072,5,10,5774.36535,577.436535,21411.82675456,243,221,2,0,0.0223494,convex_mesh_per_channel
982,4,710983,10,2,5,2,1250,2,0,0.0393848697771,0,10,5848.967948,584.8967948,21489.83974478,253,236,0,0,0.0056311,convex_mesh_per_channel
982,4,710983,10,2,5,2,1250,2,0,0.0393848697771,5,10,5622.15577,562.215577,20105.77884653,261,240,2,0,0.0209444,convex_mesh_per_channel
983,4,710984,10,2,5,2,1500,3,1,0.03824426572762,0,10,6673.192616,667.3192616,24585.96298216,250,228,76,1,0.0058998,convex_mesh_per_channel
983,4,710984,10,2,5,2,1500,3,1,0.03824426572762,5,10,5813.018555,581.3018555,21460.09278249,249,226,0,0,0.0286752,convex_mesh_per_channel
984,4,710985,10,2,5,2,1000,4,0,0.02983665875396,0,10,6232.122956,623.2122956,23500.61477499,246,228,8,1,0.0055444,convex_mesh_per_channel
984,4,710985,10,2,5,2,1000,4,0,0.02983665875396,5,10,5684.641161,568.4641161,20293.20580486,265,245,2,0,0.018396,convex_mesh_per_channel
985,4,710986,10,2,5,2,1250,0,1,0.02816365058903,0,10,6563.697445,656.3697445,24658.48723385,261,241,12,1,0.0048334,convex_mesh_per_channel
985,4,710986,10,2,5,2,1250,0,1,0.02816365058903,5,10,5975.903573,597.5903573,21874.51787467,262,241,0,0,0.0199307,convex_mesh_per_channel
986,4,710987,10,2,5,2,1500,1,0,0.03797629626086,0,10,5730.377708,573.0377708,21406.88853264,236,219,0,0,0.0047991,convex_mesh_per_channel
986,4,710987,10,2,5,2,1500,1,0,0.03797629626086,5,10,6099.106,609.9106,21705.52999603,286,260,6,0,0.0163445,convex_mesh_per_channel
987,4,710988,10,2,5,2,1000,2,1,0.09756707140181,0,10,7153.196427,715.3196427,26460.98199052,250,225,112,2,0.0068975,convex_mesh_per_channel
987,4,710988,10,2,5,2,1000,2,1,0.09756707140181,5,10,5596.925573,559.6925573,20459.62787545,245,224,2,0,0.0209477,convex_mesh_per_channel
988,4,710989,10,2,5,2,1250,3,0,0.05363574412709,0,10,5697.160284,569.7160284,21145.80142234,240,218,0,0,0.0051326,convex_mesh_per_channel
988,4,710989,10,2,5,2,1250,3,0,0.05363574412709,5,10,5717.636172,571.7636172,20888.18085838,252,230,0,0,0.0236454,convex_mesh_per_channel
989,4,710990,10,2,5,2,1500,4,1,0.05932835563655,0,10,7732.563316,773.2563316,28592.81645568,241,219,180,2,0.0049015,convex_mesh_per_channel
989,4,710990,10,2,5,2,1500,4,1,0.05932835563655,5,10,7048.661732,704.8661732,25688.30853239,267,241,95,1,0.0221181,convex_mesh_per_channel
990,4,710991,10,2,10,0,1000,0,0,0.4488676972083,0,10,6908.102251,690.8102251,24880.51126057,308,291,17,1,0.0031713,convex_mesh_per_channel
990,4,710991,10,2,10,0,1000,0,0,0.4488676972083,5,10,6271.93153,627.193153,21854.65765005,303,285,17,1,0.0123631,convex_mesh_per_channel
991,4,710992,10,2,10,0,1250,1,1,0.747992698856,0,10,6560.67802,656.067802,24108.3901104,281,266,6,1,0.0034762,convex_mesh_per_channel
991,4,710992,10,2,10,0,1250,1,1,0.747992698856,5,10,6395.103044,639.5103044,23195.5152217,283,261,10,1,0.0177701,convex_mesh_per_channel
992,4,710993,10,2,10,0,1500,2,0,0.6386890753664,0,10,6880.525093,688.0525093,25812.62546621,280,259,3,1,0.0037427,convex_mesh_per_channel
992,4,710993,10,2,10,0,1500,2,0,0.6386890753664,5,10,6397.019697,639.7019697,22475.09849101,310,290,4,1,0.0123881,convex_mesh_per_channel
993,4,710994,10,2,10,0,1000,3,1,0.8262190809764,0,10,6480.515691,648.0515691,23147.57846469,299,282,8,1,0.0030234,convex_mesh_per_channel
993,4,710994,10,2,10,0,1000,3,1,0.8262190809764,5,10,6229.954337,622.9954337,22304.77168433,285,270,8,1,0.0178031,convex_mesh_per_channel
994,4,710995,10,2,10,0,1250,4,0,0.6043328623944,0,10,6888.980634,688.8980634,24404.90317389,329,304,3,1,0.0025322,convex_mesh_per_channel
994,4,710995,10,2,10,0,1250,4,0,0.6043328623944,5,10,6139.870641,613.9870641,21994.35321374,284,262,3,0,0.0159177,convex_mesh_per_channel
995,4,710996,10,2,10,0,1500,0,1,0.4000896497485,0,10,6772.163165,677.2163165,24100.81583985,320,299,1,1,0.0024918,convex_mesh_per_channel
995,4,710996,10,2,10,0,1500,0,1,0.4000896497485,5,10,6393.553918,639.3553918,22427.76959883,313,293,0,1,0.0112162,convex_mesh_per_channel
996,4,710997,10,2,10,0,1000,1,0,0.5560284064702,0,10,6071.314946,607.1314946,21481.57473516,290,275,0,0,0.0031057,convex_mesh_per_channel
996,4,710997,10,2,10,0,1000,1,0,0.5560284064702,5,10,5737.230784,573.7230784,20096.15392979,279,261,4,0,0.0197331,convex_mesh_per_channel
997,4,710998,10,2,10,0,1250,2,1,0.3725994392086,0,10,6839.280469,683.9280469,23601.40236002,348,317,4,1,0.0024914,convex_mesh_per_channel
997,4,710998,10,2,10,0,1250,2,1,0.3725994392086,5,10,6474.696443,647.4696443,22193.48221899,333,303,6,1,0.0105545,convex_mesh_per_channel
998,4,710999,10,2,10,0,1500,3,0,0.6044874810002,0,10,6471.616106,647.1616106,23628.08053339,286,266,0,0,0.0034582,convex_mesh_per_channel
998,4,710999,10,2,10,0,1500,3,0,0.6044874810002,5,10,5745.4454,574.54454,19992.22702043,285,272,0,0,0.0148838,convex_mesh_per_channel
999,4,711000,10,2,10,0,1000,4,1,0.3911650413819,0,10,6465.721489,646.5721489,23763.60745172,279,259,3,0,0.0040413,convex_mesh_per_channel
999,4,711000,10,2,10,0,1000,4,1,0.3911650413819,5,10,5744.451105,574.4451105,19837.25553022,289,270,4,0,0.0144059,convex_mesh_per_channel
1000,4,711001,10,2,10,0,1250,0,0,0.568334773265,0,10,6762.425893,676.2425893,24937.12948988,287,266,8,1,0.003493,convex_mesh_per_channel
1000,4,711001,10,2,10,0,1250,0,0,0.568334773265,5,10,6130.382002,613.0382002,22246.910019,275,256,0,0,0.0212038,convex_mesh_per_channel
1001,4,711002,10,2,10,0,1500,1,1,0.5220435090521,0,10,6772.56341,677.256341,24767.81705952,296,274,5,0,0.0036391,convex_mesh_per_channel
1001,4,711002,10,2,10,0,1500,1,1,0.5220435090521,5,10,6250.439434,625.0439434,21997.1971687,300,277,8,0,0.0142334,convex_mesh_per_channel
1002,4,711003,10,2,10,0,1000,2,0,0.6148507355715,0,10,7027.244603,702.7244603,25351.22302557,318,299,6,1,0.0027297,convex_mesh_per_channel
1002,4,711003,10,2,10,0,1000,2,0,0.6148507355715,5,10,6542.342237,654.2342237,22756.71119454,323,302,8,1,0.0119191,convex_mesh_per_channel
1003,4,711004,10,2,10,0,1250,3,1,0.3020745895066,0,10,7000.547059,700.0547059,26357.73529936,280,261,6,2,0.0034162,convex_mesh_per_channel
1003,4,711004,10,2,10,0,1250,3,1,0.3020745895066,5,10,6791.034575,679.1034575,24240.17287683,316,295,6,2,0.0109691,convex_mesh_per_channel
1004,4,711005,10,2,10,0,1500,4,0,0.3701512265447,0,10,6806.651823,680.6651823,23688.25912537,340,313,2,1,0.0028062,convex_mesh_per_channel
1004,4,711005,10,2,10,0,1500,4,0,0.3701512265447,5,10,6760.086415,676.0086415,23455.43208668,340,313,2,1,0.0106693,convex_mesh_per_channel
1005,4,711006,10,2,10,0,1000,0,1,0.4544330718435,0,10,6524.318639,652.4318639,22496.59321277,329,312,6,1,0.0026243,convex_mesh_per_channel
1005,4,711006,10,2,10,0,1000,0,1,0.4544330718435,5,10,6389.895761,638.9895761,22344.47882645,311,295,7,1,0.0110341,convex_mesh_per_channel
1006,4,711007,10,2,10,0,1250,1,0,0.7414571082031,0,10,6664.607673,666.4607673,23903.03840059,294,277,29,1,0.0033465,convex_mesh_per_channel
1006,4,711007,10,2,10,0,1250,1,0,0.7414571082031,5,10,6289.022884,628.9022884,22020.11444497,294,275,30,1,0.0107849,convex_mesh_per_channel
1007,4,711008,10,2,10,0,1500,2,1,0.797679740277,0,10,6911.958569,691.1958569,24719.79285143,320,294,8,0,0.002992,convex_mesh_per_channel
1007,4,711008,10,2,10,0,1500,2,1,0.797679740277,5,10,6476.738222,647.6738222,23383.69110176,292,260,10,1,0.0159296,convex_mesh_per_channel
1008,4,711009,10,2,10,0,1000,3,0,0.6325264551927,0,10,6846.186562,684.6186562,24895.93281805,305,292,0,0,0.0029307,convex_mesh_per_channel
1008,4,711009,10,2,10,0,1000,3,0,0.6325264551927,5,10,5566.857417,556.6857417,19209.28707585,281,270,0,0,0.0188171,convex_mesh_per_channel
1009,4,711010,10,2,10,0,1250,4,1,0.6237559178155,0,10,6774.722007,677.4722007,24233.61004359,315,294,3,2,0.0030371,convex_mesh_per_channel
1009,4,711010,10,2,10,0,1250,4,1,0.6237559178155,5,10,6306.989939,630.6989939,22004.94969115,311,292,3,1,0.0130484,convex_mesh_per_channel
1010,4,711011,10,2,10,0,1500,0,0,0.3338921709398,0,10,6691.421049,669.1421049,23547.10526212,325,307,0,0,0.0025676,convex_mesh_per_channel
1010,4,711011,10,2,10,0,1500,0,0,0.3338921709398,5,10,6399.827692,639.9827692,23044.13847351,293,273,1,0,0.0139113,convex_mesh_per_channel
1011,4,711012,10,2,10,0,1000,1,1,0.3346757930115,0,10,6959.003617,695.9003617,24760.01809206,324,304,11,1,0.0030672,convex_mesh_per_channel
1011,4,711012,10,2,10,0,1000,1,1,0.3346757930115,5,10,6618.609393,661.8609393,23808.04697167,299,279,11,1,0.0134201,convex_mesh_per_channel
1012,4,711013,10,2,10,0,1250,2,0,0.6618461438931,0,10,7007.239182,700.7239182,25071.19591376,312,290,31,1,0.0025711,convex_mesh_per_channel
1012,4,711013,10,2,10,0,1250,2,0,0.6618461438931,5,10,6880.979797,688.0979797,24154.89895539,329,307,16,1,0.0123398,convex_mesh_per_channel
1013,4,711014,10,2,10,0,1500,3,1,0.628607706698,0,10,6794.418656,679.4418656,24057.09328441,321,304,8,1,0.0027472,convex_mesh_per_channel
1013,4,711014,10,2,10,0,1500,3,1,0.628607706698,5,10,6714.644819,671.4644819,24753.22410249,285,265,8,1,0.0131625,convex_mesh_per_channel
1014,4,711015,10,2,10,0,1000,4,0,0.3218324498539,0,10,6127.502401,612.7502401,21857.51200698,287,271,0,0,0.0041592,convex_mesh_per_channel
1014,4,711015,10,2,10,0,1000,4,0,0.3218324498539,5,10,5332.739026,533.2739026,18818.69513356,255,241,1,0,0.0213671,convex_mesh_per_channel
1015,4,711016,10,2,10,0,1250,0,1,0.5182403257388,0,10,6401.057004,640.1057004,23085.28503275,292,274,0,0,0.0031023,convex_mesh_per_channel
1015,4,711016,10,2,10,0,1250,0,1,0.5182403257388,5,10,6239.605757,623.9605757,22673.02879845,279,260,0,0,0.0168685,convex_mesh_per_channel
1016,4,711017,10,2,10,0,1500,1,0,0.5201502160334,0,10,6455.649463,645.5649463,23153.24731877,297,275,5,1,0.0034316,convex_mesh_per_channel
1016,4,711017,10,2,10,0,1500,1,0,0.5201502160334,5,10,6323.520133,632.3520133,22432.60066158,299,277,5,0,0.0135013,convex_mesh_per_channel
1017,4,711018,10,2,10,0,1000,2,1,0.6124486425373,0,10,7389.324227,738.9324227,27106.62117197,316,293,15,2,0.0032317,convex_mesh_per_channel
1017,4,711018,10,2,10,0,1000,2,1,0.6124486425373,5,10,6611.702003,661.1702003,23628.51003556,302,284,14,2,0.0143635,convex_mesh_per_channel
1018,4,711019,10,2,10,0,1250,3,0,0.6714023069185,0,10,6592.471352,659.2471352,23677.35678479,303,286,2,0,0.0028592,convex_mesh_per_channel
1018,4,711019,10,2,10,0,1250,3,0,0.6714023069185,5,10,5985.65713,598.565713,19618.28565566,338,316,2,1,0.0094348,convex_mesh_per_channel
1019,4,711020,10,2,10,0,1500,4,1,0.7714008392963,0,10,6713.486607,671.3486607,23347.43305047,334,303,7,1,0.0026054,convex_mesh_per_channel
1019,4,711020,10,2,10,0,1500,4,1,0.7714008392963,5,10,7040.751968,704.0751968,25383.7598483,321,297,4,0,0.0137159,convex_mesh_per_channel
1020,4,711021,10,2,10,1,1000,0,0,7.378161561723e-05,0,10,6487.885959,648.7885959,23994.42979971,276,259,0,0,0.0036765,convex_mesh_per_channel
1020,4,711021,10,2,10,1,1000,0,0,7.378161561723e-05,5,10,6114.301657,611.4301657,22486.50830325,264,247,0,0,0.0253531,convex_mesh_per_channel
1021,4,711022,10,2,10,1,1250,1,1,5.634586379912e-05,0,10,6861.033214,686.1033214,25575.16606951,286,260,2,0,0.0034559,convex_mesh_per_channel
1021,4,711022,10,2,10,1,1250,1,1,5.634586379912e-05,5,10,6752.868311,675.2868311,24489.34155436,303,281,3,0,0.0158031,convex_mesh_per_channel
1022,4,711023,10,2,10,1,1500,2,0,7.992106411819e-05,0,10,6819.123342,681.9123342,25060.61670377,292,270,9,1,0.0041715,convex_mesh_per_channel
1022,4,711023,10,2,10,1,1500,2,0,7.992106411819e-05,5,10,6953.804547,695.3804547,25724.02272504,292,269,10,1,0.021156,convex_mesh_per_channel
1023,4,711024,10,2,10,1,1000,3,1,3.90871813185e-05,0,10,6805.650293,680.5650293,25263.25147834,287,268,0,0,0.0039532,convex_mesh_per_channel
1023,4,711024,10,2,10,1,1000,3,1,3.90871813185e-05,5,10,6578.989969,657.8989969,24134.94983783,287,267,0,0,0.019674,convex_mesh_per_channel
1024,4,711025,10,2,10,1,1250,4,0,3.776460918977e-05,0,10,6178.327435,617.8327435,22761.63717843,265,245,2,0,0.0046765,convex_mesh_per_channel
1024,4,711025,10,2,10,1,1250,4,0,3.776460918977e-05,5,10,6270.328445,627.0328445,23361.64224229,261,243,0,0,0.0255782,convex_mesh_per_channel
1025,4,711026,10,2,10,1,1500,0,1,9.171111489366e-05,0,10,6959.672253,695.9672253,26013.36126779,289,262,0,1,0.0042692,convex_mesh_per_channel
1025,4,711026,10,2,10,1,1500,0,1,9.171111489366e-05,5,10,7077.772742,707.7772742,26413.86370983,291,263,9,2,0.0211516,convex_mesh_per_channel
1026,4,711027,10,2,10,1,1000,1,0,9.263069061073e-05,0,10,6909.406545,690.9406545,25802.03272052,280,263,12,1,0.0043262,convex_mesh_per_channel
1026,4,711027,10,2,10,1,1000,1,0,9.263069061073e-05,5,10,6544.920099,654.4920099,24219.60051246,272,249,14,1,0.0205092,convex_mesh_per_channel
1027,4,711028,10,2,10,1,1250,2,1,1.640424455243e-05,0,10,7013.393727,701.3393727,26036.96867405,286,263,21,2,0.0034095,convex_mesh_per_channel
1027,4,711028,10,2,10,1,1250,2,1,1.640424455243e-05,5,10,6585.822014,658.5822014,23509.11007712,303,283,12,1,0.0150372,convex_mesh_per_channel
1028,4,711029,10,2,10,1,1500,3,0,5.739787915318e-05,0,10,7135.728592,713.5728592,26938.64294787,263,245,46,2,0.0042286,convex_mesh_per_channel
1028,4,711029,10,2,10,1,1500,3,0,5.739787915318e-05,5,10,6907.023586,690.7023586,25585.11791334,273,249,42,2,0.0227586,convex_mesh_per_channel
1029,4,711030,10,2,10,1,1000,4,1,0.0001202782705063,0,10,7130.06981,713.006981,26205.34905789,302,281,16,2,0.003841,convex_mesh_per_channel
1029,4,711030,10,2,10,1,1000,4,1,0.0001202782705063,5,10,6919.525395,691.9525395,25107.62697721,303,282,17,2,0.0141839,convex_mesh_per_channel
1030,4,711031,10,2,10,1,1250,0,0,3.111122546802e-05,0,10,6273.81092,627.381092,23454.05461772,259,238,0,0,0.0065129,convex_mesh_per_channel
1030,4,711031,10,2,10,1,1250,0,0,3.111122546802e-05,5,10,6350.4848,635.04848,23817.42400752,260,237,0,0,0.0280001,convex_mesh_per_channel
1031,4,711032,10,2,10,1,1500,1,1,7.602118782843e-05,0,10,7265.213558,726.5213558,27466.06777491,286,262,10,1,0.0033273,convex_mesh_per_channel
1031,4,711032,10,2,10,1,1500,1,1,7.602118782843e-05,5,10,6885.912314,688.5912314,25544.5615578,287,262,10,1,0.0232822,convex_mesh_per_channel
1032,4,711033,10,2,10,1,1000,2,0,8.876173280794e-05,0,10,6614.330258,661.4330258,23781.65130793,304,282,2,0,0.0033425,convex_mesh_per_channel
1032,4,711033,10,2,10,1,1000,2,0,8.876173280794e-05,5,10,6907.856161,690.7856161,24529.28080363,328,309,1,0,0.0107733,convex_mesh_per_channel
1033,4,711034,10,2,10,1,1250,3,1,9.783262204178e-05,0,10,6785.770443,678.5770443,25383.85222333,280,259,0,0,0.0045425,convex_mesh_per_channel
1033,4,711034,10,2,10,1,1250,3,1,9.783262204178e-05,5,10,6471.326302,647.1326302,23861.63150998,278,259,0,0,0.0215444,convex_mesh_per_channel
1034,4,711035,10,2,10,1,1500,4,0,2.836431056227e-05,0,10,7260.818706,726.0818706,26404.09344828,295,275,60,1,0.0038577,convex_mesh_per_channel
1034,4,711035,10,2,10,1,1500,4,0,2.836431056227e-05,5,10,7194.80268,719.480268,26009.01332728,297,275,61,1,0.0155284,convex_mesh_per_channel
1035,4,711036,10,2,10,1,1000,0,1,4.78933150563e-05,0,10,6938.836487,693.8836487,25839.18243935,287,268,6,2,0.0039619,convex_mesh_per_channel
1035,4,711036,10,2,10,1,1000,0,1,4.78933150563e-05,5,10,6843.972438,684.3972438,25189.8622029,293,273,6,2,0.0191521,convex_mesh_per_channel
1036,4,711037,10,2,10,1,1250,1,0,2.813220442779e-05,0,10,6780.771203,678.0771203,25283.85600443,282,261,1,0,0.004294,convex_mesh_per_channel
1036,4,711037,10,2,10,1,1250,1,0,2.813220442779e-05,5,10,6480.051027,648.0051027,23935.25514761,277,258,0,0,0.0202549,convex_mesh_per_channel
1037,4,711038,10,2,10,1,1500,2,1,6.687368256903e-05,0,10,7289.522902,728.9522902,27922.61452505,274,246,13,2,0.0051018,convex_mesh_per_channel
1037,4,711038,10,2,10,1,1500,2,1,6.687368256903e-05,5,10,6989.706024,698.9706024,26243.53013053,279,251,15,2,0.0200898,convex_mesh_per_channel
1038,4,711039,10,2,10,1,1000,3,0,0.0001187007418673,0,10,6579.123091,657.9123091,24350.61547207,280,259,0,0,0.0036489,convex_mesh_per_channel
1038,4,711039,10,2,10,1,1000,3,0,0.0001187007418673,5,10,6384.165252,638.4165252,23675.8262612,270,249,0,0,0.0270143,convex_mesh_per_channel
1039,4,711040,10,2,10,1,1250,4,1,0.0001112707407598,0,10,7267.436001,726.7436001,26682.18002733,308,275,22,1,0.0030966,convex_mesh_per_channel
1039,4,711040,10,2,10,1,1250,4,1,0.0001112707407598,5,10,6425.304474,642.5304474,22701.52236346,308,283,4,0,0.0158352,convex_mesh_per_channel
1040,4,711041,10,2,10,1,1500,0,0,3.291778617945e-05,0,10,6869.311426,686.9311426,25976.55713749,273,244,5,1,0.0053656,convex_mesh_per_channel
1040,4,711041,10,2,10,1,1500,0,0,3.291778617945e-05,5,10,6882.961573,688.2961573,26044.80787295,273,244,5,1,0.0249451,convex_mesh_per_channel
1041,4,711042,10,2,10,1,1000,1,1,8.417595662526e-05,0,10,6303.406925,630.3406925,22397.03462885,298,278,2,0,0.0030473,convex_mesh_per_channel
1041,4,711042,10,2,10,1,1000,1,1,8.417595662526e-05,5,10,6384.522938,638.4522938,22657.61468659,303,282,2,0,0.0170465,convex_mesh_per_channel
1042,4,711043,10,2,10,1,1250,2,0,0.0001047351738924,0,10,6574.506941,657.4506941,24182.53471214,283,261,4,0,0.0041785,convex_mesh_per_channel
1042,4,711043,10,2,10,1,1250,2,0,0.0001047351738924,5,10,6440.420472,644.0420472,24017.10236204,266,245,4,1,0.0278023,convex_mesh_per_channel
1043,4,711044,10,2,10,1,1500,3,1,4.276565586272e-05,0,10,7044.239483,704.4239483,27156.19741104,264,243,0,0,0.00512,convex_mesh_per_channel
1043,4,711044,10,2,10,1,1500,3,1,4.276565586272e-05,5,10,6432.733739,643.2733739,23848.66870231,272,253,0,0,0.0232842,convex_mesh_per_channel
1044,4,711045,10,2,10,1,1000,4,0,7.310891464375e-05,0,10,6586.383734,658.6383734,24196.91867031,286,267,0,0,0.0035362,convex_mesh_per_channel
1044,4,711045,10,2,10,1,1000,4,0,7.310891464375e-05,5,10,6391.303198,639.1303198,23086.51599763,290,271,1,0,0.0178744,convex_mesh_per_channel
1045,4,711046,10,2,10,1,1250,0,1,0.0001134625649571,0,10,6912.670501,691.2670501,26263.35251763,272,250,0,0,0.0038394,convex_mesh_per_channel
1045,4,711046,10,2,10,1,1250,0,1,0.0001134625649571,5,10,6388.489114,638.8489114,23537.44557695,275,256,0,0,0.0255413,convex_mesh_per_channel
1046,4,711047,10,2,10,1,1500,1,0,5.296174094357e-05,0,10,6570.484291,657.0484291,24072.42145783,287,268,1,0,0.0031555,convex_mesh_per_channel
1046,4,711047,10,2,10,1,1500,1,0,5.296174094357e-05,5,10,6396.277681,639.6277681,23636.38842517,273,251,1,0,0.0242768,convex_mesh_per_channel
1047,4,711048,10,2,10,1,1000,2,1,0.000154510760906,0,10,7177.400959,717.7400959,25642.00479703,335,309,5,0,0.0024957,convex_mesh_per_channel
1047,4,711048,10,2,10,1,1000,2,1,0.000154510760906,5,10,6927.47255,692.747255,24712.36274463,325,298,4,0,0.0128871,convex_mesh_per_channel
1048,4,711049,10,2,10,1,1250,3,0,9.280213223054e-05,0,10,6673.781888,667.3781888,24653.90944963,285,259,3,1,0.0034866,convex_mesh_per_channel
1048,4,711049,10,2,10,1,1250,3,0,9.280213223054e-05,5,10,6292.690997,629.2690997,22818.45498428,283,264,0,0,0.0142408,convex_mesh_per_channel
1049,4,711050,10,2,10,1,1500,4,1,6.075198669676e-05,0,10,7129.387887,712.9387887,26981.93944325,284,257,2,0,0.00453,convex_mesh_per_channel
1049,4,711050,10,2,10,1,1500,4,1,6.075198669676e-05,5,10,6568.291761,656.8291761,24261.45881993,281,258,1,0,0.0190572,convex_mesh_per_channel
1050,4,711051,10,2,10,2,1000,0,0,0.09651930167537,0,10,6253.65705,625.365705,22633.28525946,283,262,0,0,0.0040623,convex_mesh_per_channel
1050,4,711051,10,2,10,2,1000,0,0,0.09651930167537,5,10,6351.050162,635.1050162,22755.25082948,289,269,12,1,0.0188734,convex_mesh_per_channel
1051,4,711052,10,2,10,2,1250,1,1,0.1969067592237,0,10,6524.164845,652.4164845,24135.8242267,277,253,3,0,0.0043404,convex_mesh_per_channel
1051,4,711052,10,2,10,2,1250,1,1,0.1969067592237,5,10,6216.084725,621.6084725,22255.42361993,288,260,5,0,0.0234328,convex_mesh_per_channel
1052,4,711053,10,2,10,2,1500,2,0,0.1005646482043,0,10,6714.362885,671.4362885,24556.81443677,295,263,5,1,0.0043995,convex_mesh_per_channel
1052,4,711053,10,2,10,2,1500,2,0,0.1005646482043,5,10,6147.532616,614.7532616,21662.66307821,295,263,9,1,0.0211028,convex_mesh_per_channel
1053,4,711054,10,2,10,2,1000,3,1,0.03904453176999,0,10,6480.675403,648.0675403,23283.37702197,296,276,6,1,0.0040681,convex_mesh_per_channel
1053,4,711054,10,2,10,2,1000,3,1,0.03904453176999,5,10,6311.543844,631.1543844,22437.71924193,296,276,6,1,0.0163245,convex_mesh_per_channel
1054,4,711055,10,2,10,2,1250,4,0,0.0376911697735,0,10,6613.034108,661.3034108,23615.17055039,309,283,4,0,0.0032909,convex_mesh_per_channel
1054,4,711055,10,2,10,2,1250,4,0,0.0376911697735,5,10,5971.511967,597.1511967,20537.5598293,305,283,2,0,0.0143617,convex_mesh_per_channel
1055,4,711056,10,2,10,2,1500,0,1,0.01174659661368,0,10,5705.58272,570.558272,21082.91359574,243,224,0,0,0.0056155,convex_mesh_per_channel
1055,4,711056,10,2,10,2,1500,0,1,0.01174659661368,5,10,6079.076979,607.9076979,22265.38489428,266,246,0,0,0.02646,convex_mesh_per_channel
1056,4,711057,10,2,10,2,1000,1,0,0.05271185261986,0,10,6083.138471,608.3138471,22635.69235899,252,231,5,1,0.0058524,convex_mesh_per_channel
1056,4,711057,10,2,10,2,1000,1,0,0.05271185261986,5,10,5931.325952,593.1325952,21951.62975994,250,229,4,1,0.030853,convex_mesh_per_channel
1057,4,711058,10,2,10,2,1250,2,1,0.0584892790356,0,10,7045.363939,704.5363939,25666.81973319,303,275,24,2,0.0045184,convex_mesh_per_channel
1057,4,711058,10,2,10,2,1250,2,1,0.0584892790356,5,10,7110.528507,711.0528507,26087.64256653,300,274,23,2,0.0169094,convex_mesh_per_channel
1058,4,711059,10,2,10,2,1500,3,0,0.192215769383,0,10,7572.337033,757.2337033,27251.68515536,347,313,8,2,0.0028891,convex_mesh_per_channel
1058,4,711059,10,2,10,2,1500,3,0,0.192215769383,5,10,6309.455324,630.9455324,22557.27661924,294,272,2,1,0.0142323,convex_mesh_per_channel
1059,4,711060,10,2,10,2,1000,4,1,0.07119830689084,0,10,6490.003325,649.0003325,22810.01663829,316,295,1,0,0.0031517,convex_mesh_per_channel
1059,4,711060,10,2,10,2,1000,4,1,0.07119830689084,5,10,6295.603864,629.5603864,22128.01931698,306,281,3,0,0.0152785,convex_mesh_per_channel
1060,4,711061,10,2,10,2,1250,0,0,0.0472320243937,0,10,6968.529195,696.8529195,26152.64597641,284,253,5,1,0.0047936,convex_mesh_per_channel
1060,4,711061,10,2,10,2,1250,0,0,0.0472320243937,5,10,5725.436994,572.5436994,19962.18498562,284,263,0,0,0.0221265,convex_mesh_per_channel
1061,4,711062,10,2,10,2,1500,1,1,0.08612654037969,0,10,6113.007983,611.3007983,22555.03991522,261,238,3,0,0.005493,convex_mesh_per_channel
1061,4,711062,10,2,10,2,1500,1,1,0.08612654037969,5,10,5897.852545,589.7852545,21439.26273837,262,238,4,0,0.0234738,convex_mesh_per_channel
1062,4,711063,10,2,10,2,1000,2,0,0.07774063898317,0,10,5898.599919,589.8599919,21137.9996004,273,253,1,0,0.0050787,convex_mesh_per_channel
1062,4,711063,10,2,10,2,1000,2,0,0.07774063898317,5,10,5805.092972,580.5092972,20670.46486192,273,253,1,0,0.0196194,convex_mesh_per_channel
1063,4,711064,10,2,10,2,1250,3,1,0.06003642374835,0,10,6237.51177,623.751177,23547.55886651,246,224,8,1,0.0056698,convex_mesh_per_channel
1063,4,711064,10,2,10,2,1250,3,1,0.06003642374835,5,10,6394.577887,639.4577887,23337.8894491,279,258,8,1,0.0240944,convex_mesh_per_channel
1064,4,711065,10,2,10,2,1500,4,0,0.1998222803523,0,10,6458.080915,645.8080915,24520.40456973,247,224,15,2,0.0063717,convex_mesh_per_channel
1064,4,711065,10,2,10,2,1500,4,0,0.1998222803523,5,10,6101.396588,610.1396588,21861.98294787,282,257,4,1,0.0237149,convex_mesh_per_channel
1065,4,711066,10,2,10,2,1000,0,1,0.07002258448808,0,10,6576.83756,657.683756,23509.18780868,308,285,0,0,0.0034052,convex_mesh_per_channel
1065,4,711066,10,2,10,2,1000,0,1,0.07002258448808,5,10,6213.12638,621.312638,21680.63190926,308,287,0,0,0.0115656,convex_mesh_per_channel
1066,4,711067,10,2,10,2,1250,1,0,0.07223674943306,0,10,6057.698231,605.7698231,20998.49116782,304,282,2,0,0.0035042,convex_mesh_per_channel
1066,4,711067,10,2,10,2,1250,1,0,0.07223674943306,5,10,6093.904309,609.3904309,21089.52155533,307,282,3,0,0.0148218,convex_mesh_per_channel
1067,4,711068,10,2,10,2,1500,2,1,0.04578281481671,0,10,6977.965181,697.7965181,24984.82589853,323,298,6,1,0.0030905,convex_mesh_per_channel
1067,4,711068,10,2,10,2,1500,2,1,0.04578281481671,5,10,7029.466713,702.9466713,25062.33356403,325,297,15,2,0.0131532,convex_mesh_per_channel
1068,4,711069,10,2,10,2,1000,3,0,0.0935783936782,0,10,6277.085886,627.7085886,22770.42943002,282,263,0,0,0.0037287,convex_mesh_per_channel
1068,4,711069,10,2,10,2,1000,3,0,0.0935783936782,5,10,5996.871273,599.6871273,21149.35636954,289,272,0,0,0.0192001,convex_mesh_per_channel
1069,4,711070,10,2,10,2,1250,4,1,0.113169763893,0,10,6941.834787,694.1834787,25299.17394111,308,283,3,1,0.0029124,convex_mesh_per_channel
1069,4,711070,10,2,10,2,1250,4,1,0.113169763893,5,10,6717.277772,671.7277772,24056.38886349,312,287,3,1,0.0128998,convex_mesh_per_channel
1070,4,711071,10,2,10,2,1500,0,0,0.05941081045183,0,10,8195.218368,819.5218368,30556.09184174,341,317,4,1,0.0025392,convex_mesh_per_channel
1070,4,711071,10,2,10,2,1500,0,0,0.05941081045183,5,10,6844.350344,684.4350344,23721.75172991,344,324,2,1,0.0112631,convex_mesh_per_channel
1071,4,711072,10,2,10,2,1000,1,1,0.09510246686318,0,10,6606.701096,660.6701096,24383.50546932,279,255,10,1,0.0046099,convex_mesh_per_channel
1071,4,711072,10,2,10,2,1000,1,1,0.09510246686318,5,10,6372.791426,637.2791426,23443.95713498,271,243,12,1,0.0185948,convex_mesh_per_channel
1072,4,711073,10,2,10,2,1250,2,0,0.02512342783782,0,10,7260.297642,726.0297642,25361.48821326,360,332,2,0,0.0024649,convex_mesh_per_channel
1072,4,711073,10,2,10,2,1250,2,0,0.02512342783782,5,10,6453.354274,645.3354274,21221.77136589,361,333,7,1,0.0101867,convex_mesh_per_channel
1073,4,711074,10,2,10,2,1500,3,1,0.06274929520468,0,10,6704.930798,670.4930798,25359.65399586,263,244,8,1,0.0049729,convex_mesh_per_channel
1073,4,711074,10,2,10,2,1500,3,1,0.06274929520468,5,10,5941.279244,594.1279244,20966.39622506,286,268,0,0,0.0192595,convex_mesh_per_channel
1074,4,711075,10,2,10,2,1000,4,0,0.1065988466276,0,10,6640.298759,664.0298759,23796.49379704,308,285,2,0,0.0027693,convex_mesh_per_channel
1074,4,711075,10,2,10,2,1000,4,0,0.1065988466276,5,10,6289.71675,628.971675,21473.58376193,328,305,0,0,0.0117252,convex_mesh_per_channel
1075,4,711076,10,2,10,2,1250,0,1,0.1321448487604,0,10,6526.853898,652.6853898,23224.26949849,308,286,2,0,0.0031552,convex_mesh_per_channel
1075,4,711076,10,2,10,2,1250,0,1,0.1321448487604,5,10,6232.07269,623.207269,21765.36346026,308,286,1,0,0.0123729,convex_mesh_per_channel
1076,4,711077,10,2,10,2,1500,1,0,0.08150748885322,0,10,6836.250992,683.6250992,23221.25495672,360,336,2,0,0.0025403,convex_mesh_per_channel
1076,4,711077,10,2,10,2,1500,1,0,0.08150748885322,5,10,7135.535666,713.5535666,24727.67834283,360,337,1,0,0.0103076,convex_mesh_per_channel
1077,4,711078,10,2,10,2,1000,2,1,0.02926668546368,0,10,6455.28121,645.528121,22606.40605968,316,292,4,1,0.002747,convex_mesh_per_channel
1077,4,711078,10,2,10,2,1000,2,1,0.02926668546368,5,10,6896.85097,689.685097,24704.25486446,319,296,5,2,0.0100884,convex_mesh_per_channel
1078,4,711079,10,2,10,2,1250,3,0,0.09241785083178,0,10,6546.778552,654.6778552,24073.8927694,284,262,0,0,0.0043967,convex_mesh_per_channel
1078,4,711079,10,2,10,2,1250,3,0,0.09241785083178,5,10,6057.706268,605.7706268,21603.53133938,285,262,0,0,0.0182137,convex_mesh_per_channel
1079,4,711080,10,2,10,2,1500,4,1,0.0588617041496,0,10,7733.527875,773.3527875,29447.63937143,299,266,11,1,0.004419,convex_mesh_per_channel
1079,4,711080,10,2,10,2,1500,4,1,0.0588617041496,5,10,6645.27627,664.527627,24001.38134358,297,265,15,1,0.018204,convex_mesh_per_channel
1080,4,711081,10,5,0,0,1000,0,0,0.7365104515252,0,10,7106.221986,710.6221986,25101.10986732,321,302,43,1,0.0027798,convex_mesh_per_channel
1080,4,711081,10,5,0,0,1000,0,0,0.7365104515252,5,10,6881.41744,688.141744,24462.08713877,305,285,43,1,0.0108961,convex_mesh_per_channel
1081,4,711082,10,5,0,0,1250,1,1,0.8210836145624,0,10,6421.288616,642.1288616,22996.44308974,297,275,4,0,0.0038655,convex_mesh_per_channel
1081,4,711082,10,5,0,0,1250,1,1,0.8210836145624,5,10,6236.847788,623.6847788,22249.23895713,291,270,4,1,0.0138025,convex_mesh_per_channel
1082,4,711083,10,5,0,0,1500,2,0,0.5609437935622,0,10,6754.421802,675.4421802,25747.1090159,262,236,3,0,0.0055941,convex_mesh_per_channel
1082,4,711083,10,5,0,0,1500,2,0,0.5609437935622,5,10,6518.948699,651.8948699,24494.74349657,261,232,11,1,0.0230491,convex_mesh_per_channel
1083,4,711084,10,5,0,0,1000,3,1,0.3967608281148,0,10,7001.788988,700.1788988,25918.94494728,285,271,24,1,0.003308,convex_mesh_per_channel
1083,4,711084,10,5,0,0,1000,3,1,0.3967608281148,5,10,6584.330965,658.4330965,23806.65483215,293,269,13,1,0.0143837,convex_mesh_per_channel
1084,4,711085,10,5,0,0,1250,4,0,0.5340959565596,0,10,6313.544435,631.3544435,23492.72218703,263,238,4,0,0.007627,convex_mesh_per_channel
1084,4,711085,10,5,0,0,1250,4,0,0.5340959565596,5,10,6871.812915,687.1812915,25704.06455687,270,244,29,1,0.0167554,convex_mesh_per_channel
1085,4,711086,10,5,0,0,1500,0,1,0.30530737315,0,10,7003.271507,700.3271507,25591.35753911,309,287,1,0,0.0040394,convex_mesh_per_channel
1085,4,711086,10,5,0,0,1500,0,1,0.30530737315,5,10,7345.846309,734.5846309,27364.23154783,308,280,1,1,0.014726,convex_mesh_per_channel
1086,4,711087,10,5,0,0,1000,1,0,0.4575887558623,0,10,7058.175934,705.8175934,26025.87967152,289,265,31,1,0.0041135,convex_mesh_per_channel
1086,4,711087,10,5,0,0,1000,1,0,0.4575887558623,5,10,6598.589145,659.8589145,24042.94571905,278,260,30,1,0.0163037,convex_mesh_per_channel
1087,4,711088,10,5,0,0,1250,2,1,0.7918831159763,0,10,6649.122525,664.9122525,24340.61263381,291,267,3,0,0.0042999,convex_mesh_per_channel
1087,4,711088,10,5,0,0,1250,2,1,0.7918831159763,5,10,6379.436878,637.9436878,23667.1843944,268,250,2,0,0.0191157,convex_mesh_per_channel
1088,4,711089,10,5,0,0,1500,3,0,0.4737831170519,0,10,6528.781611,652.8781611,24158.90807001,278,257,0,0,0.0047822,convex_mesh_per_channel
1088,4,711089,10,5,0,0,1500,3,0,0.4737831170519,5,10,6498.815887,649.8815887,23664.07945117,289,265,2,1,0.0136798,convex_mesh_per_channel
1089,4,711090,10,5,0,0,1000,4,1,0.7308539511731,0,10,6935.747975,693.5747975,25453.73988416,300,280,5,0,0.003376,convex_mesh_per_channel
1089,4,711090,10,5,0,0,1000,4,1,0.7308539511731,5,10,6388.920767,638.8920767,22889.60384204,295,271,5,0,0.0129495,convex_mesh_per_channel
1090,4,711091,10,5,0,0,1250,0,0,0.8509345614367,0,10,6138.325686,613.8325686,22621.62843559,264,235,3,1,0.0051733,convex_mesh_per_channel
1090,4,711091,10,5,0,0,1250,0,0,0.8509345614367,5,10,5935.193787,593.5193787,21660.96892592,262,234,3,1,0.0175772,convex_mesh_per_channel
1091,4,711092,10,5,0,0,1500,1,1,0.3143857167335,0,10,6771.538443,677.1538443,25527.69221872,272,250,2,0,0.0056728,convex_mesh_per_channel
1091,4,711092,10,5,0,0,1500,1,1,0.3143857167335,5,10,6647.989623,664.7989623,24889.9481256,272,248,4,1,0.0211099,convex_mesh_per_channel
1092,4,711093,10,5,0,0,1000,2,0,0.2779964222377,0,10,7547.754001,754.7754001,27713.77000612,294,272,71,1,0.0038458,convex_mesh_per_channel
1092,4,711093,10,5,0,0,1000,2,0,0.2779964222377,5,10,8158.444999,815.8444999,28937.22495813,317,298,146,2,0.0109843,convex_mesh_per_channel
1093,4,711094,10,5,0,0,1250,3,1,0.633800386506,0,10,7207.073553,720.7073553,26300.36772874,310,281,22,2,0.0034031,convex_mesh_per_channel
1093,4,711094,10,5,0,0,1250,3,1,0.633800386506,5,10,7118.061335,711.8061335,25825.30663974,311,282,22,2,0.0126019,convex_mesh_per_channel
1094,4,711095,10,5,0,0,1500,4,0,0.8019901370346,0,10,6285.089169,628.5089169,23485.44585706,259,240,1,0,0.0055729,convex_mesh_per_channel
1094,4,711095,10,5,0,0,1500,4,0,0.8019901370346,5,10,6567.009793,656.7009793,23795.04896964,289,268,15,1,0.0165053,convex_mesh_per_channel
1095,4,711096,10,5,0,0,1000,0,1,0.5075566141617,0,10,7294.459414,729.4459414,26787.29711252,309,288,18,1,0.0032402,convex_mesh_per_channel
1095,4,711096,10,5,0,0,1000,0,1,0.5075566141617,5,10,6119.093367,611.9093367,21630.46684121,293,278,0,0,0.0127804,convex_mesh_per_channel
1096,4,711097,10,5,0,0,1250,1,0,0.2173791337497,0,10,6054.105428,605.4105428,21890.52714459,271,250,7,1,0.0042391,convex_mesh_per_channel
1096,4,711097,10,5,0,0,1250,1,0,0.2173791337497,5,10,6537.892888,653.7892888,23094.46443932,314,287,4,0,0.0133146,convex_mesh_per_channel
1097,4,711098,10,5,0,0,1500,2,1,0.3230342275148,0,10,7420.497131,742.0497131,28147.48567998,281,255,27,1,0.0040117,convex_mesh_per_channel
1097,4,711098,10,5,0,0,1500,2,1,0.3230342275148,5,10,7033.634823,703.3634823,26073.17406808,285,260,28,1,0.0188797,convex_mesh_per_channel
1098,4,711099,10,5,0,0,1000,3,0,0.2793341997605,0,10,7901.852599,790.1852599,29224.26289402,294,270,89,3,0.0037736,convex_mesh_per_channel
1098,4,711099,10,5,0,0,1000,3,0,0.2793341997605,5,10,6253.534261,625.3534261,23302.67132172,255,232,12,1,0.0206218,convex_mesh_per_channel
1099,4,711100,10,5,0,0,1250,4,1,0.7341822724632,0,10,6550.389019,655.0389019,23941.94509749,287,262,5,1,0.0036793,convex_mesh_per_channel
1099,4,711100,10,5,0,0,1250,4,1,0.7341822724632,5,10,6620.606129,662.0606129,23308.03064537,320,294,5,1,0.0115009,convex_mesh_per_channel
1100,4,711101,10,5,0,0,1500,0,0,0.7705501837499,0,10,6732.823821,673.2823821,24629.11911502,297,272,0,0,0.0038944,convex_mesh_per_channel
1100,4,711101,10,5,0,0,1500,0,0,0.7705501837499,5,10,6715.598109,671.5598109,24537.99054104,296,266,4,2,0.0124416,convex_mesh_per_channel
1101,4,711102,10,5,0,0,1000,1,1,0.1843645227782,0,10,6488.175553,648.8175553,23765.87777645,283,267,1,0,0.0035465,convex_mesh_per_channel
1101,4,711102,10,5,0,0,1000,1,1,0.1843645227782,5,10,6826.530081,682.6530081,25212.65041105,282,261,21,1,0.0122923,convex_mesh_per_channel
1102,4,711103,10,5,0,0,1250,2,0,0.437170435433,0,10,6338.487199,633.8487199,23437.43601227,269,247,3,0,0.0047398,convex_mesh_per_channel
1102,4,711103,10,5,0,0,1250,2,0,0.437170435433,5,10,6173.979374,617.3979374,23214.89687375,249,224,4,0,0.0227972,convex_mesh_per_channel
1103,4,711104,10,5,0,0,1500,3,1,0.2418677334702,0,10,6866.456811,686.6456811,25812.28405239,278,258,2,0,0.0042362,convex_mesh_per_channel
1103,4,711104,10,5,0,0,1500,3,1,0.2418677334702,5,10,7264.837051,726.4837051,26649.18525753,318,295,0,0,0.0106472,convex_mesh_per_channel
1104,4,711105,10,5,0,0,1000,4,0,0.3854936933546,0,10,6871.883041,687.1883041,25699.41521873,283,264,1,0,0.0033805,convex_mesh_per_channel
1104,4,711105,10,5,0,0,1000,4,0,0.3854936933546,5,10,6205.295652,620.5295652,22556.47826877,276,261,1,0,0.0159138,convex_mesh_per_channel
1105,4,711106,10,5,0,0,1250,0,1,0.4373380569317,0,10,6993.462267,699.3462267,26192.31131881,279,262,16,1,0.0038792,convex_mesh_per_channel
1105,4,711106,10,5,0,0,1250,0,1,0.4373380569317,5,10,6827.21548,682.721548,25141.07739068,286,271,16,1,0.0141303,convex_mesh_per_channel
1106,4,711107,10,5,0,0,1500,1,0,0.7236916441876,0,10,8036.814603,803.6814603,30619.07284281,266,236,99,2,0.0072444,convex_mesh_per_channel
1106,4,711107,10,5,0,0,1500,1,0,0.7236916441876,5,10,6688.645869,668.8645869,24998.229343,274,236,11,3,0.0233882,convex_mesh_per_channel
1107,4,711108,10,5,0,0,1000,2,1,0.4677640319431,0,10,6959.015821,695.9015821,25410.07911644,307,283,3,0,0.0037749,convex_mesh_per_channel
1107,4,711108,10,5,0,0,1000,2,1,0.4677640319431,5,10,6630.42958,663.042958,23272.14790598,323,302,3,0,0.0114641,convex_mesh_per_channel
1108,4,711109,10,5,0,0,1250,3,0,0.7152830121149,0,10,7406.904911,740.6904911,27139.52441126,288,267,74,1,0.0036382,convex_mesh_per_channel
1108,4,711109,10,5,0,0,1250,3,0,0.7152830121149,5,10,6965.870315,696.5870315,25564.35141456,267,246,74,1,0.0180135,convex_mesh_per_channel
1109,4,711110,10,5,0,0,1500,4,1,0.4447435034203,0,10,6872.494647,687.2494647,25477.47324149,291,266,2,0,0.0042461,convex_mesh_per_channel
1109,4,711110,10,5,0,0,1500,4,1,0.4447435034203,5,10,6805.035521,680.5035521,24580.1776139,307,280,8,1,0.0126785,convex_mesh_per_channel
1110,4,711111,10,5,0,1,1000,0,0,0.0001065396928888,0,10,7263.719362,726.3719362,27878.59682506,276,258,0,0,0.0037493,convex_mesh_per_channel
1110,4,711111,10,5,0,1,1000,0,0,0.0001065396928888,5,10,6403.807497,640.3807497,22874.03749338,300,279,0,0,0.0140017,convex_mesh_per_channel
1111,4,711112,10,5,0,1,1250,1,1,8.554424051811e-05,0,10,8107.903382,810.7903382,30329.51692552,280,259,111,2,0.0043226,convex_mesh_per_channel
1111,4,711112,10,5,0,1,1250,1,1,8.554424051811e-05,5,10,7908.563412,790.8563412,28927.81707121,294,273,110,2,0.0129451,convex_mesh_per_channel
1112,4,711113,10,5,0,1,1500,2,0,7.134835551273e-05,0,10,8016.501266,801.6501266,30637.50636713,277,253,67,2,0.0045599,convex_mesh_per_channel
1112,4,711113,10,5,0,1,1500,2,0,7.134835551273e-05,5,10,6724.078734,672.4078734,25555.39366541,264,237,2,0,0.0237259,convex_mesh_per_channel
1113,4,711114,10,5,0,1,1000,3,1,1.846549754135e-05,0,10,8238.372557,823.8372557,31071.86279366,276,258,112,2,0.0035008,convex_mesh_per_channel
1113,4,711114,10,5,0,1,1000,3,1,1.846549754135e-05,5,10,7449.260317,744.9260317,27171.30158786,286,265,90,1,0.0137335,convex_mesh_per_channel
1114,4,711115,10,5,0,1,1250,4,0,0.0001194163437521,0,10,9052.021579,905.2021579,34145.10788097,265,236,204,3,0.0051243,convex_mesh_per_channel
1114,4,711115,10,5,0,1,1250,4,0,0.0001194163437521,5,10,6131.934587,613.1934587,23044.67292549,249,228,0,0,0.0230217,convex_mesh_per_channel
1115,4,711116,10,5,0,1,1500,0,1,3.572864612362e-05,0,10,7598.269198,759.8269198,28121.3459604,303,277,44,1,0.0039542,convex_mesh_per_channel
1115,4,711116,10,5,0,1,1500,0,1,3.572864612362e-05,5,10,7329.071132,732.9071132,26845.35562827,300,278,44,1,0.0135545,convex_mesh_per_channel
1116,4,711117,10,5,0,1,1000,1,0,7.630080441392e-05,0,10,7400.551257,740.0551257,27567.75618344,261,235,99,3,0.0049896,convex_mesh_per_channel
1116,4,711117,10,5,0,1,1000,1,0,7.630080441392e-05,5,10,7112.614018,711.2614018,26428.06996205,267,244,66,1,0.0160723,convex_mesh_per_channel
1117,4,711118,10,5,0,1,1250,2,1,2.965831120066e-05,0,10,8190.601905,819.0601905,31073.00938815,288,261,75,1,0.0051696,convex_mesh_per_channel
1117,4,711118,10,5,0,1,1250,2,1,2.965831120066e-05,5,10,6722.736745,672.2736745,24733.68372912,291,268,1,0,0.0205549,convex_mesh_per_channel
1118,4,711119,10,5,0,1,1500,3,0,5.234684755273e-05,0,10,7626.611005,762.6611005,29313.05513119,268,236,46,2,0.0051371,convex_mesh_per_channel
1118,4,711119,10,5,0,1,1500,3,0,5.234684755273e-05,5,10,7058.710862,705.8710862,26918.55430832,275,238,4,2,0.0274554,convex_mesh_per_channel
1119,4,711120,10,5,0,1,1000,4,1,4.000029457072e-05,0,10,8314.125232,831.4125232,31165.62609889,280,256,125,3,0.0042208,convex_mesh_per_channel
1119,4,711120,10,5,0,1,1000,4,1,4.000029457072e-05,5,10,6572.26664,657.226664,23671.33319297,292,265,21,2,0.019306,convex_mesh_per_channel
1120,4,711121,10,5,0,1,1250,0,0,0.0001152064903592,0,10,7842.307936,784.2307936,29491.53948205,264,238,112,2,0.006905,convex_mesh_per_channel
1120,4,711121,10,5,0,1,1250,0,0,0.0001152064903592,5,10,6708.39226,670.839226,25536.96129023,251,230,22,1,0.0247212,convex_mesh_per_channel
1121,4,711122,10,5,0,1,1500,1,1,2.015634947362e-05,0,10,7224.557105,722.4557105,26757.78553559,306,275,6,1,0.003999,convex_mesh_per_channel
1121,4,711122,10,5,0,1,1500,1,1,2.015634947362e-05,5,10,6809.025328,680.9025328,25230.12664482,289,262,2,0,0.0187079,convex_mesh_per_channel
1122,4,711123,10,5,0,1,1000,2,0,4.963351355663e-05,0,10,6400.811965,640.0811965,23244.05988897,272,252,30,1,0.0045357,convex_mesh_per_channel
1122,4,711123,10,5,0,1,1000,2,0,4.963351355663e-05,5,10,6566.171299,656.6171299,23645.85655814,286,264,31,1,0.0146994,convex_mesh_per_channel
1123,4,711124,10,5,0,1,1250,3,1,5.423155804417e-05,0,10,7808.032075,780.8032075,29235.16032965,300,273,46,2,0.0037201,convex_mesh_per_channel
1123,4,711124,10,5,0,1,1250,3,1,5.423155804417e-05,5,10,7243.355676,724.3355676,27066.77835218,293,267,16,1,0.0157324,convex_mesh_per_channel
1124,4,711125,10,5,0,1,1500,4,0,3.434717329627e-05,0,10,7192.987704,719.2987704,27114.93851928,275,225,40,4,0.0061876,convex_mesh_per_channel
1124,4,711125,10,5,0,1,1500,4,0,3.434717329627e-05,5,10,6896.187438,689.6187438,26170.9371949,270,223,13,4,0.0357413,convex_mesh_per_channel
1125,4,711126,10,5,0,1,1000,0,1,6.745125208608e-05,0,10,7566.582085,756.6582085,28417.91043591,288,267,42,2,0.0038922,convex_mesh_per_channel
1125,4,711126,10,5,0,1,1000,0,1,6.745125208608e-05,5,10,6951.629377,695.1629377,25298.14685879,302,281,17,1,0.0134325,convex_mesh_per_channel
1126,4,711127,10,5,0,1,1250,1,0,3.774741439477e-05,0,10,7950.36668,795.036668,30401.83324832,247,222,121,2,0.0062613,convex_mesh_per_channel
1126,4,711127,10,5,0,1,1250,1,0,3.774741439477e-05,5,10,7490.25462,749.025462,28516.27288851,247,223,93,1,0.0332713,convex_mesh_per_channel
1127,4,711128,10,5,0,1,1500,2,1,6.48602381594e-05,0,10,8271.795012,827.1795012,31303.97504094,284,259,94,2,0.0042883,convex_mesh_per_channel
1127,4,711128,10,5,0,1,1500,2,1,6.48602381594e-05,5,10,7090.064321,709.0064321,26505.32165527,281,253,27,1,0.0172694,convex_mesh_per_channel
1128,4,711129,10,5,0,1,1000,3,0,7.760340593388e-05,0,10,7900.684384,790.0684384,28898.4218878,277,254,144,3,0.0043829,convex_mesh_per_channel
1128,4,711129,10,5,0,1,1000,3,0,7.760340593388e-05,5,10,7273.343634,727.3343634,26261.71813721,271,250,122,2,0.0159856,convex_mesh_per_channel
1129,4,711130,10,5,0,1,1250,4,1,0.0001035216802037,0,10,7101.548718,710.1548718,26322.74360998,301,276,2,0,0.0040576,convex_mesh_per_channel
1129,4,711130,10,5,0,1,1250,4,1,0.0001035216802037,5,10,6967.679199,696.7679199,25148.3959973,317,288,5,1,0.0164798,convex_mesh_per_channel
1130,4,711131,10,5,0,1,1500,0,0,8.427824457058e-05,0,10,7735.626382,773.5626382,30128.13182652,254,231,53,2,0.0058994,convex_mesh_per_channel
1130,4,711131,10,5,0,1,1500,0,0,8.427824457058e-05,5,10,7174.321936,717.4321936,27561.60959974,246,223,53,2,0.0258904,convex_mesh_per_channel
1131,4,711132,10,5,0,1,1000,1,1,5.102305655229e-05,0,10,7892.090503,789.2090503,29990.45250013,295,273,32,2,0.0042216,convex_mesh_per_channel
1131,4,711132,10,5,0,1,1000,1,1,5.102305655229e-05,5,10,7615.480514,761.5480514,28732.40256963,291,271,31,2,0.0118308,convex_mesh_per_channel
1132,4,711133,10,5,0,1,1250,2,0,2.334921526339e-05,0,10,9199.030097,919.9030097,34225.15024785,289,265,198,2,0.0040562,convex_mesh_per_channel
1132,4,711133,10,5,0,1,1250,2,0,2.334921526339e-05,5,10,7972.387197,797.2387197,29396.93599271,293,272,102,1,0.0159992,convex_mesh_per_channel
1133,4,711134,10,5,0,1,1500,3,1,0.0001654619951981,0,10,7658.086485,765.8086485,28830.43242728,290,266,42,2,0.0035496,convex_mesh_per_channel
1133,4,711134,10,5,0,1,1500,3,1,0.0001654619951981,5,10,6554.213775,655.4213775,24071.06887101,285,265,0,0,0.014262,convex_mesh_per_channel
1134,4,711135,10,5,0,1,1000,4,0,2.766545883806e-05,0,10,6829.025032,682.9025032,25755.1251456,271,246,9,1,0.0048454,convex_mesh_per_channel
1134,4,711135,10,5,0,1,1000,4,0,2.766545883806e-05,5,10,6588.578395,658.8578395,24327.89196703,278,253,10,1,0.0171978,convex_mesh_per_channel
1135,4,711136,10,5,0,1,1250,0,1,4.805351659571e-05,0,10,6445.029723,644.5029723,23350.14861435,291,270,0,0,0.003305,convex_mesh_per_channel
1135,4,711136,10,5,0,1,1250,0,1,4.805351659571e-05,5,10,5973.204398,597.3204398,21066.02199016,288,270,0,0,0.0118373,convex_mesh_per_channel
1136,4,711137,10,5,0,1,1500,1,0,6.950863027035e-05,0,10,8035.230485,803.5230485,31256.1524386,257,227,74,3,0.006433,convex_mesh_per_channel
1136,4,711137,10,5,0,1,1500,1,0,6.950863027035e-05,5,10,6835.236586,683.5236586,25731.18294765,274,245,8,1,0.0268019,convex_mesh_per_channel
1137,4,711138,10,5,0,1,1000,2,1,2.077239771873e-05,0,10,7932.023825,793.2023825,30145.119132,288,266,49,2,0.00361,convex_mesh_per_channel
1137,4,711138,10,5,0,1,1000,2,1,2.077239771873e-05,5,10,7372.730392,737.2730392,26808.65195943,306,287,48,2,0.0110295,convex_mesh_per_channel
1138,4,711139,10,5,0,1,1250,3,0,6.763572116372e-05,0,10,7624.627571,762.4627571,28903.13784202,268,244,70,3,0.0045794,convex_mesh_per_channel
1138,4,711139,10,5,0,1,1250,3,0,6.763572116372e-05,5,10,7453.244333,745.3244333,28096.22165289,266,244,70,3,0.0171648,convex_mesh_per_channel
1139,4,711140,10,5,0,1,1500,4,1,0.0001011198665085,0,10,7393.020114,739.3020114,27920.10059556,264,241,66,2,0.0047908,convex_mesh_per_channel
1139,4,711140,10,5,0,1,1500,4,1,0.0001011198665085,5,10,6923.425337,692.3425337,25252.12668387,307,282,2,0,0.0131385,convex_mesh_per_channel
1140,4,711141,10,5,0,2,1000,0,0,0.1662623360805,0,10,7607.855414,760.7855414,29479.27695372,240,216,82,3,0.006344,convex_mesh_per_channel
1140,4,711141,10,5,0,2,1000,0,0,0.1662623360805,5,10,6324.33007,632.433007,23701.65030421,249,220,23,2,0.0235982,convex_mesh_per_channel
1141,4,711142,10,5,0,2,1250,1,1,0.3439709232624,0,10,6798.596799,679.8596799,26157.98398678,243,215,29,1,0.0069739,convex_mesh_per_channel
1141,4,711142,10,5,0,2,1250,1,1,0.3439709232624,5,10,5882.312956,588.2312956,21916.56477768,245,221,1,0,0.0249398,convex_mesh_per_channel
1142,4,711143,10,5,0,2,1500,2,0,0.3105368634625,0,10,8674.31543,867.431543,33391.57689788,238,216,180,3,0.0053193,convex_mesh_per_channel
1142,4,711143,10,5,0,2,1500,2,0,0.3105368634625,5,10,6269.188426,626.9188426,23310.94213289,248,227,30,1,0.0283854,convex_mesh_per_channel
1143,4,711144,10,5,0,2,1000,3,1,0.4771644659254,0,10,8672.237508,867.2237508,33561.18745201,244,216,158,5,0.0055257,convex_mesh_per_channel
1143,4,711144,10,5,0,2,1000,3,1,0.4771644659254,5,10,6512.63547,651.263547,23963.17733647,266,244,32,2,0.0202317,convex_mesh_per_channel
1144,4,711145,10,5,0,2,1250,4,0,0.7587457010538,0,10,7813.067127,781.3067127,29900.33557188,242,216,119,2,0.006631,convex_mesh_per_channel
1144,4,711145,10,5,0,2,1250,4,0,0.7587457010538,5,10,6771.24401,677.124401,24956.21998324,247,225,90,1,0.0274373,convex_mesh_per_channel
1145,4,711146,10,5,0,2,1500,0,1,0.6811676180028,0,10,7471.004149,747.1004149,28460.02060689,240,217,104,2,0.0064555,convex_mesh_per_channel
1145,4,711146,10,5,0,2,1500,0,1,0.6811676180028,5,10,6056.728227,605.6728227,22228.64113084,264,241,0,0,0.0198692,convex_mesh_per_channel
1146,4,711147,10,5,0,2,1000,1,0,0.1609122593223,0,10,6347.403784,634.7403784,24242.01893444,245,224,0,0,0.0058912,convex_mesh_per_channel
1146,4,711147,10,5,0,2,1000,1,0,0.1609122593223,5,10,7044.208439,704.4208439,26621.04210155,241,213,84,1,0.0242599,convex_mesh_per_channel
1147,4,711148,10,5,0,2,1250,2,1,0.1876091993788,0,10,6565.11115,656.511115,25185.55575432,250,225,1,0,0.0064984,convex_mesh_per_channel
1147,4,711148,10,5,0,2,1250,2,1,0.1876091993788,5,10,6266.746638,626.6746638,23958.73318459,241,217,1,0,0.0241119,convex_mesh_per_channel
1148,4,711149,10,5,0,2,1500,3,0,0.5527305303874,0,10,8408.961483,840.8961483,32054.80739801,240,217,177,3,0.0048378,convex_mesh_per_channel
1148,4,711149,10,5,0,2,1500,3,0,0.5527305303874,5,10,8248.440964,824.8440964,31202.20480022,242,217,177,3,0.0193487,convex_mesh_per_channel
1149,4,711150,10,5,0,2,1000,4,1,0.2708620514247,0,10,6355.326792,635.5326792,24141.63395928,248,222,5,0,0.0069012,convex_mesh_per_channel
1149,4,711150,10,5,0,2,1000,4,1,0.2708620514247,5,10,6142.345156,614.2345156,23176.72578235,245,217,5,0,0.0219136,convex_mesh_per_channel
1150,4,711151,10,5,0,2,1250,0,0,0.4760359228748,0,10,6879.628422,687.9628422,26383.14211665,247,222,32,1,0.0058974,convex_mesh_per_channel
1150,4,711151,10,5,0,2,1250,0,0,0.4760359228748,5,10,6564.892377,656.4892377,24434.46178705,238,216,74,1,0.0193182,convex_mesh_per_channel
1151,4,711152,10,5,0,2,1500,1,1,0.3487981754855,0,10,7229.582243,722.9582243,27412.91121079,247,216,82,1,0.0070493,convex_mesh_per_channel
1151,4,711152,10,5,0,2,1500,1,1,0.3487981754855,5,10,6103.020128,610.3020128,22340.10065022,267,241,3,0,0.0199566,convex_mesh_per_channel
1152,4,711153,10,5,0,2,1000,2,0,0.1860296579902,0,10,7029.221133,702.9221133,27001.10566864,241,218,52,2,0.0064677,convex_mesh_per_channel
1152,4,711153,10,5,0,2,1000,2,0,0.1860296579902,5,10,7858.611667,785.8611667,29823.05833566,249,224,125,3,0.019872,convex_mesh_per_channel
1153,4,711154,10,5,0,2,1250,3,1,0.299181817524,0,10,7911.378371,791.1378371,29581.8918542,244,221,168,2,0.0067586,convex_mesh_per_channel
1153,4,711154,10,5,0,2,1250,3,1,0.299181817524,5,10,5790.346642,579.0346642,21621.73320896,240,216,0,0,0.0242128,convex_mesh_per_channel
1154,4,711155,10,5,0,2,1500,4,0,0.3312547356503,0,10,7214.30903,721.430903,27916.54511185,242,218,51,2,0.005334,convex_mesh_per_channel
1154,4,711155,10,5,0,2,1500,4,0,0.3312547356503,5,10,6808.457186,680.8457186,25717.28588992,247,218,54,3,0.0231572,convex_mesh_per_channel
1155,4,711156,10,5,0,2,1000,0,1,0.1543989854343,0,10,6271.304632,627.1304632,23531.52317013,248,227,16,1,0.006024,convex_mesh_per_channel
1155,4,711156,10,5,0,2,1000,0,1,0.1543989854343,5,10,6487.963763,648.7963763,24514.81881881,252,227,16,1,0.0221965,convex_mesh_per_channel
1156,4,711157,10,5,0,2,1250,1,0,0.09117696097398,0,10,7288.791269,728.8791269,27193.95620797,266,239,77,1,0.0049644,convex_mesh_per_channel
1156,4,711157,10,5,0,2,1250,1,0,0.09117696097398,5,10,6666.356063,666.6356063,24816.78017594,241,220,76,1,0.0172234,convex_mesh_per_channel
1157,4,711158,10,5,0,2,1500,2,1,0.08375777480219,0,10,6845.802732,684.5802732,26074.01365533,267,237,3,0,0.005319,convex_mesh_per_channel
1157,4,711158,10,5,0,2,1500,2,1,0.08375777480219,5,10,6466.910944,646.6910944,24089.55472378,270,237,4,0,0.0228933,convex_mesh_per_channel
1158,4,711159,10,5,0,2,1000,3,0,0.1990090234692,0,10,7809.619296,780.9619296,30358.09648186,243,215,86,1,0.0065131,convex_mesh_per_channel
1158,4,711159,10,5,0,2,1000,3,0,0.1990090234692,5,10,6435.737452,643.5737452,24368.68727696,256,232,0,0,0.0177249,convex_mesh_per_channel
1159,4,711160,10,5,0,2,1250,4,1,0.2063292689127,0,10,7607.955687,760.7955687,29009.77840866,245,219,104,2,0.0060816,convex_mesh_per_channel
1159,4,711160,10,5,0,2,1250,4,1,0.2063292689127,5,10,7451.664605,745.1664605,28253.32299288,244,219,104,2,0.0214881,convex_mesh_per_channel
1160,4,711161,10,5,0,2,1500,0,0,0.3116021356091,0,10,7108.883074,710.8883074,27299.41531693,239,212,64,1,0.0054305,convex_mesh_per_channel
1160,4,711161,10,5,0,2,1500,0,0,0.3116021356091,5,10,6797.669006,679.7669006,25463.34495844,247,216,68,2,0.0374937,convex_mesh_per_channel
1161,4,711162,10,5,0,2,1000,1,1,0.07672263165056,0,10,9581.182722,958.1182722,36900.91335054,243,216,240,6,0.005889,convex_mesh_per_channel
1161,4,711162,10,5,0,2,1000,1,1,0.07672263165056,5,10,9491.899652,949.1899652,35824.49799477,264,237,240,5,0.0163558,convex_mesh_per_channel
1162,4,711163,10,5,0,2,1250,2,0,0.6564754296049,0,10,6888.655788,688.8655788,26778.27893982,246,214,13,2,0.0065831,convex_mesh_per_channel
1162,4,711163,10,5,0,2,1250,2,0,0.6564754296049,5,10,5971.779254,597.1779254,22423.89628231,243,219,1,0,0.0276687,convex_mesh_per_channel
1163,4,711164,10,5,0,2,1500,3,1,0.228238754165,0,10,6860.854485,686.0854485,25834.27240778,269,245,18,1,0.0047195,convex_mesh_per_channel
1163,4,711164,10,5,0,2,1500,3,1,0.228238754165,5,10,7269.862853,726.9862853,27624.31425042,238,217,96,2,0.022439,convex_mesh_per_channel
1164,4,711165,10,5,0,2,1000,4,0,0.7161849609423,0,10,6872.774326,687.2774326,26348.87164254,240,218,45,1,0.0057402,convex_mesh_per_channel
1164,4,711165,10,5,0,2,1000,4,0,0.7161849609423,5,10,6992.467927,699.2467927,26602.3396482,237,212,75,2,0.0271148,convex_mesh_per_channel
1165,4,711166,10,5,0,2,1250,0,1,0.4333607172419,0,10,6848.400748,684.8400748,26587.00374376,242,217,18,1,0.0060836,convex_mesh_per_channel
1165,4,711166,10,5,0,2,1250,0,1,0.4333607172419,5,10,6400.677689,640.0677689,24373.38844703,241,217,18,1,0.0190765,convex_mesh_per_channel
1166,4,711167,10,5,0,2,1500,1,0,0.6507996625461,0,10,6511.521132,651.1521132,25022.6056641,237,215,19,1,0.0062949,convex_mesh_per_channel
1166,4,711167,10,5,0,2,1500,1,0,0.6507996625461,5,10,6351.831678,635.1831678,23804.15839863,249,221,25,2,0.0223107,convex_mesh_per_channel
1167,4,711168,10,5,0,2,1000,2,1,0.1124943002771,0,10,9788.451596,978.8451596,37232.25771782,243,216,287,5,0.0048254,convex_mesh_per_channel
1167,4,711168,10,5,0,2,1000,2,1,0.1124943002771,5,10,6396.16858,639.616858,23620.84289933,267,242,15,1,0.0189329,convex_mesh_per_channel
1168,4,711169,10,5,0,2,1250,3,0,0.353515630326,0,10,7360.397972,736.0397972,28451.98979454,241,217,66,2,0.0066403,convex_mesh_per_channel
1168,4,711169,10,5,0,2,1250,3,0,0.353515630326,5,10,6837.357763,683.7357763,25811.78873735,242,217,66,2,0.0280934,convex_mesh_per_channel
1169,4,711170,10,5,0,2,1500,4,1,0.2589553376208,0,10,10804.244962,1080.4244962,40986.22449182,242,216,377,5,0.00509,convex_mesh_per_channel
1169,4,711170,10,5,0,2,1500,4,1,0.2589553376208,5,10,8029.186095,802.9186095,29135.93037181,270,244,186,2,0.017763,convex_mesh_per_channel
1170,4,711171,10,5,5,0,1000,0,0,0.2722200305768,0,10,6336.186026,633.6186026,22750.93013282,283,264,19,1,0.0044718,convex_mesh_per_channel
1170,4,711171,10,5,5,0,1000,0,0,0.2722200305768,5,10,7044.842745,704.4842745,24089.21369089,335,316,62,2,0.0095541,convex_mesh_per_channel
1171,4,711172,10,5,5,0,1250,1,1,0.6858526245443,0,10,7137.348129,713.7348129,25521.74064545,331,298,10,2,0.003102,convex_mesh_per_channel
1171,4,711172,10,5,5,0,1250,1,1,0.6858526245443,5,10,7371.679502,737.1679502,26058.39751723,351,319,12,1,0.0082581,convex_mesh_per_channel
1172,4,711173,10,5,5,0,1500,2,0,0.6663951095274,0,10,6422.397485,642.2397485,22851.98744939,301,276,7,1,0.0035063,convex_mesh_per_channel
1172,4,711173,10,5,5,0,1500,2,0,0.6663951095274,5,10,7089.332388,708.9332388,25671.66178961,272,254,97,1,0.0150031,convex_mesh_per_channel
1173,4,711174,10,5,5,0,1000,3,1,0.9721924473663,0,10,7241.70646,724.170646,26743.53230553,310,293,0,0,0.0027668,convex_mesh_per_channel
1173,4,711174,10,5,5,0,1000,3,1,0.9721924473663,5,10,6979.745107,697.9745107,24803.72555095,331,314,0,0,0.0090727,convex_mesh_per_channel
1174,4,711175,10,5,5,0,1250,4,0,0.5481251350106,0,10,6848.680341,684.8680341,24438.40170897,321,300,2,0,0.0027246,convex_mesh_per_channel
1174,4,711175,10,5,5,0,1250,4,0,0.5481251350106,5,10,6421.352031,642.1352031,22946.76015662,300,279,1,0,0.0148016,convex_mesh_per_channel
1175,4,711176,10,5,5,0,1500,0,1,0.8077746569438,0,10,6704.793815,670.4793815,23723.96908537,317,301,8,1,0.0028697,convex_mesh_per_channel
1175,4,711176,10,5,5,0,1500,0,1,0.8077746569438,5,10,6839.757491,683.9757491,24773.78746368,306,281,8,1,0.0109733,convex_mesh_per_channel
1176,4,711177,10,5,5,0,1000,1,0,0.7701209601013,0,10,7756.399244,775.6399244,28531.99602995,292,276,88,1,0.003436,convex_mesh_per_channel
1176,4,711177,10,5,5,0,1000,1,0,0.7701209601013,5,10,7050.608237,705.0608237,25798.04098507,266,250,87,1,0.0142107,convex_mesh_per_channel
1177,4,711178,10,5,5,0,1250,2,1,0.3722487016759,0,10,7213.242982,721.3242982,26261.21491274,313,289,19,2,0.0032743,convex_mesh_per_channel
1177,4,711178,10,5,5,0,1250,2,1,0.3722487016759,5,10,7065.361105,706.5361105,25986.80552879,303,273,10,0,0.0129628,convex_mesh_per_channel
1178,4,711179,10,5,5,0,1500,3,0,0.5143772130786,0,10,7037.784337,703.7784337,26338.9217055,267,241,48,2,0.0044255,convex_mesh_per_channel
1178,4,711179,10,5,5,0,1500,3,0,0.5143772130786,5,10,6860.247443,686.0247443,25721.23722004,271,245,22,2,0.0164375,convex_mesh_per_channel
1179,4,711180,10,5,5,0,1000,4,1,0.2630840913423,0,10,8557.893316,855.7893316,31514.46647634,308,287,126,3,0.0032327,convex_mesh_per_channel
1179,4,711180,10,5,5,0,1000,4,1,0.2630840913423,5,10,8841.925201,884.1925201,32904.6258976,308,278,131,4,0.0109438,convex_mesh_per_channel
1180,4,711181,10,5,5,0,1250,0,0,0.3528083148721,0,10,6789.157986,678.9157986,24760.78993187,301,279,1,0,0.0033847,convex_mesh_per_channel
1180,4,711181,10,5,5,0,1250,0,0,0.3528083148721,5,10,6537.524822,653.7524822,23322.6241106,307,288,0,0,0.0095562,convex_mesh_per_channel
1181,4,711182,10,5,5,0,1500,1,1,0.5563388057602,0,10,7269.695789,726.9695789,27438.47897146,291,268,3,1,0.003156,convex_mesh_per_channel
1181,4,711182,10,5,5,0,1500,1,1,0.5563388057602,5,10,6864.141525,686.4141525,25005.7076313,304,278,5,1,0.0135288,convex_mesh_per_channel
1182,4,711183,10,5,5,0,1000,2,0,0.3618283350132,0,10,7422.651247,742.2651247,26173.25622515,346,324,28,1,0.0024347,convex_mesh_per_channel
1182,4,711183,10,5,5,0,1000,2,0,0.3618283350132,5,10,6978.175674,697.8175674,25340.87834876,299,278,29,1,0.0117153,convex_mesh_per_channel
1183,4,711184,10,5,5,0,1250,3,1,0.4789105456916,0,10,6520.157437,652.0157437,23400.78718576,301,279,2,0,0.0032549,convex_mesh_per_channel
1183,4,711184,10,5,5,0,1250,3,1,0.4789105456916,5,10,6544.13775,654.413775,23115.68876292,314,295,2,0,0.0105575,convex_mesh_per_channel
1184,4,711185,10,5,5,0,1500,4,0,0.6686134238917,0,10,7436.472296,743.6472296,27512.36149526,314,278,12,3,0.0030393,convex_mesh_per_channel
1184,4,711185,10,5,5,0,1500,4,0,0.6686134238917,5,10,7221.706206,722.1706206,26918.53103063,297,264,13,2,0.0136833,convex_mesh_per_channel
1185,4,711186,10,5,5,0,1000,0,1,0.3719245836592,0,10,7293.707631,729.3707631,27023.53817715,305,287,9,1,0.0030331,convex_mesh_per_channel
1185,4,711186,10,5,5,0,1000,0,1,0.3719245836592,5,10,6987.350307,698.7350307,25236.75153436,314,293,9,1,0.0108808,convex_mesh_per_channel
1186,4,711187,10,5,5,0,1250,1,0,0.6165250825435,0,10,6680.35426,668.035426,23231.77136851,315,295,38,1,0.0025811,convex_mesh_per_channel
1186,4,711187,10,5,5,0,1250,1,0,0.6165250825435,5,10,7763.25423,776.325423,27701.27128806,312,289,108,2,0.0116205,convex_mesh_per_channel
1187,4,711188,10,5,5,0,1500,2,1,0.8771591723773,0,10,7467.437716,746.7437716,27182.18858785,333,310,2,0,0.0025875,convex_mesh_per_channel
1187,4,711188,10,5,5,0,1500,2,1,0.8771591723773,5,10,7109.007412,710.9007412,26105.03707464,310,288,0,0,0.0119622,convex_mesh_per_channel
1188,4,711189,10,5,5,0,1000,3,0,0.2939017741508,0,10,6375.364146,637.5364146,23071.8207308,288,271,0,0,0.0034855,convex_mesh_per_channel
1188,4,711189,10,5,5,0,1000,3,0,0.2939017741508,5,10,6168.523902,616.8523902,21747.61951499,298,279,0,0,0.0108257,convex_mesh_per_channel
1189,4,711190,10,5,5,0,1250,4,1,0.7121685849579,0,10,7523.026718,752.3026718,26925.13343974,305,284,93,1,0.0030785,convex_mesh_per_channel
1189,4,711190,10,5,5,0,1250,4,1,0.7121685849579,5,10,7328.564235,732.8564235,26162.82099929,298,280,92,1,0.0125746,convex_mesh_per_channel
1190,4,711191,10,5,5,0,1500,0,0,0.7459151370668,0,10,6831.328497,683.1328497,25431.64249158,286,256,3,2,0.0050174,convex_mesh_per_channel
1190,4,711191,10,5,5,0,1500,0,0,0.7459151370668,5,10,6737.482526,673.7482526,24542.41263385,301,268,2,4,0.0130185,convex_mesh_per_channel
1191,4,711192,10,5,5,0,1000,1,1,0.3009396505241,0,10,7330.281321,733.0281321,26361.40661601,336,310,6,1,0.0031036,convex_mesh_per_channel
1191,4,711192,10,5,5,0,1000,1,1,0.3009396505241,5,10,7637.565178,763.7565178,27102.82591991,357,325,19,2,0.0110807,convex_mesh_per_channel
1192,4,711193,10,5,5,0,1250,2,0,0.4666238085338,0,10,6358.738423,635.8738423,23153.6921081,281,261,4,0,0.004531,convex_mesh_per_channel
1192,4,711193,10,5,5,0,1250,2,0,0.4666238085338,5,10,6495.35373,649.535373,24256.76866593,265,242,9,1,0.0210948,convex_mesh_per_channel
1193,4,711194,10,5,5,0,1500,3,1,0.3675823066376,0,10,7146.486467,714.6486467,26472.43234388,304,282,0,1,0.0032423,convex_mesh_per_channel
1193,4,711194,10,5,5,0,1500,3,1,0.3675823066376,5,10,6998.046516,699.8046516,25115.23258754,324,305,0,1,0.0110681,convex_mesh_per_channel
1194,4,711195,10,5,5,0,1000,4,0,0.7341674721606,0,10,7953.728964,795.3728964,28093.64474683,338,316,93,1,0.0024498,convex_mesh_per_channel
1194,4,711195,10,5,5,0,1000,4,0,0.7341674721606,5,10,6392.084823,639.2084823,22855.42412369,296,276,5,0,0.0137014,convex_mesh_per_channel
1195,4,711196,10,5,5,0,1250,0,1,0.7579983922914,0,10,7197.622896,719.7622896,25598.11449271,341,320,1,0,0.002539,convex_mesh_per_channel
1195,4,711196,10,5,5,0,1250,0,1,0.7579983922914,5,10,6304.788031,630.4788031,22413.94015261,298,282,0,0,0.0118771,convex_mesh_per_channel
1196,4,711197,10,5,5,0,1500,1,0,0.2740278662635,0,10,6405.27497,640.527497,24236.37485601,254,226,4,1,0.0066153,convex_mesh_per_channel
1196,4,711197,10,5,5,0,1500,1,0,0.2740278662635,5,10,6273.831964,627.3831964,23349.15982431,260,233,7,1,0.0213599,convex_mesh_per_channel
1197,4,711198,10,5,5,0,1000,2,1,0.5077082210492,0,10,7418.166159,741.8166159,27120.83081619,322,304,10,1,0.0028297,convex_mesh_per_channel
1197,4,711198,10,5,5,0,1000,2,1,0.5077082210492,5,10,7158.290945,715.8290945,26416.45473757,295,269,27,2,0.0119469,convex_mesh_per_channel
1198,4,711199,10,5,5,0,1250,3,0,0.6730050629246,0,10,7648.219288,764.8219288,27431.09657413,325,307,60,1,0.0027092,convex_mesh_per_channel
1198,4,711199,10,5,5,0,1250,3,0,0.6730050629246,5,10,6176.570251,617.6570251,21252.8512524,315,301,0,0,0.0107685,convex_mesh_per_channel
1199,4,711200,10,5,5,0,1500,4,1,0.2671371884787,0,10,7641.051729,764.1051729,29165.25866338,292,259,13,1,0.0037406,convex_mesh_per_channel
1199,4,711200,10,5,5,0,1500,4,1,0.2671371884787,5,10,6820.465659,682.0465659,25467.3283056,278,251,12,1,0.0160387,convex_mesh_per_channel
1200,4,711201,10,5,5,1,1000,0,0,4.983001679882e-05,0,10,6671.354877,667.1354877,24986.77438798,275,249,0,1,0.0040378,convex_mesh_per_channel
1200,4,711201,10,5,5,1,1000,0,0,4.983001679882e-05,5,10,6543.877954,654.3877954,23749.38976937,295,269,0,1,0.0182998,convex_mesh_per_channel
1201,4,711202,10,5,5,1,1250,1,1,2.154876791735e-05,0,10,7338.252197,733.8252197,26471.26099941,319,297,34,3,0.0028016,convex_mesh_per_channel
1201,4,711202,10,5,5,1,1250,1,1,2.154876791735e-05,5,10,6982.48077,698.248077,25287.40386591,297,273,39,3,0.0166582,convex_mesh_per_channel
1202,4,711203,10,5,5,1,1500,2,0,0.0001339737619091,0,10,6331.278026,633.1278026,23291.39012924,274,253,0,0,0.0042119,convex_mesh_per_channel
1202,4,711203,10,5,5,1,1500,2,0,0.0001339737619091,5,10,6084.194177,608.4194177,22160.97089125,269,245,4,0,0.0143015,convex_mesh_per_channel
1203,4,711204,10,5,5,1,1000,3,1,9.856173210832e-05,0,10,6765.717019,676.5717019,24703.58509899,295,276,8,2,0.003332,convex_mesh_per_channel
1203,4,711204,10,5,5,1,1000,3,1,9.856173210832e-05,5,10,7048.792458,704.8792458,26008.96230469,295,274,16,3,0.0115271,convex_mesh_per_channel
1204,4,711205,10,5,5,1,1250,4,0,6.954620150702e-05,0,10,7233.456358,723.3456358,27427.28180356,286,268,0,0,0.0039149,convex_mesh_per_channel
1204,4,711205,10,5,5,1,1250,4,0,6.954620150702e-05,5,10,6233.104485,623.3104485,22805.52242058,273,251,2,0,0.0169609,convex_mesh_per_channel
1205,4,711206,10,5,5,1,1500,0,1,2.499490128991e-05,0,10,8260.988994,826.0988994,31949.94497898,293,269,29,4,0.0038305,convex_mesh_per_channel
1205,4,711206,10,5,5,1,1500,0,1,2.499490128991e-05,5,10,7728.676167,772.8676167,28823.3808447,308,287,29,4,0.0121304,convex_mesh_per_channel
1206,4,711207,10,5,5,1,1000,1,0,2.423198764284e-05,0,10,7359.922361,735.9922361,27734.61180348,296,274,3,0,0.0034291,convex_mesh_per_channel
1206,4,711207,10,5,5,1,1000,1,0,2.423198764284e-05,5,10,6844.340332,684.4340332,25126.70166994,297,275,3,0,0.0123141,convex_mesh_per_channel
1207,4,711208,10,5,5,1,1250,2,1,8.200947121269e-05,0,10,7428.797801,742.8797801,28828.98900551,265,240,16,3,0.0039579,convex_mesh_per_channel
1207,4,711208,10,5,5,1,1250,2,1,8.200947121269e-05,5,10,7031.638858,703.1638858,26883.194312,264,240,15,3,0.0194754,convex_mesh_per_channel
1208,4,711209,10,5,5,1,1500,3,0,0.000263005362023,0,10,8794.742485,879.4742485,33393.71211232,251,229,194,3,0.0048952,convex_mesh_per_channel
1208,4,711209,10,5,5,1,1500,3,0,0.000263005362023,5,10,7754.563559,775.4563559,28492.817687,294,266,90,1,0.015802,convex_mesh_per_channel
1209,4,711210,10,5,5,1,1000,4,1,8.975768812711e-05,0,10,7380.388597,738.0388597,27091.94301166,306,274,36,2,0.0035835,convex_mesh_per_channel
1209,4,711210,10,5,5,1,1000,4,1,8.975768812711e-05,5,10,7486.743706,748.6743706,26478.71855163,344,307,38,2,0.0099175,convex_mesh_per_channel
1210,4,711211,10,5,5,1,1250,0,0,2.521120327664e-05,0,10,6273.6212,627.36212,23253.10599506,266,243,0,0,0.004671,convex_mesh_per_channel
1210,4,711211,10,5,5,1,1250,0,0,2.521120327664e-05,5,10,6247.254905,624.7254905,22636.27452682,282,260,0,0,0.0182115,convex_mesh_per_channel
1211,4,711212,10,5,5,1,1500,1,1,6.935095151615e-05,0,10,8014.509772,801.4509772,30997.54896053,277,251,43,5,0.0046374,convex_mesh_per_channel
1211,4,711212,10,5,5,1,1500,1,1,6.935095151615e-05,5,10,7229.064103,722.9064103,27215.32053545,286,255,17,5,0.0154271,convex_mesh_per_channel
1212,4,711213,10,5,5,1,1000,2,0,1.951454440162e-05,0,10,6898.225264,689.8225264,26086.12632279,270,251,10,1,0.0040451,convex_mesh_per_channel
1212,4,711213,10,5,5,1,1000,2,0,1.951454440162e-05,5,10,6837.996328,683.7996328,25064.98163696,294,275,10,1,0.0109051,convex_mesh_per_channel
1213,4,711214,10,5,5,1,1250,3,1,5.882295000998e-05,0,10,6821.774527,682.1774527,24243.87262881,324,303,0,0,0.0028813,convex_mesh_per_channel
1213,4,711214,10,5,5,1,1250,3,1,5.882295000998e-05,5,10,6719.090906,671.9090906,24095.45453416,312,290,0,0,0.0124553,convex_mesh_per_channel
1214,4,711215,10,5,5,1,1500,4,0,7.007825943419e-05,0,10,6810.885505,681.0885505,24999.42753988,271,241,55,2,0.0043866,convex_mesh_per_channel
1214,4,711215,10,5,5,1,1500,4,0,7.007825943419e-05,5,10,6420.968973,642.0968973,23189.84487573,290,265,6,1,0.0137323,convex_mesh_per_channel
1215,4,711216,10,5,5,1,1000,0,1,7.267771548956e-05,0,10,7055.746111,705.5746111,26883.7305603,268,247,14,1,0.0045813,convex_mesh_per_channel
1215,4,711216,10,5,5,1,1000,0,1,7.267771548956e-05,5,10,7370.906312,737.0906312,27359.53155187,300,277,24,2,0.0107597,convex_mesh_per_channel
1216,4,711217,10,5,5,1,1250,1,0,6.155632963394e-05,0,10,6733.145886,673.3145886,24445.72945666,273,246,61,2,0.0044835,convex_mesh_per_channel
1216,4,711217,10,5,5,1,1250,1,0,6.155632963394e-05,5,10,6684.711528,668.4711528,23558.55764806,316,286,19,3,0.0128422,convex_mesh_per_channel
1217,4,711218,10,5,5,1,1500,2,1,2.311150549273e-05,0,10,7809.203489,780.9203489,30056.01743944,286,261,19,3,0.0037567,convex_mesh_per_channel
1217,4,711218,10,5,5,1,1500,2,1,2.311150549273e-05,5,10,7664.33962,766.433962,28521.6980888,313,288,19,3,0.0130617,convex_mesh_per_channel
1218,4,711219,10,5,5,1,1000,3,0,5.51670964559e-05,0,10,6703.404975,670.3404975,25022.02488054,279,251,1,1,0.004086,convex_mesh_per_channel
1218,4,711219,10,5,5,1,1000,3,0,5.51670964559e-05,5,10,6265.810156,626.5810156,22734.05078551,281,264,0,0,0.0132919,convex_mesh_per_channel
1219,4,711220,10,5,5,1,1250,4,1,8.651408063688e-05,0,10,8992.01184,899.201184,32805.05919946,304,282,193,3,0.0032258,convex_mesh_per_channel
1219,4,711220,10,5,5,1,1250,4,1,8.651408063688e-05,5,10,7466.725756,746.6725756,27068.6287846,287,265,101,2,0.0176186,convex_mesh_per_channel
1220,4,711221,10,5,5,1,1500,0,0,6.297714706675e-05,0,10,7389.483633,738.9483633,27292.41815973,276,249,84,2,0.0043234,convex_mesh_per_channel
1220,4,711221,10,5,5,1,1500,0,0,6.297714706675e-05,5,10,7699.539031,769.9539031,28882.69515713,277,245,81,2,0.0260474,convex_mesh_per_channel
1221,4,711222,10,5,5,1,1000,1,1,0.0001180526252513,0,10,6666.027389,666.6027389,24640.13694057,285,263,0,0,0.0042774,convex_mesh_per_channel
1221,4,711222,10,5,5,1,1000,1,1,0.0001180526252513,5,10,6588.520588,658.8520588,23987.6029364,293,273,1,0,0.0112013,convex_mesh_per_channel
1222,4,711223,10,5,5,1,1250,2,0,8.154757046648e-05,0,10,7259.448518,725.9448518,27092.24258548,275,248,56,2,0.0041843,convex_mesh_per_channel
1222,4,711223,10,5,5,1,1250,2,0,8.154757046648e-05,5,10,6379.831802,637.9831802,23629.15900502,271,246,1,0,0.0249137,convex_mesh_per_channel
1223,4,711224,10,5,5,1,1500,3,1,7.198150454469e-05,0,10,7171.700145,717.1700145,27228.50073526,283,261,0,0,0.0049072,convex_mesh_per_channel
1223,4,711224,10,5,5,1,1500,3,1,7.198150454469e-05,5,10,6774.148276,677.4148276,25450.74138832,276,254,0,0,0.0140638,convex_mesh_per_channel
1224,4,711225,10,5,5,1,1000,4,0,6.016311164858e-05,0,10,7657.923496,765.7923496,28579.61748097,290,268,58,3,0.0039771,convex_mesh_per_channel
1224,4,711225,10,5,5,1,1000,4,0,6.016311164858e-05,5,10,6471.917771,647.1917771,23319.58884938,292,274,8,1,0.0136925,convex_mesh_per_channel
1225,4,711226,10,5,5,1,1250,0,1,7.249142776717e-05,0,10,6632.857616,663.2857616,23989.28809285,301,280,0,0,0.0042161,convex_mesh_per_channel
1225,4,711226,10,5,5,1,1250,0,1,7.249142776717e-05,5,10,6615.869808,661.5869808,23434.34904101,317,294,0,0,0.0103837,convex_mesh_per_channel
1226,4,711227,10,5,5,1,1500,1,0,0.0001278375668038,0,10,7012.17435,701.217435,26525.87175621,278,252,5,0,0.0048067,convex_mesh_per_channel
1226,4,711227,10,5,5,1,1500,1,0,0.0001278375668038,5,10,6314.542186,631.4542186,23332.71094543,268,240,6,1,0.0249761,convex_mesh_per_channel
1227,4,711228,10,5,5,1,1000,2,1,4.81261293766e-05,0,10,7509.994288,750.9994288,27804.97142997,315,288,12,1,0.0027657,convex_mesh_per_channel
1227,4,711228,10,5,5,1,1000,2,1,4.81261293766e-05,5,10,7386.84711,738.684711,25769.23554981,360,329,18,1,0.0087677,convex_mesh_per_channel
1228,4,711229,10,5,5,1,1250,3,0,4.106932648091e-05,0,10,6970.66546,697.066546,25338.32732879,296,268,35,2,0.0039525,convex_mesh_per_channel
1228,4,711229,10,5,5,1,1250,3,0,4.106932648091e-05,5,10,6882.413928,688.2413928,24662.06967328,309,286,23,1,0.0141571,convex_mesh_per_channel
1229,4,711230,10,5,5,1,1500,4,1,3.689514304944e-05,0,10,6501.642706,650.1642706,23883.21354212,282,250,5,2,0.0048253,convex_mesh_per_channel
1229,4,711230,10,5,5,1,1500,4,1,3.689514304944e-05,5,10,6777.77775,677.777775,25243.88876682,284,256,1,0,0.0139922,convex_mesh_per_channel
1230,4,711231,10,5,5,2,1000,0,0,0.01389757212079,0,10,7052.760417,705.2760417,27673.8020707,241,221,14,2,0.0048264,convex_mesh_per_channel
1230,4,711231,10,5,5,2,1000,0,0,0.01389757212079,5,10,6413.925676,641.3925676,23589.62837897,278,256,0,0,0.0162042,convex_mesh_per_channel
1231,4,711232,10,5,5,2,1250,1,1,0.009636076491624,0,10,6557.077238,655.7077238,24115.38620278,284,258,2,0,0.0050834,convex_mesh_per_channel
1231,4,711232,10,5,5,2,1250,1,1,0.009636076491624,5,10,6307.188211,630.7188211,22825.94105608,284,263,3,0,0.0164841,convex_mesh_per_channel
1232,4,711233,10,5,5,2,1500,2,0,0.1636619319922,0,10,6463.961888,646.3961888,23279.80944139,297,273,0,0,0.0040354,convex_mesh_per_channel
1232,4,711233,10,5,5,2,1500,2,0,0.1636619319922,5,10,6568.297951,656.8297951,24771.48974871,262,233,7,1,0.0196858,convex_mesh_per_channel
1233,4,711234,10,5,5,2,1000,3,1,0.03264786766069,0,10,8813.325337,881.3325337,33166.62662711,262,241,193,3,0.0041192,convex_mesh_per_channel
1233,4,711234,10,5,5,2,1000,3,1,0.03264786766069,5,10,7309.241737,730.9241737,25726.20866517,309,290,93,1,0.0118485,convex_mesh_per_channel
1234,4,711235,10,5,5,2,1250,4,0,0.1138157382437,0,10,6980.96936,698.096936,25904.84673364,272,246,48,1,0.0057356,convex_mesh_per_channel
1234,4,711235,10,5,5,2,1250,4,0,0.1138157382437,5,10,7478.553277,747.8553277,27682.76625245,251,223,138,2,0.0190936,convex_mesh_per_channel
1235,4,711236,10,5,5,2,1500,0,1,0.01595137832214,0,10,6375.535623,637.5535623,23977.67811639,259,235,0,0,0.0056377,convex_mesh_per_channel
1235,4,711236,10,5,5,2,1500,0,1,0.01595137832214,5,10,6352.10521,635.210521,23750.52604935,262,242,0,0,0.0195675,convex_mesh_per_channel
1236,4,711237,10,5,5,2,1000,1,0,0.08474637557061,0,10,6408.445438,640.8445438,24042.22719663,261,236,3,0,0.0046423,convex_mesh_per_channel
1236,4,711237,10,5,5,2,1000,1,0,0.08474637557061,5,10,6030.433211,603.0433211,21482.16604691,283,263,2,0,0.0137613,convex_mesh_per_channel
1237,4,711238,10,5,5,2,1250,2,1,0.02165726938264,0,10,8149.992789,814.9992789,30064.96393119,298,273,108,2,0.0042192,convex_mesh_per_channel
1237,4,711238,10,5,5,2,1250,2,1,0.02165726938264,5,10,8006.910435,800.6910435,28664.55216799,321,298,107,2,0.0119067,convex_mesh_per_channel
1238,4,711239,10,5,5,2,1500,3,0,0.0382038449648,0,10,6526.724669,652.6724669,24208.62335095,272,245,10,1,0.0047435,convex_mesh_per_channel
1238,4,711239,10,5,5,2,1500,3,0,0.0382038449648,5,10,6324.506477,632.4506477,23247.53240355,270,245,10,1,0.0209977,convex_mesh_per_channel
1239,4,711240,10,5,5,2,1000,4,1,0.02250736939575,0,10,7965.999726,796.5999726,30444.99845951,251,224,116,4,0.0053967,convex_mesh_per_channel
1239,4,711240,10,5,5,2,1000,4,1,0.02250736939575,5,10,6425.967464,642.5967464,22554.83733092,310,288,9,1,0.0130285,convex_mesh_per_channel
1240,4,711241,10,5,5,2,1250,0,0,0.05282335297761,0,10,7200.568948,720.0568948,27117.84474513,258,233,68,1,0.0058121,convex_mesh_per_channel
1240,4,711241,10,5,5,2,1250,0,0,0.05282335297761,5,10,5980.305943,598.0305943,22081.52971372,256,234,0,0,0.0235566,convex_mesh_per_channel
1241,4,711242,10,5,5,2,1500,1,1,0.03993522026003,0,10,7103.377453,710.3377453,26661.88728052,275,247,33,1,0.0052476,convex_mesh_per_channel
1241,4,711242,10,5,5,2,1500,1,1,0.03993522026003,5,10,6391.554196,639.1554196,23432.77098703,279,254,2,0,0.0188362,convex_mesh_per_channel
1242,4,711243,10,5,5,2,1000,2,0,0.02502266150632,0,10,6691.357065,669.1357065,24796.78533791,278,253,13,1,0.0050732,convex_mesh_per_channel
1242,4,711243,10,5,5,2,1000,2,0,0.02502266150632,5,10,6728.880488,672.8880488,24099.40245706,307,279,15,2,0.0148798,convex_mesh_per_channel
1243,4,711244,10,5,5,2,1250,3,1,0.04657091089622,0,10,7927.080571,792.7080571,30360.40286042,248,223,114,3,0.0060933,convex_mesh_per_channel
1243,4,711244,10,5,5,2,1250,3,1,0.04657091089622,5,10,7447.025261,744.7025261,27245.12631029,282,256,94,2,0.0204181,convex_mesh_per_channel
1244,4,711245,10,5,5,2,1500,4,0,0.05390543003473,0,10,6757.103202,675.7103202,24950.51592648,256,230,69,1,0.0061272,convex_mesh_per_channel
1244,4,711245,10,5,5,2,1500,4,0,0.05390543003473,5,10,6135.592006,613.5592006,22187.96006616,270,244,18,1,0.0198937,convex_mesh_per_channel
1245,4,711246,10,5,5,2,1000,0,1,0.04322155937218,0,10,7243.864007,724.3864007,27454.31992721,244,225,86,1,0.0054233,convex_mesh_per_channel
1245,4,711246,10,5,5,2,1000,0,1,0.04322155937218,5,10,7187.451167,718.7451167,25682.25571618,294,273,86,1,0.013954,convex_mesh_per_channel
1246,4,711247,10,5,5,2,1250,1,0,0.07126634924724,0,10,6573.127184,657.3127184,24320.63590805,268,244,25,2,0.0052136,convex_mesh_per_channel
1246,4,711247,10,5,5,2,1250,1,0,0.07126634924724,5,10,6802.601727,680.2601727,25423.00860918,269,233,30,3,0.0258464,convex_mesh_per_channel
1247,4,711248,10,5,5,2,1500,2,1,0.05528110118481,0,10,7227.924219,722.7924219,26719.62100911,260,234,100,2,0.0057602,convex_mesh_per_channel
1247,4,711248,10,5,5,2,1500,2,1,0.05528110118481,5,10,7495.442405,749.5442405,28067.21194131,262,237,95,2,0.0231262,convex_mesh_per_channel
1248,4,711249,10,5,5,2,1000,3,0,0.02616460094752,0,10,7400.479403,740.0479403,27732.39700122,261,241,86,2,0.0047066,convex_mesh_per_channel
1248,4,711249,10,5,5,2,1000,3,0,0.02616460094752,5,10,7290.680608,729.0680608,27608.40302768,247,226,86,2,0.0169845,convex_mesh_per_channel
1249,4,711250,10,5,5,2,1250,4,1,0.04019691372901,0,10,6863.275984,686.3275984,25916.37993411,269,243,14,2,0.0051264,convex_mesh_per_channel
1249,4,711250,10,5,5,2,1250,4,1,0.04019691372901,5,10,6657.926808,665.7926808,24724.63405901,275,252,12,1,0.0167009,convex_mesh_per_channel
1250,4,711251,10,5,5,2,1500,0,0,0.0400619800477,0,10,7794.868808,779.4868808,28804.34404466,282,256,106,2,0.0042923,convex_mesh_per_channel
1250,4,711251,10,5,5,2,1500,0,0,0.0400619800477,5,10,6215.734909,621.5734909,22998.67454437,265,241,0,0,0.0203535,convex_mesh_per_channel
1251,4,711252,10,5,5,2,1000,1,1,0.03879777873571,0,10,7474.17735,747.417735,28960.88671254,255,222,45,3,0.0061527,convex_mesh_per_channel
1251,4,711252,10,5,5,2,1000,1,1,0.03879777873571,5,10,6418.216142,641.8216142,22836.08072468,301,275,7,2,0.0116324,convex_mesh_per_channel
1252,4,711253,10,5,5,2,1250,2,0,0.05400644116097,0,10,6588.324082,658.8324082,23821.62044254,284,258,32,1,0.0049694,convex_mesh_per_channel
1252,4,711253,10,5,5,2,1250,2,0,0.05400644116097,5,10,6679.008151,667.9008151,24940.04075246,248,221,60,2,0.0248888,convex_mesh_per_channel
1253,4,711254,10,5,5,2,1500,3,1,0.01664058458739,0,10,6284.897254,628.4897254,23189.48628088,269,252,0,0,0.0048298,convex_mesh_per_channel
1253,4,711254,10,5,5,2,1500,3,1,0.01664058458739,5,10,6561.275599,656.1275599,24471.37800336,273,252,0,0,0.0172842,convex_mesh_per_channel
1254,4,711255,10,5,5,2,1000,4,0,0.05059140651891,0,10,8506.144538,850.6144538,31350.72252658,283,258,171,4,0.0054266,convex_mesh_per_channel
1254,4,711255,10,5,5,2,1000,4,0,0.05059140651891,5,10,6741.32127,674.132127,24516.60633075,285,258,35,2,0.0156768,convex_mesh_per_channel
1255,4,711256,10,5,5,2,1250,0,1,0.0210184233911,0,10,6460.560071,646.0560071,24737.80035791,248,223,0,0,0.0062151,convex_mesh_per_channel
1255,4,711256,10,5,5,2,1250,0,1,0.0210184233911,5,10,7614.985714,761.4985714,27734.92857182,294,272,92,1,0.0155089,convex_mesh_per_channel
1256,4,711257,10,5,5,2,1500,1,0,0.008073030423636,0,10,7334.030759,733.4030759,28005.15375727,263,233,45,1,0.0067963,convex_mesh_per_channel
1256,4,711257,10,5,5,2,1500,1,0,0.008073030423636,5,10,7353.105779,735.3105779,27755.52883798,264,237,65,2,0.0215972,convex_mesh_per_channel
1257,4,711258,10,5,5,2,1000,2,1,0.01883612411645,0,10,6592.55701,659.255701,24442.78506128,279,253,2,0,0.0043627,convex_mesh_per_channel
1257,4,711258,10,5,5,2,1000,2,1,0.01883612411645,5,10,7154.91079,715.491079,26549.55397606,299,273,9,1,0.0143357,convex_mesh_per_channel
1258,4,711259,10,5,5,2,1250,3,0,0.03875313333919,0,10,7059.412307,705.9412307,26612.06153572,251,228,68,1,0.0056775,convex_mesh_per_channel
1258,4,711259,10,5,5,2,1250,3,0,0.03875313333919,5,10,6878.078414,687.8078414,25140.39207949,270,246,68,1,0.0218997,convex_mesh_per_channel
1259,4,711260,10,5,5,2,1500,4,1,0.03180336563452,0,10,6607.616884,660.7616884,23683.08442559,306,279,4,1,0.0044669,convex_mesh_per_channel
1259,4,711260,10,5,5,2,1500,4,1,0.03180336563452,5,10,6452.428702,645.2428702,24017.14352985,266,242,9,1,0.0220309,convex_mesh_per_channel
1260,4,711261,10,5,10,0,1000,0,0,0.76222156549,0,10,7358.325188,735.8325188,26891.62594959,324,310,0,0,0.0026197,convex_mesh_per_channel
1260,4,711261,10,5,10,0,1000,0,0,0.76222156549,5,10,6135.95555,613.595555,21574.77777186,297,283,1,0,0.0112938,convex_mesh_per_channel
1261,4,711262,10,5,10,0,1250,1,1,0.3378935745728,0,10,7997.610002,799.7610002,30253.0500171,314,288,13,4,0.0028551,convex_mesh_per_channel
1261,4,711262,10,5,10,0,1250,1,1,0.3378935745728,5,10,7901.259215,790.1259215,29121.29609116,336,308,13,4,0.0099601,convex_mesh_per_channel
1262,4,711263,10,5,10,0,1500,2,0,0.2714011994146,0,10,6390.862784,639.0862784,23579.31392597,272,253,4,0,0.0042634,convex_mesh_per_channel
1262,4,711263,10,5,10,0,1500,2,0,0.2714011994146,5,10,6591.793203,659.1793203,23963.96602027,290,260,13,2,0.0153943,convex_mesh_per_channel
1263,4,711264,10,5,10,0,1000,3,1,0.434444512775,0,10,8124.804113,812.4804113,29594.02056797,363,341,0,1,0.002009,convex_mesh_per_channel
1263,4,711264,10,5,10,0,1000,3,1,0.434444512775,5,10,7055.526063,705.5526063,25102.63031322,334,315,0,1,0.0085272,convex_mesh_per_channel
1264,4,711265,10,5,10,0,1250,4,0,0.7674803107757,0,10,7041.262207,704.1262207,25256.31105565,313,294,27,2,0.0030133,convex_mesh_per_channel
1264,4,711265,10,5,10,0,1250,4,0,0.7674803107757,5,10,6831.033425,683.1033425,24300.16713259,310,290,27,2,0.0112926,convex_mesh_per_channel
1265,4,711266,10,5,10,0,1500,0,1,0.8472759291144,0,10,7212.102763,721.2102763,27250.51382054,288,272,0,0,0.003185,convex_mesh_per_channel
1265,4,711266,10,5,10,0,1500,0,1,0.8472759291144,5,10,7242.039263,724.2039263,26455.19631662,320,301,0,0,0.0109294,convex_mesh_per_channel
1266,4,711267,10,5,10,0,1000,1,0,0.8375652238584,0,10,7211.215752,721.1215752,26766.07878134,298,279,13,1,0.0028144,convex_mesh_per_channel
1266,4,711267,10,5,10,0,1000,1,0,0.8375652238584,5,10,6334.874195,633.4874195,23084.37097967,278,257,7,1,0.0193156,convex_mesh_per_channel
1267,4,711268,10,5,10,0,1250,2,1,0.8167928475214,0,10,7555.939779,755.5939779,27984.69888691,317,291,11,1,0.0031171,convex_mesh_per_channel
1267,4,711268,10,5,10,0,1250,2,1,0.8167928475214,5,10,7521.075501,752.1075501,27790.37749401,318,290,11,1,0.0095977,convex_mesh_per_channel
1268,4,711269,10,5,10,0,1500,3,0,0.91615681062,0,10,7210.194946,721.0194946,26625.97473865,301,282,16,2,0.0035278,convex_mesh_per_channel
1268,4,711269,10,5,10,0,1500,3,0,0.91615681062,5,10,6663.130436,666.3130436,24390.65218344,289,269,7,1,0.0145371,convex_mesh_per_channel
1269,4,711270,10,5,10,0,1000,4,1,0.4461845824497,0,10,7483.172823,748.3172823,27150.86412826,334,312,7,1,0.0024938,convex_mesh_per_channel
1269,4,711270,10,5,10,0,1000,4,1,0.4461845824497,5,10,7159.112506,715.9112506,25680.56255343,329,307,7,1,0.0090665,convex_mesh_per_channel
1270,4,711271,10,5,10,0,1250,0,0,0.6811534812744,0,10,6262.643615,626.2643615,22453.21807642,288,264,6,1,0.0035472,convex_mesh_per_channel
1270,4,711271,10,5,10,0,1250,0,0,0.6811534812744,5,10,6669.148892,666.9148892,24205.74446957,299,277,2,1,0.0122048,convex_mesh_per_channel
1271,4,711272,10,5,10,0,1500,1,1,0.4587939135389,0,10,7362.675165,736.2675165,26628.37582122,327,301,17,2,0.0025601,convex_mesh_per_channel
1271,4,711272,10,5,10,0,1500,1,1,0.4587939135389,5,10,7446.737421,744.6737421,27348.68710091,317,291,17,2,0.0126892,convex_mesh_per_channel
1272,4,711273,10,5,10,0,1000,2,0,0.5147457470692,0,10,7258.586198,725.8586198,25647.93109671,319,301,61,2,0.0027369,convex_mesh_per_channel
1272,4,711273,10,5,10,0,1000,2,0,0.5147457470692,5,10,6742.616877,674.2616877,23798.08449945,295,278,60,2,0.0156042,convex_mesh_per_channel
1273,4,711274,10,5,10,0,1250,3,1,0.8072405005146,0,10,7620.370336,762.0370336,27866.85168071,329,307,15,2,0.0025829,convex_mesh_per_channel
1273,4,711274,10,5,10,0,1250,3,1,0.8072405005146,5,10,7029.00313,702.900313,25475.01565234,316,292,4,1,0.0127774,convex_mesh_per_channel
1274,4,711275,10,5,10,0,1500,4,0,0.6835192746156,0,10,7520.508787,752.0508787,28137.54396799,305,279,13,3,0.0032955,convex_mesh_per_channel
1274,4,711275,10,5,10,0,1500,4,0,0.6835192746156,5,10,7038.131966,703.8131966,25785.65986467,304,281,10,1,0.0127378,convex_mesh_per_channel
1275,4,711276,10,5,10,0,1000,0,1,0.6361935530572,0,10,7464.236879,746.4236879,27321.18442334,320,302,16,2,0.0025679,convex_mesh_per_channel
1275,4,711276,10,5,10,0,1000,0,1,0.6361935530572,5,10,7511.881866,751.1881866,27114.4093751,335,316,16,2,0.0098811,convex_mesh_per_channel
1276,4,711277,10,5,10,0,1250,1,0,0.4204204954112,0,10,7135.279137,713.5279137,26391.39569377,304,278,3,0,0.0032386,convex_mesh_per_channel
1276,4,711277,10,5,10,0,1250,1,0,0.4204204954112,5,10,6251.546596,625.1546596,22157.73297536,296,266,8,2,0.0150136,convex_mesh_per_channel
1277,4,711278,10,5,10,0,1500,2,1,0.3851195261071,0,10,7293.220032,729.3220032,27141.10016329,300,270,15,1,0.0038687,convex_mesh_per_channel
1277,4,711278,10,5,10,0,1500,2,1,0.3851195261071,5,10,7685.008746,768.5008746,27955.04373384,340,305,13,2,0.0106061,convex_mesh_per_channel
1278,4,711279,10,5,10,0,1000,3,0,0.4225837891126,0,10,6269.081588,626.9081588,21770.40794834,314,295,0,0,0.0030375,convex_mesh_per_channel
1278,4,711279,10,5,10,0,1000,3,0,0.4225837891126,5,10,6320.91911,632.091911,22199.59564948,283,266,50,1,0.0145913,convex_mesh_per_channel
1279,4,711280,10,5,10,0,1250,4,1,0.475225503948,0,10,7392.069917,739.2069917,26325.34957949,347,321,7,3,0.0023546,convex_mesh_per_channel
1279,4,711280,10,5,10,0,1250,4,1,0.475225503948,5,10,7543.644852,754.3644852,26918.22426983,353,327,6,2,0.0090656,convex_mesh_per_channel
1280,4,711281,10,5,10,0,1500,0,0,0.6702855698849,0,10,7088.026173,708.8026173,26170.13083554,297,271,16,1,0.0038187,convex_mesh_per_channel
1280,4,711281,10,5,10,0,1500,0,0,0.6702855698849,5,10,7408.162968,740.8162968,26655.81480768,310,285,64,1,0.0125156,convex_mesh_per_channel
1281,4,711282,10,5,10,0,1000,1,1,0.8696116298609,0,10,7179.507926,717.9507926,26437.53964407,304,280,14,1,0.004142,convex_mesh_per_channel
1281,4,711282,10,5,10,0,1000,1,1,0.8696116298609,5,10,7226.464734,722.6464734,26037.32368878,325,299,15,1,0.0128106,convex_mesh_per_channel
1282,4,711283,10,5,10,0,1250,2,0,0.7334338866344,0,10,6675.100036,667.5100036,23785.5001729,314,289,3,1,0.0030679,convex_mesh_per_channel
1282,4,711283,10,5,10,0,1250,2,0,0.7334338866344,5,10,6216.128875,621.6128875,21995.64437104,297,273,3,0,0.019431,convex_mesh_per_channel
1283,4,711284,10,5,10,0,1500,3,1,0.5345879665806,0,10,7343.263704,734.3263704,26521.31852146,334,310,3,2,0.0028054,convex_mesh_per_channel
1283,4,711284,10,5,10,0,1500,3,1,0.5345879665806,5,10,7302.555158,730.2555158,26812.7758107,310,289,17,3,0.012978,convex_mesh_per_channel
1284,4,711285,10,5,10,0,1000,4,0,0.6555883400714,0,10,7209.051258,720.9051258,25860.25630176,330,307,10,1,0.0023752,convex_mesh_per_channel
1284,4,711285,10,5,10,0,1000,4,0,0.6555883400714,5,10,7011.878715,701.1878715,25194.39358912,321,297,7,1,0.012074,convex_mesh_per_channel
1285,4,711286,10,5,10,0,1250,0,1,0.8556712834138,0,10,7582.765885,758.2765885,28223.82942815,311,291,14,2,0.0030715,convex_mesh_per_channel
1285,4,711286,10,5,10,0,1250,0,1,0.8556712834138,5,10,7501.100868,750.1100868,26890.50433508,342,321,14,2,0.0097742,convex_mesh_per_channel
1286,4,711287,10,5,10,0,1500,1,0,0.3651939474136,0,10,7252.136248,725.2136248,26790.68125998,306,275,13,1,0.0033296,convex_mesh_per_channel
1286,4,711287,10,5,10,0,1500,1,0,0.3651939474136,5,10,6395.715304,639.5715304,22303.57653141,316,293,4,0,0.0097841,convex_mesh_per_channel
1287,4,711288,10,5,10,0,1000,2,1,0.5443752670414,0,10,7440.847743,744.0847743,27094.23872348,330,307,5,0,0.002523,convex_mesh_per_channel
1287,4,711288,10,5,10,0,1000,2,1,0.5443752670414,5,10,7124.873074,712.4873074,25224.36538218,339,308,9,1,0.0098205,convex_mesh_per_channel
1288,4,711289,10,5,10,0,1250,3,0,0.6627145090757,0,10,7683.525031,768.3525031,28162.62509195,315,288,46,2,0.0033799,convex_mesh_per_channel
1288,4,711289,10,5,10,0,1250,3,0,0.6627145090757,5,10,6994.974597,699.4974597,24494.87301431,336,318,16,1,0.0098787,convex_mesh_per_channel
1289,4,711290,10,5,10,0,1500,4,1,0.6898862574923,0,10,7496.740462,749.6740462,28473.702332,294,267,5,4,0.0038829,convex_mesh_per_channel
1289,4,711290,10,5,10,0,1500,4,1,0.6898862574923,5,10,7441.788736,744.1788736,28173.94369393,294,269,6,4,0.0107145,convex_mesh_per_channel
1290,4,711291,10,5,10,1,1000,0,0,5.714213866397e-05,0,10,7522.775966,752.2775966,28248.87985261,302,280,11,3,0.0028963,convex_mesh_per_channel
1290,4,711291,10,5,10,1,1000,0,0,5.714213866397e-05,5,10,7114.767681,711.4767681,25833.83841488,316,291,9,2,0.0128224,convex_mesh_per_channel
1291,4,711292,10,5,10,1,1250,1,1,3.858588541217e-05,0,10,7430.771919,743.0771919,27198.85960266,323,296,10,1,0.0034114,convex_mesh_per_channel
1291,4,711292,10,5,10,1,1250,1,1,3.858588541217e-05,5,10,7868.403643,786.8403643,29152.01823036,325,297,22,2,0.0115939,convex_mesh_per_channel
1292,4,711293,10,5,10,1,1500,2,0,4.128830605417e-05,0,10,7784.809187,778.4809187,28959.04601026,310,285,36,1,0.0031141,convex_mesh_per_channel
1292,4,711293,10,5,10,1,1500,2,0,4.128830605417e-05,5,10,6814.725645,681.4725645,24648.62824838,298,273,24,1,0.0169067,convex_mesh_per_channel
1293,4,711294,10,5,10,1,1000,3,1,9.329893540144e-05,0,10,7376.571031,737.6571031,26797.85515759,331,312,0,0,0.0025871,convex_mesh_per_channel
1293,4,711294,10,5,10,1,1000,3,1,9.329893540144e-05,5,10,7515.697766,751.5697766,27383.48884038,335,314,0,0,0.0099428,convex_mesh_per_channel
1294,4,711295,10,5,10,1,1250,4,0,5.429848182166e-05,0,10,6753.421992,675.3421992,24432.1099736,306,284,1,0,0.0029807,convex_mesh_per_channel
1294,4,711295,10,5,10,1,1250,4,0,5.429848182166e-05,5,10,6308.399856,630.8399856,22671.99928159,290,265,3,0,0.0188558,convex_mesh_per_channel
1295,4,711296,10,5,10,1,1500,0,1,7.844170198972e-05,0,10,7454.95225,745.495225,28089.76127384,291,266,22,3,0.0038684,convex_mesh_per_channel
1295,4,711296,10,5,10,1,1500,0,1,7.844170198972e-05,5,10,7739.679409,773.9679409,29293.39706,294,265,32,4,0.013106,convex_mesh_per_channel
1296,4,711297,10,5,10,1,1000,1,0,0.0001362870634696,0,10,6976.950639,697.6950639,25509.75321804,301,281,13,1,0.0030078,convex_mesh_per_channel
1296,4,711297,10,5,10,1,1000,1,0,0.0001362870634696,5,10,6900.152872,690.0152872,25225.76437637,298,276,13,1,0.0139955,convex_mesh_per_channel
1297,4,711298,10,5,10,1,1250,2,1,9.551013830243e-05,0,10,8493.315496,849.3315496,31611.57749094,342,318,31,5,0.002781,convex_mesh_per_channel
1297,4,711298,10,5,10,1,1250,2,1,9.551013830243e-05,5,10,8470.718376,847.0718376,31428.59189156,344,319,32,5,0.0118284,convex_mesh_per_channel
1298,4,711299,10,5,10,1,1500,3,0,0.0001087206236075,0,10,6685.206447,668.5206447,25506.0322442,257,237,4,1,0.0043713,convex_mesh_per_channel
1298,4,711299,10,5,10,1,1500,3,0,0.0001087206236075,5,10,6550.388067,655.0388067,24511.94032991,268,246,4,1,0.0232967,convex_mesh_per_channel
1299,4,711300,10,5,10,1,1000,4,1,0.0001485859291635,0,10,7300.957182,730.0957182,26244.78591266,336,310,4,0,0.0028589,convex_mesh_per_channel
1299,4,711300,10,5,10,1,1000,4,1,0.0001485859291635,5,10,6962.285776,696.2285776,24706.42889907,331,307,3,0,0.0101464,convex_mesh_per_channel
1300,4,711301,10,5,10,1,1250,0,0,9.729492362379e-05,0,10,7403.378288,740.3378288,28041.89144342,287,262,16,2,0.0043106,convex_mesh_per_channel
1300,4,711301,10,5,10,1,1250,0,0,9.729492362379e-05,5,10,6993.092802,699.3092802,25740.46401083,300,277,6,1,0.014157,convex_mesh_per_channel
1301,4,711302,10,5,10,1,1500,1,1,9.51040913332e-05,0,10,6927.577191,692.7577191,25927.88596119,278,254,16,1,0.0038305,convex_mesh_per_channel
1301,4,711302,10,5,10,1,1500,1,1,9.51040913332e-05,5,10,7139.457833,713.9457833,26207.28917052,310,280,6,0,0.0136068,convex_mesh_per_channel
1302,4,711303,10,5,10,1,1000,2,0,4.015394236676e-05,0,10,7699.35182,769.935182,28746.75911086,312,289,17,3,0.0035909,convex_mesh_per_channel
1302,4,711303,10,5,10,1,1000,2,0,4.015394236676e-05,5,10,7249.549009,724.9549009,26452.74505349,313,290,18,3,0.0140138,convex_mesh_per_channel
1303,4,711304,10,5,10,1,1250,3,1,0.0001973340641078,0,10,6728.812612,672.8812612,24569.06306455,297,277,1,0,0.0033759,convex_mesh_per_channel
1303,4,711304,10,5,10,1,1250,3,1,0.0001973340641078,5,10,7006.078685,700.6078685,25110.39343432,326,304,0,0,0.0099921,convex_mesh_per_channel
1304,4,711305,10,5,10,1,1500,4,0,4.224005388337e-05,0,10,7521.068973,752.1068973,28950.34486411,277,251,15,3,0.0045116,convex_mesh_per_channel
1304,4,711305,10,5,10,1,1500,4,0,4.224005388337e-05,5,10,7020.847116,702.0847116,25959.23557396,297,267,9,1,0.0170793,convex_mesh_per_channel
1305,4,711306,10,5,10,1,1000,0,1,7.456775504434e-05,0,10,7360.649649,736.0649649,27068.24825265,319,302,0,0,0.0023526,convex_mesh_per_channel
1305,4,711306,10,5,10,1,1000,0,1,7.456775504434e-05,5,10,7613.011766,761.3011766,27550.05883799,346,323,0,0,0.0095385,convex_mesh_per_channel
1306,4,711307,10,5,10,1,1250,1,0,4.83761730028e-05,0,10,7288.468299,728.8468299,27137.34149047,282,257,48,2,0.0033997,convex_mesh_per_channel
1306,4,711307,10,5,10,1,1250,1,0,4.83761730028e-05,5,10,6678.580551,667.8580551,24732.90277071,278,256,12,1,0.0121507,convex_mesh_per_channel
1307,4,711308,10,5,10,1,1500,2,1,5.844092783569e-05,0,10,7122.511011,712.2511011,26222.55505847,307,281,4,0,0.0027424,convex_mesh_per_channel
1307,4,711308,10,5,10,1,1500,2,1,5.844092783569e-05,5,10,7296.424207,729.6424207,25977.12103261,344,310,7,0,0.0097369,convex_mesh_per_channel
1308,4,711309,10,5,10,1,1000,3,0,6.751993854982e-05,0,10,7229.423044,722.9423044,26452.11524661,307,288,22,2,0.0026693,convex_mesh_per_channel
1308,4,711309,10,5,10,1,1000,3,0,6.751993854982e-05,5,10,7322.568497,732.2568497,26587.84250656,319,294,22,2,0.0131379,convex_mesh_per_channel
1309,4,711310,10,5,10,1,1250,4,1,5.603265257632e-05,0,10,6939.751151,693.9751151,25848.75576901,289,263,4,0,0.0041666,convex_mesh_per_channel
1309,4,711310,10,5,10,1,1250,4,1,5.603265257632e-05,5,10,7031.184607,703.1184607,25875.92305027,304,277,3,0,0.0133291,convex_mesh_per_channel
1310,4,711311,10,5,10,1,1500,0,0,4.080869739455e-05,0,10,6718.410108,671.8410108,25092.05053485,272,251,13,1,0.0035554,convex_mesh_per_channel
1310,4,711311,10,5,10,1,1500,0,0,4.080869739455e-05,5,10,6946.49633,694.649633,25882.48165818,284,261,13,1,0.0138265,convex_mesh_per_channel
1311,4,711312,10,5,10,1,1000,1,1,7.478777049399e-05,0,10,8140.731516,814.0731516,30393.65757785,328,303,23,5,0.0023734,convex_mesh_per_channel
1311,4,711312,10,5,10,1,1000,1,1,7.478777049399e-05,5,10,8214.261716,821.4261716,29921.30858125,356,331,23,5,0.0099787,convex_mesh_per_channel
1312,4,711313,10,5,10,1,1250,2,0,6.052383071113e-05,0,10,6977.889003,697.7889003,25594.44501283,303,282,4,1,0.0033432,convex_mesh_per_channel
1312,4,711313,10,5,10,1,1250,2,0,6.052383071113e-05,5,10,7660.598464,766.0598464,28487.99231271,310,285,26,4,0.0144768,convex_mesh_per_channel
1313,4,711314,10,5,10,1,1500,3,1,7.518159138827e-05,0,10,7037.001924,703.7001924,26225.00963121,294,272,0,0,0.0035959,convex_mesh_per_channel
1313,4,711314,10,5,10,1,1500,3,1,7.518159138827e-05,5,10,6485.003415,648.5003415,23365.01707708,297,277,0,0,0.0136375,convex_mesh_per_channel
1314,4,711315,10,5,10,1,1000,4,0,5.446453327694e-05,0,10,7694.627725,769.4627725,28118.13855299,297,275,87,2,0.0029308,convex_mesh_per_channel
1314,4,711315,10,5,10,1,1000,4,0,5.446453327694e-05,5,10,7020.847682,702.0847682,24774.23833524,308,287,63,1,0.0155933,convex_mesh_per_channel
1315,4,711316,10,5,10,1,1250,0,1,4.281026448671e-05,0,10,7815.971424,781.5971424,29929.85713742,295,269,12,4,0.0040128,convex_mesh_per_channel
1315,4,711316,10,5,10,1,1250,0,1,4.281026448671e-05,5,10,7687.90374,768.790374,27769.5187201,345,323,12,4,0.0091853,convex_mesh_per_channel
1316,4,711317,10,5,10,1,1500,1,0,0.000102955684201,0,10,7554.931493,755.4931493,28684.65746602,298,272,2,2,0.0040959,convex_mesh_per_channel
1316,4,711317,10,5,10,1,1500,1,0,0.000102955684201,5,10,7290.379891,729.0379891,27211.8994774,298,275,11,2,0.0169217,convex_mesh_per_channel
1317,4,711318,10,5,10,1,1000,2,1,5.070556749108e-05,0,10,6970.929707,697.0929707,25834.64853685,294,266,6,0,0.0035704,convex_mesh_per_channel
1317,4,711318,10,5,10,1,1000,2,1,5.070556749108e-05,5,10,7333.087895,733.3087895,26720.43948818,325,293,7,0,0.0120105,convex_mesh_per_channel
1318,4,711319,10,5,10,1,1250,3,0,5.022679462101e-05,0,10,7044.684983,704.4684983,25808.42493003,309,288,0,0,0.003002,convex_mesh_per_channel
1318,4,711319,10,5,10,1,1250,3,0,5.022679462101e-05,5,10,7148.680342,714.8680342,25933.40171094,322,302,0,0,0.0122975,convex_mesh_per_channel
1319,4,711320,10,5,10,1,1500,4,1,0.0001887183278284,0,10,8401.647599,840.1647599,32368.23801726,302,272,32,5,0.0035344,convex_mesh_per_channel
1319,4,711320,10,5,10,1,1500,4,1,0.0001887183278284,5,10,7686.81331,768.681331,29154.06657861,290,263,31,5,0.0162441,convex_mesh_per_channel
1320,4,711321,10,5,10,2,1000,0,0,0.100714432749,0,10,6684.395033,668.4395033,24486.97515303,287,266,12,1,0.0035244,convex_mesh_per_channel
1320,4,711321,10,5,10,2,1000,0,0,0.100714432749,5,10,6489.180744,648.9180744,22320.90370954,327,304,12,1,0.0133231,convex_mesh_per_channel
1321,4,711322,10,5,10,2,1250,1,1,0.05790963467246,0,10,7971.677918,797.1677918,30033.3895951,312,286,23,5,0.0030177,convex_mesh_per_channel
1321,4,711322,10,5,10,2,1250,1,1,0.05790963467246,5,10,7855.056588,785.5056588,29465.28295367,312,286,22,5,0.0149931,convex_mesh_per_channel
1322,4,711323,10,5,10,2,1500,2,0,0.1605898201752,0,10,7471.894465,747.1894465,27469.47232844,325,282,7,3,0.0035272,convex_mesh_per_channel
1322,4,711323,10,5,10,2,1500,2,0,0.1605898201752,5,10,6857.362649,685.7362649,24631.81323553,318,282,3,1,0.0159771,convex_mesh_per_channel
1323,4,711324,10,5,10,2,1000,3,1,0.08656052696161,0,10,7453.474754,745.3474754,28027.37376346,293,267,22,3,0.003809,convex_mesh_per_channel
1323,4,711324,10,5,10,2,1000,3,1,0.08656052696161,5,10,7274.365332,727.4365332,26406.82667171,325,300,6,2,0.0119835,convex_mesh_per_channel
1324,4,711325,10,5,10,2,1250,4,0,0.07913048531065,0,10,6645.330892,664.5330892,24991.6544495,269,237,5,0,0.0050647,convex_mesh_per_channel
1324,4,711325,10,5,10,2,1250,4,0,0.07913048531065,5,10,6050.014699,605.0014699,22095.07348909,267,237,3,0,0.0245658,convex_mesh_per_channel
1325,4,711326,10,5,10,2,1500,0,1,0.02424870486656,0,10,7888.860676,788.8860676,27924.30339172,369,343,22,4,0.0021807,convex_mesh_per_channel
1325,4,711326,10,5,10,2,1500,0,1,0.02424870486656,5,10,8061.416749,806.1416749,28762.08376247,370,343,22,4,0.0092237,convex_mesh_per_channel
1326,4,711327,10,5,10,2,1000,1,0,0.1189691004197,0,10,6548.324128,654.8324128,23051.62063818,313,287,12,2,0.0032911,convex_mesh_per_channel
1326,4,711327,10,5,10,2,1000,1,0,0.1189691004197,5,10,6566.062254,656.6062254,23445.31127094,305,278,8,1,0.0141363,convex_mesh_per_channel
1327,4,711328,10,5,10,2,1250,2,1,0.1788425046901,0,10,7671.082332,767.1082332,29315.41168086,290,257,17,3,0.0040635,convex_mesh_per_channel
1327,4,711328,10,5,10,2,1250,2,1,0.1788425046901,5,10,7538.089103,753.8089103,27275.44554123,337,309,13,3,0.0123499,convex_mesh_per_channel
1328,4,711329,10,5,10,2,1500,3,0,0.06976883362857,0,10,7822.158849,782.2158849,30285.79424107,288,257,6,2,0.0044393,convex_mesh_per_channel
1328,4,711329,10,5,10,2,1500,3,0,0.06976883362857,5,10,7764.332879,776.4332879,29741.66438395,294,260,12,3,0.0157753,convex_mesh_per_channel
1329,4,711330,10,5,10,2,1000,4,1,0.1426797985399,0,10,7333.582135,733.3582135,27117.91068205,302,275,25,2,0.0033999,convex_mesh_per_channel
1329,4,711330,10,5,10,2,1000,4,1,0.1426797985399,5,10,6508.573546,650.8573546,22497.86773856,325,298,12,1,0.0114401,convex_mesh_per_channel
1330,4,711331,10,5,10,2,1250,0,0,0.3111945720967,0,10,6708.797932,670.8797932,25658.98966188,256,235,4,1,0.0054273,convex_mesh_per_channel
1330,4,711331,10,5,10,2,1250,0,0,0.3111945720967,5,10,6301.29275,630.129275,22966.46375331,278,256,4,1,0.0230724,convex_mesh_per_channel
1331,4,711332,10,5,10,2,1500,1,1,0.06132007412721,0,10,7544.175469,754.4175469,26450.87735149,370,339,5,0,0.002432,convex_mesh_per_channel
1331,4,711332,10,5,10,2,1500,1,1,0.06132007412721,5,10,6720.17649,672.017649,24345.88246653,303,274,4,0,0.0135717,convex_mesh_per_channel
1332,4,711333,10,5,10,2,1000,2,0,0.06335132126662,0,10,6306.485072,630.6485072,23902.42536271,250,226,0,0,0.0053379,convex_mesh_per_channel
1332,4,711333,10,5,10,2,1000,2,0,0.06335132126662,5,10,6031.106908,603.1106908,22340.53454344,256,233,0,0,0.020695,convex_mesh_per_channel
1333,4,711334,10,5,10,2,1250,3,1,0.1188114998418,0,10,7334.58176,733.458176,27652.90880169,289,267,14,1,0.0040184,convex_mesh_per_channel
1333,4,711334,10,5,10,2,1250,3,1,0.1188114998418,5,10,6634.10734,663.410734,23430.53670693,320,298,0,0,0.011215,convex_mesh_per_channel
1334,4,711335,10,5,10,2,1500,4,0,0.03845411455757,0,10,6300.220023,630.0220023,22976.10011553,276,245,10,1,0.0053242,convex_mesh_per_channel
1334,4,711335,10,5,10,2,1500,4,0,0.03845411455757,5,10,6733.201197,673.3201197,24866.00599082,273,240,35,3,0.0203672,convex_mesh_per_channel
1335,4,711336,10,5,10,2,1000,0,1,0.1429920327413,0,10,6478.915404,647.8915404,23044.57703275,306,284,2,0,0.0030475,convex_mesh_per_channel
1335,4,711336,10,5,10,2,1000,0,1,0.1429920327413,5,10,6886.460045,688.6460045,24392.30022599,330,305,1,0,0.0129639,convex_mesh_per_channel
1336,4,711337,10,5,10,2,1250,1,0,0.04772496805966,0,10,6435.802917,643.5802917,23799.0146008,271,247,8,1,0.0048048,convex_mesh_per_channel
1336,4,711337,10,5,10,2,1250,1,0,0.04772496805966,5,10,6755.869765,675.5869765,24374.34883905,306,280,7,1,0.0154722,convex_mesh_per_channel
1337,4,711338,10,5,10,2,1500,2,1,0.1229929318536,0,10,7164.883361,716.4883361,27689.41681541,251,226,32,4,0.0055254,convex_mesh_per_channel
1337,4,711338,10,5,10,2,1500,2,1,0.1229929318536,5,10,7565.55456,756.555456,27037.77280238,339,311,34,4,0.0130163,convex_mesh_per_channel
1338,4,711339,10,5,10,2,1000,3,0,0.06742656557145,0,10,6200.760041,620.0760041,21763.80020495,303,283,0,0,0.003321,convex_mesh_per_channel
1338,4,711339,10,5,10,2,1000,3,0,0.06742656557145,5,10,6680.568894,668.0568894,23977.84447618,310,285,0,0,0.0124487,convex_mesh_per_channel
1339,4,711340,10,5,10,2,1250,4,1,0.0415321086357,0,10,7575.09193,757.509193,28200.45965109,305,276,28,4,0.0038626,convex_mesh_per_channel
1339,4,711340,10,5,10,2,1250,4,1,0.0415321086357,5,10,6769.794806,676.9794806,25228.97403167,276,246,16,2,0.0167764,convex_mesh_per_channel
1340,4,711341,10,5,10,2,1500,0,0,0.1988082395794,0,10,6703.052393,670.3052393,23840.2619801,315,286,8,1,0.0033432,convex_mesh_per_channel
1340,4,711341,10,5,10,2,1500,0,0,0.1988082395794,5,10,6829.827934,682.9827934,24254.13966897,323,287,9,2,0.0144357,convex_mesh_per_channel
1341,4,711342,10,5,10,2,1000,1,1,0.1150206325032,0,10,6470.5101,647.05101,24062.55050493,270,249,3,0,0.0050438,convex_mesh_per_channel
1341,4,711342,10,5,10,2,1000,1,1,0.1150206325032,5,10,7009.869654,700.9869654,24294.34827302,351,319,9,0,0.0107674,convex_mesh_per_channel
1342,4,711343,10,5,10,2,1250,2,0,0.1025245906566,0,10,6976.77174,697.677174,25628.85871465,303,274,4,1,0.0037313,convex_mesh_per_channel
1342,4,711343,10,5,10,2,1250,2,0,0.1025245906566,5,10,5973.865191,597.3865191,20724.32595472,299,275,3,0,0.0182621,convex_mesh_per_channel
1343,4,711344,10,5,10,2,1500,3,1,0.1563249874657,0,10,6586.066383,658.6066383,23640.33192057,305,283,0,0,0.0030151,convex_mesh_per_channel
1343,4,711344,10,5,10,2,1500,3,1,0.1563249874657,5,10,6951.371437,695.1371437,25441.85718808,306,283,0,0,0.0134744,convex_mesh_per_channel
1344,4,711345,10,5,10,2,1000,4,0,0.09323066712929,0,10,6567.487794,656.7487794,25142.43897048,251,222,4,0,0.0052829,convex_mesh_per_channel
1344,4,711345,10,5,10,2,1000,4,0,0.09323066712929,5,10,6443.524351,644.3524351,23932.62176237,271,240,4,0,0.0300942,convex_mesh_per_channel
1345,4,711346,10,5,10,2,1250,0,1,0.03716301514437,0,10,5976.50344,597.650344,22237.51721802,250,229,0,0,0.0051027,convex_mesh_per_channel
1345,4,711346,10,5,10,2,1250,0,1,0.03716301514437,5,10,6933.495118,693.3495118,24432.47559725,337,312,0,0,0.0135269,convex_mesh_per_channel
1346,4,711347,10,5,10,2,1500,1,0,0.09217274509363,0,10,7303.537467,730.3537467,26502.68734804,304,274,53,2,0.0038149,convex_mesh_per_channel
1346,4,711347,10,5,10,2,1500,1,0,0.09217274509363,5,10,6393.66094,639.366094,22263.30470486,316,284,9,1,0.0157875,convex_mesh_per_channel
1347,4,711348,10,5,10,2,1000,2,1,0.1663836820998,0,10,7128.423064,712.8423064,26612.11533383,292,266,10,2,0.0041803,convex_mesh_per_channel
1347,4,711348,10,5,10,2,1000,2,1,0.1663836820998,5,10,7142.212148,714.2212148,25551.06075717,329,301,12,2,0.0127941,convex_mesh_per_channel
1348,4,711349,10,5,10,2,1250,3,0,0.1233900532984,0,10,7223.786778,722.3786778,26203.93389121,320,288,15,2,0.0031327,convex_mesh_per_channel
1348,4,711349,10,5,10,2,1250,3,0,0.1233900532984,5,10,6581.302061,658.1302061,23066.5102994,317,288,15,2,0.0107478,convex_mesh_per_channel
1349,4,711350,10,5,10,2,1500,4,1,0.1035899057324,0,10,6376.061139,637.6061139,23915.30569688,259,230,6,0,0.0048854,convex_mesh_per_channel
1349,4,711350,10,5,10,2,1500,4,1,0.1035899057324,5,10,6862.013967,686.2013967,23835.06984128,344,313,4,0,0.0137198,convex_mesh_per_channel
1350,4,711351,10,8,0,0,1000,0,0,0.2392706285055,0,10,8569.343241,856.9343241,31061.7162375,318,297,140,4,0.0028453,convex_mesh_per_channel
1350,4,711351,10,8,0,0,1000,0,0,0.2392706285055,5,10,8007.813593,800.7813593,28904.06799012,309,284,116,3,0.011058,convex_mesh_per_channel
1351,4,711352,10,8,0,0,1250,1,1,0.3717171363213,0,10,7327.119181,732.7119181,26935.59590638,311,290,15,1,0.0027802,convex_mesh_per_channel
1351,4,711352,10,8,0,0,1250,1,1,0.3717171363213,5,10,6897.416228,689.7416228,25077.08115099,300,284,16,1,0.0108486,convex_mesh_per_channel
1352,4,711353,10,8,0,0,1500,2,0,0.4630700573611,0,10,6514.179791,651.4179791,24705.89894182,255,230,6,2,0.0059305,convex_mesh_per_channel
1352,4,711353,10,8,0,0,1500,2,0,0.4630700573611,5,10,6708.55944,670.855944,25192.79719684,270,246,8,1,0.0160422,convex_mesh_per_channel
1353,4,711354,10,8,0,0,1000,3,1,0.1384179165047,0,10,6460.556508,646.0556508,23252.78254179,297,272,1,0,0.004091,convex_mesh_per_channel
1353,4,711354,10,8,0,0,1000,3,1,0.1384179165047,5,10,6489.117766,648.9117766,23945.58883562,278,257,1,0,0.0135848,convex_mesh_per_channel
1354,4,711355,10,8,0,0,1250,4,0,0.3018629574901,0,10,6246.151912,624.6151912,22715.75957072,278,257,2,1,0.00419,convex_mesh_per_channel
1354,4,711355,10,8,0,0,1250,4,0,0.3018629574901,5,10,6347.04336,634.704336,23000.21679838,285,260,4,0,0.0128471,convex_mesh_per_channel
1355,4,711356,10,8,0,0,1500,0,1,0.4185231920709,0,10,8028.937266,802.8937266,30139.68627615,290,261,80,1,0.0034306,convex_mesh_per_channel
1355,4,711356,10,8,0,0,1500,0,1,0.4185231920709,5,10,7216.571583,721.6571583,26577.85792517,313,286,0,0,0.0090819,convex_mesh_per_channel
1356,4,711357,10,8,0,0,1000,1,0,0.1320290831139,0,10,7789.112623,778.9112623,29170.56306567,301,277,41,1,0.0030497,convex_mesh_per_channel
1356,4,711357,10,8,0,0,1000,1,0,0.1320290831139,5,10,7991.25688,799.125688,28761.28433276,321,296,96,4,0.0112592,convex_mesh_per_channel
1357,4,711358,10,8,0,0,1250,2,1,0.5076649046398,0,10,8537.620475,853.7620475,31173.10238424,334,304,93,2,0.0025493,convex_mesh_per_channel
1357,4,711358,10,8,0,0,1250,2,1,0.5076649046398,5,10,8269.22902,826.922902,30211.14510258,321,299,91,1,0.009443,convex_mesh_per_channel
1358,4,711359,10,8,0,0,1500,3,0,0.7522697945523,0,10,7515.510738,751.5510738,28012.55360014,273,252,82,2,0.0047041,convex_mesh_per_channel
1358,4,711359,10,8,0,0,1500,3,0,0.7522697945523,5,10,8090.075026,809.0075026,29965.37487349,264,241,162,3,0.0177636,convex_mesh_per_channel
1359,4,711360,10,8,0,0,1000,4,1,0.6655855258628,0,10,8377.3612,837.73612,30906.80597497,326,300,72,3,0.0024689,convex_mesh_per_channel
1359,4,711360,10,8,0,0,1000,4,1,0.6655855258628,5,10,7517.782793,751.7782793,27608.91397072,308,286,40,1,0.0104283,convex_mesh_per_channel
1360,4,711361,10,8,0,0,1250,0,0,0.5024178786598,0,10,7222.403143,722.2403143,27547.01566853,261,238,40,2,0.0053425,convex_mesh_per_channel
1360,4,711361,10,8,0,0,1250,0,0,0.5024178786598,5,10,6488.230117,648.8230117,24316.15056276,260,239,12,1,0.0154357,convex_mesh_per_channel
1361,4,711362,10,8,0,0,1500,1,1,0.2500768578651,0,10,9392.584475,939.2584475,34797.9222451,334,302,137,4,0.0025614,convex_mesh_per_channel
1361,4,711362,10,8,0,0,1500,1,1,0.2500768578651,5,10,6839.19999,683.919999,24950.99994273,296,277,14,1,0.011247,convex_mesh_per_channel
1362,4,711363,10,8,0,0,1000,2,0,0.722079594561,0,10,7691.080148,769.1080148,28325.40075646,299,265,72,3,0.0039986,convex_mesh_per_channel
1362,4,711363,10,8,0,0,1000,2,0,0.722079594561,5,10,6520.759255,652.0759255,24863.796282,253,233,0,0,0.0189661,convex_mesh_per_channel
1363,4,711364,10,8,0,0,1250,3,1,0.6326307956319,0,10,6999.224918,699.9224918,25246.12459711,319,305,0,0,0.0025475,convex_mesh_per_channel
1363,4,711364,10,8,0,0,1250,3,1,0.6326307956319,5,10,7238.46877,723.846877,26527.34384979,308,289,18,1,0.010617,convex_mesh_per_channel
1364,4,711365,10,8,0,0,1500,4,0,0.5847652117805,0,10,7739.252187,773.9252187,29101.26090279,263,221,111,5,0.007694,convex_mesh_per_channel
1364,4,711365,10,8,0,0,1500,4,0,0.5847652117805,5,10,6898.878384,689.8878384,26024.39189744,269,230,23,4,0.0226409,convex_mesh_per_channel
1365,4,711366,10,8,0,0,1000,0,1,0.4749255113456,0,10,7151.805903,715.1805903,26724.02952694,296,277,0,0,0.0029564,convex_mesh_per_channel
1365,4,711366,10,8,0,0,1000,0,1,0.4749255113456,5,10,7199.283013,719.9283013,26406.4150768,315,293,0,0,0.0090791,convex_mesh_per_channel
1366,4,711367,10,8,0,0,1250,1,0,0.3592470991057,0,10,6268.317026,626.8317026,23151.58513608,267,238,5,1,0.0046569,convex_mesh_per_channel
1366,4,711367,10,8,0,0,1250,1,0,0.3592470991057,5,10,5831.109944,583.1109944,21395.54971904,252,233,3,0,0.0195698,convex_mesh_per_channel
1367,4,711368,10,8,0,0,1500,2,1,0.3387455053978,0,10,8143.763699,814.3763699,29623.81850908,313,289,105,1,0.0028729,convex_mesh_per_channel
1367,4,711368,10,8,0,0,1500,2,1,0.3387455053978,5,10,7956.789601,795.6789601,28803.9479925,309,289,104,1,0.0099036,convex_mesh_per_channel
1368,4,711369,10,8,0,0,1000,3,0,0.6156975586585,0,10,7949.051982,794.9051982,28055.25974978,304,276,164,4,0.0035725,convex_mesh_per_channel
1368,4,711369,10,8,0,0,1000,3,0,0.6156975586585,5,10,8272.92366,827.292366,30349.61814343,282,251,164,4,0.0137285,convex_mesh_per_channel
1369,4,711370,10,8,0,0,1250,4,1,0.4494074234228,0,10,7392.689289,739.2689289,27603.44644334,297,271,22,1,0.0032749,convex_mesh_per_channel
1369,4,711370,10,8,0,0,1250,4,1,0.4494074234228,5,10,7513.77414,751.377414,28078.87070656,311,287,2,0,0.0092807,convex_mesh_per_channel
1370,4,711371,10,8,0,0,1500,0,0,0.3277981808406,0,10,7632.951626,763.2951626,28699.75812189,273,235,81,3,0.0065861,convex_mesh_per_channel
1370,4,711371,10,8,0,0,1500,0,0,0.3277981808406,5,10,6764.964397,676.4964397,25404.82197906,275,238,7,2,0.0236606,convex_mesh_per_channel
1371,4,711372,10,8,0,0,1000,1,1,0.1484111915368,0,10,7363.817541,736.3817541,26299.08771967,345,326,1,0,0.0022522,convex_mesh_per_channel
1371,4,711372,10,8,0,0,1000,1,1,0.1484111915368,5,10,8452.955712,845.2955712,31269.77858892,336,313,52,2,0.0083718,convex_mesh_per_channel
1372,4,711373,10,8,0,0,1250,2,0,0.8095005897414,0,10,9630.689838,963.0689838,34938.44904546,293,273,285,4,0.0033896,convex_mesh_per_channel
1372,4,711373,10,8,0,0,1250,2,0,0.8095005897414,5,10,8810.227682,881.0227682,32176.13831244,296,263,194,3,0.013231,convex_mesh_per_channel
1373,4,711374,10,8,0,0,1500,3,1,0.2349208396461,0,10,8358.575977,835.8575977,31317.87986504,292,252,111,3,0.0051679,convex_mesh_per_channel
1373,4,711374,10,8,0,0,1500,3,1,0.2349208396461,5,10,7880.352732,788.0352732,29486.76364671,321,283,15,2,0.0100215,convex_mesh_per_channel
1374,4,711375,10,8,0,0,1000,4,0,0.6665084253808,0,10,8542.253732,854.2253732,32126.26863622,279,255,139,4,0.0040494,convex_mesh_per_channel
1374,4,711375,10,8,0,0,1000,4,0,0.6665084253808,5,10,7443.103393,744.3103393,27390.51708982,254,234,137,3,0.0179129,convex_mesh_per_channel
1375,4,711376,10,8,0,0,1250,0,1,0.6945274767969,0,10,8157.219621,815.7219621,30186.09808878,342,312,16,2,0.0025602,convex_mesh_per_channel
1375,4,711376,10,8,0,0,1250,0,1,0.6945274767969,5,10,7701.374305,770.1374305,28111.87153426,342,313,2,0,0.0097632,convex_mesh_per_channel
1376,4,711377,10,8,0,0,1500,1,0,0.3801089399597,0,10,7736.569508,773.6569508,29182.84754245,305,256,23,4,0.0051867,convex_mesh_per_channel
1376,4,711377,10,8,0,0,1500,1,0,0.3801089399597,5,10,6779.185574,677.9185574,25290.92784109,276,231,20,3,0.0238366,convex_mesh_per_channel
1377,4,711378,10,8,0,0,1000,2,1,0.4754245240592,0,10,7047.217209,704.7217209,25491.08601139,310,289,20,1,0.0037587,convex_mesh_per_channel
1377,4,711378,10,8,0,0,1000,2,1,0.4754245240592,5,10,6927.484048,692.7484048,24607.42025631,328,307,3,0,0.0103828,convex_mesh_per_channel
1378,4,711379,10,8,0,0,1250,3,0,0.3055475799497,0,10,6887.877725,688.7877725,26239.38863948,269,245,0,0,0.0047448,convex_mesh_per_channel
1378,4,711379,10,8,0,0,1250,3,0,0.3055475799497,5,10,7141.125689,714.1125689,26590.62845429,297,255,11,3,0.0192321,convex_mesh_per_channel
1379,4,711380,10,8,0,0,1500,4,1,0.5878800621845,0,10,8659.015179,865.9015179,32230.07584814,320,284,93,3,0.0032148,convex_mesh_per_channel
1379,4,711380,10,8,0,0,1500,4,1,0.5878800621845,5,10,7523.032349,752.3032349,28010.16175248,315,284,4,1,0.01029,convex_mesh_per_channel
1380,4,711381,10,8,0,1,1000,0,0,0.0001006445892908,0,10,9102.21301,910.221301,34911.06486309,259,235,180,4,0.0054319,convex_mesh_per_channel
1380,4,711381,10,8,0,1,1000,0,0,0.0001006445892908,5,10,7879.043269,787.9043269,29915.21621544,271,245,82,2,0.0215732,convex_mesh_per_channel
1381,4,711382,10,8,0,1,1250,1,1,9.372193118147e-05,0,10,7781.407527,778.1407527,28682.03769353,311,287,51,2,0.0032824,convex_mesh_per_channel
1381,4,711382,10,8,0,1,1250,1,1,9.372193118147e-05,5,10,6610.776913,661.0776913,23873.88456997,301,281,0,0,0.0118649,convex_mesh_per_channel
1382,4,711383,10,8,0,1,1500,2,0,0.0001140496852666,0,10,8474.278656,847.4278656,32101.39335117,264,219,155,6,0.0073606,convex_mesh_per_channel
1382,4,711383,10,8,0,1,1500,2,0,0.0001140496852666,5,10,7197.586491,719.7586491,27082.93247692,285,249,19,2,0.020911,convex_mesh_per_channel
1383,4,711384,10,8,0,1,1000,3,1,6.377058705742e-05,0,10,8648.414893,864.8414893,30682.07435453,348,326,132,3,0.0025501,convex_mesh_per_channel
1383,4,711384,10,8,0,1,1000,3,1,6.377058705742e-05,5,10,7677.462689,767.7462689,26812.3133415,335,317,91,2,0.0099374,convex_mesh_per_channel
1384,4,711385,10,8,0,1,1250,4,0,9.906036673547e-05,0,10,7712.834674,771.2834674,29469.17332635,274,249,50,2,0.0041146,convex_mesh_per_channel
1384,4,711385,10,8,0,1,1250,4,0,9.906036673547e-05,5,10,7326.746898,732.6746898,27973.73442368,268,237,35,1,0.0282185,convex_mesh_per_channel
1385,4,711386,10,8,0,1,1500,0,1,2.96473997909e-05,0,10,8384.917223,838.4917223,31569.58592913,301,270,82,1,0.0040352,convex_mesh_per_channel
1385,4,711386,10,8,0,1,1500,0,1,2.96473997909e-05,5,10,7657.29929,765.729929,28706.49644376,311,272,13,3,0.0120476,convex_mesh_per_channel
1386,4,711387,10,8,0,1,1000,1,0,0.0001032236438297,0,10,7469.351523,746.9351523,27966.75751301,274,249,69,1,0.0039764,convex_mesh_per_channel
1386,4,711387,10,8,0,1,1000,1,0,0.0001032236438297,5,10,7506.091408,750.6091408,28150.45693835,274,249,69,1,0.0143788,convex_mesh_per_channel
1387,4,711388,10,8,0,1,1250,2,1,6.400241646366e-05,0,10,9179.75947,917.975947,33673.79715823,322,296,163,2,0.003113,convex_mesh_per_channel
1387,4,711388,10,8,0,1,1250,2,1,6.400241646366e-05,5,10,8108.621705,810.8621705,29093.10833141,325,303,104,1,0.0118422,convex_mesh_per_channel
1388,4,711389,10,8,0,1,1500,3,0,9.0865121266e-05,0,10,7149.531407,714.9531407,26742.65702524,264,239,64,1,0.0057898,convex_mesh_per_channel
1388,4,711389,10,8,0,1,1500,3,0,9.0865121266e-05,5,10,6464.317997,646.4317997,23941.58999928,273,249,4,1,0.0193798,convex_mesh_per_channel
1389,4,711390,10,8,0,1,1000,4,1,0.0001183821992188,0,10,6933.207312,693.3207312,25706.03657049,295,264,1,1,0.0038304,convex_mesh_per_channel
1389,4,711390,10,8,0,1,1000,4,1,0.0001183821992188,5,10,6811.626292,681.1626292,23738.13146605,338,306,6,0,0.0109088,convex_mesh_per_channel
1390,4,711391,10,8,0,1,1250,0,0,7.232588836835e-05,0,10,6742.248552,674.2248552,25196.24277403,279,252,2,1,0.0055407,convex_mesh_per_channel
1390,4,711391,10,8,0,1,1250,0,0,7.232588836835e-05,5,10,6079.635804,607.9635804,21923.17901566,277,260,0,0,0.0163296,convex_mesh_per_channel
1391,4,711392,10,8,0,1,1500,1,1,3.543901832901e-05,0,10,8139.080029,813.9080029,31200.40011391,264,241,96,3,0.0048801,convex_mesh_per_channel
1391,4,711392,10,8,0,1,1500,1,1,3.543901832901e-05,5,10,7535.651733,753.5651733,27728.25863914,307,279,42,1,0.0131374,convex_mesh_per_channel
1392,4,711393,10,8,0,1,1000,2,0,4.624355248744e-05,0,10,8238.846492,823.8846492,30814.23242141,284,258,116,3,0.0042079,convex_mesh_per_channel
1392,4,711393,10,8,0,1,1000,2,0,4.624355248744e-05,5,10,8365.678267,836.5678267,31083.39129102,297,269,115,4,0.0140763,convex_mesh_per_channel
1393,4,711394,10,8,0,1,1250,3,1,7.391915590919e-05,0,10,7254.893513,725.4893513,27794.46752977,271,243,16,1,0.0054887,convex_mesh_per_channel
1393,4,711394,10,8,0,1,1250,3,1,7.391915590919e-05,5,10,6555.323555,655.5323555,23641.61777061,299,267,5,1,0.0118867,convex_mesh_per_channel
1394,4,711395,10,8,0,1,1500,4,0,8.219758980132e-05,0,10,6733.777798,673.3777798,25078.88900355,281,254,3,1,0.0053535,convex_mesh_per_channel
1394,4,711395,10,8,0,1,1500,4,0,8.219758980132e-05,5,10,8148.1684,814.81684,30665.84189278,278,248,109,3,0.0151933,convex_mesh_per_channel
1395,4,711396,10,8,0,1,1000,0,1,7.089461707531e-05,0,10,8152.576143,815.2576143,29037.88063817,345,318,84,1,0.0029749,convex_mesh_per_channel
1395,4,711396,10,8,0,1,1000,0,1,7.089461707531e-05,5,10,7138.518315,713.8518315,25452.59157731,337,304,3,1,0.0100775,convex_mesh_per_channel
1396,4,711397,10,8,0,1,1250,1,0,5.193827199116e-05,0,10,7097.537197,709.7537197,26747.68599264,275,251,24,1,0.0049858,convex_mesh_per_channel
1396,4,711397,10,8,0,1,1250,1,0,5.193827199116e-05,5,10,7989.490906,798.9490906,30012.45446098,274,243,108,3,0.0200667,convex_mesh_per_channel
1397,4,711398,10,8,0,1,1500,2,1,6.590953675914e-05,0,10,8247.04619,824.704619,31025.2309499,324,294,26,1,0.0026942,convex_mesh_per_channel
1397,4,711398,10,8,0,1,1500,2,1,6.590953675914e-05,5,10,7089.576645,708.9576645,25737.88322206,319,294,1,0,0.0101286,convex_mesh_per_channel
1398,4,711399,10,8,0,1,1000,3,0,5.439026267799e-05,0,10,6712.964131,671.2964131,25179.82065778,264,238,23,1,0.0060471,convex_mesh_per_channel
1398,4,711399,10,8,0,1,1000,3,0,5.439026267799e-05,5,10,6258.395193,625.8395193,23166.97597562,266,245,0,0,0.0182516,convex_mesh_per_channel
1399,4,711400,10,8,0,1,1250,4,1,2.609720703189e-05,0,10,8291.40798,829.140798,31387.03987904,310,285,43,1,0.0027697,convex_mesh_per_channel
1399,4,711400,10,8,0,1,1250,4,1,2.609720703189e-05,5,10,6970.657827,697.0657827,25473.28912525,307,285,2,0,0.0112618,convex_mesh_per_channel
1400,4,711401,10,8,0,1,1500,0,0,0.0002198587044232,0,10,7435.871959,743.5871959,28909.35983701,262,234,20,2,0.0050375,convex_mesh_per_channel
1400,4,711401,10,8,0,1,1500,0,0,0.0002198587044232,5,10,7765.540727,776.5540727,29402.70343638,267,239,87,1,0.0205278,convex_mesh_per_channel
1401,4,711402,10,8,0,1,1000,1,1,0.0001084446473002,0,10,8523.020326,852.3020326,31600.1015713,322,297,82,3,0.0025523,convex_mesh_per_channel
1401,4,711402,10,8,0,1,1000,1,1,0.0001084446473002,5,10,6823.211402,682.3211402,22756.05701521,374,346,2,1,0.0078114,convex_mesh_per_channel
1402,4,711403,10,8,0,1,1250,2,0,0.0001505853181628,0,10,7059.903495,705.9903495,26354.51740904,274,252,39,1,0.0045659,convex_mesh_per_channel
1402,4,711403,10,8,0,1,1250,2,0,0.0001505853181628,5,10,6681.184663,668.1184663,24540.92323503,272,249,38,1,0.0193956,convex_mesh_per_channel
1403,4,711404,10,8,0,1,1500,3,1,4.485148408702e-05,0,10,7616.493034,761.6493034,28712.46517988,308,275,3,0,0.0030662,convex_mesh_per_channel
1403,4,711404,10,8,0,1,1500,3,1,4.485148408702e-05,5,10,6992.26877,699.226877,25781.3438636,302,276,0,0,0.012713,convex_mesh_per_channel
1404,4,711405,10,8,0,1,1000,4,0,7.543807100629e-05,0,10,9847.692864,984.7692864,37093.46429477,267,237,269,6,0.0050539,convex_mesh_per_channel
1404,4,711405,10,8,0,1,1000,4,0,7.543807100629e-05,5,10,8113.786962,811.3786962,29843.93479841,303,274,102,2,0.0159118,convex_mesh_per_channel
1405,4,711406,10,8,0,1,1250,0,1,9.816809259642e-05,0,10,7503.060193,750.3060193,28055.30098293,297,267,30,1,0.0044004,convex_mesh_per_channel
1405,4,711406,10,8,0,1,1250,0,1,9.816809259642e-05,5,10,7649.747232,764.9747232,27908.73617443,326,298,30,1,0.0114329,convex_mesh_per_channel
1406,4,711407,10,8,0,1,1500,1,0,8.947659281888e-05,0,10,8429.081512,842.9081512,32155.4074492,278,249,103,2,0.0051412,convex_mesh_per_channel
1406,4,711407,10,8,0,1,1500,1,0,8.947659281888e-05,5,10,6688.104066,668.8104066,25620.5203458,245,220,23,1,0.0331267,convex_mesh_per_channel
1407,4,711408,10,8,0,1,1000,2,1,4.02289204535e-05,0,10,8644.20041,864.420041,32441.00199897,309,279,94,2,0.0031526,convex_mesh_per_channel
1407,4,711408,10,8,0,1,1000,2,1,4.02289204535e-05,5,10,8197.583937,819.7583937,29642.91963667,327,305,93,1,0.0092298,convex_mesh_per_channel
1408,4,711409,10,8,0,1,1250,3,0,4.040876109119e-05,0,10,8079.271163,807.9271163,30196.35580297,302,273,69,2,0.0035631,convex_mesh_per_channel
1408,4,711409,10,8,0,1,1250,3,0,4.040876109119e-05,5,10,7735.85384,773.585384,28594.26923496,302,265,64,3,0.0187923,convex_mesh_per_channel
1409,4,711410,10,8,0,1,1500,4,1,7.848936190402e-05,0,10,9231.997474,923.1997474,34789.98733535,311,279,130,2,0.0034385,convex_mesh_per_channel
1409,4,711410,10,8,0,1,1500,4,1,7.848936190402e-05,5,10,6454.504763,645.4504763,22717.52381435,312,283,6,1,0.0143819,convex_mesh_per_channel
1410,4,711411,10,8,0,2,1000,0,0,0.4144415823576,0,10,8726.353132,872.6353132,32751.76547441,273,245,172,3,0.0048886,convex_mesh_per_channel
1410,4,711411,10,8,0,2,1000,0,0,0.4144415823576,5,10,8035.001984,803.5001984,29700.00974948,259,234,172,3,0.0236067,convex_mesh_per_channel
1411,4,711412,10,8,0,2,1250,1,1,0.3429237574057,0,10,10784.717299,1078.4717299,41118.58630256,255,219,339,8,0.0058464,convex_mesh_per_channel
1411,4,711412,10,8,0,2,1250,1,1,0.3429237574057,5,10,7410.563635,741.0563635,27842.81815907,248,222,110,2,0.0277307,convex_mesh_per_channel
1412,4,711413,10,8,0,2,1500,2,0,0.4615484185298,0,10,9244.639117,924.4639117,35173.19536055,247,220,235,4,0.0057263,convex_mesh_per_channel
1412,4,711413,10,8,0,2,1500,2,0,0.4615484185298,5,10,7580.285888,758.0285888,28631.42944968,266,237,79,2,0.023746,convex_mesh_per_channel
1413,4,711414,10,8,0,2,1000,3,1,0.2953541665377,0,10,6923.651242,692.3651242,25978.25621171,240,220,86,1,0.0069494,convex_mesh_per_channel
1413,4,711414,10,8,0,2,1000,3,1,0.2953541665377,5,10,6895.753869,689.5753869,25738.76934792,244,220,86,1,0.0267477,convex_mesh_per_channel
1414,4,711415,10,8,0,2,1250,4,0,0.2837582024069,0,10,8119.86869,811.986869,30339.34345598,254,225,169,4,0.0061144,convex_mesh_per_channel
1414,4,711415,10,8,0,2,1250,4,0,0.2837582024069,5,10,8958.615367,895.8615367,34273.076794,249,215,198,5,0.0220481,convex_mesh_per_channel
1415,4,711416,10,8,0,2,1500,0,1,0.6232707778215,0,10,9356.208254,935.6208254,36331.04110462,248,218,194,4,0.006796,convex_mesh_per_channel
1415,4,711416,10,8,0,2,1500,0,1,0.6232707778215,5,10,6383.872132,638.3872132,24184.36067011,254,227,0,0,0.0243679,convex_mesh_per_channel
1416,4,711417,10,8,0,2,1000,1,0,0.2846183961016,0,10,7494.247206,749.4247206,28626.23591805,239,215,103,2,0.0067875,convex_mesh_per_channel
1416,4,711417,10,8,0,2,1000,1,0,0.2846183961016,5,10,7477.824733,747.7824733,28174.12355159,252,224,103,2,0.0327359,convex_mesh_per_channel
1417,4,711418,10,8,0,2,1250,2,1,0.1083881391575,0,10,6937.788231,693.7788231,27158.94116236,247,218,1,0,0.007508,convex_mesh_per_channel
1417,4,711418,10,8,0,2,1250,2,1,0.1083881391575,5,10,9285.926337,928.5926337,35594.6315692,254,226,207,6,0.0261795,convex_mesh_per_channel
1418,4,711419,10,8,0,2,1500,3,0,0.1676166280255,0,10,7558.811314,755.8811314,28524.05653176,264,238,82,1,0.0053499,convex_mesh_per_channel
1418,4,711419,10,8,0,2,1500,3,0,0.1676166280255,5,10,7604.146059,760.4146059,28865.73022013,250,225,102,2,0.0227791,convex_mesh_per_channel
1419,4,711420,10,8,0,2,1000,4,1,0.232719014239,0,10,8932.067787,893.2067787,34315.33874523,244,220,193,4,0.0063798,convex_mesh_per_channel
1419,4,711420,10,8,0,2,1000,4,1,0.232719014239,5,10,6182.418915,618.2418915,22747.09458601,268,243,0,0,0.0213067,convex_mesh_per_channel
1420,4,711421,10,8,0,2,1250,0,0,0.7777310129686,0,10,6782.374245,678.2374245,25701.87123508,240,212,60,2,0.0082302,convex_mesh_per_channel
1420,4,711421,10,8,0,2,1250,0,0,0.7777310129686,5,10,6843.551453,684.3551453,25877.75726811,245,213,60,2,0.0290802,convex_mesh_per_channel
1421,4,711422,10,8,0,2,1500,1,1,0.1634656785624,0,10,11932.449052,1193.2449052,45712.24499818,249,220,425,8,0.0066744,convex_mesh_per_channel
1421,4,711422,10,8,0,2,1500,1,1,0.1634656785624,5,10,9943.582546,994.3582546,36457.91255884,289,263,298,4,0.0149768,convex_mesh_per_channel
1422,4,711423,10,8,0,2,1000,2,0,0.2292312149885,0,10,7947.236251,794.7236251,29976.18109051,251,224,141,2,0.0055069,convex_mesh_per_channel
1422,4,711423,10,8,0,2,1000,2,0,0.2292312149885,5,10,9274.624388,927.4624388,34843.12167126,272,242,218,4,0.0176672,convex_mesh_per_channel
1423,4,711424,10,8,0,2,1250,3,1,0.2061518168474,0,10,7383.311054,738.3311054,28676.55527364,264,236,14,1,0.0056919,convex_mesh_per_channel
1423,4,711424,10,8,0,2,1250,3,1,0.2061518168474,5,10,6670.00673,667.000673,25135.03364663,263,236,14,1,0.0184178,convex_mesh_per_channel
1424,4,711425,10,8,0,2,1500,4,0,0.2944568824115,0,10,7707.250748,770.7250748,30161.25373514,238,213,74,2,0.0056815,convex_mesh_per_channel
1424,4,711425,10,8,0,2,1500,4,0,0.2944568824115,5,10,5901.134126,590.1134126,21675.67063585,253,218,11,2,0.0316899,convex_mesh_per_channel
1425,4,711426,10,8,0,2,1000,0,1,0.4604393740452,0,10,6780.013516,678.0013516,26425.06758698,245,220,0,0,0.0074216,convex_mesh_per_channel
1425,4,711426,10,8,0,2,1000,0,1,0.4604393740452,5,10,6534.007781,653.4007781,24930.03891423,254,228,0,0,0.0260878,convex_mesh_per_channel
1426,4,711427,10,8,0,2,1250,1,0,0.3679199222054,0,10,6779.788644,677.9788644,25738.94321908,253,230,29,1,0.0061625,convex_mesh_per_channel
1426,4,711427,10,8,0,2,1250,1,0,0.3679199222054,5,10,6697.613629,669.7613629,25188.06813943,258,230,30,1,0.0239074,convex_mesh_per_channel
1427,4,711428,10,8,0,2,1500,2,1,0.2599391423807,0,10,7398.963972,739.8963972,28729.81986337,270,235,6,0,0.0068466,convex_mesh_per_channel
1427,4,711428,10,8,0,2,1500,2,1,0.2599391423807,5,10,6899.795946,689.9795946,26198.97973536,272,235,5,0,0.0231491,convex_mesh_per_channel
1428,4,711429,10,8,0,2,1000,3,0,0.1587432035376,0,10,9563.538677,956.3538677,36422.6932037,250,220,253,4,0.0060528,convex_mesh_per_channel
1428,4,711429,10,8,0,2,1000,3,0,0.1587432035376,5,10,8839.407424,883.9407424,32682.03695837,272,242,217,4,0.0214774,convex_mesh_per_channel
1429,4,711430,10,8,0,2,1250,4,1,0.2690319274228,0,10,11652.871057,1165.2871057,44859.35473988,246,219,394,8,0.005573,convex_mesh_per_channel
1429,4,711430,10,8,0,2,1250,4,1,0.2690319274228,5,10,7771.303231,777.1303231,28226.51596178,289,262,123,3,0.0147813,convex_mesh_per_channel
1430,4,711431,10,8,0,2,1500,0,0,0.6930522448987,0,10,7708.479466,770.8479466,30427.39729571,261,229,13,1,0.0048724,convex_mesh_per_channel
1430,4,711431,10,8,0,2,1500,0,0,0.6930522448987,5,10,6596.402325,659.6402325,25067.01159985,252,222,17,2,0.0200901,convex_mesh_per_channel
1431,4,711432,10,8,0,2,1000,1,1,0.8232248347739,0,10,8420.998216,842.0998216,31189.9909989,283,256,154,4,0.0050429,convex_mesh_per_channel
1431,4,711432,10,8,0,2,1000,1,1,0.8232248347739,5,10,7686.64604,768.664604,28973.23013064,249,222,125,3,0.0229126,convex_mesh_per_channel
1432,4,711433,10,8,0,2,1250,2,0,0.1850205499268,0,10,9035.625886,903.5625886,34993.12944087,240,214,191,3,0.0057077,convex_mesh_per_channel
1432,4,711433,10,8,0,2,1250,2,0,0.1850205499268,5,10,7084.697584,708.4697584,26023.4879306,266,230,90,2,0.0290335,convex_mesh_per_channel
1433,4,711434,10,8,0,2,1500,3,1,0.06221623067194,0,10,7331.061371,733.1061371,27905.30686489,280,252,16,1,0.0047048,convex_mesh_per_channel
1433,4,711434,10,8,0,2,1500,3,1,0.06221623067194,5,10,6890.74331,689.074331,25728.71655334,279,252,16,1,0.0177045,convex_mesh_per_channel
1434,4,711435,10,8,0,2,1000,4,0,0.6235919942671,0,10,7666.397608,766.6397608,29316.98803721,243,217,107,2,0.00698,convex_mesh_per_channel
1434,4,711435,10,8,0,2,1000,4,0,0.6235919942671,5,10,5518.846442,551.8846442,20084.23222016,245,221,2,0,0.0211635,convex_mesh_per_channel
1435,4,711436,10,8,0,2,1250,0,1,0.8068560571297,0,10,9059.361653,905.9361653,35301.80815751,249,218,162,4,0.0066849,convex_mesh_per_channel
1435,4,711436,10,8,0,2,1250,0,1,0.8068560571297,5,10,6443.990392,644.3990392,24484.95196286,254,227,0,0,0.0242273,convex_mesh_per_channel
1436,4,711437,10,8,0,2,1500,1,0,0.1827568539647,0,10,8314.772932,831.4772932,31808.86466282,245,219,153,3,0.005858,convex_mesh_per_channel
1436,4,711437,10,8,0,2,1500,1,0,0.1827568539647,5,10,7492.96241,749.296241,28104.81205644,245,219,126,2,0.0273267,convex_mesh_per_channel
1437,4,711438,10,8,0,2,1000,2,1,0.3124518029161,0,10,10998.724311,1099.8724311,41288.62120579,254,227,398,6,0.0065846,convex_mesh_per_channel
1437,4,711438,10,8,0,2,1000,2,1,0.3124518029161,5,10,6932.681426,693.2681426,25813.40693879,246,220,90,1,0.0287878,convex_mesh_per_channel
1438,4,711439,10,8,0,2,1250,3,0,0.3181286714791,0,10,8410.289344,841.0289344,32561.44660167,241,217,142,2,0.0048829,convex_mesh_per_channel
1438,4,711439,10,8,0,2,1250,3,0,0.3181286714791,5,10,6512.57895,651.257895,24852.8947682,253,227,0,0,0.0244537,convex_mesh_per_channel
1439,4,711440,10,8,0,2,1500,4,1,0.1514254607593,0,10,11576.031518,1157.6031518,43975.15719634,248,219,424,7,0.0071949,convex_mesh_per_channel
1439,4,711440,10,8,0,2,1500,4,1,0.1514254607593,5,10,8221.270408,822.1270408,30426.35183507,255,229,194,2,0.0218663,convex_mesh_per_channel
1440,4,711441,10,8,5,0,1000,0,0,0.5324816842868,0,10,8221.819112,822.1819112,30159.09553172,323,306,73,2,0.0029884,convex_mesh_per_channel
1440,4,711441,10,8,5,0,1000,0,0,0.5324816842868,5,10,7579.632638,757.9632638,26323.16309324,324,300,115,3,0.0104997,convex_mesh_per_channel
1441,4,711442,10,8,5,0,1250,1,1,0.4113285272758,0,10,8622.355408,862.2355408,32336.77705023,341,319,27,3,0.002765,convex_mesh_per_channel
1441,4,711442,10,8,5,0,1250,1,1,0.4113285272758,5,10,8624.00459,862.400459,31725.02297773,367,334,20,4,0.0090715,convex_mesh_per_channel
1442,4,711443,10,8,5,0,1500,2,0,0.8637497340813,0,10,6917.819699,691.7819699,24999.09850141,313,288,5,0,0.0034651,convex_mesh_per_channel
1442,4,711443,10,8,5,0,1500,2,0,0.8637497340813,5,10,6421.706843,642.1706843,23538.53421795,280,255,3,0,0.0167115,convex_mesh_per_channel
1443,4,711444,10,8,5,0,1000,3,1,0.6539509814091,0,10,8178.767356,817.8767356,30123.83677788,345,322,19,2,0.0024462,convex_mesh_per_channel
1443,4,711444,10,8,5,0,1000,3,1,0.6539509814091,5,10,7645.748958,764.5748958,27653.74479159,344,324,7,1,0.0084568,convex_mesh_per_channel
1444,4,711445,10,8,5,0,1250,4,0,0.6690989307204,0,10,7512.041395,751.2041395,27510.20698535,328,299,7,0,0.0027576,convex_mesh_per_channel
1444,4,711445,10,8,5,0,1250,4,0,0.6690989307204,5,10,7156.630333,715.6630333,26143.15164696,294,270,46,1,0.0119139,convex_mesh_per_channel
1445,4,711446,10,8,5,0,1500,0,1,0.5127025409406,0,10,8054.831066,805.4831066,29729.15534619,337,314,20,2,0.0025435,convex_mesh_per_channel
1445,4,711446,10,8,5,0,1500,0,1,0.5127025409406,5,10,8271.959018,827.1959018,29759.79510152,372,335,25,4,0.0089226,convex_mesh_per_channel
1446,4,711447,10,8,5,0,1000,1,0,0.458986939768,0,10,7859.39534,785.939534,28906.97671672,333,303,20,2,0.0030782,convex_mesh_per_channel
1446,4,711447,10,8,5,0,1000,1,0,0.458986939768,5,10,7012.606588,701.2606588,25858.0329667,296,275,12,1,0.0111478,convex_mesh_per_channel
1447,4,711448,10,8,5,0,1250,2,1,0.7064492035114,0,10,8226.919984,822.6919984,29779.5998907,348,319,54,2,0.002627,convex_mesh_per_channel
1447,4,711448,10,8,5,0,1250,2,1,0.7064492035114,5,10,8534.221917,853.4221917,31086.10959313,354,323,58,4,0.0087071,convex_mesh_per_channel
1448,4,711449,10,8,5,0,1500,3,0,0.6679261289305,0,10,7693.715518,769.3715518,28348.57762239,278,254,110,2,0.0044857,convex_mesh_per_channel
1448,4,711449,10,8,5,0,1500,3,0,0.6679261289305,5,10,7042.893305,704.2893305,26069.46653368,293,272,14,2,0.0151492,convex_mesh_per_channel
1449,4,711450,10,8,5,0,1000,4,1,0.3903836244728,0,10,8539.504517,853.9504517,31422.52258219,351,330,40,3,0.0022595,convex_mesh_per_channel
1449,4,711450,10,8,5,0,1000,4,1,0.3903836244728,5,10,8063.347416,806.3347416,29471.73712125,335,312,44,3,0.009153,convex_mesh_per_channel
1450,4,711451,10,8,5,0,1250,0,0,0.5405066001357,0,10,7059.919357,705.9919357,25279.59678831,330,298,2,1,0.0034866,convex_mesh_per_channel
1450,4,711451,10,8,5,0,1250,0,0,0.5405066001357,5,10,6767.93114,676.793114,24289.65569741,314,284,2,1,0.0115152,convex_mesh_per_channel
1451,4,711452,10,8,5,0,1500,1,1,0.2436696951804,0,10,8590.505236,859.0505236,31082.52618994,366,335,53,3,0.002259,convex_mesh_per_channel
1451,4,711452,10,8,5,0,1500,1,1,0.2436696951804,5,10,7508.45922,750.845922,26077.29609853,372,335,16,3,0.0083835,convex_mesh_per_channel
1452,4,711453,10,8,5,0,1000,2,0,0.1325518348846,0,10,7435.47919,743.547919,27202.39597793,308,288,39,2,0.0035389,convex_mesh_per_channel
1452,4,711453,10,8,5,0,1000,2,0,0.1325518348846,5,10,7444.968871,744.4968871,27479.84438124,301,271,41,3,0.0134914,convex_mesh_per_channel
1453,4,711454,10,8,5,0,1250,3,1,0.4977359742429,0,10,7643.67463,764.367463,27573.37316225,341,320,18,2,0.0022004,convex_mesh_per_channel
1453,4,711454,10,8,5,0,1250,3,1,0.4977359742429,5,10,7093.227605,709.3227605,24731.13804247,351,330,4,1,0.0081818,convex_mesh_per_channel
1454,4,711455,10,8,5,0,1500,4,0,0.4821646059197,0,10,7538.134619,753.8134619,27820.67297715,284,261,81,1,0.0045678,convex_mesh_per_channel
1454,4,711455,10,8,5,0,1500,4,0,0.4821646059197,5,10,7000.619742,700.0619742,25918.09872219,296,269,6,2,0.0170656,convex_mesh_per_channel
1455,4,711456,10,8,5,0,1000,0,1,0.6270859136537,0,10,8030.28856,803.028856,30051.44279284,322,303,19,2,0.0025454,convex_mesh_per_channel
1455,4,711456,10,8,5,0,1000,0,1,0.6270859136537,5,10,7638.416757,763.8416757,27237.08378156,357,338,6,1,0.0095446,convex_mesh_per_channel
1456,4,711457,10,8,5,0,1250,1,0,0.4058623566954,0,10,8039.615351,803.9615351,29818.07677332,316,287,53,3,0.0035075,convex_mesh_per_channel
1456,4,711457,10,8,5,0,1250,1,0,0.4058623566954,5,10,7144.188155,714.4188155,25570.94080004,314,287,41,2,0.0113881,convex_mesh_per_channel
1457,4,711458,10,8,5,0,1500,2,1,0.9537896704316,0,10,8049.677104,804.9677104,29758.38553791,343,315,6,1,0.002706,convex_mesh_per_channel
1457,4,711458,10,8,5,0,1500,2,1,0.9537896704316,5,10,7260.806353,726.0806353,26659.03177272,315,289,5,1,0.0113374,convex_mesh_per_channel
1458,4,711459,10,8,5,0,1000,3,0,0.3940708931802,0,10,6753.606511,675.3606511,25568.03255755,269,245,0,0,0.0043343,convex_mesh_per_channel
1458,4,711459,10,8,5,0,1000,3,0,0.3940708931802,5,10,6137.397884,613.7397884,21996.98943144,285,263,0,0,0.0136137,convex_mesh_per_channel
1459,4,711460,10,8,5,0,1250,4,1,0.7669473847837,0,10,7310.807118,731.0807118,26529.03554887,318,302,21,1,0.0025424,convex_mesh_per_channel
1459,4,711460,10,8,5,0,1250,4,1,0.7669473847837,5,10,6937.17597,693.717597,24810.87986239,323,301,3,0,0.0091579,convex_mesh_per_channel
1460,4,711461,10,8,5,0,1500,0,0,0.4957339459506,0,10,6426.449488,642.6449488,23772.24743879,274,252,0,0,0.0048235,convex_mesh_per_channel
1460,4,711461,10,8,5,0,1500,0,0,0.4957339459506,5,10,6855.410845,685.5410845,24982.05423756,296,269,20,2,0.0128682,convex_mesh_per_channel
1461,4,711462,10,8,5,0,1000,1,1,0.5551681504581,0,10,10251.557552,1025.1557552,37657.78755118,343,313,214,5,0.0025718,convex_mesh_per_channel
1461,4,711462,10,8,5,0,1000,1,1,0.5551681504581,5,10,8947.789512,894.7789512,32363.94753143,343,320,130,4,0.0096481,convex_mesh_per_channel
1462,4,711463,10,8,5,0,1250,2,0,0.3466921522625,0,10,7240.734418,724.0734418,26478.67204294,283,258,74,2,0.0049987,convex_mesh_per_channel
1462,4,711463,10,8,5,0,1250,2,0,0.3466921522625,5,10,7361.105932,736.1105932,27260.52967232,308,277,14,2,0.0145809,convex_mesh_per_channel
1463,4,711464,10,8,5,0,1500,3,1,0.4376290881257,0,10,8147.048937,814.7048937,30070.24466116,335,306,34,4,0.0024923,convex_mesh_per_channel
1463,4,711464,10,8,5,0,1500,3,1,0.4376290881257,5,10,8471.660817,847.1660817,31558.30406948,340,308,34,4,0.0089659,convex_mesh_per_channel
1464,4,711465,10,8,5,0,1000,4,0,0.406882910697,0,10,6914.122226,691.4122226,25785.61118537,265,241,47,1,0.0056271,convex_mesh_per_channel
1464,4,711465,10,8,5,0,1000,4,0,0.406882910697,5,10,7389.497571,738.9497571,26807.4878732,301,278,65,1,0.0108945,convex_mesh_per_channel
1465,4,711466,10,8,5,0,1250,0,1,0.3329464700969,0,10,8631.813607,863.1813607,31914.06789515,327,306,86,3,0.0031109,convex_mesh_per_channel
1465,4,711466,10,8,5,0,1250,0,1,0.3329464700969,5,10,7988.577013,798.8577013,29242.88507191,338,313,29,3,0.008351,convex_mesh_per_channel
1466,4,711467,10,8,5,0,1500,1,0,0.5615090824578,0,10,8812.839789,881.2839789,32339.19885329,311,290,150,3,0.0033397,convex_mesh_per_channel
1466,4,711467,10,8,5,0,1500,1,0,0.5615090824578,5,10,6888.980756,688.8980756,24914.90376741,305,280,17,1,0.0144985,convex_mesh_per_channel
1467,4,711468,10,8,5,0,1000,2,1,0.5590778779042,0,10,8949.893636,894.9893636,32394.4681389,372,336,75,3,0.0021682,convex_mesh_per_channel
1467,4,711468,10,8,5,0,1000,2,1,0.5590778779042,5,10,8592.382704,859.2382704,31041.91350042,365,338,57,2,0.0077251,convex_mesh_per_channel
1468,4,711469,10,8,5,0,1250,3,0,0.1887460277098,0,10,7476.469551,747.6469551,27882.34776024,286,261,53,3,0.0045102,convex_mesh_per_channel
1468,4,711469,10,8,5,0,1250,3,0,0.1887460277098,5,10,7021.79993,702.179993,24988.99965209,310,292,44,2,0.0127276,convex_mesh_per_channel
1469,4,711470,10,8,5,0,1500,4,1,0.6007490743018,0,10,8184.498685,818.4498685,29662.49342121,369,339,6,2,0.0023366,convex_mesh_per_channel
1469,4,711470,10,8,5,0,1500,4,1,0.6007490743018,5,10,7927.55752,792.755752,29057.78759566,347,319,4,2,0.009253,convex_mesh_per_channel
1470,4,711471,10,8,5,1,1000,0,0,7.019499888572e-05,0,10,7497.382596,749.7382596,27826.91296665,281,258,73,3,0.0033441,convex_mesh_per_channel
1470,4,711471,10,8,5,1,1000,0,0,7.019499888572e-05,5,10,7212.002737,721.2002737,26565.01368647,312,289,0,0,0.0128841,convex_mesh_per_channel
1471,4,711472,10,8,5,1,1250,1,1,4.370235260544e-05,0,10,8848.770959,884.8770959,33958.85483556,282,255,114,3,0.0044597,convex_mesh_per_channel
1471,4,711472,10,8,5,1,1250,1,1,4.370235260544e-05,5,10,7747.188649,774.7188649,27810.94323758,311,283,99,1,0.0122531,convex_mesh_per_channel
1472,4,711473,10,8,5,1,1500,2,0,5.009114723391e-05,0,10,6719.384139,671.9384139,25046.92073364,271,239,22,2,0.0047653,convex_mesh_per_channel
1472,4,711473,10,8,5,1,1500,2,0,5.009114723391e-05,5,10,6939.33143,693.933143,25876.65716001,289,254,5,1,0.0230318,convex_mesh_per_channel
1473,4,711474,10,8,5,1,1000,3,1,6.408402548539e-05,0,10,8714.34459,871.434459,32731.72294213,344,320,26,5,0.0024192,convex_mesh_per_channel
1473,4,711474,10,8,5,1,1000,3,1,6.408402548539e-05,5,10,8593.458785,859.3458785,32307.2939269,338,314,26,5,0.0095995,convex_mesh_per_channel
1474,4,711475,10,8,5,1,1250,4,0,7.454088864935e-05,0,10,7371.065198,737.1065198,27510.32602654,293,258,32,1,0.0041589,convex_mesh_per_channel
1474,4,711475,10,8,5,1,1250,4,0,7.454088864935e-05,5,10,7593.189087,759.3189087,28470.94537419,298,269,30,1,0.0130969,convex_mesh_per_channel
1475,4,711476,10,8,5,1,1500,0,1,5.749889690715e-05,0,10,7697.327689,769.7327689,29351.63844254,271,248,58,3,0.0038469,convex_mesh_per_channel
1475,4,711476,10,8,5,1,1500,0,1,5.749889690715e-05,5,10,7616.284957,761.6284957,27986.42474727,321,298,22,3,0.0133036,convex_mesh_per_channel
1476,4,711477,10,8,5,1,1000,1,0,0.0001202919256386,0,10,7324.50519,732.450519,27302.52590665,288,257,39,2,0.0044839,convex_mesh_per_channel
1476,4,711477,10,8,5,1,1000,1,0,0.0001202919256386,5,10,7060.049379,706.0049379,26385.24686152,273,248,40,1,0.017892,convex_mesh_per_channel
1477,4,711478,10,8,5,1,1250,2,1,5.507983085285e-05,0,10,8573.801433,857.3801433,33144.00718471,301,273,39,5,0.0041186,convex_mesh_per_channel
1477,4,711478,10,8,5,1,1250,2,1,5.507983085285e-05,5,10,8462.496242,846.2496242,30957.48122037,364,338,21,4,0.0084733,convex_mesh_per_channel
1478,4,711479,10,8,5,1,1500,3,0,1.541211710768e-05,0,10,6472.551481,647.2551481,24037.75741217,272,255,0,0,0.004289,convex_mesh_per_channel
1478,4,711479,10,8,5,1,1500,3,0,1.541211710768e-05,5,10,6891.80926,689.180926,25364.04630642,298,273,2,1,0.0126315,convex_mesh_per_channel
1479,4,711480,10,8,5,1,1000,4,1,6.815525574195e-05,0,10,7083.09479,708.309479,26600.47395084,290,263,0,0,0.003948,convex_mesh_per_channel
1479,4,711480,10,8,5,1,1000,4,1,6.815525574195e-05,5,10,7077.626365,707.7626365,24288.13183003,365,330,5,1,0.0092695,convex_mesh_per_channel
1480,4,711481,10,8,5,1,1250,0,0,2.523446336112e-05,0,10,7204.241251,720.4241251,26881.20626612,300,278,0,0,0.00321,convex_mesh_per_channel
1480,4,711481,10,8,5,1,1250,0,0,2.523446336112e-05,5,10,7683.06145,768.306145,28125.30724849,324,295,31,2,0.0128099,convex_mesh_per_channel
1481,4,711482,10,8,5,1,1500,1,1,9.238979300543e-05,0,10,7910.163455,791.0163455,28890.81728737,346,304,16,2,0.0026279,convex_mesh_per_channel
1481,4,711482,10,8,5,1,1500,1,1,9.238979300543e-05,5,10,8127.94435,812.794435,29304.72177007,366,321,22,3,0.0131136,convex_mesh_per_channel
1482,4,711483,10,8,5,1,1000,2,0,5.728311878077e-05,0,10,7295.875287,729.5875287,27284.37644042,294,268,17,1,0.004511,convex_mesh_per_channel
1482,4,711483,10,8,5,1,1000,2,0,5.728311878077e-05,5,10,8025.585463,802.5585463,30077.92727012,303,280,55,2,0.0127475,convex_mesh_per_channel
1483,4,711484,10,8,5,1,1250,3,1,1.2838346045e-05,0,10,7213.915199,721.3915199,27149.57600476,293,269,0,0,0.0038384,convex_mesh_per_channel
1483,4,711484,10,8,5,1,1250,3,1,1.2838346045e-05,5,10,6971.000485,697.1000485,25615.00242994,304,278,0,0,0.0147816,convex_mesh_per_channel
1484,4,711485,10,8,5,1,1500,4,0,7.438139710697e-05,0,10,6639.53515,663.953515,24992.67576702,268,242,3,0,0.005181,convex_mesh_per_channel
1484,4,711485,10,8,5,1,1500,4,0,7.438139710697e-05,5,10,6764.765779,676.4765779,25498.82891237,272,249,2,0,0.0191898,convex_mesh_per_channel
1485,4,711486,10,8,5,1,1000,0,1,2.839970235727e-05,0,10,9390.815086,939.0815086,35014.07541584,345,319,98,6,0.0028798,convex_mesh_per_channel
1485,4,711486,10,8,5,1,1000,0,1,2.839970235727e-05,5,10,8316.491317,831.6491317,31647.45661058,314,289,26,5,0.0134692,convex_mesh_per_channel
1486,4,711487,10,8,5,1,1250,1,0,7.397302861161e-05,0,10,7800.009893,780.0009893,29565.04941204,284,255,54,2,0.0041281,convex_mesh_per_channel
1486,4,711487,10,8,5,1,1250,1,0,7.397302861161e-05,5,10,7511.273947,751.1273947,27791.36968182,296,273,50,2,0.0129092,convex_mesh_per_channel
1487,4,711488,10,8,5,1,1500,2,1,4.467131901144e-05,0,10,8567.526298,856.7526298,31792.63149066,334,309,60,5,0.0023642,convex_mesh_per_channel
1487,4,711488,10,8,5,1,1500,2,1,4.467131901144e-05,5,10,7517.538743,751.7538743,26802.69373084,342,319,26,3,0.0104011,convex_mesh_per_channel
1488,4,711489,10,8,5,1,1000,3,0,0.0001541714761141,0,10,7202.36022,720.236022,26246.80112345,285,262,72,1,0.0036274,convex_mesh_per_channel
1488,4,711489,10,8,5,1,1000,3,0,0.0001541714761141,5,10,7222.853688,722.2853688,26164.26846063,291,263,74,2,0.0121942,convex_mesh_per_channel
1489,4,711490,10,8,5,1,1250,4,1,6.92030477542e-05,0,10,7003.037257,700.3037257,24615.18627391,342,320,0,0,0.0024406,convex_mesh_per_channel
1489,4,711490,10,8,5,1,1250,4,1,6.92030477542e-05,5,10,6825.142934,682.5142934,23600.71467374,346,319,2,0,0.0099492,convex_mesh_per_channel
1490,4,711491,10,8,5,1,1500,0,0,3.522605953469e-05,0,10,8711.337658,871.1337658,32076.68835466,324,287,113,5,0.0031851,convex_mesh_per_channel
1490,4,711491,10,8,5,1,1500,0,0,3.522605953469e-05,5,10,8419.80604,841.980604,30774.03027287,325,302,96,3,0.0097083,convex_mesh_per_channel
1491,4,711492,10,8,5,1,1000,1,1,6.860814300754e-05,0,10,8467.868966,846.7868966,31009.3448586,344,313,61,2,0.0027083,convex_mesh_per_channel
1491,4,711492,10,8,5,1,1000,1,1,6.860814300754e-05,5,10,6941.201497,694.1201497,24631.00749318,331,307,1,0,0.0107249,convex_mesh_per_channel
1492,4,711493,10,8,5,1,1250,2,0,9.774588066465e-05,0,10,8637.130057,863.7130057,32250.65028559,314,276,97,4,0.0039215,convex_mesh_per_channel
1492,4,711493,10,8,5,1,1250,2,0,9.774588066465e-05,5,10,8010.519074,801.0519074,30492.5953652,274,243,83,2,0.0229745,convex_mesh_per_channel
1493,4,711494,10,8,5,1,1500,3,1,0.000144806847611,0,10,7553.226573,755.3226573,27916.13286802,323,293,4,1,0.0028149,convex_mesh_per_channel
1493,4,711494,10,8,5,1,1500,3,1,0.000144806847611,5,10,7553.226573,755.3226573,27916.13286802,323,293,4,1,0.0104787,convex_mesh_per_channel
1494,4,711495,10,8,5,1,1000,4,0,6.258763746991e-05,0,10,7807.902717,780.7902717,29654.51358163,270,237,80,2,0.006008,convex_mesh_per_channel
1494,4,711495,10,8,5,1,1000,4,0,6.258763746991e-05,5,10,8031.681657,803.1681657,29013.40828529,329,294,80,2,0.0114339,convex_mesh_per_channel
1495,4,711496,10,8,5,1,1250,0,1,7.454455034049e-05,0,10,8506.530581,850.6530581,32272.6528904,324,292,30,5,0.0033605,convex_mesh_per_channel
1495,4,711496,10,8,5,1,1250,0,1,7.454455034049e-05,5,10,8168.620358,816.8620358,30188.10176517,336,302,33,6,0.0112841,convex_mesh_per_channel
1496,4,711497,10,8,5,1,1500,1,0,8.285768740612e-05,0,10,7454.392761,745.4392761,28541.96379277,278,249,19,3,0.0039924,convex_mesh_per_channel
1496,4,711497,10,8,5,1,1500,1,0,8.285768740612e-05,5,10,7123.756911,712.3756911,26833.78454582,280,250,19,3,0.0177057,convex_mesh_per_channel
1497,4,711498,10,8,5,1,1000,2,1,6.640247650131e-05,0,10,7684.317511,768.4317511,28451.58756713,327,294,5,0,0.0031755,convex_mesh_per_channel
1497,4,711498,10,8,5,1,1000,2,1,6.640247650131e-05,5,10,7482.439949,748.2439949,26757.19975409,350,322,3,0,0.0088403,convex_mesh_per_channel
1498,4,711499,10,8,5,1,1250,3,0,3.906623855384e-05,0,10,8106.640926,810.6640926,29973.20457528,315,286,67,3,0.0032615,convex_mesh_per_channel
1498,4,711499,10,8,5,1,1250,3,0,3.906623855384e-05,5,10,6847.209825,684.7209825,25271.04912278,293,263,5,2,0.0177453,convex_mesh_per_channel
1499,4,711500,10,8,5,1,1500,4,1,0.0001079754983929,0,10,8315.092844,831.5092844,31520.46423231,311,283,41,5,0.0033101,convex_mesh_per_channel
1499,4,711500,10,8,5,1,1500,4,1,0.0001079754983929,5,10,8412.420487,841.2420487,32112.10247227,303,272,51,5,0.0136256,convex_mesh_per_channel
1500,4,711501,10,8,5,2,1000,0,0,0.06603703031271,0,10,7115.709782,711.5709782,27738.54886835,243,219,28,1,0.0047048,convex_mesh_per_channel
1500,4,711501,10,8,5,2,1000,0,0,0.06603703031271,5,10,6179.917193,617.9917193,23404.58596561,245,224,0,0,0.0200133,convex_mesh_per_channel
1501,4,711502,10,8,5,2,1250,1,1,0.06102362526951,0,10,6759.303722,675.9303722,24276.51863779,309,288,7,1,0.0038895,convex_mesh_per_channel
1501,4,711502,10,8,5,2,1250,1,1,0.06102362526951,5,10,7231.320484,723.1320484,25591.60243454,344,319,8,1,0.0093352,convex_mesh_per_channel
1502,4,711503,10,8,5,2,1500,2,0,0.02435406671723,0,10,6735.312542,673.5312542,25211.56270743,276,248,5,0,0.0048699,convex_mesh_per_channel
1502,4,711503,10,8,5,2,1500,2,0,0.02435406671723,5,10,7201.763774,720.1763774,26738.81887548,290,261,31,1,0.0142593,convex_mesh_per_channel
1503,4,711504,10,8,5,2,1000,3,1,0.03193563300136,0,10,8947.97416,894.797416,33264.87061341,287,261,183,3,0.0041278,convex_mesh_per_channel
1503,4,711504,10,8,5,2,1000,3,1,0.03193563300136,5,10,6669.28662,666.928662,23876.43309376,311,289,0,0,0.0113077,convex_mesh_per_channel
1504,4,711505,10,8,5,2,1250,4,0,0.01883283835516,0,10,7216.412167,721.6412167,27002.06083771,285,254,29,1,0.0040982,convex_mesh_per_channel
1504,4,711505,10,8,5,2,1250,4,0,0.01883283835516,5,10,6715.391928,671.5391928,24526.95962853,294,257,11,2,0.0128159,convex_mesh_per_channel
1505,4,711506,10,8,5,2,1500,0,1,0.01189162685675,0,10,9617.123383,961.7123383,35750.61689185,315,290,184,6,0.0031967,convex_mesh_per_channel
1505,4,711506,10,8,5,2,1500,0,1,0.01189162685675,5,10,7744.472564,774.4472564,28487.36282476,329,304,16,4,0.0100619,convex_mesh_per_channel
1506,4,711507,10,8,5,2,1000,1,0,0.008838699523943,0,10,6779.587222,677.9587222,25747.93605761,247,222,41,1,0.006352,convex_mesh_per_channel
1506,4,711507,10,8,5,2,1000,1,0,0.008838699523943,5,10,6803.785606,680.3785606,24888.92797308,280,256,40,1,0.017871,convex_mesh_per_channel
1507,4,711508,10,8,5,2,1250,2,1,0.04422393423593,0,10,7681.635468,768.1635468,28653.17733485,314,283,16,1,0.002701,convex_mesh_per_channel
1507,4,711508,10,8,5,2,1250,2,1,0.04422393423593,5,10,7142.806965,714.2806965,25919.03485457,317,294,10,1,0.010971,convex_mesh_per_channel
1508,4,711509,10,8,5,2,1500,3,0,0.04141100555886,0,10,6945.915691,694.5915691,26229.57847096,277,253,4,1,0.0047481,convex_mesh_per_channel
1508,4,711509,10,8,5,2,1500,3,0,0.04141100555886,5,10,6625.290121,662.5290121,24981.45061539,265,242,4,1,0.0244566,convex_mesh_per_channel
1509,4,711510,10,8,5,2,1000,4,1,0.03374848234904,0,10,11064.153463,1106.4153463,40310.76685146,326,293,343,4,0.0033317,convex_mesh_per_channel
1509,4,711510,10,8,5,2,1000,4,1,0.03374848234904,5,10,9189.302444,918.9302444,32486.51208034,353,322,185,2,0.0081689,convex_mesh_per_channel
1510,4,711511,10,8,5,2,1250,0,0,0.01902223962345,0,10,8617.760289,861.7760289,32543.80133997,249,226,196,4,0.0052377,convex_mesh_per_channel
1510,4,711511,10,8,5,2,1250,0,0,0.01902223962345,5,10,8898.051616,889.8051616,33540.25798838,260,234,202,4,0.021316,convex_mesh_per_channel
1511,4,711512,10,8,5,2,1500,1,1,0.06214191651356,0,10,7371.248921,737.1248921,27096.24460692,322,289,1,0,0.0036287,convex_mesh_per_channel
1511,4,711512,10,8,5,2,1500,1,1,0.06214191651356,5,10,6616.955309,661.6955309,23574.77654579,313,287,0,0,0.0130019,convex_mesh_per_channel
1512,4,711513,10,8,5,2,1000,2,0,0.009994659877073,0,10,7496.759192,749.6759192,27318.7958431,295,274,78,3,0.0042309,convex_mesh_per_channel
1512,4,711513,10,8,5,2,1000,2,0,0.009994659877073,5,10,7732.371637,773.2371637,28466.8580194,284,257,104,3,0.0179711,convex_mesh_per_channel
1513,4,711514,10,8,5,2,1250,3,1,0.05051625423762,0,10,9543.933703,954.3933703,35644.66840964,339,310,120,7,0.0029159,convex_mesh_per_channel
1513,4,711514,10,8,5,2,1250,3,1,0.05051625423762,5,10,8083.445827,808.3445827,30507.22914046,313,289,26,5,0.0098478,convex_mesh_per_channel
1514,4,711515,10,8,5,2,1500,4,0,0.02216537061487,0,10,8248.526139,824.8526139,31242.63060166,282,249,97,2,0.0047958,convex_mesh_per_channel
1514,4,711515,10,8,5,2,1500,4,0,0.02216537061487,5,10,7627.277223,762.7277223,28551.38601865,248,219,136,3,0.0211858,convex_mesh_per_channel
1515,4,711516,10,8,5,2,1000,0,1,0.02636736878641,0,10,7777.750687,777.7750687,29923.7534428,264,237,62,2,0.0043523,convex_mesh_per_channel
1515,4,711516,10,8,5,2,1000,0,1,0.02636736878641,5,10,7051.806093,705.1806093,25819.03047414,310,288,0,0,0.0103875,convex_mesh_per_channel
1516,4,711517,10,8,5,2,1250,1,0,0.1103600353308,0,10,6710.102268,671.0102268,25315.51135703,261,235,19,1,0.0046259,convex_mesh_per_channel
1516,4,711517,10,8,5,2,1250,1,0,0.1103600353308,5,10,7783.342194,778.3342194,28911.7109872,285,253,91,3,0.0172656,convex_mesh_per_channel
1517,4,711518,10,8,5,2,1500,2,1,0.01134977891313,0,10,9238.89082,923.889082,35429.45380989,253,226,204,3,0.0049917,convex_mesh_per_channel
1517,4,711518,10,8,5,2,1500,2,1,0.01134977891313,5,10,6952.561924,695.2561924,25182.8096284,314,287,3,0,0.01081,convex_mesh_per_channel
1518,4,711519,10,8,5,2,1000,3,0,0.02125649760806,0,10,7508.075434,750.8075434,27795.37711301,295,268,52,2,0.0035565,convex_mesh_per_channel
1518,4,711519,10,8,5,2,1000,3,0,0.02125649760806,5,10,6960.056239,696.0056239,26510.28114772,246,222,52,2,0.0243954,convex_mesh_per_channel
1519,4,711520,10,8,5,2,1250,4,1,0.01960107457021,0,10,7677.501432,767.7501432,30442.50717521,254,227,14,2,0.0064536,convex_mesh_per_channel
1519,4,711520,10,8,5,2,1250,4,1,0.01960107457021,5,10,7444.20147,744.420147,26531.00736257,346,319,13,2,0.0093199,convex_mesh_per_channel
1520,4,711521,10,8,5,2,1500,0,0,0.04372523941095,0,10,7491.754981,749.1754981,27588.7749062,264,235,123,3,0.004169,convex_mesh_per_channel
1520,4,711521,10,8,5,2,1500,0,0,0.04372523941095,5,10,6327.312795,632.7312795,23281.56398313,275,246,0,0,0.0238334,convex_mesh_per_channel
1521,4,711522,10,8,5,2,1000,1,1,0.05831956288797,0,10,8258.220197,825.8220197,30616.10100325,297,270,110,3,0.0033417,convex_mesh_per_channel
1521,4,711522,10,8,5,2,1000,1,1,0.05831956288797,5,10,7133.734157,713.3734157,26363.67079782,298,273,16,2,0.0142048,convex_mesh_per_channel
1522,4,711523,10,8,5,2,1250,2,0,0.07842867367137,0,10,7674.255154,767.4255154,29361.27574075,253,220,89,1,0.0054998,convex_mesh_per_channel
1522,4,711523,10,8,5,2,1250,2,0,0.07842867367137,5,10,7015.704859,701.5704859,25928.52426183,255,226,93,2,0.0223209,convex_mesh_per_channel
1523,4,711524,10,8,5,2,1500,3,1,0.02523556781126,0,10,9485.399938,948.5399938,35436.9995727,337,309,118,6,0.0028221,convex_mesh_per_channel
1523,4,711524,10,8,5,2,1500,3,1,0.02523556781126,5,10,8235.243559,823.5243559,30276.21780846,350,326,18,4,0.0095602,convex_mesh_per_channel
1524,4,711525,10,8,5,2,1000,4,0,0.0768995381072,0,10,6246.401872,624.6401872,23272.00931315,250,226,22,1,0.0056341,convex_mesh_per_channel
1524,4,711525,10,8,5,2,1000,4,0,0.0768995381072,5,10,7352.466836,735.2466836,27112.33413213,307,276,23,1,0.0135991,convex_mesh_per_channel
1525,4,711526,10,8,5,2,1250,0,1,0.04828384008359,0,10,8380.703479,838.0703479,30513.51727455,292,270,166,3,0.0033124,convex_mesh_per_channel
1525,4,711526,10,8,5,2,1250,0,1,0.04828384008359,5,10,8343.709579,834.3709579,30733.54777759,306,281,112,4,0.0107354,convex_mesh_per_channel
1526,4,711527,10,8,5,2,1500,1,0,0.04970773025658,0,10,8573.051049,857.3051049,32140.25508277,266,234,177,4,0.0048448,convex_mesh_per_channel
1526,4,711527,10,8,5,2,1500,1,0,0.04970773025658,5,10,8024.593856,802.4593856,29662.96912891,270,239,151,3,0.0199775,convex_mesh_per_channel
1527,4,711528,10,8,5,2,1000,2,1,0.03401604994693,0,10,9383.283563,938.3283563,35996.41762287,261,226,201,3,0.0060136,convex_mesh_per_channel
1527,4,711528,10,8,5,2,1000,2,1,0.03401604994693,5,10,7082.729572,708.2729572,25798.64786067,315,283,5,0,0.0091557,convex_mesh_per_channel
1528,4,711529,10,8,5,2,1250,3,0,0.02153051919162,0,10,8367.36437,836.736437,31091.8217816,308,283,92,3,0.0032943,convex_mesh_per_channel
1528,4,711529,10,8,5,2,1250,3,0,0.02153051919162,5,10,6635.523918,663.5523918,23977.61957698,290,268,24,1,0.0160937,convex_mesh_per_channel
1529,4,711530,10,8,5,2,1500,4,1,0.05211980855311,0,10,6954.956996,695.4956996,26099.78498052,278,256,13,2,0.0049633,convex_mesh_per_channel
1529,4,711530,10,8,5,2,1500,4,1,0.05211980855311,5,10,7332.348213,733.2348213,27151.74107275,307,281,12,2,0.0136673,convex_mesh_per_channel
1530,4,711531,10,8,10,0,1000,0,0,0.2161484482513,0,10,6679.703002,667.9703002,23138.51502038,337,317,0,0,0.0025769,convex_mesh_per_channel
1530,4,711531,10,8,10,0,1000,0,0,0.2161484482513,5,10,6408.473201,640.8473201,22407.3660128,316,297,0,0,0.0114186,convex_mesh_per_channel
1531,4,711532,10,8,10,0,1250,1,1,0.2769975117204,0,10,8226.143853,822.6143853,30840.71926685,336,307,7,2,0.0029395,convex_mesh_per_channel
1531,4,711532,10,8,10,0,1250,1,1,0.2769975117204,5,10,8368.469546,836.8469546,30672.34773206,366,336,6,2,0.0083597,convex_mesh_per_channel
1532,4,711533,10,8,10,0,1500,2,0,0.5388533408551,0,10,7844.557422,784.4557422,29262.7871079,313,284,31,3,0.0032292,convex_mesh_per_channel
1532,4,711533,10,8,10,0,1500,2,0,0.5388533408551,5,10,7372.150599,737.2150599,26365.7530087,332,302,29,3,0.0109724,convex_mesh_per_channel
1533,4,711534,10,8,10,0,1000,3,1,0.6302169686299,0,10,8454.850727,845.4850727,30799.25364413,365,342,26,3,0.0019818,convex_mesh_per_channel
1533,4,711534,10,8,10,0,1000,3,1,0.6302169686299,5,10,8174.69087,817.469087,29993.45435383,351,329,14,2,0.0097979,convex_mesh_per_channel
1534,4,711535,10,8,10,0,1250,4,0,0.5955306086185,0,10,7928.771363,792.8771363,28683.85682937,331,307,60,2,0.0025663,convex_mesh_per_channel
1534,4,711535,10,8,10,0,1250,4,0,0.5955306086185,5,10,7644.486916,764.4486916,27032.43459469,339,313,60,2,0.0123779,convex_mesh_per_channel
1535,4,711536,10,8,10,0,1500,0,1,0.3283828018146,0,10,8408.465028,840.8465028,31372.32514451,345,317,14,3,0.0025279,convex_mesh_per_channel
1535,4,711536,10,8,10,0,1500,0,1,0.3283828018146,5,10,8533.745368,853.3745368,32023.7268491,344,317,14,3,0.0099568,convex_mesh_per_channel
1536,4,711537,10,8,10,0,1000,1,0,0.3560319375268,0,10,7530.773648,753.0773648,27043.86824415,341,322,15,2,0.0022531,convex_mesh_per_channel
1536,4,711537,10,8,10,0,1000,1,0,0.3560319375268,5,10,6387.052733,638.7052733,22195.26365841,312,293,15,2,0.0123244,convex_mesh_per_channel
1537,4,711538,10,8,10,0,1250,2,1,0.4820936573822,0,10,8807.319293,880.7319293,32691.5964833,357,326,36,5,0.0024603,convex_mesh_per_channel
1537,4,711538,10,8,10,0,1250,2,1,0.4820936573822,5,10,8643.623758,864.3623758,31883.11879123,363,333,23,4,0.0101012,convex_mesh_per_channel
1538,4,711539,10,8,10,0,1500,3,0,0.5209895494356,0,10,7836.757683,783.6757683,29293.78842577,315,287,22,2,0.0029518,convex_mesh_per_channel
1538,4,711539,10,8,10,0,1500,3,0,0.5209895494356,5,10,7017.725988,701.7725988,25558.6299557,305,274,19,3,0.0132817,convex_mesh_per_channel
1539,4,711540,10,8,10,0,1000,4,1,0.507322805781,0,10,8692.11621,869.211621,32320.58105171,359,329,18,3,0.0022544,convex_mesh_per_channel
1539,4,711540,10,8,10,0,1000,4,1,0.507322805781,5,10,8381.299629,838.1299629,30576.49813546,366,341,15,3,0.0075449,convex_mesh_per_channel
1540,4,711541,10,8,10,0,1250,0,0,0.7089370340951,0,10,7634.449391,763.4449391,28022.24696773,326,302,16,2,0.0024098,convex_mesh_per_channel
1540,4,711541,10,8,10,0,1250,0,0,0.7089370340951,5,10,7533.435806,753.3435806,26962.17904754,350,314,9,4,0.0085794,convex_mesh_per_channel
1541,4,711542,10,8,10,0,1500,1,1,0.7838208174528,0,10,8280.432147,828.0432147,30197.16075519,361,332,18,4,0.0024356,convex_mesh_per_channel
1541,4,711542,10,8,10,0,1500,1,1,0.7838208174528,5,10,8370.968361,837.0968361,30684.841824,361,331,16,4,0.0091642,convex_mesh_per_channel
1542,4,711543,10,8,10,0,1000,2,0,0.5911767657491,0,10,7011.779766,701.1779766,26168.8988546,285,264,13,1,0.0034615,convex_mesh_per_channel
1542,4,711543,10,8,10,0,1000,2,0,0.5911767657491,5,10,6977.051899,697.7051899,25635.25950914,298,271,13,1,0.0149131,convex_mesh_per_channel
1543,4,711544,10,8,10,0,1250,3,1,0.4347689890998,0,10,8034.5221,803.45221,30282.61051417,322,300,6,2,0.0026087,convex_mesh_per_channel
1543,4,711544,10,8,10,0,1250,3,1,0.4347689890998,5,10,8379.36628,837.936628,30871.83141282,358,329,12,3,0.0096833,convex_mesh_per_channel
1544,4,711545,10,8,10,0,1500,4,0,0.3571321412764,0,10,7796.02672,779.602672,28420.13360667,341,315,14,3,0.0022234,convex_mesh_per_channel
1544,4,711545,10,8,10,0,1500,4,0,0.3571321412764,5,10,7562.619288,756.2619288,28278.09645688,306,279,16,3,0.0123874,convex_mesh_per_channel
1545,4,711546,10,8,10,0,1000,0,1,0.8182916741865,0,10,8603.425546,860.3425546,32282.12775794,346,319,16,3,0.0023133,convex_mesh_per_channel
1545,4,711546,10,8,10,0,1000,0,1,0.8182916741865,5,10,8747.653374,874.7653374,32288.26690515,362,340,30,4,0.0080025,convex_mesh_per_channel
1546,4,711547,10,8,10,0,1250,1,0,0.5738682498881,0,10,7049.632182,704.9632182,24778.16091222,342,313,7,2,0.0031441,convex_mesh_per_channel
1546,4,711547,10,8,10,0,1250,1,0,0.5738682498881,5,10,6796.076498,679.6076498,24470.38248854,310,269,11,3,0.0144765,convex_mesh_per_channel
1547,4,711548,10,8,10,0,1500,2,1,0.724251687222,0,10,7658.72798,765.872798,27118.63990197,363,337,11,1,0.002265,convex_mesh_per_channel
1547,4,711548,10,8,10,0,1500,2,1,0.724251687222,5,10,7847.031653,784.7031653,28500.15826139,348,318,13,1,0.0100926,convex_mesh_per_channel
1548,4,711549,10,8,10,0,1000,3,0,0.6548264238649,0,10,7439.369883,743.9369883,27136.84943401,325,301,12,1,0.0027651,convex_mesh_per_channel
1548,4,711549,10,8,10,0,1000,3,0,0.6548264238649,5,10,7914.060803,791.4060803,29070.30402955,334,308,24,3,0.0090019,convex_mesh_per_channel
1549,4,711550,10,8,10,0,1250,4,1,0.9409239044895,0,10,7652.924609,765.2924609,28944.62305272,303,278,7,1,0.0029034,convex_mesh_per_channel
1549,4,711550,10,8,10,0,1250,4,1,0.9409239044895,5,10,8189.23577,818.923577,30251.17885733,350,321,6,1,0.0087853,convex_mesh_per_channel
1550,4,711551,10,8,10,0,1500,0,0,0.8162865800782,0,10,7009.470639,700.9470639,26022.35320166,297,270,0,1,0.0032615,convex_mesh_per_channel
1550,4,711551,10,8,10,0,1500,0,0,0.8162865800782,5,10,6697.980635,669.7980635,23999.90319361,310,286,4,1,0.0108053,convex_mesh_per_channel
1551,4,711552,10,8,10,0,1000,1,1,0.6248477347015,0,10,8338.490304,833.8490304,30622.45153533,354,328,22,2,0.0021847,convex_mesh_per_channel
1551,4,711552,10,8,10,0,1000,1,1,0.6248477347015,5,10,8076.700537,807.6700537,29068.50270075,362,337,22,2,0.008926,convex_mesh_per_channel
1552,4,711553,10,8,10,0,1250,2,0,0.3898151879791,0,10,6651.68662,665.168662,24648.43310505,282,262,0,0,0.0033277,convex_mesh_per_channel
1552,4,711553,10,8,10,0,1250,2,0,0.3898151879791,5,10,6509.18123,650.918123,23420.9061523,300,269,2,1,0.015977,convex_mesh_per_channel
1553,4,711554,10,8,10,0,1500,3,1,0.4739856730863,0,10,8532.980444,853.2980444,31559.90227613,350,325,32,4,0.0022389,convex_mesh_per_channel
1553,4,711554,10,8,10,0,1500,3,1,0.4739856730863,5,10,7836.656889,783.6656889,28303.28448048,349,327,18,3,0.0080095,convex_mesh_per_channel
1554,4,711555,10,8,10,0,1000,4,0,0.1550296421768,0,10,6655.293826,665.5293826,24031.46913037,303,284,0,0,0.0041861,convex_mesh_per_channel
1554,4,711555,10,8,10,0,1000,4,0,0.1550296421768,5,10,7560.688984,756.0688984,26218.44493187,370,336,27,2,0.0072271,convex_mesh_per_channel
1555,4,711556,10,8,10,0,1250,0,1,0.4633416239916,0,10,7401.851068,740.1851068,26739.25533865,332,314,10,2,0.0023415,convex_mesh_per_channel
1555,4,711556,10,8,10,0,1250,0,1,0.4633416239916,5,10,8237.44692,823.744692,29997.23459571,358,338,20,3,0.0079107,convex_mesh_per_channel
1556,4,711557,10,8,10,0,1500,1,0,0.4359113431681,0,10,6766.340977,676.6340977,24476.70489451,306,276,5,2,0.0033211,convex_mesh_per_channel
1556,4,711557,10,8,10,0,1500,1,0,0.4359113431681,5,10,6820.304765,682.0304765,24736.52383203,306,278,5,1,0.0119955,convex_mesh_per_channel
1557,4,711558,10,8,10,0,1000,2,1,0.6439242517206,0,10,9029.341274,902.9341274,33546.70638308,372,344,22,4,0.0020463,convex_mesh_per_channel
1557,4,711558,10,8,10,0,1000,2,1,0.6439242517206,5,10,8775.284309,877.5284309,32436.42155364,367,337,22,4,0.0083135,convex_mesh_per_channel
1558,4,711559,10,8,10,0,1250,3,0,0.4316569004327,0,10,7813.743269,781.3743269,28273.71635028,350,311,16,4,0.0023597,convex_mesh_per_channel
1558,4,711559,10,8,10,0,1250,3,0,0.4316569004327,5,10,6981.305734,698.1305734,25001.52869078,314,283,26,4,0.0131478,convex_mesh_per_channel
1559,4,711560,10,8,10,0,1500,4,1,0.5439485634786,0,10,8655.691183,865.5691183,32323.45592204,348,320,27,5,0.0022649,convex_mesh_per_channel
1559,4,711560,10,8,10,0,1500,4,1,0.5439485634786,5,10,7966.334784,796.6334784,29076.67393186,349,323,11,4,0.0076253,convex_mesh_per_channel
1560,4,711561,10,8,10,1,1000,0,0,3.975216840894e-05,0,10,8359.553758,835.9553758,30802.76880724,326,303,72,3,0.0027547,convex_mesh_per_channel
1560,4,711561,10,8,10,1,1000,0,0,3.975216840894e-05,5,10,8078.786563,807.8786563,29228.932835,332,307,72,3,0.0114721,convex_mesh_per_channel
1561,4,711562,10,8,10,1,1250,1,1,0.0001149767248982,0,10,8212.811656,821.2811656,30424.05832287,343,300,21,1,0.0025697,convex_mesh_per_channel
1561,4,711562,10,8,10,1,1250,1,1,0.0001149767248982,5,10,7718.041125,771.8041125,27180.20563007,373,331,12,0,0.0089159,convex_mesh_per_channel
1562,4,711563,10,8,10,1,1500,2,0,0.0001124957988222,0,10,8080.967473,808.0967473,30084.83737678,332,300,18,3,0.0031369,convex_mesh_per_channel
1562,4,711563,10,8,10,1,1500,2,0,0.0001124957988222,5,10,7688.373973,768.8373973,28291.86986511,331,295,10,2,0.0120198,convex_mesh_per_channel
1563,4,711564,10,8,10,1,1000,3,1,6.74113691006e-05,0,10,7461.097152,746.1097152,27680.48576233,316,295,0,0,0.0028399,convex_mesh_per_channel
1563,4,711564,10,8,10,1,1000,3,1,6.74113691006e-05,5,10,7546.414325,754.6414325,27227.07162142,346,321,0,0,0.0077383,convex_mesh_per_channel
1564,4,711565,10,8,10,1,1250,4,0,2.204771407537e-05,0,10,7054.483852,705.4483852,26307.41927112,293,272,2,1,0.0035928,convex_mesh_per_channel
1564,4,711565,10,8,10,1,1250,4,0,2.204771407537e-05,5,10,7052.619142,705.2619142,26418.09572959,289,262,4,1,0.0206528,convex_mesh_per_channel
1565,4,711566,10,8,10,1,1500,0,1,1.356810652169e-05,0,10,9262.632247,926.2632247,35223.16123497,339,311,54,8,0.0029354,convex_mesh_per_channel
1565,4,711566,10,8,10,1,1500,0,1,1.356810652169e-05,5,10,9503.838638,950.3838638,36164.19318713,348,319,54,8,0.0104055,convex_mesh_per_channel
1566,4,711567,10,8,10,1,1000,1,0,7.847207393762e-05,0,10,7691.889174,769.1889174,28029.44586267,339,311,10,2,0.0024412,convex_mesh_per_channel
1566,4,711567,10,8,10,1,1000,1,0,7.847207393762e-05,5,10,6696.249364,669.6249364,23911.2468313,314,288,2,0,0.0140766,convex_mesh_per_channel
1567,4,711568,10,8,10,1,1250,2,1,8.227735352489e-05,0,10,7685.75118,768.575118,29433.75588781,294,261,6,0,0.0044713,convex_mesh_per_channel
1567,4,711568,10,8,10,1,1250,2,1,8.227735352489e-05,5,10,7714.73651,771.473651,27418.68254703,365,335,7,0,0.0088146,convex_mesh_per_channel
1568,4,711569,10,8,10,1,1500,3,0,5.936508559977e-05,0,10,7956.666393,795.6666393,31233.3319656,278,246,8,3,0.004412,convex_mesh_per_channel
1568,4,711569,10,8,10,1,1500,3,0,5.936508559977e-05,5,10,7512.538682,751.2538682,28732.69342614,289,253,6,3,0.020686,convex_mesh_per_channel
1569,4,711570,10,8,10,1,1000,4,1,8.614391354085e-05,0,10,9316.755721,931.6755721,34733.77856423,362,333,59,5,0.0020479,convex_mesh_per_channel
1569,4,711570,10,8,10,1,1000,4,1,8.614391354085e-05,5,10,7592.902192,759.2902192,26999.51097226,360,337,2,0,0.0067248,convex_mesh_per_channel
1570,4,711571,10,8,10,1,1250,0,0,8.143818819685e-05,0,10,7846.789401,784.6789401,29908.94702628,298,271,18,2,0.0029365,convex_mesh_per_channel
1570,4,711571,10,8,10,1,1250,0,0,8.143818819685e-05,5,10,7911.872706,791.1872706,29024.3635504,338,313,18,2,0.0110592,convex_mesh_per_channel
1571,4,711572,10,8,10,1,1500,1,1,5.466256284636e-05,0,10,9344.606183,934.4606183,35998.03091446,336,307,36,8,0.0026878,convex_mesh_per_channel
1571,4,711572,10,8,10,1,1500,1,1,5.466256284636e-05,5,10,9429.935149,942.9935149,35309.6757557,373,345,36,8,0.0075999,convex_mesh_per_channel
1572,4,711573,10,8,10,1,1000,2,0,6.510319604452e-05,0,10,7483.003919,748.3003919,27880.01960382,308,284,11,1,0.0031767,convex_mesh_per_channel
1572,4,711573,10,8,10,1,1000,2,0,6.510319604452e-05,5,10,6566.739248,656.6739248,23933.69625039,291,269,2,0,0.0151959,convex_mesh_per_channel
1573,4,711574,10,8,10,1,1250,3,1,5.241621036638e-05,0,10,6935.849473,693.5849473,25854.2473797,289,270,0,0,0.0036505,convex_mesh_per_channel
1573,4,711574,10,8,10,1,1250,3,1,5.241621036638e-05,5,10,6945.053011,694.5053011,24160.26506997,348,323,0,0,0.0099433,convex_mesh_per_channel
1574,4,711575,10,8,10,1,1500,4,0,5.125658458095e-05,0,10,8451.69749,845.169749,32238.48746979,320,273,27,4,0.0038935,convex_mesh_per_channel
1574,4,711575,10,8,10,1,1500,4,0,5.125658458095e-05,5,10,7761.368278,776.1368278,28946.84139969,318,275,19,3,0.0153954,convex_mesh_per_channel
1575,4,711576,10,8,10,1,1000,0,1,3.826662079319e-05,0,10,6702.86017,670.286017,23909.30086066,315,296,0,0,0.0029955,convex_mesh_per_channel
1575,4,711576,10,8,10,1,1000,0,1,3.826662079319e-05,5,10,6673.885248,667.3885248,24149.42623967,303,279,0,0,0.0140076,convex_mesh_per_channel
1576,4,711577,10,8,10,1,1250,1,0,6.176194282302e-05,0,10,7571.860101,757.1860101,28069.30047893,314,287,17,2,0.0032927,convex_mesh_per_channel
1576,4,711577,10,8,10,1,1250,1,0,6.176194282302e-05,5,10,7133.815611,713.3815611,25704.0780282,318,287,22,2,0.0152641,convex_mesh_per_channel
1577,4,711578,10,8,10,1,1500,2,1,6.777002886559e-05,0,10,7618.186748,761.8186748,27450.93374258,348,320,6,0,0.0022159,convex_mesh_per_channel
1577,4,711578,10,8,10,1,1500,2,1,6.777002886559e-05,5,10,7650.151792,765.0151792,27565.75896249,350,319,6,0,0.0082309,convex_mesh_per_channel
1578,4,711579,10,8,10,1,1000,3,0,2.33283171811e-05,0,10,7375.745999,737.5745999,27003.72999052,315,296,18,2,0.0024235,convex_mesh_per_channel
1578,4,711579,10,8,10,1,1000,3,0,2.33283171811e-05,5,10,7628.223009,762.8223009,27816.1150412,331,306,18,2,0.0114986,convex_mesh_per_channel
1579,4,711580,10,8,10,1,1250,4,1,1.778778357614e-05,0,10,9409.305843,940.9305843,36111.52921441,334,308,53,8,0.0021408,convex_mesh_per_channel
1579,4,711580,10,8,10,1,1250,4,1,1.778778357614e-05,5,10,8996.743724,899.6743724,33653.71859911,352,324,44,7,0.0077212,convex_mesh_per_channel
1580,4,711581,10,8,10,1,1500,0,0,0.0001606579788918,0,10,8128.491274,812.8491274,30547.4563649,294,268,77,2,0.0035005,convex_mesh_per_channel
1580,4,711581,10,8,10,1,1500,0,0,0.0001606579788918,5,10,8640.455534,864.0455534,32042.27768341,305,270,129,4,0.0148954,convex_mesh_per_channel
1581,4,711582,10,8,10,1,1000,1,1,7.122921986515e-05,0,10,8805.33869,880.533869,32266.69347549,368,342,40,5,0.001875,convex_mesh_per_channel
1581,4,711582,10,8,10,1,1000,1,1,7.122921986515e-05,5,10,8307.028653,830.7028653,29965.14328655,372,344,20,3,0.0083955,convex_mesh_per_channel
1582,4,711583,10,8,10,1,1250,2,0,7.123864207647e-05,0,10,8032.434811,803.2434811,30247.17409755,313,287,27,3,0.002655,convex_mesh_per_channel
1582,4,711583,10,8,10,1,1250,2,0,7.123864207647e-05,5,10,7406.4373,740.64373,27272.18653842,313,286,17,2,0.0136716,convex_mesh_per_channel
1583,4,711584,10,8,10,1,1500,3,1,6.742007746306e-05,0,10,9162.118235,916.2118235,35370.59119052,321,295,46,8,0.0025947,convex_mesh_per_channel
1583,4,711584,10,8,10,1,1500,3,1,6.742007746306e-05,5,10,8862.764566,886.2764566,32553.82284172,374,348,28,6,0.0077131,convex_mesh_per_channel
1584,4,711585,10,8,10,1,1000,4,0,5.546849452026e-05,0,10,7430.231133,743.0231133,27271.15565534,297,273,56,2,0.0029744,convex_mesh_per_channel
1584,4,711585,10,8,10,1,1000,4,0,5.546849452026e-05,5,10,7831.516918,783.1516918,28907.58457587,309,287,56,2,0.0105723,convex_mesh_per_channel
1585,4,711586,10,8,10,1,1250,0,1,5.851346470961e-05,0,10,8914.365641,891.4365641,34431.8282153,308,282,52,7,0.0032937,convex_mesh_per_channel
1585,4,711586,10,8,10,1,1250,0,1,5.851346470961e-05,5,10,7868.296246,786.8296246,28696.48124116,339,312,24,4,0.0112478,convex_mesh_per_channel
1586,4,711587,10,8,10,1,1500,1,0,3.227871967464e-05,0,10,8386.338995,838.6338995,31481.69499674,328,295,35,4,0.0033,convex_mesh_per_channel
1586,4,711587,10,8,10,1,1500,1,0,3.227871967464e-05,5,10,8154.669785,815.4669785,30338.34896085,334,295,24,3,0.0142313,convex_mesh_per_channel
1587,4,711588,10,8,10,1,1000,2,1,0.0001104609261236,0,10,6965.615417,696.5615417,25028.07709239,322,300,0,0,0.0023376,convex_mesh_per_channel
1587,4,711588,10,8,10,1,1000,2,1,0.0001104609261236,5,10,7252.581794,725.2581794,25057.90897644,369,343,1,0,0.0087131,convex_mesh_per_channel
1588,4,711589,10,8,10,1,1250,3,0,3.694979890036e-05,0,10,7409.369985,740.9369985,27556.84993174,309,279,8,2,0.0027409,convex_mesh_per_channel
1588,4,711589,10,8,10,1,1250,3,0,3.694979890036e-05,5,10,7084.167544,708.4167544,25985.83771319,307,284,6,1,0.013438,convex_mesh_per_channel
1589,4,711590,10,8,10,1,1500,4,1,5.544933308952e-05,0,10,6788.373782,678.8373782,25281.86891872,283,258,3,0,0.0041698,convex_mesh_per_channel
1589,4,711590,10,8,10,1,1500,4,1,5.544933308952e-05,5,10,7227.008996,722.7008996,25925.04498811,334,298,8,0,0.0097737,convex_mesh_per_channel
1590,4,711591,10,8,10,2,1000,0,0,0.03287101022322,0,10,7598.914647,759.8914647,28424.57324145,314,288,2,0,0.0026947,convex_mesh_per_channel
1590,4,711591,10,8,10,2,1000,0,0,0.03287101022322,5,10,6857.213129,685.7213129,24741.06564173,314,283,2,0,0.0134328,convex_mesh_per_channel
1591,4,711592,10,8,10,2,1250,1,1,0.06067458244951,0,10,7775.655986,777.5655986,28928.27993298,325,288,9,0,0.0028449,convex_mesh_per_channel
1591,4,711592,10,8,10,2,1250,1,1,0.06067458244951,5,10,7864.296655,786.4296655,29296.48327766,322,288,19,2,0.0104027,convex_mesh_per_channel
1592,4,711593,10,8,10,2,1500,2,0,0.1295384627382,0,10,6993.978249,699.3978249,26004.89124971,275,245,41,2,0.0044271,convex_mesh_per_channel
1592,4,711593,10,8,10,2,1500,2,0,0.1295384627382,5,10,6625.175422,662.5175422,24350.87711436,274,245,30,1,0.020016,convex_mesh_per_channel
1593,4,711594,10,8,10,2,1000,3,1,0.06982739055687,0,10,7644.945497,764.4945497,28809.7274983,307,280,6,1,0.00349,convex_mesh_per_channel
1593,4,711594,10,8,10,2,1000,3,1,0.06982739055687,5,10,7619.781418,761.9781418,27198.90709781,357,327,6,1,0.008509,convex_mesh_per_channel
1594,4,711595,10,8,10,2,1250,4,0,0.05136019194961,0,10,7366.549958,736.6549958,26797.74985491,317,291,27,1,0.0025539,convex_mesh_per_channel
1594,4,711595,10,8,10,2,1250,4,0,0.05136019194961,5,10,7490.659025,749.0659025,27028.29520397,321,292,46,2,0.0099232,convex_mesh_per_channel
1595,4,711596,10,8,10,2,1500,0,1,0.08455712702249,0,10,7225.231352,722.5231352,25506.15676918,349,323,2,0,0.0022305,convex_mesh_per_channel
1595,4,711596,10,8,10,2,1500,0,1,0.08455712702249,5,10,7541.958017,754.1958017,27039.79008969,351,323,2,0,0.0088885,convex_mesh_per_channel
1596,4,711597,10,8,10,2,1000,1,0,0.1192216459357,0,10,7841.177449,784.1177449,28250.88724678,355,327,13,2,0.0023367,convex_mesh_per_channel
1596,4,711597,10,8,10,2,1000,1,0,0.1192216459357,5,10,7627.854018,762.7854018,27304.27010707,352,327,10,2,0.0109489,convex_mesh_per_channel
1597,4,711598,10,8,10,2,1250,2,1,0.07842687718709,0,10,7430.557104,743.0557104,26632.78553651,341,316,11,1,0.0021598,convex_mesh_per_channel
1597,4,711598,10,8,10,2,1250,2,1,0.07842687718709,5,10,7546.567289,754.6567289,26932.83646878,351,316,13,1,0.0109195,convex_mesh_per_channel
1598,4,711599,10,8,10,2,1500,3,0,0.09602528082189,0,10,7089.637059,708.9637059,26938.18529727,281,247,0,1,0.0047879,convex_mesh_per_channel
1598,4,711599,10,8,10,2,1500,3,0,0.09602528082189,5,10,7194.277181,719.4277181,26151.38596061,311,275,28,2,0.018173,convex_mesh_per_channel
1599,4,711600,10,8,10,2,1000,4,1,0.06767308806391,0,10,7690.008521,769.0008521,29505.04262122,288,251,16,1,0.0041907,convex_mesh_per_channel
1599,4,711600,10,8,10,2,1000,4,1,0.06767308806391,5,10,7828.072058,782.8072058,28180.3603134,356,323,13,1,0.0092225,convex_mesh_per_channel
1600,4,711601,10,8,10,2,1250,0,0,0.5810927800452,0,10,7609.649156,760.9649156,29413.24580134,263,236,42,2,0.0042486,convex_mesh_per_channel
1600,4,711601,10,8,10,2,1250,0,0,0.5810927800452,5,10,6717.612074,671.7612074,25273.06036616,269,244,8,1,0.0221876,convex_mesh_per_channel
1601,4,711602,10,8,10,2,1500,1,1,0.08933292544953,0,10,7482.239692,748.2239692,29176.19845929,267,229,11,1,0.0047523,convex_mesh_per_channel
1601,4,711602,10,8,10,2,1500,1,1,0.08933292544953,5,10,7623.595275,762.3595275,25957.97636927,398,365,9,1,0.0079672,convex_mesh_per_channel
1602,4,711603,10,8,10,2,1000,2,0,0.0238417856717,0,10,6726.935367,672.6935367,24804.67684004,290,266,0,0,0.0043485,convex_mesh_per_channel
1602,4,711603,10,8,10,2,1000,2,0,0.0238417856717,5,10,6552.502135,655.2502135,23907.51068218,291,266,0,0,0.0227966,convex_mesh_per_channel
1603,4,711604,10,8,10,2,1250,3,1,0.1000348013326,0,10,8087.435146,808.7435146,30882.17574411,309,280,12,3,0.0035753,convex_mesh_per_channel
1603,4,711604,10,8,10,2,1250,3,1,0.1000348013326,5,10,7785.935848,778.5935848,26754.67926346,397,370,10,2,0.0068075,convex_mesh_per_channel
1604,4,711605,10,8,10,2,1500,4,0,0.04500887734474,0,10,6715.306786,671.5306786,24821.5339556,275,257,23,1,0.0042839,convex_mesh_per_channel
1604,4,711605,10,8,10,2,1500,4,0,0.04500887734474,5,10,6619.967648,661.9967648,24079.83826539,284,262,24,1,0.0182758,convex_mesh_per_channel
1605,4,711606,10,8,10,2,1000,0,1,0.1477166667217,0,10,8546.177228,854.6177228,30700.88616952,377,348,41,5,0.0020017,convex_mesh_per_channel
1605,4,711606,10,8,10,2,1000,0,1,0.1477166667217,5,10,8030.297283,803.0297283,28381.48643723,375,348,27,4,0.008163,convex_mesh_per_channel
1606,4,711607,10,8,10,2,1250,1,0,0.01996923326636,0,10,7540.032846,754.0032846,27140.16424219,339,298,23,4,0.0031597,convex_mesh_per_channel
1606,4,711607,10,8,10,2,1250,1,0,0.01996923326636,5,10,7547.688433,754.7688433,26903.44218543,350,298,23,4,0.0135697,convex_mesh_per_channel
1607,4,711608,10,8,10,2,1500,2,1,0.07157058111702,0,10,8918.317837,891.8317837,32826.58920181,375,347,27,7,0.0020377,convex_mesh_per_channel
1607,4,711608,10,8,10,2,1500,2,1,0.07157058111702,5,10,8470.798381,847.0798381,30648.99191796,375,347,23,6,0.0082713,convex_mesh_per_channel
1608,4,711609,10,8,10,2,1000,3,0,0.1211737373389,0,10,8342.953463,834.2953463,32224.76732442,289,265,46,5,0.0033803,convex_mesh_per_channel
1608,4,711609,10,8,10,2,1000,3,0,0.1211737373389,5,10,7610.905328,761.0905328,26959.52663743,358,331,16,2,0.010447,convex_mesh_per_channel
1609,4,711610,10,8,10,2,1250,4,1,0.01511517493543,0,10,7542.745178,754.2745178,29508.72590981,259,230,22,2,0.0056398,convex_mesh_per_channel
1609,4,711610,10,8,10,2,1250,4,1,0.01511517493543,5,10,7313.379104,731.3379104,27026.89551047,310,287,7,1,0.0112907,convex_mesh_per_channel
1610,4,711611,10,8,10,2,1500,0,0,0.0360028278046,0,10,8060.632884,806.0632884,28673.16444656,377,337,18,4,0.0022289,convex_mesh_per_channel
1610,4,711611,10,8,10,2,1500,0,0,0.0360028278046,5,10,8161.955407,816.1955407,29099.77704675,382,340,14,4,0.0080012,convex_mesh_per_channel
1611,4,711612,10,8,10,2,1000,1,1,0.03545825238933,0,10,7193.70743,719.370743,27683.53714547,268,231,12,2,0.0053686,convex_mesh_per_channel
1611,4,711612,10,8,10,2,1000,1,1,0.03545825238933,5,10,7716.421026,771.6421026,28632.10513016,325,294,7,1,0.0112101,convex_mesh_per_channel
1612,4,711613,10,8,10,2,1250,2,0,0.08173198065301,0,10,7667.045449,766.7045449,28460.22725452,313,288,24,2,0.0030186,convex_mesh_per_channel
1612,4,711613,10,8,10,2,1250,2,0,0.08173198065301,5,10,7003.453769,700.3453769,25147.26885039,316,293,17,1,0.0108304,convex_mesh_per_channel
1613,4,711614,10,8,10,2,1500,3,1,0.04745493681578,0,10,8465.04914,846.504914,30270.24570148,397,367,3,1,0.0018957,convex_mesh_per_channel
1613,4,711614,10,8,10,2,1500,3,1,0.04745493681578,5,10,6929.81472,692.981472,25319.07359659,306,280,2,1,0.0108761,convex_mesh_per_channel
1614,4,711615,10,8,10,2,1000,4,0,0.1350851237343,0,10,7772.276814,777.2276814,27306.38411227,372,344,19,1,0.0021946,convex_mesh_per_channel
1614,4,711615,10,8,10,2,1000,4,0,0.1350851237343,5,10,7161.751153,716.1751153,24383.75577322,374,344,7,1,0.0089159,convex_mesh_per_channel
1615,4,711616,10,8,10,2,1250,0,1,0.1562946296169,0,10,6487.796398,648.7796398,24708.98199647,253,231,0,0,0.0054715,convex_mesh_per_channel
1615,4,711616,10,8,10,2,1250,0,1,0.1562946296169,5,10,6831.010265,683.1010265,24695.05132513,311,287,0,0,0.0112541,convex_mesh_per_channel
1616,4,711617,10,8,10,2,1500,1,0,0.04074622691605,0,10,6565.790969,656.5790969,25058.95484005,253,227,4,1,0.0056403,convex_mesh_per_channel
1616,4,711617,10,8,10,2,1500,1,0,0.04074622691605,5,10,6654.863231,665.4863231,24009.31615561,304,274,3,1,0.0189074,convex_mesh_per_channel
1617,4,711618,10,8,10,2,1000,2,1,0.05377902455171,0,10,8391.565416,839.1565416,33727.82708586,262,229,19,5,0.0060211,convex_mesh_per_channel
1617,4,711618,10,8,10,2,1000,2,1,0.05377902455171,5,10,8111.870654,811.1870654,29874.35329656,346,315,14,4,0.0120779,convex_mesh_per_channel
1618,4,711619,10,8,10,2,1250,3,0,0.04778733592857,0,10,7171.929892,717.1929892,26339.64947242,301,277,24,2,0.0036778,convex_mesh_per_channel
1618,4,711619,10,8,10,2,1250,3,0,0.04778733592857,5,10,6381.342622,638.1342622,22341.71312913,310,289,8,1,0.0112597,convex_mesh_per_channel
1619,4,711620,10,8,10,2,1500,4,1,0.05626292065625,0,10,8418.147162,841.8147162,30380.73581707,380,347,15,3,0.0021376,convex_mesh_per_channel
1619,4,711620,10,8,10,2,1500,4,1,0.05626292065625,5,10,8354.984887,835.4984887,29989.92444937,383,347,15,3,0.0091358,convex_mesh_per_channel
1620,4,711621,13,3,0,0,1000,0,0,0.1486928712685,0,13,6457.085449,496.6988806923,25850.42726122,206,189,1,0,0.0063004,convex_mesh_per_channel
1620,4,711621,13,3,0,0,1000,0,0,0.1486928712685,5,13,5816.818476,447.4475750769,21824.09238625,233,219,1,0,0.0225811,convex_mesh_per_channel
1621,4,711622,13,3,0,0,1250,1,1,0.3937606635461,0,13,6320.993325,486.2302557692,25089.96663145,208,177,7,1,0.0091828,convex_mesh_per_channel
1621,4,711622,13,3,0,0,1250,1,1,0.3937606635461,5,13,6139.062452,472.2355732308,24325.31225798,203,182,4,0,0.0257529,convex_mesh_per_channel
1622,4,711623,13,3,0,0,1500,2,0,0.9442068339729,0,13,6707.154808,515.9349852308,26935.77404699,211,182,6,0,0.0110845,convex_mesh_per_channel
1622,4,711623,13,3,0,0,1500,2,0,0.9442068339729,5,13,6521.790547,501.6761959231,26088.95276135,209,182,4,0,0.0371697,convex_mesh_per_channel
1623,4,711624,13,3,0,0,1000,3,1,0.5569989033756,0,13,6717.736898,516.7489921538,25678.68450584,255,242,0,0,0.0042086,convex_mesh_per_channel
1623,4,711624,13,3,0,0,1000,3,1,0.5569989033756,5,13,6191.168261,476.2437123846,22915.84130116,260,243,0,0,0.016405,convex_mesh_per_channel
1624,4,711625,13,3,0,0,1250,4,0,0.552729219138,0,13,7433.731091,571.8254685385,29243.65540659,211,186,93,2,0.0083381,convex_mesh_per_channel
1624,4,711625,13,3,0,0,1250,4,0,0.552729219138,5,13,7162.887056,550.991312,27709.43522609,216,194,94,1,0.0261767,convex_mesh_per_channel
1625,4,711626,13,3,0,0,1500,0,1,0.7009858015806,0,13,6826.93686,525.1489892308,26929.6842837,221,193,26,2,0.0094622,convex_mesh_per_channel
1625,4,711626,13,3,0,0,1500,0,1,0.7009858015806,5,13,6575.099991,505.7769223846,25610.4999456,222,200,26,2,0.0255318,convex_mesh_per_channel
1626,4,711627,13,3,0,0,1000,1,0,0.2459383054713,0,13,6484.906507,498.8389620769,25134.53253896,234,214,3,0,0.0061989,convex_mesh_per_channel
1626,4,711627,13,3,0,0,1000,1,0,0.2459383054713,5,13,5701.294518,438.5611167692,20576.4725915,255,237,3,0,0.0167684,convex_mesh_per_channel
1627,4,711628,13,3,0,0,1250,2,1,0.7541142249591,0,13,6046.030103,465.0792386923,22550.15050962,246,229,4,0,0.0049794,convex_mesh_per_channel
1627,4,711628,13,3,0,0,1250,2,1,0.7541142249591,5,13,5957.241394,458.249338,22226.20696999,242,225,4,0,0.0170313,convex_mesh_per_channel
1628,4,711629,13,3,0,0,1500,3,0,0.2725923053957,0,13,6692.829999,514.8330768462,26729.15000039,213,178,13,2,0.0082195,convex_mesh_per_channel
1628,4,711629,13,3,0,0,1500,3,0,0.2725923053957,5,13,6193.019741,476.3861339231,24625.09870489,203,179,3,0,0.0353528,convex_mesh_per_channel
1629,4,711630,13,3,0,0,1000,4,1,0.7867276849219,0,13,6272.157112,482.473624,23325.78556795,260,233,3,0,0.005451,convex_mesh_per_channel
1629,4,711630,13,3,0,0,1000,4,1,0.7867276849219,5,13,6415.719052,493.5168501538,25158.59527413,214,195,18,2,0.0298135,convex_mesh_per_channel
1630,4,711631,13,3,0,0,1250,0,0,0.4421571227252,0,13,6331.599914,487.0461472308,24262.99955604,225,211,26,1,0.0064984,convex_mesh_per_channel
1630,4,711631,13,3,0,0,1250,0,0,0.4421571227252,5,13,6167.61527,474.4319438462,23423.07633779,225,215,26,1,0.0223089,convex_mesh_per_channel
1631,4,711632,13,3,0,0,1500,1,1,0.6813796597527,0,13,6886.38813,529.7221638462,27446.94064156,216,189,21,3,0.0078782,convex_mesh_per_channel
1631,4,711632,13,3,0,0,1500,1,1,0.6813796597527,5,13,7339.112738,564.5471336923,28605.56362345,217,192,92,2,0.0292946,convex_mesh_per_channel
1632,4,711633,13,3,0,0,1000,2,0,0.7259159443964,0,13,7012.088416,539.3914166154,26995.4421479,240,216,44,2,0.005581,convex_mesh_per_channel
1632,4,711633,13,3,0,0,1000,2,0,0.7259159443964,5,13,6730.952736,517.7655950769,25229.76372387,252,231,43,1,0.0156324,convex_mesh_per_channel
1633,4,711634,13,3,0,0,1250,3,1,0.9571118411341,0,13,5932.905403,456.3773386923,22839.52702822,219,205,0,0,0.0063688,convex_mesh_per_channel
1633,4,711634,13,3,0,0,1250,3,1,0.9571118411341,5,13,6292.116548,484.0089652308,24585.58273852,221,205,0,0,0.0242981,convex_mesh_per_channel
1634,4,711635,13,3,0,0,1500,4,0,0.3769363207719,0,13,6488.983666,499.1525896923,25074.91834308,232,201,16,2,0.0082113,convex_mesh_per_channel
1634,4,711635,13,3,0,0,1500,4,0,0.3769363207719,5,13,6048.030037,465.2330797692,23605.15019472,207,179,16,1,0.0334662,convex_mesh_per_channel
1635,4,711636,13,3,0,0,1000,0,1,0.4494606696857,0,13,6464.06374,497.2356723077,23760.3187078,278,257,0,0,0.0040005,convex_mesh_per_channel
1635,4,711636,13,3,0,0,1000,0,1,0.4494606696857,5,13,6479.768135,498.4437026923,25018.8406938,228,217,18,1,0.0171854,convex_mesh_per_channel
1636,4,711637,13,3,0,0,1250,1,0,0.7099558435467,0,13,6369.932889,489.9948376154,25794.66444517,192,171,5,0,0.0107771,convex_mesh_per_channel
1636,4,711637,13,3,0,0,1250,1,0,0.7099558435467,5,13,5949.237254,457.6336349231,23241.18628098,208,187,3,1,0.0356698,convex_mesh_per_channel
1637,4,711638,13,3,0,0,1500,2,1,0.6581351668661,0,13,6745.297422,518.8690324615,26946.4871449,207,181,25,1,0.0087169,convex_mesh_per_channel
1637,4,711638,13,3,0,0,1500,2,1,0.6581351668661,5,13,6488.735163,499.1334740769,25183.67581474,233,210,4,0,0.022142,convex_mesh_per_channel
1638,4,711639,13,3,0,0,1000,3,0,0.4810534778006,0,13,7515.010845,578.0777573077,28750.05430694,243,227,86,2,0.0053101,convex_mesh_per_channel
1638,4,711639,13,3,0,0,1000,3,0,0.4810534778006,5,13,7566.566277,582.0435597692,28897.83146229,247,229,86,2,0.0198261,convex_mesh_per_channel
1639,4,711640,13,3,0,0,1250,4,1,0.534196953551,0,13,6192.285771,476.3296746923,24476.42885473,206,178,8,2,0.0081055,convex_mesh_per_channel
1639,4,711640,13,3,0,0,1250,4,1,0.534196953551,5,13,6043.008994,464.8468456923,23925.04497419,200,181,4,1,0.0293008,convex_mesh_per_channel
1640,4,711641,13,3,0,0,1500,0,0,0.4372840516143,0,13,6434.771586,494.9824296923,25443.85793861,217,184,4,2,0.0080329,convex_mesh_per_channel
1640,4,711641,13,3,0,0,1500,0,0,0.4372840516143,5,13,6176.913184,475.147168,24759.56591482,198,170,0,0,0.0397552,convex_mesh_per_channel
1641,4,711642,13,3,0,0,1000,1,1,0.2162772058597,0,13,6812.364026,524.028002,24696.82014539,303,281,4,1,0.0036866,convex_mesh_per_channel
1641,4,711642,13,3,0,0,1000,1,1,0.2162772058597,5,13,6242.26331,480.1741007692,22421.31654791,284,267,2,0,0.0165535,convex_mesh_per_channel
1642,4,711643,13,3,0,0,1250,2,0,0.4665199897218,0,13,5824.270786,448.0208296923,22576.35393875,209,190,3,0,0.0099447,convex_mesh_per_channel
1642,4,711643,13,3,0,0,1250,2,0,0.4665199897218,5,13,5996.802213,461.2924779231,23829.01106593,196,171,5,0,0.0404634,convex_mesh_per_channel
1643,4,711644,13,3,0,0,1500,3,1,0.9195322277905,0,13,6690.955962,514.6889201538,26464.77981324,207,187,37,1,0.0091644,convex_mesh_per_channel
1643,4,711644,13,3,0,0,1500,3,1,0.9195322277905,5,13,6032.960191,464.0738608462,23994.80095199,198,179,0,0,0.0325484,convex_mesh_per_channel
1644,4,711645,13,3,0,0,1000,4,0,0.6345247727789,0,13,5704.41754,438.8013492308,21412.0877123,227,213,3,0,0.0063326,convex_mesh_per_channel
1644,4,711645,13,3,0,0,1000,4,0,0.6345247727789,5,13,6102.510897,469.4239151538,23247.55449752,233,214,3,1,0.0226384,convex_mesh_per_channel
1645,4,711646,13,3,0,0,1250,0,1,0.3005077921303,0,13,6041.312107,464.7163159231,23291.56053372,222,205,1,0,0.0066197,convex_mesh_per_channel
1645,4,711646,13,3,0,0,1250,0,1,0.3005077921303,5,13,5821.577989,447.8136914615,22102.88995452,225,211,0,0,0.025085,convex_mesh_per_channel
1646,4,711647,13,3,0,0,1500,1,0,0.4371769099933,0,13,6439.38189,495.3370684615,26046.90945591,196,167,6,1,0.0106272,convex_mesh_per_channel
1646,4,711647,13,3,0,0,1500,1,0,0.4371769099933,5,13,6596.600856,507.4308350769,26523.00428974,206,182,5,2,0.0349289,convex_mesh_per_channel
1647,4,711648,13,3,0,0,1000,2,1,0.7569955863249,0,13,6695.39045,515.0300346154,26241.9522587,232,210,4,0,0.0059837,convex_mesh_per_channel
1647,4,711648,13,3,0,0,1000,2,1,0.7569955863249,5,13,7069.183427,543.7833405385,26905.91713143,228,213,90,1,0.02472,convex_mesh_per_channel
1648,4,711649,13,3,0,0,1250,3,0,0.2926146491186,0,13,5706.053862,438.9272201538,21800.26930982,216,201,0,0,0.0080275,convex_mesh_per_channel
1648,4,711649,13,3,0,0,1250,3,0,0.2926146491186,5,13,5680.067159,436.928243,21955.33579825,207,189,0,0,0.0290294,convex_mesh_per_channel
1649,4,711650,13,3,0,0,1500,4,1,0.7819176330561,0,13,6589.004977,506.8465366923,26045.02488983,222,196,3,1,0.0084803,convex_mesh_per_channel
1649,4,711650,13,3,0,0,1500,4,1,0.7819176330561,5,13,6684.510539,514.1931183846,26357.55270533,226,200,6,1,0.0367924,convex_mesh_per_channel
1650,4,711651,13,3,0,1,1000,0,0,6.724739205832e-05,0,13,6641.54461,510.8880469231,26617.72305726,212,193,0,0,0.0069681,convex_mesh_per_channel
1650,4,711651,13,3,0,1,1000,0,0,6.724739205832e-05,5,13,6264.153949,481.8579960769,23720.76974214,245,230,0,0,0.017778,convex_mesh_per_channel
1651,4,711652,13,3,0,1,1250,1,1,6.291286395683e-05,0,13,7367.955451,566.7658039231,29674.7772189,220,190,26,1,0.0073974,convex_mesh_per_channel
1651,4,711652,13,3,0,1,1250,1,1,6.291286395683e-05,5,13,6396.943052,492.0725424615,25214.71527138,216,191,6,1,0.0337287,convex_mesh_per_channel
1652,4,711653,13,3,0,1,1500,2,0,0.0001715349754918,0,13,6230.015204,479.2319387692,24600.07602737,211,184,2,0,0.0069666,convex_mesh_per_channel
1652,4,711653,13,3,0,1,1500,2,0,0.0001715349754918,5,13,6457.767413,496.7513394615,25693.83709457,212,185,3,0,0.0413902,convex_mesh_per_channel
1653,4,711654,13,3,0,1,1000,3,1,7.228755933641e-05,0,13,7785.458037,598.8813874615,30302.29006751,221,201,118,2,0.0044498,convex_mesh_per_channel
1653,4,711654,13,3,0,1,1000,3,1,7.228755933641e-05,5,13,6798.079107,522.9291620769,26740.39553813,215,199,37,1,0.0427983,convex_mesh_per_channel
1654,4,711655,13,3,0,1,1250,4,0,4.814778004391e-05,0,13,6879.455696,529.1888996923,27982.27847327,193,166,29,1,0.0100667,convex_mesh_per_channel
1654,4,711655,13,3,0,1,1250,4,0,4.814778004391e-05,5,13,6600.753578,507.7502752308,26288.76786505,203,176,29,1,0.0374642,convex_mesh_per_channel
1655,4,711656,13,3,0,1,1500,0,1,4.144473988191e-05,0,13,7242.96412,557.1510861538,29409.82060955,219,195,2,0,0.0086231,convex_mesh_per_channel
1655,4,711656,13,3,0,1,1500,0,1,4.144473988191e-05,5,13,7365.485273,566.5757902308,29957.42637567,222,190,3,1,0.0376015,convex_mesh_per_channel
1656,4,711657,13,3,0,1,1000,1,0,0.0001145796175935,0,13,5897.344453,453.641881,22941.72226574,209,187,4,0,0.0069577,convex_mesh_per_channel
1656,4,711657,13,3,0,1,1000,1,0,0.0001145796175935,5,13,6036.103911,464.3156854615,23670.51955258,209,186,2,0,0.029461,convex_mesh_per_channel
1657,4,711658,13,3,0,1,1250,2,1,6.135914534183e-05,0,13,7075.843156,544.2956273846,28629.21577309,218,189,2,0,0.0074327,convex_mesh_per_channel
1657,4,711658,13,3,0,1,1250,2,1,6.135914534183e-05,5,13,6540.641163,503.1262433077,26368.20581124,203,178,3,0,0.0395343,convex_mesh_per_channel
1658,4,711659,13,3,0,1,1500,3,0,5.387749712074e-05,0,13,7334.652098,564.2040075385,30398.26044262,184,162,36,1,0.0095741,convex_mesh_per_channel
1658,4,711659,13,3,0,1,1500,3,0,5.387749712074e-05,5,13,7097.606672,545.969744,29063.03332615,189,167,36,1,0.0603468,convex_mesh_per_channel
1659,4,711660,13,3,0,1,1000,4,1,9.306476501593e-05,0,13,7773.307971,597.946767,30516.53970481,233,200,80,3,0.0070187,convex_mesh_per_channel
1659,4,711660,13,3,0,1,1000,4,1,9.306476501593e-05,5,13,6054.10097,465.7000746154,23670.50484797,211,191,3,0,0.0236824,convex_mesh_per_channel
1660,4,711661,13,3,0,1,1250,0,0,2.670523135122e-05,0,13,6613.170673,508.7054363846,26295.85337741,219,194,0,0,0.0078572,convex_mesh_per_channel
1660,4,711661,13,3,0,1,1250,0,0,2.670523135122e-05,5,13,6197.746414,476.7497241538,24483.73209335,209,191,0,0,0.0284896,convex_mesh_per_channel
1661,4,711662,13,3,0,1,1500,1,1,5.679012348597e-05,0,13,7886.165071,606.6280823846,32170.82535688,233,198,8,2,0.0073585,convex_mesh_per_channel
1661,4,711662,13,3,0,1,1500,1,1,5.679012348597e-05,5,13,6871.52776,528.5790584615,28057.63880076,203,180,0,0,0.039677,convex_mesh_per_channel
1662,4,711663,13,3,0,1,1000,2,0,8.051600352354e-05,0,13,6195.560013,476.5815394615,24427.80005727,209,185,5,0,0.0080054,convex_mesh_per_channel
1662,4,711663,13,3,0,1,1000,2,0,8.051600352354e-05,5,13,6214.404468,478.0311129231,24887.02235302,198,179,1,0,0.0285106,convex_mesh_per_channel
1663,4,711664,13,3,0,1,1250,3,1,6.166274767864e-05,0,13,6387.451066,491.3423896923,24902.25533616,227,207,0,0,0.0058663,convex_mesh_per_channel
1663,4,711664,13,3,0,1,1250,3,1,6.166274767864e-05,5,13,6728.794107,517.5995466923,26678.97047496,207,188,35,1,0.041584,convex_mesh_per_channel
1664,4,711665,13,3,0,1,1500,4,0,0.0001247257273853,0,13,7146.133135,549.7025488462,29465.66567698,202,172,2,0,0.008768,convex_mesh_per_channel
1664,4,711665,13,3,0,1,1500,4,0,0.0001247257273853,5,13,7997.674349,615.2057191538,32518.37179757,204,172,79,1,0.0461157,convex_mesh_per_channel
1665,4,711666,13,3,0,1,1000,0,1,6.003286483674e-05,0,13,6263.043788,481.7725990769,24655.21895711,214,197,0,0,0.0063085,convex_mesh_per_channel
1665,4,711666,13,3,0,1,1000,0,1,6.003286483674e-05,5,13,6417.202607,493.6309697692,24241.01302623,251,228,7,1,0.0247237,convex_mesh_per_channel
1666,4,711667,13,3,0,1,1250,1,0,3.254538529594e-05,0,13,6705.21781,515.7859853846,26701.08904486,219,190,5,1,0.0067951,convex_mesh_per_channel
1666,4,711667,13,3,0,1,1250,1,0,3.254538529594e-05,5,13,7798.780535,599.906195,30673.90259262,220,196,101,2,0.0363605,convex_mesh_per_channel
1667,4,711668,13,3,0,1,1500,2,1,2.986919517864e-05,0,13,8878.682544,682.9755803077,35008.41255333,210,183,193,2,0.009091,convex_mesh_per_channel
1667,4,711668,13,3,0,1,1500,2,1,2.986919517864e-05,5,13,7668.148914,589.8576087692,30660.74458581,202,173,96,3,0.044398,convex_mesh_per_channel
1668,4,711669,13,3,0,1,1000,3,0,8.92257157962e-05,0,13,6433.579555,494.890735,25497.89776094,207,186,16,1,0.0085085,convex_mesh_per_channel
1668,4,711669,13,3,0,1,1000,3,0,8.92257157962e-05,5,13,6204.019466,477.2322666154,24260.09732096,209,188,18,1,0.0405939,convex_mesh_per_channel
1669,4,711670,13,3,0,1,1250,4,1,9.674321609271e-05,0,13,6356.058869,488.9276053077,25050.29436086,216,195,2,0,0.0067375,convex_mesh_per_channel
1669,4,711670,13,3,0,1,1250,4,1,9.674321609271e-05,5,13,6308.426757,485.2635966923,24707.13379257,220,193,3,1,0.02713,convex_mesh_per_channel
1670,4,711671,13,3,0,1,1500,0,0,9.413433687688e-05,0,13,7033.989265,541.0760973077,29199.94630186,189,157,9,1,0.010282,convex_mesh_per_channel
1670,4,711671,13,3,0,1,1500,0,0,9.413433687688e-05,5,13,6565.815889,505.0627606923,27154.07943512,182,157,1,0,0.0585615,convex_mesh_per_channel
1671,4,711672,13,3,0,1,1000,1,1,2.47108647862e-05,0,13,6497.07187,499.7747592308,25595.35935104,222,197,2,2,0.006219,convex_mesh_per_channel
1671,4,711672,13,3,0,1,1000,1,1,2.47108647862e-05,5,13,6419.180397,493.7831074615,24740.90197962,237,215,2,0,0.0218057,convex_mesh_per_channel
1672,4,711673,13,3,0,1,1250,2,0,6.884118861107e-05,0,13,6509.060141,500.6969339231,26390.30071642,198,173,1,0,0.0083635,convex_mesh_per_channel
1672,4,711673,13,3,0,1,1250,2,0,6.884118861107e-05,5,13,6613.06782,508.6975246154,26400.33910012,204,179,23,1,0.0437698,convex_mesh_per_channel
1673,4,711674,13,3,0,1,1500,3,1,1.643868805649e-05,0,13,6766.657283,520.5120986923,27538.2864098,202,169,5,2,0.0089402,convex_mesh_per_channel
1673,4,711674,13,3,0,1,1500,3,1,1.643868805649e-05,5,13,6835.192327,525.7840251538,27370.9616463,212,188,16,1,0.0400522,convex_mesh_per_channel
1674,4,711675,13,3,0,1,1000,4,0,7.68170633975e-05,0,13,7782.990432,598.6915716923,29364.95202076,270,246,83,1,0.0050979,convex_mesh_per_channel
1674,4,711675,13,3,0,1,1000,4,0,7.68170633975e-05,5,13,7228.906478,556.0697290769,28084.53225579,220,195,84,1,0.0299888,convex_mesh_per_channel
1675,4,711676,13,3,0,1,1250,0,1,0.000149659507068,0,13,8132.307405,625.5621080769,32346.53687916,208,186,124,2,0.0063267,convex_mesh_per_channel
1675,4,711676,13,3,0,1,1250,0,1,0.000149659507068,5,13,6474.709525,498.0545788462,25648.54762878,216,191,3,0,0.0380223,convex_mesh_per_channel
1676,4,711677,13,3,0,1,1500,1,0,5.050676347134e-05,0,13,6875.061476,528.8508827692,28190.30741321,187,162,25,1,0.0081536,convex_mesh_per_channel
1676,4,711677,13,3,0,1,1500,1,0,5.050676347134e-05,5,13,6472.132769,497.8563668462,25325.66383701,226,200,4,0,0.0340571,convex_mesh_per_channel
1677,4,711678,13,3,0,1,1000,2,1,4.261352065472e-05,0,13,6932.407171,533.2620900769,27402.03585515,233,210,4,0,0.006457,convex_mesh_per_channel
1677,4,711678,13,3,0,1,1000,2,1,4.261352065472e-05,5,13,6416.206226,493.5543250769,23676.03112545,272,253,1,0,0.0134953,convex_mesh_per_channel
1678,4,711679,13,3,0,1,1250,3,0,0.0001094118053619,0,13,7142.261327,549.4047174615,28936.30664709,219,192,1,1,0.007584,convex_mesh_per_channel
1678,4,711679,13,3,0,1,1250,3,0,0.0001094118053619,5,13,6590.255328,506.9427175385,26301.27663893,213,185,5,1,0.0404404,convex_mesh_per_channel
1679,4,711680,13,3,0,1,1500,4,1,4.846458225859e-05,0,13,6844.179401,526.4753385385,27525.89701518,215,190,3,1,0.006588,convex_mesh_per_channel
1679,4,711680,13,3,0,1,1500,4,1,4.846458225859e-05,5,13,6735.438072,518.1106209231,27082.19035561,210,180,8,1,0.0431928,convex_mesh_per_channel
1680,4,711681,13,3,0,2,1000,0,0,0.1200493744823,0,13,7583.343133,583.3340871538,30776.7154881,179,156,104,2,0.0099916,convex_mesh_per_channel
1680,4,711681,13,3,0,2,1000,0,0,0.1200493744823,5,13,7327.391412,563.6454932308,29441.95688536,181,157,104,2,0.0460185,convex_mesh_per_channel
1681,4,711682,13,3,0,2,1250,1,1,0.1360275366213,0,13,8099.098506,623.0075773846,32935.49246888,180,157,130,3,0.0081255,convex_mesh_per_channel
1681,4,711682,13,3,0,2,1250,1,1,0.1360275366213,5,13,5581.175684,429.3212064615,22225.87843607,181,157,3,0,0.0472579,convex_mesh_per_channel
1682,4,711683,13,3,0,2,1500,2,0,0.2690414989934,0,13,7162.418022,550.9552324615,29377.09005283,181,158,53,2,0.0093452,convex_mesh_per_channel
1682,4,711683,13,3,0,2,1500,2,0,0.2690414989934,5,13,6088.997083,468.384391,24474.98538005,180,160,23,1,0.0544496,convex_mesh_per_channel
1683,4,711684,13,3,0,2,1000,3,1,0.5062520240378,0,13,6285.323749,483.4864422308,25786.61874861,181,158,0,0,0.0112674,convex_mesh_per_channel
1683,4,711684,13,3,0,2,1000,3,1,0.5062520240378,5,13,5434.584375,418.0449519231,21582.92188385,179,158,0,0,0.0409642,convex_mesh_per_channel
1684,4,711685,13,3,0,2,1250,4,0,0.0599180667603,0,13,6876.518621,528.9629708462,28102.59309159,178,154,49,1,0.0087717,convex_mesh_per_channel
1684,4,711685,13,3,0,2,1250,4,0,0.0599180667603,5,13,6356.370931,488.9516100769,25851.85465196,189,155,7,2,0.0558764,convex_mesh_per_channel
1685,4,711686,13,3,0,2,1500,0,1,0.7085774415812,0,13,6239.397273,479.9536363846,25251.98633973,179,157,24,1,0.0108068,convex_mesh_per_channel
1685,4,711686,13,3,0,2,1500,0,1,0.7085774415812,5,13,5701.118154,438.5475503077,22945.59078653,178,157,0,0,0.0460983,convex_mesh_per_channel
1686,4,711687,13,3,0,2,1000,1,0,0.4473991929199,0,13,6504.562552,500.3509655385,26867.81277347,181,155,2,1,0.0101899,convex_mesh_per_channel
1686,4,711687,13,3,0,2,1000,1,0,0.4473991929199,5,13,5613.069606,431.7745850769,22480.3480364,178,156,2,0,0.0483397,convex_mesh_per_channel
1687,4,711688,13,3,0,2,1250,2,1,0.6845222823531,0,13,6238.963475,479.9202673077,25354.81738651,186,158,5,0,0.0104044,convex_mesh_per_channel
1687,4,711688,13,3,0,2,1250,2,1,0.6845222823531,5,13,5645.432081,434.2640062308,22222.16040468,192,167,3,0,0.0465425,convex_mesh_per_channel
1688,4,711689,13,3,0,2,1500,3,0,0.3337598815502,0,13,7190.184845,553.0911419231,28970.92410211,181,156,90,1,0.0093656,convex_mesh_per_channel
1688,4,711689,13,3,0,2,1500,3,0,0.3337598815502,5,13,6830.433836,525.4179873846,27157.1690489,181,159,90,1,0.0468994,convex_mesh_per_channel
1689,4,711690,13,3,0,2,1000,4,1,0.4530009546571,0,13,6245.561356,480.4277966154,25307.80678215,190,166,1,0,0.0104574,convex_mesh_per_channel
1689,4,711690,13,3,0,2,1000,4,1,0.4530009546571,5,13,5587.665025,429.8203865385,22078.32512017,188,167,0,0,0.0552054,convex_mesh_per_channel
1690,4,711691,13,3,0,2,1250,0,0,0.6121381205244,0,13,6212.277909,477.8675314615,25566.3895493,176,154,0,0,0.0095436,convex_mesh_per_channel
1690,4,711691,13,3,0,2,1250,0,0,0.6121381205244,5,13,5867.528997,451.3483843846,23772.6449895,178,155,1,0,0.0891702,convex_mesh_per_channel
1691,4,711692,13,3,0,2,1500,1,1,0.5393661356706,0,13,7458.498247,573.7306343846,30037.49106212,181,157,108,2,0.0107556,convex_mesh_per_channel
1691,4,711692,13,3,0,2,1500,1,1,0.5393661356706,5,13,6311.221972,485.4786132308,24296.10966685,191,168,88,1,0.0472081,convex_mesh_per_channel
1692,4,711693,13,3,0,2,1000,2,0,0.3304626450991,0,13,6005.640592,461.9723532308,24318.20296378,183,162,0,0,0.0102523,convex_mesh_per_channel
1692,4,711693,13,3,0,2,1000,2,0,0.3304626450991,5,13,5548.078326,426.7752558462,21830.39162918,189,166,2,0,0.0614858,convex_mesh_per_channel
1693,4,711694,13,3,0,2,1250,3,1,0.2256378411656,0,13,6699.698513,515.3614240769,27063.49255332,200,177,15,1,0.0075298,convex_mesh_per_channel
1693,4,711694,13,3,0,2,1250,3,1,0.2256378411656,5,13,6002.063131,461.6971639231,23855.31566287,198,176,0,0,0.0491544,convex_mesh_per_channel
1694,4,711695,13,3,0,2,1500,4,0,0.1533819224414,0,13,6407.350103,492.8730848462,26361.75053078,182,160,0,0,0.0102072,convex_mesh_per_channel
1694,4,711695,13,3,0,2,1500,4,0,0.1533819224414,5,13,5813.244406,447.1726466154,23346.22201875,183,161,1,0,0.0519374,convex_mesh_per_channel
1695,4,711696,13,3,0,2,1000,0,1,0.242637497887,0,13,6831.217163,525.4782433077,27656.08579962,199,174,22,2,0.0089833,convex_mesh_per_channel
1695,4,711696,13,3,0,2,1000,0,1,0.242637497887,5,13,6291.79667,483.9843592308,25118.98332188,193,169,23,2,0.044844,convex_mesh_per_channel
1696,4,711697,13,3,0,2,1250,1,0,0.3761961124611,0,13,6526.133347,502.0102574615,27035.66675477,179,153,2,0,0.0092764,convex_mesh_per_channel
1696,4,711697,13,3,0,2,1250,1,0,0.3761961124611,5,13,5764.208321,443.4006400769,23011.04162719,182,154,11,1,0.0707493,convex_mesh_per_channel
1697,4,711698,13,3,0,2,1500,2,1,0.2782245929129,0,13,6361.188623,489.3222017692,26020.94312274,184,160,4,0,0.0116275,convex_mesh_per_channel
1697,4,711698,13,3,0,2,1500,2,1,0.2782245929129,5,13,5939.559403,456.8891848462,23922.79702311,184,158,4,0,0.0323404,convex_mesh_per_channel
1698,4,711699,13,3,0,2,1000,3,0,0.1728908478752,0,13,6488.107907,499.0852236154,26890.53955684,178,155,0,0,0.0082529,convex_mesh_per_channel
1698,4,711699,13,3,0,2,1000,3,0,0.1728908478752,5,13,5836.598549,448.9691191538,23572.99274908,180,157,0,0,0.054285,convex_mesh_per_channel
1699,4,711700,13,3,0,2,1250,4,1,0.1572768028686,0,13,8322.407132,640.185164,33342.03537048,182,157,174,4,0.0077658,convex_mesh_per_channel
1699,4,711700,13,3,0,2,1250,4,1,0.1572768028686,5,13,6196.953563,476.6887356154,24784.76781789,190,168,19,1,0.0552379,convex_mesh_per_channel
1700,4,711701,13,3,0,2,1500,0,0,0.1813263869339,0,13,6687.328758,514.4099044615,27511.64378799,180,160,20,1,0.0098247,convex_mesh_per_channel
1700,4,711701,13,3,0,2,1500,0,0,0.1813263869339,5,13,5490.025127,422.3096251538,21945.1256496,176,156,0,0,0.0494211,convex_mesh_per_channel
1701,4,711702,13,3,0,2,1000,1,1,0.3060574013651,0,13,6488.072657,499.0825120769,26765.36328623,182,157,1,0,0.0107534,convex_mesh_per_channel
1701,4,711702,13,3,0,2,1000,1,1,0.3060574013651,5,13,5433.526408,417.9635698462,21572.63203379,178,158,2,0,0.0505178,convex_mesh_per_channel
1702,4,711703,13,3,0,2,1250,2,0,0.4739365490109,0,13,6099.002661,469.1540508462,24980.01331125,176,155,1,0,0.0103483,convex_mesh_per_channel
1702,4,711703,13,3,0,2,1250,2,0,0.4739365490109,5,13,5704.78791,438.8298392308,22758.93956181,184,156,4,0,0.0609015,convex_mesh_per_channel
1703,4,711704,13,3,0,2,1500,3,1,0.1288498942628,0,13,7675.223171,590.4017823846,31776.11577266,179,156,68,3,0.0072862,convex_mesh_per_channel
1703,4,711704,13,3,0,2,1500,3,1,0.1288498942628,5,13,5853.369213,450.2591702308,23341.84607199,190,170,0,0,0.0453183,convex_mesh_per_channel
1704,4,711705,13,3,0,2,1000,4,0,0.8857255633608,0,13,6894.85251,530.37327,28069.26251617,182,159,49,1,0.0093454,convex_mesh_per_channel
1704,4,711705,13,3,0,2,1000,4,0,0.8857255633608,5,13,5929.94836,456.1498738462,23324.74175475,180,159,47,1,0.0404664,convex_mesh_per_channel
1705,4,711706,13,3,0,2,1250,0,1,0.256331604447,0,13,8146.248085,626.6344680769,33081.24039974,180,157,136,3,0.006772,convex_mesh_per_channel
1705,4,711706,13,3,0,2,1250,0,1,0.256331604447,5,13,5667.832879,435.9871445385,22299.16439429,194,173,0,0,0.0537938,convex_mesh_per_channel
1706,4,711707,13,3,0,2,1500,1,0,0.438092681253,0,13,7260.287482,558.4836524615,29516.43728494,178,156,82,1,0.0085604,convex_mesh_per_channel
1706,4,711707,13,3,0,2,1500,1,0,0.438092681253,5,13,5676.974788,436.6903683077,22569.87394138,187,157,2,1,0.06987,convex_mesh_per_channel
1707,4,711708,13,3,0,2,1000,2,1,0.2646860743258,0,13,6815.918485,524.3014219231,27814.59241381,181,157,42,2,0.0102945,convex_mesh_per_channel
1707,4,711708,13,3,0,2,1000,2,1,0.2646860743258,5,13,6205.328951,477.3329962308,25036.64473137,186,161,14,2,0.0555101,convex_mesh_per_channel
1708,4,711709,13,3,0,2,1250,3,0,0.5049764067239,0,13,6594.087833,507.2375256154,27020.43913317,182,155,20,2,0.0103299,convex_mesh_per_channel
1708,4,711709,13,3,0,2,1250,3,0,0.5049764067239,5,13,5618.201406,432.1693389231,22326.00703682,185,157,2,1,0.0598415,convex_mesh_per_channel
1709,4,711710,13,3,0,2,1500,4,1,0.493598051997,0,13,6760.054956,520.0042273846,27705.27478013,195,167,4,1,0.0097199,convex_mesh_per_channel
1709,4,711710,13,3,0,2,1500,4,1,0.493598051997,5,13,5997.03426,461.3103276923,23870.17131511,195,168,5,1,0.0343868,convex_mesh_per_channel
1710,4,711711,13,3,7,0,1000,0,0,0.6010483211659,0,13,6816.351901,524.3347616154,25566.75952083,255,237,42,2,0.0040058,convex_mesh_per_channel
1710,4,711711,13,3,7,0,1000,0,0,0.6010483211659,5,13,7012.095809,539.3919853077,26740.47905004,248,233,42,2,0.0175783,convex_mesh_per_channel
1711,4,711712,13,3,7,0,1250,1,1,0.725334621355,0,13,6568.932834,505.3025256923,25279.66417531,243,218,5,0,0.0044144,convex_mesh_per_channel
1711,4,711712,13,3,7,0,1250,1,1,0.725334621355,5,13,6766.192724,520.4763633846,25200.96361857,278,256,5,0,0.0155713,convex_mesh_per_channel
1712,4,711713,13,3,7,0,1500,2,0,0.4828105553518,0,13,6444.421622,495.7247401538,24252.10810872,255,227,9,1,0.0045419,convex_mesh_per_channel
1712,4,711713,13,3,7,0,1500,2,0,0.4828105553518,5,13,6404.538526,492.6568096923,24437.69263522,244,223,3,0,0.022129,convex_mesh_per_channel
1713,4,711714,13,3,7,0,1000,3,1,0.7421697063128,0,13,6900.432544,530.8025033846,26577.16271531,256,240,0,0,0.0046886,convex_mesh_per_channel
1713,4,711714,13,3,7,0,1000,3,1,0.7421697063128,5,13,6625.296616,509.6382012308,25461.48307745,247,233,0,0,0.022273,convex_mesh_per_channel
1714,4,711715,13,3,7,0,1250,4,0,0.7758854256205,0,13,7465.974045,574.3056957692,28354.8702403,264,236,58,4,0.0045552,convex_mesh_per_channel
1714,4,711715,13,3,7,0,1250,4,0,0.7758854256205,5,13,7102.476158,546.3443198462,27552.38081511,242,221,32,1,0.0186348,convex_mesh_per_channel
1715,4,711716,13,3,7,0,1500,0,1,0.5330226864167,0,13,7598.466678,584.4974367692,29307.33331123,226,206,112,2,0.0058516,convex_mesh_per_channel
1715,4,711716,13,3,7,0,1500,0,1,0.5330226864167,5,13,6641.42936,510.8791815385,26292.14680857,219,199,8,1,0.019566,convex_mesh_per_channel
1716,4,711717,13,3,7,0,1000,1,0,0.6872361021517,0,13,7400.972225,569.3055557692,28644.8610425,231,212,80,2,0.005651,convex_mesh_per_channel
1716,4,711717,13,3,7,0,1000,1,0,0.6872361021517,5,13,6406.888038,492.8375413846,24209.44014096,229,211,48,2,0.0218556,convex_mesh_per_channel
1717,4,711718,13,3,7,0,1250,2,1,0.5987057147492,0,13,6745.346175,518.8727826923,25691.73088866,254,236,12,1,0.0058421,convex_mesh_per_channel
1717,4,711718,13,3,7,0,1250,2,1,0.5987057147492,5,13,6705.279258,515.7907121538,25276.39630677,261,238,14,2,0.0165332,convex_mesh_per_channel
1718,4,711719,13,3,7,0,1500,3,0,0.5596467303223,0,13,6155.068358,473.4667967692,23215.34179067,244,227,0,0,0.0052793,convex_mesh_per_channel
1718,4,711719,13,3,7,0,1500,3,0,0.5596467303223,5,13,6384.98303,491.1525407692,24369.91515628,243,225,2,0,0.0146821,convex_mesh_per_channel
1719,4,711720,13,3,7,0,1000,4,1,0.8826102801109,0,13,7049.109226,542.2391712308,26975.54614368,266,244,5,0,0.0044911,convex_mesh_per_channel
1719,4,711720,13,3,7,0,1000,4,1,0.8826102801109,5,13,6306.071854,485.0824503077,24035.35927433,239,221,6,0,0.018894,convex_mesh_per_channel
1720,4,711721,13,3,7,0,1250,0,0,0.2260135115878,0,13,6555.111311,504.2393316154,24885.55656064,255,229,3,1,0.005036,convex_mesh_per_channel
1720,4,711721,13,3,7,0,1250,0,0,0.2260135115878,5,13,6537.084675,502.8526673077,25375.42336115,236,217,0,0,0.0207519,convex_mesh_per_channel
1721,4,711722,13,3,7,0,1500,1,1,0.4216990130865,0,13,6680.44162,513.8801246154,26497.20812081,221,199,4,1,0.0053343,convex_mesh_per_channel
1721,4,711722,13,3,7,0,1500,1,1,0.4216990130865,5,13,6465.077649,497.3136653077,24985.38825651,236,211,4,0,0.0185327,convex_mesh_per_channel
1722,4,711723,13,3,7,0,1000,2,0,0.6180966802608,0,13,6797.301441,522.8693416154,25861.50722339,249,228,29,1,0.0055802,convex_mesh_per_channel
1722,4,711723,13,3,7,0,1000,2,0,0.6180966802608,5,13,6180.306489,475.4081914615,23666.53247059,219,203,28,1,0.0269374,convex_mesh_per_channel
1723,4,711724,13,3,7,0,1250,3,1,0.7080788228342,0,13,7154.627549,550.3559653077,25948.1376011,275,261,88,1,0.0036721,convex_mesh_per_channel
1723,4,711724,13,3,7,0,1250,3,1,0.7080788228342,5,13,5489.137544,422.2413495385,20010.68772106,239,224,1,0,0.0143881,convex_mesh_per_channel
1724,4,711725,13,3,7,0,1500,4,0,0.4347549525437,0,13,6692.020838,514.7708336923,25705.10418425,247,218,11,2,0.0048886,convex_mesh_per_channel
1724,4,711725,13,3,7,0,1500,4,0,0.4347549525437,5,13,6791.338637,522.4106643846,26371.69318136,242,209,11,3,0.0177519,convex_mesh_per_channel
1725,4,711726,13,3,7,0,1000,0,1,0.354373421729,0,13,7094.979565,545.7676588462,26954.89782309,272,252,9,1,0.0036381,convex_mesh_per_channel
1725,4,711726,13,3,7,0,1000,0,1,0.354373421729,5,13,6640.528635,510.809895,24752.64316575,269,256,8,1,0.0126497,convex_mesh_per_channel
1726,4,711727,13,3,7,0,1250,1,0,0.47450617365,0,13,6819.486497,524.5758843846,26432.43250174,241,215,16,1,0.0054325,convex_mesh_per_channel
1726,4,711727,13,3,7,0,1250,1,0,0.47450617365,5,13,6705.782244,515.8294033846,26548.91124199,213,185,27,2,0.0278207,convex_mesh_per_channel
1727,4,711728,13,3,7,0,1500,2,1,0.4208895151792,0,13,6834.84043,525.7569561538,26919.20216886,232,211,5,1,0.0060722,convex_mesh_per_channel
1727,4,711728,13,3,7,0,1500,2,1,0.4208895151792,5,13,6520.461971,501.5739977692,25477.30986496,228,205,5,1,0.0229096,convex_mesh_per_channel
1728,4,711729,13,3,7,0,1000,3,0,0.5889892247173,0,13,6586.179318,506.6291783077,23665.89658095,286,268,30,1,0.0036048,convex_mesh_per_channel
1728,4,711729,13,3,7,0,1000,3,0,0.5889892247173,5,13,6770.473441,520.8056493077,24602.36719055,285,270,30,1,0.0131398,convex_mesh_per_channel
1729,4,711730,13,3,7,0,1250,4,1,0.7380205718984,0,13,7203.59624,554.1227876923,27567.98119767,266,238,19,3,0.0041316,convex_mesh_per_channel
1729,4,711730,13,3,7,0,1250,4,1,0.7380205718984,5,13,5967.805094,459.0619303077,22269.02546853,242,227,4,0,0.0214086,convex_mesh_per_channel
1730,4,711731,13,3,7,0,1500,0,0,0.4917161808123,0,13,6966.7416,535.9032,26688.70802581,253,230,23,1,0.0049672,convex_mesh_per_channel
1730,4,711731,13,3,7,0,1500,0,0,0.4917161808123,5,13,6313.774943,485.6749956154,24878.87472512,209,183,15,1,0.031702,convex_mesh_per_channel
1731,4,711732,13,3,7,0,1000,1,1,0.8947808397532,0,13,6681.830438,513.9869567692,24664.1521903,282,262,4,2,0.003998,convex_mesh_per_channel
1731,4,711732,13,3,7,0,1000,1,1,0.8947808397532,5,13,6536.910567,502.8392743846,24299.55283982,266,246,12,2,0.0196068,convex_mesh_per_channel
1732,4,711733,13,3,7,0,1250,2,0,0.5796750470467,0,13,6018.39944,462.9538030769,22721.99720835,237,218,2,0,0.0047607,convex_mesh_per_channel
1732,4,711733,13,3,7,0,1250,2,0,0.5796750470467,5,13,6126.374915,471.2596088462,23216.87460751,230,214,18,1,0.019491,convex_mesh_per_channel
1733,4,711734,13,3,7,0,1500,3,1,0.3861299901247,0,13,6648.545835,511.4266026923,25882.72917411,234,219,6,1,0.0052917,convex_mesh_per_channel
1733,4,711734,13,3,7,0,1500,3,1,0.3861299901247,5,13,6834.482601,525.7294308462,27037.41301307,227,209,6,1,0.0228494,convex_mesh_per_channel
1734,4,711735,13,3,7,0,1000,4,0,0.7632098097588,0,13,7098.038522,546.0029632308,26025.19246747,271,254,73,1,0.0040014,convex_mesh_per_channel
1734,4,711735,13,3,7,0,1000,4,0,0.7632098097588,5,13,6909.035074,531.4642364615,25255.17522792,265,246,74,1,0.0165012,convex_mesh_per_channel
1735,4,711736,13,3,7,0,1250,0,1,0.2843388571765,0,13,6531.175902,502.3981463077,24650.87950863,259,238,1,0,0.0043026,convex_mesh_per_channel
1735,4,711736,13,3,7,0,1250,0,1,0.2843388571765,5,13,6251.611236,480.893172,23363.05618922,254,238,2,0,0.0166885,convex_mesh_per_channel
1736,4,711737,13,3,7,0,1500,1,0,0.4583775298404,0,13,6374.66146,490.3585738462,24993.30729372,221,203,1,0,0.0057991,convex_mesh_per_channel
1736,4,711737,13,3,7,0,1500,1,0,0.4583775298404,5,13,6029.186553,463.783581,23505.9327819,213,189,3,0,0.0306421,convex_mesh_per_channel
1737,4,711738,13,3,7,0,1000,2,1,0.6867119577925,0,13,6311.221119,485.4785476154,23401.10559965,262,247,3,0,0.0040973,convex_mesh_per_channel
1737,4,711738,13,3,7,0,1000,2,1,0.6867119577925,5,13,6255.216562,481.1705047692,23196.08281125,255,237,13,1,0.020458,convex_mesh_per_channel
1738,4,711739,13,3,7,0,1250,3,0,0.5533736251347,0,13,6379.047233,490.695941,24190.23617579,249,225,2,1,0.0049127,convex_mesh_per_channel
1738,4,711739,13,3,7,0,1250,3,0,0.5533736251347,5,13,6304.875376,484.9904135385,23504.37688971,259,238,2,1,0.0186947,convex_mesh_per_channel
1739,4,711740,13,3,7,0,1500,4,1,0.738891658267,0,13,6862.98799,527.9221530769,27364.9399379,222,188,9,2,0.0070591,convex_mesh_per_channel
1739,4,711740,13,3,7,0,1500,4,1,0.738891658267,5,13,6569.939213,505.3799394615,25784.69605416,226,203,5,0,0.0212276,convex_mesh_per_channel
1740,4,711741,13,3,7,1,1000,0,0,6.124038025776e-05,0,13,6399.378678,492.2598983077,24641.89339435,232,213,11,1,0.0062563,convex_mesh_per_channel
1740,4,711741,13,3,7,1,1000,0,0,6.124038025776e-05,5,13,6561.820865,504.7554511538,25134.10433279,243,222,11,1,0.0218635,convex_mesh_per_channel
1741,4,711742,13,3,7,1,1250,1,1,9.421095468704e-05,0,13,6680.718729,513.9014406923,26183.59365424,231,200,8,1,0.0055619,convex_mesh_per_channel
1741,4,711742,13,3,7,1,1250,1,1,9.421095468704e-05,5,13,6594.649688,507.2807452308,25453.24842848,240,209,10,1,0.0200716,convex_mesh_per_channel
1742,4,711743,13,3,7,1,1500,2,0,3.465498148567e-05,0,13,7545.715354,580.4396426154,31078.57673867,206,181,18,2,0.0070652,convex_mesh_per_channel
1742,4,711743,13,3,7,1,1500,2,0,3.465498148567e-05,5,13,6920.406478,532.3389598462,28292.03237314,199,172,10,1,0.0501718,convex_mesh_per_channel
1743,4,711744,13,3,7,1,1000,3,1,8.85201078061e-05,0,13,7499.636518,576.8951167692,29993.18258613,228,203,31,3,0.0053487,convex_mesh_per_channel
1743,4,711744,13,3,7,1,1000,3,1,8.85201078061e-05,5,13,6774.757701,521.1352077692,25978.78851003,253,237,4,1,0.0196236,convex_mesh_per_channel
1744,4,711745,13,3,7,1,1250,4,0,4.005574146756e-05,0,13,6091.983404,468.614108,23559.91702643,221,198,4,1,0.0071495,convex_mesh_per_channel
1744,4,711745,13,3,7,1,1250,4,0,4.005574146756e-05,5,13,6328.113722,486.7779786154,24400.56861196,231,204,8,2,0.0240703,convex_mesh_per_channel
1745,4,711746,13,3,7,1,1500,0,1,3.725723335182e-05,0,13,7006.769354,538.982258,27588.84677396,241,219,0,0,0.0063222,convex_mesh_per_channel
1745,4,711746,13,3,7,1,1500,0,1,3.725723335182e-05,5,13,7223.513815,555.6549088462,28402.56906068,246,218,10,1,0.0261748,convex_mesh_per_channel
1746,4,711747,13,3,7,1,1000,1,0,6.666320267393e-05,0,13,6957.448888,535.188376,27437.24444673,227,207,21,1,0.0050686,convex_mesh_per_channel
1746,4,711747,13,3,7,1,1000,1,0,6.666320267393e-05,5,13,6900.514166,530.808782,25632.5708421,278,259,20,1,0.0140009,convex_mesh_per_channel
1747,4,711748,13,3,7,1,1250,2,1,7.596090549659e-05,0,13,6776.919579,521.3015060769,27094.59788806,218,191,4,0,0.007576,convex_mesh_per_channel
1747,4,711748,13,3,7,1,1250,2,1,7.596090549659e-05,5,13,6205.672269,477.3594053077,23893.36135077,228,204,6,0,0.0312528,convex_mesh_per_channel
1748,4,711749,13,3,7,1,1500,3,0,3.944652563889e-05,0,13,6795.979238,522.7676336923,27189.8962055,219,198,0,0,0.0070969,convex_mesh_per_channel
1748,4,711749,13,3,7,1,1500,3,0,3.944652563889e-05,5,13,6613.207515,508.7082703846,26221.03758031,221,199,0,0,0.0276291,convex_mesh_per_channel
1749,4,711750,13,3,7,1,1000,4,1,3.446230184399e-05,0,13,7124.960778,548.073906,28509.80391941,220,201,19,2,0.0052928,convex_mesh_per_channel
1749,4,711750,13,3,7,1,1000,4,1,3.446230184399e-05,5,13,6505.251039,500.4039260769,23531.25520614,288,270,8,1,0.0147719,convex_mesh_per_channel
1750,4,711751,13,3,7,1,1250,0,0,0.0001001375579508,0,13,6180.878912,475.452224,24344.39456479,211,192,0,0,0.0068036,convex_mesh_per_channel
1750,4,711751,13,3,7,1,1250,0,0,0.0001001375579508,5,13,6087.083807,468.2372159231,24285.41904765,197,180,0,0,0.0367733,convex_mesh_per_channel
1751,4,711752,13,3,7,1,1500,1,1,4.913439386809e-05,0,13,6424.003927,494.1541482308,24560.01965329,243,214,6,1,0.0054943,convex_mesh_per_channel
1751,4,711752,13,3,7,1,1500,1,1,4.913439386809e-05,5,13,6501.746999,500.1343845385,24603.73500515,253,224,9,1,0.0224677,convex_mesh_per_channel
1752,4,711753,13,3,7,1,1000,2,0,6.783684534412e-05,0,13,6790.734076,522.3641596923,26403.67045071,219,200,50,1,0.0046816,convex_mesh_per_channel
1752,4,711753,13,3,7,1,1000,2,0,6.783684534412e-05,5,13,6205.833126,477.3717789231,22054.16564652,289,261,8,1,0.0161779,convex_mesh_per_channel
1753,4,711754,13,3,7,1,1250,3,1,4.494656403769e-05,0,13,6273.965637,482.6127413077,23439.82818196,257,236,0,0,0.0047642,convex_mesh_per_channel
1753,4,711754,13,3,7,1,1250,3,1,4.494656403769e-05,5,13,6076.165387,467.3973374615,23160.82695132,232,216,1,0,0.0232714,convex_mesh_per_channel
1754,4,711755,13,3,7,1,1500,4,0,7.982253312588e-05,0,13,8389.118663,645.3168202308,33940.59322186,229,196,65,1,0.0063742,convex_mesh_per_channel
1754,4,711755,13,3,7,1,1500,4,0,7.982253312588e-05,5,13,8030.241085,617.7108526923,32396.20534063,220,191,65,1,0.0350539,convex_mesh_per_channel
1755,4,711756,13,3,7,1,1000,0,1,2.995831911003e-05,0,13,6402.490034,492.4992333846,23757.45018569,267,242,3,1,0.0036882,convex_mesh_per_channel
1755,4,711756,13,3,7,1,1000,0,1,2.995831911003e-05,5,13,6540.123441,503.0864185385,24205.61721651,274,243,7,2,0.015206,convex_mesh_per_channel
1756,4,711757,13,3,7,1,1250,1,0,4.942680545e-05,0,13,6405.281679,492.7139753077,25291.408398,217,197,0,0,0.0062222,convex_mesh_per_channel
1756,4,711757,13,3,7,1,1250,1,0,4.942680545e-05,5,13,6153.171503,473.3208848462,23855.85754028,221,200,4,0,0.0201967,convex_mesh_per_channel
1757,4,711758,13,3,7,1,1500,2,1,5.161059766166e-05,0,13,7192.912791,553.3009839231,27904.56396776,253,228,18,2,0.0058056,convex_mesh_per_channel
1757,4,711758,13,3,7,1,1500,2,1,5.161059766166e-05,5,13,6488.239767,499.0953666923,25186.19883262,231,210,7,1,0.0252366,convex_mesh_per_channel
1758,4,711759,13,3,7,1,1000,3,0,9.831679750893e-05,0,13,6278.952806,482.9963696923,23749.76404484,247,229,0,0,0.0034069,convex_mesh_per_channel
1758,4,711759,13,3,7,1,1000,3,0,9.831679750893e-05,5,13,6149.818824,473.0629864615,24259.0941298,209,188,0,0,0.0369025,convex_mesh_per_channel
1759,4,711760,13,3,7,1,1250,4,1,5.333653304501e-05,0,13,6742.827968,518.6790744615,25739.13983861,258,231,3,0,0.0049634,convex_mesh_per_channel
1759,4,711760,13,3,7,1,1250,4,1,5.333653304501e-05,5,13,6110.574932,470.0442255385,23127.87466258,239,216,3,0,0.0204098,convex_mesh_per_channel
1760,4,711761,13,3,7,1,1500,0,0,3.730850650228e-05,0,13,6770.005074,520.7696210769,27515.02537933,204,182,0,0,0.0076876,convex_mesh_per_channel
1760,4,711761,13,3,7,1,1500,0,0,3.730850650228e-05,5,13,6373.679213,490.2830163846,25263.39606026,213,191,0,0,0.0348557,convex_mesh_per_channel
1761,4,711762,13,3,7,1,1000,1,1,7.578959151578e-05,0,13,6757.303311,519.7925623846,26296.51657049,241,213,5,1,0.0055936,convex_mesh_per_channel
1761,4,711762,13,3,7,1,1000,1,1,7.578959151578e-05,5,13,6618.119969,509.0861514615,25175.59985397,255,231,4,1,0.0188744,convex_mesh_per_channel
1762,4,711763,13,3,7,1,1250,2,0,5.139946582139e-05,0,13,7323.302906,563.3309927692,28856.51454766,249,227,5,1,0.005196,convex_mesh_per_channel
1762,4,711763,13,3,7,1,1250,2,0,5.139946582139e-05,5,13,6308.37315,485.2594730769,25286.86574158,199,179,4,0,0.0366395,convex_mesh_per_channel
1763,4,711764,13,3,7,1,1500,3,1,4.998786371257e-05,0,13,7528.504086,579.1156989231,29687.52042551,253,228,11,1,0.0052066,convex_mesh_per_channel
1763,4,711764,13,3,7,1,1500,3,1,4.998786371257e-05,5,13,7003.438498,538.7260383077,27937.19248866,224,201,10,1,0.0260526,convex_mesh_per_channel
1764,4,711765,13,3,7,1,1000,4,0,6.090316686168e-05,0,13,6501.180088,500.090776,25990.90044326,209,184,3,1,0.0068283,convex_mesh_per_channel
1764,4,711765,13,3,7,1,1000,4,0,6.090316686168e-05,5,13,6400.030403,492.310031,23800.15201961,265,244,2,0,0.0157594,convex_mesh_per_channel
1765,4,711766,13,3,7,1,1250,0,1,0.0001177558210612,0,13,7329.363925,563.797225,28916.81957497,238,213,26,1,0.0055838,convex_mesh_per_channel
1765,4,711766,13,3,7,1,1250,0,1,0.0001177558210612,5,13,6251.239882,480.8646063077,23711.19940677,244,224,0,0,0.0288419,convex_mesh_per_channel
1766,4,711767,13,3,7,1,1500,1,0,6.176483023927e-05,0,13,6705.890706,515.8377466154,26494.45353148,227,204,1,0,0.0068876,convex_mesh_per_channel
1766,4,711767,13,3,7,1,1500,1,0,6.176483023927e-05,5,13,7650.756509,588.5197314615,30468.78239678,209,186,87,1,0.049291,convex_mesh_per_channel
1767,4,711768,13,3,7,1,1000,2,1,7.398187924477e-05,0,13,7410.00276,570.0002123077,29440.01383307,235,213,23,2,0.0045887,convex_mesh_per_channel
1767,4,711768,13,3,7,1,1000,2,1,7.398187924477e-05,5,13,6683.053919,514.0810706923,26395.26962165,216,196,21,2,0.03605,convex_mesh_per_channel
1768,4,711769,13,3,7,1,1250,3,0,9.023564000143e-05,0,13,6113.062267,470.235559,23805.31134841,218,197,0,0,0.0068746,convex_mesh_per_channel
1768,4,711769,13,3,7,1,1250,3,0,9.023564000143e-05,5,13,6132.501071,471.7308516154,23782.50535947,222,201,0,0,0.0292062,convex_mesh_per_channel
1769,4,711770,13,3,7,1,1500,4,1,2.303316817871e-05,0,13,7466.919002,574.3783847692,30089.59501797,230,207,9,1,0.0046386,convex_mesh_per_channel
1769,4,711770,13,3,7,1,1500,4,1,2.303316817871e-05,5,13,7301.794778,561.6765213846,28823.97388398,244,213,13,1,0.0236745,convex_mesh_per_channel
1770,4,711771,13,3,7,2,1000,0,0,0.02719768429749,0,13,5910.251445,454.6347265385,23886.25721489,181,163,0,0,0.006563,convex_mesh_per_channel
1770,4,711771,13,3,7,2,1000,0,0,0.02719768429749,5,13,5581.616258,429.3550967692,21013.08128753,222,204,0,0,0.0234865,convex_mesh_per_channel
1771,4,711772,13,3,7,2,1250,1,1,0.03750062732063,0,13,6309.572884,485.3517603077,25452.8644219,185,166,21,1,0.0079975,convex_mesh_per_channel
1771,4,711772,13,3,7,2,1250,1,1,0.03750062732063,5,13,6106.85104,469.7577723077,22584.25519328,256,230,5,0,0.0285524,convex_mesh_per_channel
1772,4,711773,13,3,7,2,1500,2,0,0.03851357839021,0,13,6114.270464,470.3284972308,24161.3523295,201,182,10,1,0.0072799,convex_mesh_per_channel
1772,4,711773,13,3,7,2,1500,2,0,0.03851357839021,5,13,5962.976491,458.6904993077,23444.8824715,199,175,13,1,0.032051,convex_mesh_per_channel
1773,4,711774,13,3,7,2,1000,3,1,0.03697603441184,0,13,6082.281582,467.867814,22956.40792801,236,216,10,1,0.0073733,convex_mesh_per_channel
1773,4,711774,13,3,7,2,1000,3,1,0.03697603441184,5,13,6698.063828,515.2356790769,25830.31916656,237,216,22,3,0.0230682,convex_mesh_per_channel
1774,4,711775,13,3,7,2,1250,4,0,0.01407212052182,0,13,7177.93827,552.1490976923,28619.69122617,185,164,100,2,0.0060978,convex_mesh_per_channel
1774,4,711775,13,3,7,2,1250,4,0,0.01407212052182,5,13,6580.811079,506.2162368462,24279.05527011,237,217,86,1,0.0218599,convex_mesh_per_channel
1775,4,711776,13,3,7,2,1500,0,1,0.08150821942482,0,13,5864.666222,451.1281709231,23283.3311142,194,173,0,0,0.0075574,convex_mesh_per_channel
1775,4,711776,13,3,7,2,1500,0,1,0.08150821942482,5,13,6063.549042,466.4268493846,23052.74521639,235,213,0,0,0.0257111,convex_mesh_per_channel
1776,4,711777,13,3,7,2,1000,1,0,0.02428838642238,0,13,6318.317217,486.0244013077,25501.58604694,187,164,18,1,0.0094951,convex_mesh_per_channel
1776,4,711777,13,3,7,2,1000,1,0,0.02428838642238,5,13,6190.732488,476.2101913846,24408.66241985,202,180,18,1,0.026926,convex_mesh_per_channel
1777,4,711778,13,3,7,2,1250,2,1,0.07421272307862,0,13,6195.005183,476.5388602308,23270.02592025,247,220,7,0,0.0059365,convex_mesh_per_channel
1777,4,711778,13,3,7,2,1250,2,1,0.07421272307862,5,13,6335.674344,487.3595649231,23913.37172656,250,220,6,0,0.0294499,convex_mesh_per_channel
1778,4,711779,13,3,7,2,1500,3,0,0.01799656469948,0,13,6477.554049,498.2733883846,25592.77024878,183,163,72,1,0.0089122,convex_mesh_per_channel
1778,4,711779,13,3,7,2,1500,3,0,0.01799656469948,5,13,6447.258706,495.9429773846,25066.29354095,196,170,73,2,0.048638,convex_mesh_per_channel
1779,4,711780,13,3,7,2,1000,4,1,0.02009786355972,0,13,6204.304024,477.2541556923,24101.52013026,223,201,1,0,0.005905,convex_mesh_per_channel
1779,4,711780,13,3,7,2,1000,4,1,0.02009786355972,5,13,6302.067961,484.7744585385,24260.33980878,234,212,1,0,0.0226989,convex_mesh_per_channel
1780,4,711781,13,3,7,2,1250,0,0,0.06364960917078,0,13,6489.553463,499.1964202308,25907.76731936,208,185,6,1,0.0086398,convex_mesh_per_channel
1780,4,711781,13,3,7,2,1250,0,0,0.06364960917078,5,13,5953.280008,457.944616,23341.40004863,204,182,6,1,0.0454489,convex_mesh_per_channel
1781,4,711782,13,3,7,2,1500,1,1,0.04697826312762,0,13,6333.617749,487.2013653077,24908.088751,217,193,3,0,0.0082195,convex_mesh_per_channel
1781,4,711782,13,3,7,2,1500,1,1,0.04697826312762,5,13,6272.693343,482.5148725385,24348.46671915,225,198,5,0,0.0343212,convex_mesh_per_channel
1782,4,711783,13,3,7,2,1000,2,0,0.05125607558621,0,13,6483.168211,498.705247,26400.84106612,185,165,16,1,0.0060397,convex_mesh_per_channel
1782,4,711783,13,3,7,2,1000,2,0,0.05125607558621,5,13,6421.231843,493.940911,24421.15922023,241,216,17,1,0.0221017,convex_mesh_per_channel
1783,4,711784,13,3,7,2,1250,3,1,0.05260257975698,0,13,7889.694664,606.8995895385,30803.473119,195,173,172,2,0.0072957,convex_mesh_per_channel
1783,4,711784,13,3,7,2,1250,3,1,0.05260257975698,5,13,6204.266836,477.2512950769,24271.33419274,218,195,0,0,0.0339082,convex_mesh_per_channel
1784,4,711785,13,3,7,2,1500,4,0,0.01320867470904,0,13,7080.241862,544.6339893846,28331.20931079,195,173,67,1,0.0077931,convex_mesh_per_channel
1784,4,711785,13,3,7,2,1500,4,0,0.01320867470904,5,13,6245.502616,480.4232781538,24272.51307801,224,194,4,1,0.0363064,convex_mesh_per_channel
1785,4,711786,13,3,7,2,1000,0,1,0.01569493546667,0,13,5981.611096,460.1239304615,23598.05548428,203,182,0,0,0.0093324,convex_mesh_per_channel
1785,4,711786,13,3,7,2,1000,0,1,0.01569493546667,5,13,5757.463664,442.8818203077,21712.3183219,228,210,0,0,0.0246011,convex_mesh_per_channel
1786,4,711787,13,3,7,2,1250,1,0,0.05767729480122,0,13,5886.301362,452.7924124615,23701.50681961,183,163,1,0,0.0108771,convex_mesh_per_channel
1786,4,711787,13,3,7,2,1250,1,0,0.05767729480122,5,13,5872.179624,451.7061249231,22985.89812429,204,184,2,0,0.0439547,convex_mesh_per_channel
1787,4,711788,13,3,7,2,1500,2,1,0.02715596281899,0,13,6497.950394,499.842338,25054.7519284,229,199,26,2,0.0068734,convex_mesh_per_channel
1787,4,711788,13,3,7,2,1500,2,1,0.02715596281899,5,13,6339.888247,487.6837113077,23804.4412355,254,220,8,0,0.025437,convex_mesh_per_channel
1788,4,711789,13,3,7,2,1000,3,0,0.02321331193489,0,13,6176.013243,475.0779417692,24530.0662262,204,185,0,0,0.0091109,convex_mesh_per_channel
1788,4,711789,13,3,7,2,1000,3,0,0.02321331193489,5,13,6117.077683,470.5444371538,24355.38842467,200,181,0,1,0.0359385,convex_mesh_per_channel
1789,4,711790,13,3,7,2,1250,4,1,0.05556235224976,0,13,6048.015243,465.2319417692,23525.07621868,215,182,7,0,0.0081627,convex_mesh_per_channel
1789,4,711790,13,3,7,2,1250,4,1,0.05556235224976,5,13,5869.902638,451.5309721538,23059.51319125,201,167,7,0,0.0324845,convex_mesh_per_channel
1790,4,711791,13,3,7,2,1500,0,0,0.02410632599606,0,13,6785.038687,521.9260528462,25815.19336504,242,215,44,1,0.0066899,convex_mesh_per_channel
1790,4,711791,13,3,7,2,1500,0,0,0.02410632599606,5,13,6131.458725,471.6506711538,24012.29356509,191,165,48,1,0.0466366,convex_mesh_per_channel
1791,4,711792,13,3,7,2,1000,1,1,0.02693279587831,0,13,7035.17917,541.1676284615,28610.89585652,207,180,11,2,0.0060108,convex_mesh_per_channel
1791,4,711792,13,3,7,2,1000,1,1,0.02693279587831,5,13,6328.079829,486.7753714615,24320.39916023,235,206,6,1,0.0234246,convex_mesh_per_channel
1792,4,711793,13,3,7,2,1250,2,0,0.03714919180632,0,13,6563.697362,504.8997970769,26923.48682291,188,171,1,0,0.005483,convex_mesh_per_channel
1792,4,711793,13,3,7,2,1250,2,0,0.03714919180632,5,13,6233.961778,479.5355213846,24894.80889401,201,173,4,0,0.0384263,convex_mesh_per_channel
1793,4,711794,13,3,7,2,1500,3,1,0.05785121336796,0,13,5929.506038,456.1158490769,22567.53019744,228,211,0,0,0.0054941,convex_mesh_per_channel
1793,4,711794,13,3,7,2,1500,3,1,0.05785121336796,5,13,5947.564789,457.5049837692,23017.82395443,216,199,0,0,0.023099,convex_mesh_per_channel
1794,4,711795,13,3,7,2,1000,4,0,0.03020451578648,0,13,6109.278072,469.9444670769,24666.39037013,188,162,3,0,0.0088857,convex_mesh_per_channel
1794,4,711795,13,3,7,2,1000,4,0,0.03020451578648,5,13,6091.969622,468.6130478462,23264.84811419,232,205,3,0,0.0278489,convex_mesh_per_channel
1795,4,711796,13,3,7,2,1250,0,1,0.01682064130585,0,13,7156.62668,550.5097446154,28703.13333821,205,182,48,2,0.0060037,convex_mesh_per_channel
1795,4,711796,13,3,7,2,1250,0,1,0.01682064130585,5,13,6809.23317,523.7871669231,25246.16585017,286,259,2,0,0.018424,convex_mesh_per_channel
1796,4,711797,13,3,7,2,1500,1,0,0.06908925627964,0,13,6173.323363,474.8710279231,24551.61682413,203,177,2,0,0.0084321,convex_mesh_per_channel
1796,4,711797,13,3,7,2,1500,1,0,0.06908925627964,5,13,6576.631698,505.894746,25653.15831495,191,165,87,1,0.0336779,convex_mesh_per_channel
1797,4,711798,13,3,7,2,1000,2,1,0.02188737550512,0,13,6332.0111,487.0777769231,24510.05550728,230,209,2,0,0.0070073,convex_mesh_per_channel
1797,4,711798,13,3,7,2,1000,2,1,0.02188737550512,5,13,5861.524239,450.8864799231,22467.62120018,219,199,3,0,0.0312419,convex_mesh_per_channel
1798,4,711799,13,3,7,2,1250,3,0,0.03487661012852,0,13,5862.563228,450.9664021538,23652.81613547,181,162,0,0,0.0109606,convex_mesh_per_channel
1798,4,711799,13,3,7,2,1250,3,0,0.03487661012852,5,13,5702.153325,438.6271788462,22845.76662645,181,163,0,0,0.0348912,convex_mesh_per_channel
1799,4,711800,13,3,7,2,1500,4,1,0.04610711899955,0,13,7220.357648,555.4121267692,28281.78807502,208,183,92,1,0.0101568,convex_mesh_per_channel
1799,4,711800,13,3,7,2,1500,4,1,0.04610711899955,5,13,6228.128973,479.0868440769,23920.64484616,232,204,5,0,0.0329873,convex_mesh_per_channel
1800,4,711801,13,3,13,0,1000,0,0,0.6078214358652,0,13,7377.93903,567.5337715385,28199.69511243,247,228,70,2,0.0045867,convex_mesh_per_channel
1800,4,711801,13,3,13,0,1000,0,0,0.6078214358652,5,13,6655.828765,511.9868280769,25424.14380292,242,224,24,1,0.017063,convex_mesh_per_channel
1801,4,711802,13,3,13,0,1250,1,1,0.7501813821488,0,13,7250.289853,557.7146040769,26936.44927201,301,278,5,1,0.0038073,convex_mesh_per_channel
1801,4,711802,13,3,13,0,1250,1,1,0.7501813821488,5,13,6629.869703,509.9899771538,24499.34852187,279,258,4,1,0.0144211,convex_mesh_per_channel
1802,4,711803,13,3,13,0,1500,2,0,0.7734515556485,0,13,6718.28057,516.7908130769,25211.40286489,271,253,1,0,0.0034186,convex_mesh_per_channel
1802,4,711803,13,3,13,0,1500,2,0,0.7734515556485,5,13,6295.813412,484.2933393846,22739.06706657,281,260,6,0,0.0125457,convex_mesh_per_channel
1803,4,711804,13,3,13,0,1000,3,1,0.7051006250797,0,13,7286.780958,560.5216121538,27523.90480521,289,272,0,0,0.0028317,convex_mesh_per_channel
1803,4,711804,13,3,13,0,1000,3,1,0.7051006250797,5,13,6421.945699,493.995823,23504.72850706,279,261,0,0,0.0214128,convex_mesh_per_channel
1804,4,711805,13,3,13,0,1250,4,0,0.5923658054938,0,13,6374.810813,490.3700625385,23229.0540743,280,264,0,0,0.003125,convex_mesh_per_channel
1804,4,711805,13,3,13,0,1250,4,0,0.5923658054938,5,13,6437.568643,495.1975879231,22962.84323027,298,281,3,0,0.0123428,convex_mesh_per_channel
1805,4,711806,13,3,13,0,1500,0,1,0.4250601639998,0,13,6197.895624,476.7612018462,21864.47812653,296,280,0,0,0.0034202,convex_mesh_per_channel
1805,4,711806,13,3,13,0,1500,0,1,0.4250601639998,5,13,6292.616584,484.0474295385,22353.08292856,296,277,0,0,0.0147233,convex_mesh_per_channel
1806,4,711807,13,3,13,0,1000,1,0,0.5534220551058,0,13,7418.316593,570.6397379231,27411.58305942,291,269,49,2,0.0033385,convex_mesh_per_channel
1806,4,711807,13,3,13,0,1000,1,0,0.5534220551058,5,13,6339.841444,487.6801110769,23524.20729964,241,221,48,2,0.0266087,convex_mesh_per_channel
1807,4,711808,13,3,13,0,1250,2,1,0.384834704707,0,13,6613.125211,508.7019393077,25230.62607623,248,226,12,1,0.0041342,convex_mesh_per_channel
1807,4,711808,13,3,13,0,1250,2,1,0.384834704707,5,13,6374.935653,490.3796656154,24014.67829255,248,225,14,1,0.0203464,convex_mesh_per_channel
1808,4,711809,13,3,13,0,1500,3,0,0.6478493062219,0,13,6826.640366,525.126182,26388.20184561,245,223,12,1,0.0044316,convex_mesh_per_channel
1808,4,711809,13,3,13,0,1500,3,0,0.6478493062219,5,13,6224.805581,478.8311985385,22949.02792665,258,244,12,1,0.0128448,convex_mesh_per_channel
1809,4,711810,13,3,13,0,1000,4,1,0.6709081710844,0,13,7191.945616,553.2265858462,27109.7280849,285,265,5,0,0.0032667,convex_mesh_per_channel
1809,4,711810,13,3,13,0,1000,4,1,0.6709081710844,5,13,6593.816574,507.2166595385,24309.08287292,278,253,8,0,0.0169313,convex_mesh_per_channel
1810,4,711811,13,3,13,0,1250,0,0,0.704242228212,0,13,6597.364059,507.489543,25001.82028184,257,232,5,1,0.0046924,convex_mesh_per_channel
1810,4,711811,13,3,13,0,1250,0,0,0.704242228212,5,13,5208.546542,400.6574263077,19412.73269556,213,196,0,0,0.0370086,convex_mesh_per_channel
1811,4,711812,13,3,13,0,1500,1,1,0.5320127956329,0,13,6462.489449,497.114573,24217.44725367,261,246,1,0,0.0037983,convex_mesh_per_channel
1811,4,711812,13,3,13,0,1500,1,1,0.5320127956329,5,13,6700.999374,515.4614903077,25089.99686977,265,242,17,1,0.0152722,convex_mesh_per_channel
1812,4,711813,13,3,13,0,1000,2,0,0.7049174765304,0,13,6543.228133,503.325241,24691.14067196,259,245,0,0,0.0035924,convex_mesh_per_channel
1812,4,711813,13,3,13,0,1000,2,0,0.7049174765304,5,13,6205.691034,477.3608487692,21453.45517812,310,294,2,0,0.01273,convex_mesh_per_channel
1813,4,711814,13,3,13,0,1250,3,1,0.8765440484804,0,13,7189.326359,553.0251045385,27556.63181283,267,245,11,1,0.0036461,convex_mesh_per_channel
1813,4,711814,13,3,13,0,1250,3,1,0.8765440484804,5,13,6492.711751,499.4393654615,24243.55878384,261,244,10,1,0.0161665,convex_mesh_per_channel
1814,4,711815,13,3,13,0,1500,4,0,0.4394980608999,0,13,7587.816313,583.6781779231,29164.08157858,281,252,11,1,0.0040641,convex_mesh_per_channel
1814,4,711815,13,3,13,0,1500,4,0,0.4394980608999,5,13,6622.896414,509.4535703077,24334.48208763,280,255,12,2,0.0142511,convex_mesh_per_channel
1815,4,711816,13,3,13,0,1000,0,1,0.7227049886601,0,13,6749.33939,519.1799530769,25541.69696541,265,251,0,0,0.0035395,convex_mesh_per_channel
1815,4,711816,13,3,13,0,1000,0,1,0.7227049886601,5,13,6013.352777,462.5655982308,21926.76388957,263,248,0,0,0.019181,convex_mesh_per_channel
1816,4,711817,13,3,13,0,1250,1,0,0.5590569756908,0,13,7429.131904,571.4716849231,28365.65947147,267,248,36,1,0.0035153,convex_mesh_per_channel
1816,4,711817,13,3,13,0,1250,1,0,0.5590569756908,5,13,6692.60382,514.8156784615,24418.01904568,275,252,39,1,0.0188157,convex_mesh_per_channel
1817,4,711818,13,3,13,0,1500,2,1,0.4297664326502,0,13,6680.855279,513.9119445385,25124.27640125,267,241,5,1,0.0045449,convex_mesh_per_channel
1817,4,711818,13,3,13,0,1500,2,1,0.4297664326502,5,13,6618.841904,509.1416849231,24569.20954101,275,253,4,0,0.0163372,convex_mesh_per_channel
1818,4,711819,13,3,13,0,1000,3,0,0.8077780371076,0,13,7112.795546,547.1381189231,25898.97773564,313,297,2,1,0.0026255,convex_mesh_per_channel
1818,4,711819,13,3,13,0,1000,3,0,0.8077780371076,5,13,6025.18871,463.4760546154,22065.94356524,259,246,2,1,0.0195901,convex_mesh_per_channel
1819,4,711820,13,3,13,0,1250,4,1,0.4552210050435,0,13,7105.078984,546.5445372308,26525.39491337,290,258,9,2,0.0038224,convex_mesh_per_channel
1819,4,711820,13,3,13,0,1250,4,1,0.4552210050435,5,13,7117.035919,547.4643014615,26230.17961265,302,275,7,0,0.0104932,convex_mesh_per_channel
1820,4,711821,13,3,13,0,1500,0,0,0.4820074377753,0,13,6131.855008,471.6811544615,23159.27504908,242,225,0,0,0.0047482,convex_mesh_per_channel
1820,4,711821,13,3,13,0,1500,0,0,0.4820074377753,5,13,6203.045365,477.1573357692,22230.22683024,285,267,0,0,0.0139064,convex_mesh_per_channel
1821,4,711822,13,3,13,0,1000,1,1,0.8299679356555,0,13,7092.158296,545.5506381538,26440.79149017,291,266,6,0,0.0031896,convex_mesh_per_channel
1821,4,711822,13,3,13,0,1000,1,1,0.8299679356555,5,13,6659.886285,512.298945,24779.43142661,274,248,7,0,0.0205442,convex_mesh_per_channel
1822,4,711823,13,3,13,0,1250,2,0,0.7149368118346,0,13,6631.008622,510.0775863077,24445.04310872,280,259,6,1,0.0031752,convex_mesh_per_channel
1822,4,711823,13,3,13,0,1250,2,0,0.7149368118346,5,13,6155.578007,473.5060005385,22377.89004053,271,254,2,0,0.0135702,convex_mesh_per_channel
1823,4,711824,13,3,13,0,1500,3,1,0.3585179461171,0,13,6902.29585,530.9458346154,26566.47925431,254,236,6,1,0.0048899,convex_mesh_per_channel
1823,4,711824,13,3,13,0,1500,3,1,0.3585179461171,5,13,7194.815044,553.4473110769,27244.07522905,281,255,7,1,0.0167693,convex_mesh_per_channel
1824,4,711825,13,3,13,0,1000,4,0,0.5000583518671,0,13,6924.380057,532.6446197692,26611.90028264,257,234,6,2,0.0041891,convex_mesh_per_channel
1824,4,711825,13,3,13,0,1000,4,0,0.5000583518671,5,13,6427.940679,494.4569753077,23924.70338519,263,242,7,1,0.0165455,convex_mesh_per_channel
1825,4,711826,13,3,13,0,1250,0,1,0.4125923368089,0,13,6959.546385,535.3497219231,26627.73195092,261,246,6,1,0.0037961,convex_mesh_per_channel
1825,4,711826,13,3,13,0,1250,0,1,0.4125923368089,5,13,6616.153652,508.9348963077,24500.76829109,275,258,6,1,0.0121607,convex_mesh_per_channel
1826,4,711827,13,3,13,0,1500,1,0,0.4879012580178,0,13,6819.346111,524.5650854615,25516.73057028,273,250,12,1,0.0037627,convex_mesh_per_channel
1826,4,711827,13,3,13,0,1500,1,0,0.4879012580178,5,13,7411.043674,570.0802826154,27470.21832885,281,255,64,2,0.0135023,convex_mesh_per_channel
1827,4,711828,13,3,13,0,1000,2,1,0.8728819452503,0,13,6932.136449,533.2412653077,25590.68225426,293,269,5,0,0.0031168,convex_mesh_per_channel
1827,4,711828,13,3,13,0,1000,2,1,0.8728819452503,5,13,6766.75853,520.5198869231,24323.79266158,307,281,7,1,0.0144277,convex_mesh_per_channel
1828,4,711829,13,3,13,0,1250,3,0,0.4551814028054,0,13,6416.518111,493.5783162308,24737.59055939,227,209,20,1,0.0048491,convex_mesh_per_channel
1828,4,711829,13,3,13,0,1250,3,0,0.4551814028054,5,13,6157.902268,473.6847898462,23174.51134286,236,218,20,1,0.0266163,convex_mesh_per_channel
1829,4,711830,13,3,13,0,1500,4,1,0.8962813571377,0,13,7050.538213,542.3490933077,26502.69106671,279,257,11,1,0.0034118,convex_mesh_per_channel
1829,4,711830,13,3,13,0,1500,4,1,0.8962813571377,5,13,6930.325103,533.101931,26046.62552359,273,246,15,1,0.0165187,convex_mesh_per_channel
1830,4,711831,13,3,13,1,1000,0,0,0.0001203670555782,0,13,6869.831575,528.4485826923,25754.15789015,279,259,0,0,0.0034558,convex_mesh_per_channel
1830,4,711831,13,3,13,1,1000,0,0,0.0001203670555782,5,13,7024.904081,540.377237,25099.52040656,326,304,2,0,0.0145134,convex_mesh_per_channel
1831,4,711832,13,3,13,1,1250,1,1,7.304297847766e-05,0,13,7529.441193,579.1877840769,29767.20600078,249,221,15,1,0.004296,convex_mesh_per_channel
1831,4,711832,13,3,13,1,1250,1,1,7.304297847766e-05,5,13,7173.341853,551.7955271538,27831.70930412,254,230,14,1,0.0324185,convex_mesh_per_channel
1832,4,711833,13,3,13,1,1500,2,0,9.521277260563e-05,0,13,7458.806558,573.7543506154,30024.03277707,232,196,11,1,0.0069706,convex_mesh_per_channel
1832,4,711833,13,3,13,1,1500,2,0,9.521277260563e-05,5,13,6688.105893,514.4696840769,26420.52947204,226,197,4,0,0.0397387,convex_mesh_per_channel
1833,4,711834,13,3,13,1,1000,3,1,4.623446760737e-05,0,13,6910.161431,531.5508793077,25865.80715468,282,262,0,0,0.0033472,convex_mesh_per_channel
1833,4,711834,13,3,13,1,1000,3,1,4.623446760737e-05,5,13,6552.32473,504.0249792308,24041.62366279,283,264,0,0,0.0218348,convex_mesh_per_channel
1834,4,711835,13,3,13,1,1250,4,0,5.809428428751e-05,0,13,7298.947902,561.4575309231,28779.7395178,241,216,19,3,0.0052283,convex_mesh_per_channel
1834,4,711835,13,3,13,1,1250,4,0,5.809428428751e-05,5,13,6508.043834,500.6187564615,24940.21917166,246,225,0,0,0.0308661,convex_mesh_per_channel
1835,4,711836,13,3,13,1,1500,0,1,5.370702217424e-05,0,13,7942.166311,610.9358700769,32395.8315794,232,202,12,3,0.0070887,convex_mesh_per_channel
1835,4,711836,13,3,13,1,1500,0,1,5.370702217424e-05,5,13,7636.418571,587.4168131538,30927.09286733,230,200,12,3,0.0403608,convex_mesh_per_channel
1836,4,711837,13,3,13,1,1000,1,0,3.207399233989e-05,0,13,7202.566438,554.0435721538,28257.83220334,234,214,34,2,0.0044711,convex_mesh_per_channel
1836,4,711837,13,3,13,1,1000,1,0,3.207399233989e-05,5,13,7037.140481,541.3184985385,27350.70242938,237,215,34,2,0.0311161,convex_mesh_per_channel
1837,4,711838,13,3,13,1,1250,2,1,7.098140830906e-05,0,13,7106.005253,546.6157886923,28040.02628089,237,218,10,1,0.005004,convex_mesh_per_channel
1837,4,711838,13,3,13,1,1250,2,1,7.098140830906e-05,5,13,7006.858861,538.9891431538,27224.29431492,248,224,11,1,0.0257059,convex_mesh_per_channel
1838,4,711839,13,3,13,1,1500,3,0,5.538420203422e-05,0,13,7215.46821,555.0360161538,28742.34105388,233,213,8,1,0.0046962,convex_mesh_per_channel
1838,4,711839,13,3,13,1,1500,3,0,5.538420203422e-05,5,13,6695.702227,515.0540174615,26503.51114449,221,201,8,1,0.037819,convex_mesh_per_channel
1839,4,711840,13,3,13,1,1000,4,1,8.97335641394e-05,0,13,7659.316752,589.1782116923,30531.58376012,243,219,18,3,0.00519,convex_mesh_per_channel
1839,4,711840,13,3,13,1,1000,4,1,8.97335641394e-05,5,13,7262.721154,558.670858,28018.605765,261,238,17,3,0.0292556,convex_mesh_per_channel
1840,4,711841,13,3,13,1,1250,0,0,7.289741219649e-05,0,13,7060.474422,543.1134170769,27747.37214035,234,210,22,1,0.004612,convex_mesh_per_channel
1840,4,711841,13,3,13,1,1250,0,0,7.289741219649e-05,5,13,6398.764333,492.212641,25248.82165601,217,199,0,0,0.0459892,convex_mesh_per_channel
1841,4,711842,13,3,13,1,1500,1,1,5.040875784608e-05,0,13,7170.4405,551.5723461538,28892.20249963,224,201,2,0,0.0071071,convex_mesh_per_channel
1841,4,711842,13,3,13,1,1500,1,1,5.040875784608e-05,5,13,7171.976256,551.6904812308,28194.88129638,248,219,3,0,0.032205,convex_mesh_per_channel
1842,4,711843,13,3,13,1,1000,2,0,0.0001487564045574,0,13,6601.718674,507.8245133846,25448.59337773,244,224,1,0,0.0043598,convex_mesh_per_channel
1842,4,711843,13,3,13,1,1000,2,0,0.0001487564045574,5,13,6163.644263,474.1264817692,23773.22131462,226,208,2,0,0.0350132,convex_mesh_per_channel
1843,4,711844,13,3,13,1,1250,3,1,5.811199085443e-05,0,13,7316.543218,562.8110167692,28682.71612809,244,223,24,3,0.0042007,convex_mesh_per_channel
1843,4,711844,13,3,13,1,1250,3,1,5.811199085443e-05,5,13,6823.394335,524.8764873077,26201.97168919,249,231,14,2,0.0280835,convex_mesh_per_channel
1844,4,711845,13,3,13,1,1500,4,0,3.790213047238e-05,0,13,8075.774971,621.2134593077,33738.8748641,213,180,6,2,0.007906,convex_mesh_per_channel
1844,4,711845,13,3,13,1,1500,4,0,3.790213047238e-05,5,13,6815.076017,524.2366166923,27505.38009987,212,183,2,0,0.0467468,convex_mesh_per_channel
1845,4,711846,13,3,13,1,1000,0,1,8.414353425777e-05,0,13,7114.696665,547.2843588462,27943.4833219,247,226,0,0,0.0060301,convex_mesh_per_channel
1845,4,711846,13,3,13,1,1000,0,1,8.414353425777e-05,5,13,6934.010488,533.3854221538,25025.05244172,314,294,0,0,0.0123594,convex_mesh_per_channel
1846,4,711847,13,3,13,1,1250,1,0,3.705828604914e-05,0,13,7296.197175,561.2459365385,28150.985895,269,241,5,0,0.003755,convex_mesh_per_channel
1846,4,711847,13,3,13,1,1250,1,0,3.705828604914e-05,5,13,6719.660988,516.8969990769,26023.30493391,244,221,3,0,0.0369628,convex_mesh_per_channel
1847,4,711848,13,3,13,1,1500,2,1,5.123829961107e-05,0,13,7256.441287,558.1877913077,28947.20643323,235,203,8,0,0.0049042,convex_mesh_per_channel
1847,4,711848,13,3,13,1,1500,2,1,5.123829961107e-05,5,13,6745.105286,518.8542527692,26155.5264353,244,217,4,0,0.0328698,convex_mesh_per_channel
1848,4,711849,13,3,13,1,1000,3,0,5.521056978853e-05,0,13,6666.338567,512.7952743846,25711.69284419,246,229,0,0,0.004272,convex_mesh_per_channel
1848,4,711849,13,3,13,1,1000,3,0,5.521056978853e-05,5,13,7009.697136,539.207472,27593.485711,229,209,24,1,0.0372862,convex_mesh_per_channel
1849,4,711850,13,3,13,1,1250,4,1,6.949692180067e-05,0,13,7691.258485,591.6352680769,29871.29243395,276,251,7,0,0.0048195,convex_mesh_per_channel
1849,4,711850,13,3,13,1,1250,4,1,6.949692180067e-05,5,13,6611.324145,508.5633957692,24901.62073735,264,243,1,0,0.0218082,convex_mesh_per_channel
1850,4,711851,13,3,13,1,1500,0,0,5.028468108411e-05,0,13,6905.39499,531.18423,27181.9749426,236,215,3,1,0.0049397,convex_mesh_per_channel
1850,4,711851,13,3,13,1,1500,0,0,5.028468108411e-05,5,13,6278.89414,482.9918569231,24014.47070207,237,220,2,1,0.0362251,convex_mesh_per_channel
1851,4,711852,13,3,13,1,1000,1,1,0.000122579299867,0,13,7774.99017,598.0761669231,29889.9508414,280,257,25,3,0.0040919,convex_mesh_per_channel
1851,4,711852,13,3,13,1,1000,1,1,0.000122579299867,5,13,7751.477932,596.2675332308,29172.3896608,300,277,25,3,0.015633,convex_mesh_per_channel
1852,4,711853,13,3,13,1,1250,2,0,3.419039276824e-05,0,13,7290.485148,560.8065498462,28412.42574949,260,240,1,1,0.0037844,convex_mesh_per_channel
1852,4,711853,13,3,13,1,1250,2,0,3.419039276824e-05,5,13,6710.858604,516.2198926154,25849.29302993,248,224,4,1,0.0288871,convex_mesh_per_channel
1853,4,711854,13,3,13,1,1500,3,1,6.697158483216e-05,0,13,7762.960821,597.1508323846,31274.80411394,245,218,0,0,0.0060829,convex_mesh_per_channel
1853,4,711854,13,3,13,1,1500,3,1,6.697158483216e-05,5,13,7190.50503,553.1157715385,28427.52517091,244,217,1,0,0.0322834,convex_mesh_per_channel
1854,4,711855,13,3,13,1,1000,4,0,6.992695380499e-05,0,13,6721.836532,517.0643486154,25814.18266715,252,231,1,0,0.0039012,convex_mesh_per_channel
1854,4,711855,13,3,13,1,1000,4,0,6.992695380499e-05,5,13,6259.395743,481.4919802308,24136.97871786,230,211,2,0,0.0370869,convex_mesh_per_channel
1855,4,711856,13,3,13,1,1250,0,1,9.663483784919e-05,0,13,7902.683364,607.8987203077,31383.41681599,253,227,23,3,0.004204,convex_mesh_per_channel
1855,4,711856,13,3,13,1,1250,0,1,9.663483784919e-05,5,13,7909.32539,608.4096453846,29711.62695984,310,283,23,3,0.0164674,convex_mesh_per_channel
1856,4,711857,13,3,13,1,1500,1,0,0.0001096904193172,0,13,7361.693335,566.2841026923,28643.4666882,258,236,14,1,0.0047866,convex_mesh_per_channel
1856,4,711857,13,3,13,1,1500,1,0,0.0001096904193172,5,13,7003.570946,538.7362266154,26922.85474062,261,237,4,0,0.0257262,convex_mesh_per_channel
1857,4,711858,13,3,13,1,1000,2,1,6.058960869641e-05,0,13,7496.34902,576.6422323077,28971.7451323,269,247,15,1,0.0036292,convex_mesh_per_channel
1857,4,711858,13,3,13,1,1000,2,1,6.058960869641e-05,5,13,7113.304425,547.1772634615,26741.52211018,286,264,2,0,0.021679,convex_mesh_per_channel
1858,4,711859,13,3,13,1,1250,3,0,8.209808132948e-05,0,13,7243.249512,557.1730393846,28061.24757929,265,241,0,0,0.004509,convex_mesh_per_channel
1858,4,711859,13,3,13,1,1250,3,0,8.209808132948e-05,5,13,6895.442266,530.4186358462,26477.21135738,253,234,12,1,0.0251719,convex_mesh_per_channel
1859,4,711860,13,3,13,1,1500,4,1,4.680237824847e-05,0,13,6652.601693,511.7385917692,25588.00846164,246,228,4,1,0.0045488,convex_mesh_per_channel
1859,4,711860,13,3,13,1,1500,4,1,4.680237824847e-05,5,13,6648.986451,511.4604962308,25549.93226413,245,222,9,1,0.0295565,convex_mesh_per_channel
1860,4,711861,13,3,13,2,1000,0,0,0.1068762929768,0,13,6487.314362,499.0241816923,24241.57179524,266,244,0,0,0.0046011,convex_mesh_per_channel
1860,4,711861,13,3,13,2,1000,0,0,0.1068762929768,5,13,6016.791088,462.8300836923,21888.95544618,266,244,0,0,0.025938,convex_mesh_per_channel
1861,4,711862,13,3,13,2,1250,1,1,0.03632488817469,0,13,7725.456051,594.2658500769,29407.28026818,294,261,16,3,0.0043233,convex_mesh_per_channel
1861,4,711862,13,3,13,2,1250,1,1,0.03632488817469,5,13,7181.461465,552.4201126923,26757.30734366,293,264,12,2,0.01795,convex_mesh_per_channel
1862,4,711863,13,3,13,2,1500,2,0,0.2029333852625,0,13,6619.368664,509.1822049231,25691.84333227,238,208,6,0,0.0067851,convex_mesh_per_channel
1862,4,711863,13,3,13,2,1500,2,0,0.2029333852625,5,13,6121.213359,470.8625660769,23341.06679477,233,208,5,0,0.0427055,convex_mesh_per_channel
1863,4,711864,13,3,13,2,1000,3,1,0.06456741265287,0,13,7016.550123,539.7346248462,26132.75061436,291,270,0,1,0.0039791,convex_mesh_per_channel
1863,4,711864,13,3,13,2,1000,3,1,0.06456741265287,5,13,6702.433939,515.5718414615,25377.16968273,260,238,8,2,0.0275973,convex_mesh_per_channel
1864,4,711865,13,3,13,2,1250,4,0,0.05684773771095,0,13,8079.182211,621.4755546923,29075.91096442,339,297,69,3,0.003475,convex_mesh_per_channel
1864,4,711865,13,3,13,2,1250,4,0,0.05684773771095,5,13,7631.559623,587.0430479231,26892.79797901,334,299,73,2,0.014955,convex_mesh_per_channel
1865,4,711866,13,3,13,2,1500,0,1,0.345010171751,0,13,7636.306187,587.4081682308,28891.53095154,300,272,7,1,0.0041178,convex_mesh_per_channel
1865,4,711866,13,3,13,2,1500,0,1,0.345010171751,5,13,6880.379308,529.2599467692,25211.89653949,296,272,7,1,0.0223744,convex_mesh_per_channel
1866,4,711867,13,3,13,2,1000,1,0,0.08263747060382,0,13,6184.556763,475.7351356154,24237.78382332,215,194,1,0,0.0064147,convex_mesh_per_channel
1866,4,711867,13,3,13,2,1000,1,0,0.08263747060382,5,13,6071.730366,467.056182,23103.65181796,228,207,13,1,0.0392797,convex_mesh_per_channel
1867,4,711868,13,3,13,2,1250,2,1,0.06371884803066,0,13,6657.488824,512.1145249231,25847.44413265,237,214,8,1,0.0053434,convex_mesh_per_channel
1867,4,711868,13,3,13,2,1250,2,1,0.06371884803066,5,13,5916.934152,455.1487809231,22204.67075837,237,214,4,0,0.0370417,convex_mesh_per_channel
1868,4,711869,13,3,13,2,1500,3,0,0.2300451714458,0,13,7717.030394,593.6177226154,27090.15199676,373,345,8,2,0.0025154,convex_mesh_per_channel
1868,4,711869,13,3,13,2,1500,3,0,0.2300451714458,5,13,6982.955447,537.150419,26759.77725745,257,233,16,2,0.023925,convex_mesh_per_channel
1869,4,711870,13,3,13,2,1000,4,1,0.1276803750244,0,13,6930.360243,533.1046340769,28251.80123284,206,182,1,1,0.0079818,convex_mesh_per_channel
1869,4,711870,13,3,13,2,1000,4,1,0.1276803750244,5,13,6700.750234,515.4423256923,25923.75116997,245,217,3,1,0.0246364,convex_mesh_per_channel
1870,4,711871,13,3,13,2,1250,0,0,0.1708693128168,0,13,7519.514041,578.424157,27662.5702572,311,283,28,2,0.0036383,convex_mesh_per_channel
1870,4,711871,13,3,13,2,1250,0,0,0.1708693128168,5,13,6826.831271,525.140867,24379.15636258,313,282,13,2,0.0148247,convex_mesh_per_channel
1871,4,711872,13,3,13,2,1500,1,1,0.02013758681705,0,13,6533.583326,502.5833327692,25732.91664216,220,192,10,1,0.0079035,convex_mesh_per_channel
1871,4,711872,13,3,13,2,1500,1,1,0.02013758681705,5,13,6008.998821,462.2306785385,23229.99411902,218,193,5,0,0.034805,convex_mesh_per_channel
1872,4,711873,13,3,13,2,1000,2,0,0.0939401586795,0,13,6175.230597,475.0177382308,23751.15298777,229,209,2,0,0.00559,convex_mesh_per_channel
1872,4,711873,13,3,13,2,1000,2,0,0.0939401586795,5,13,5749.219376,442.2476443077,21291.09687463,240,217,3,0,0.0372761,convex_mesh_per_channel
1873,4,711874,13,3,13,2,1250,3,1,0.08713708870081,0,13,7214.011527,554.9239636154,26595.05764456,305,281,8,1,0.004146,convex_mesh_per_channel
1873,4,711874,13,3,13,2,1250,3,1,0.08713708870081,5,13,5828.482851,448.3448346923,21232.41425571,256,237,0,0,0.0253999,convex_mesh_per_channel
1874,4,711875,13,3,13,2,1500,4,0,0.09238049328514,0,13,7144.291655,549.5608965385,27386.45829082,270,237,5,1,0.0054531,convex_mesh_per_channel
1874,4,711875,13,3,13,2,1500,4,0,0.09238049328514,5,13,6626.88457,509.7603515385,24879.42284892,266,238,6,1,0.0265183,convex_mesh_per_channel
1875,4,711876,13,3,13,2,1000,0,1,0.1457012336512,0,13,6536.830834,502.8331410769,23429.15418115,301,281,0,0,0.0036044,convex_mesh_per_channel
1875,4,711876,13,3,13,2,1000,0,1,0.1457012336512,5,13,6307.426623,485.1866633077,22177.13312751,305,282,0,0,0.017755,convex_mesh_per_channel
1876,4,711877,13,3,13,2,1250,1,0,0.07773114890416,0,13,6995.916074,538.1473903077,26279.58036669,282,250,5,1,0.0054202,convex_mesh_per_channel
1876,4,711877,13,3,13,2,1250,1,0,0.07773114890416,5,13,7031.100686,540.8538989231,26380.50343205,285,250,5,1,0.0246164,convex_mesh_per_channel
1877,4,711878,13,3,13,2,1500,2,1,0.09613952322436,0,13,8108.443627,623.7264328462,31352.21818294,291,255,21,3,0.0050699,convex_mesh_per_channel
1877,4,711878,13,3,13,2,1500,2,1,0.09613952322436,5,13,6304.779715,484.983055,23373.89859885,257,226,18,1,0.0242618,convex_mesh_per_channel
1878,4,711879,13,3,13,2,1000,3,0,0.08803907785923,0,13,6817.812706,524.4471312308,26159.06354025,257,236,0,0,0.004976,convex_mesh_per_channel
1878,4,711879,13,3,13,2,1000,3,0,0.08803907785923,5,13,6447.809415,495.9853396154,24049.04708786,266,243,0,0,0.0232296,convex_mesh_per_channel
1879,4,711880,13,3,13,2,1250,4,1,0.02649906236024,0,13,6297.404322,484.4157170769,25397.02160176,192,172,7,1,0.007458,convex_mesh_per_channel
1879,4,711880,13,3,13,2,1250,4,1,0.02649906236024,5,13,6562.166748,504.7820575385,25005.83373402,249,221,10,1,0.0394467,convex_mesh_per_channel
1880,4,711881,13,3,13,2,1500,0,0,0.07175785229201,0,13,6210.035565,477.6950434615,25130.17783265,190,169,0,1,0.0081524,convex_mesh_per_channel
1880,4,711881,13,3,13,2,1500,0,0,0.07175785229201,5,13,6151.366885,473.1820680769,23801.83442557,224,203,1,1,0.0397422,convex_mesh_per_channel
1881,4,711882,13,3,13,2,1000,1,1,0.05625219137105,0,13,7268.228892,559.0945301538,28936.14446515,237,201,10,0,0.008837,convex_mesh_per_channel
1881,4,711882,13,3,13,2,1000,1,1,0.05625219137105,5,13,6383.46506,491.0357738462,22567.32531045,303,278,4,0,0.0156899,convex_mesh_per_channel
1882,4,711883,13,3,13,2,1250,2,0,0.08622140106035,0,13,7202.857716,554.0659781538,27394.2885786,279,249,5,1,0.0047126,convex_mesh_per_channel
1882,4,711883,13,3,13,2,1250,2,0,0.08622140106035,5,13,6493.280375,499.4831057692,23196.40189385,300,271,6,0,0.0178147,convex_mesh_per_channel
1883,4,711884,13,3,13,2,1500,3,1,0.0481420352108,0,13,7631.77052,587.0592707692,29673.85261447,276,252,0,0,0.0059552,convex_mesh_per_channel
1883,4,711884,13,3,13,2,1500,3,1,0.0481420352108,5,13,6941.558972,533.9660747692,26217.79486201,276,253,0,0,0.0195697,convex_mesh_per_channel
1884,4,711885,13,3,13,2,1000,4,0,0.2421203108798,0,13,6593.688745,507.2068265385,24288.44372338,281,254,4,1,0.0039664,convex_mesh_per_channel
1884,4,711885,13,3,13,2,1000,4,0,0.2421203108798,5,13,6117.286694,470.5605149231,22041.43346817,277,256,1,0,0.018921,convex_mesh_per_channel
1885,4,711886,13,3,13,2,1250,0,1,0.3317504708405,0,13,7724.489283,594.1914833077,30777.44644211,243,214,25,3,0.00639,convex_mesh_per_channel
1885,4,711886,13,3,13,2,1250,0,1,0.3317504708405,5,13,6162.999805,474.0769080769,23264.99901649,239,214,12,1,0.0313519,convex_mesh_per_channel
1886,4,711887,13,3,13,2,1500,1,0,0.1182357217942,0,13,7258.190024,558.3223095385,28620.95013478,248,217,4,1,0.006094,convex_mesh_per_channel
1886,4,711887,13,3,13,2,1500,1,0,0.1182357217942,5,13,6370.318977,490.0245366923,24151.59488242,248,217,6,2,0.0283248,convex_mesh_per_channel
1887,4,711888,13,3,13,2,1000,2,1,0.05868748241388,0,13,6981.953723,537.0733633077,27109.76863448,246,223,14,3,0.00576,convex_mesh_per_channel
1887,4,711888,13,3,13,2,1000,2,1,0.05868748241388,5,13,6606.023373,508.1556440769,24665.11687962,268,244,8,2,0.0211693,convex_mesh_per_channel
1888,4,711889,13,3,13,2,1250,3,0,0.05954207421765,0,13,6668.772511,512.9825008462,27123.86256927,198,171,6,1,0.0086294,convex_mesh_per_channel
1888,4,711889,13,3,13,2,1250,3,0,0.05954207421765,5,13,5842.586075,449.4296980769,22242.93038235,225,204,0,0,0.0435242,convex_mesh_per_channel
1889,4,711890,13,3,13,2,1500,4,1,0.1370045999734,0,13,7052.227108,542.4790083077,27346.13554107,256,229,3,0,0.0049775,convex_mesh_per_channel
1889,4,711890,13,3,13,2,1500,4,1,0.1370045999734,5,13,6250.04517,480.7727053846,23255.22585257,258,229,5,0,0.0240574,convex_mesh_per_channel
1890,4,711891,13,7,0,0,1000,0,0,0.7921058097074,0,13,6604.50331,508.0387161538,25167.51655149,253,238,1,0,0.0050967,convex_mesh_per_channel
1890,4,711891,13,7,0,0,1000,0,0,0.7921058097074,5,13,6212.530867,477.8869897692,23797.65434548,234,215,1,0,0.0182388,convex_mesh_per_channel
1891,4,711892,13,7,0,0,1250,1,1,0.1710617876023,0,13,7750.86179,596.2201376923,30274.30896169,275,232,8,3,0.0042398,convex_mesh_per_channel
1891,4,711892,13,7,0,0,1250,1,1,0.1710617876023,5,13,6721.575285,517.0442526923,25577.87642334,259,243,1,0,0.0135793,convex_mesh_per_channel
1892,4,711893,13,7,0,0,1500,2,0,0.7745806976589,0,13,6891.885587,530.1450451538,26874.42804446,224,200,44,1,0.0074317,convex_mesh_per_channel
1892,4,711893,13,7,0,0,1500,2,0,0.7745806976589,5,13,6290.927806,483.9175235385,24304.63902849,230,209,2,0,0.0244837,convex_mesh_per_channel
1893,4,711894,13,7,0,0,1000,3,1,0.8001109764946,0,13,7861.849122,604.7576247692,30264.24549265,245,219,100,3,0.0058249,convex_mesh_per_channel
1893,4,711894,13,7,0,0,1000,3,1,0.8001109764946,5,13,6577.379483,505.9522679231,24836.89741193,243,228,34,1,0.021644,convex_mesh_per_channel
1894,4,711895,13,7,0,0,1250,4,0,0.6832407749327,0,13,6195.475048,476.5750036923,23902.37524459,226,202,6,0,0.0068133,convex_mesh_per_channel
1894,4,711895,13,7,0,0,1250,4,0,0.6832407749327,5,13,5847.990462,449.8454201538,22474.95231426,216,190,6,0,0.0270121,convex_mesh_per_channel
1895,4,711896,13,7,0,0,1500,0,1,0.3056196786402,0,13,6726.359188,517.4122452308,26181.79592932,240,210,5,1,0.006267,convex_mesh_per_channel
1895,4,711896,13,7,0,0,1500,0,1,0.3056196786402,5,13,6959.127845,535.3175265385,26885.63919223,243,218,28,1,0.0227716,convex_mesh_per_channel
1896,4,711897,13,7,0,0,1000,1,0,0.462399241439,0,13,6898.606508,530.6620390769,27133.03254778,237,216,2,0,0.0057578,convex_mesh_per_channel
1896,4,711897,13,7,0,0,1000,1,0,0.462399241439,5,13,6621.028005,509.3098465385,25725.14002962,237,217,3,0,0.0168927,convex_mesh_per_channel
1897,4,711898,13,7,0,0,1250,2,1,0.8102041323104,0,13,7457.293203,573.6379386923,28141.46601526,290,263,17,2,0.0043681,convex_mesh_per_channel
1897,4,711898,13,7,0,0,1250,2,1,0.8102041323104,5,13,7270.137691,559.2413608462,27870.68845742,267,245,17,2,0.0135709,convex_mesh_per_channel
1898,4,711899,13,7,0,0,1500,3,0,0.5603913566487,0,13,6334.219357,487.2476428462,24756.09678049,224,198,0,1,0.0082961,convex_mesh_per_channel
1898,4,711899,13,7,0,0,1500,3,0,0.5603913566487,5,13,7173.401772,551.8001363077,28282.00879079,207,177,80,2,0.0286374,convex_mesh_per_channel
1899,4,711900,13,7,0,0,1000,4,1,0.4682953254295,0,13,7990.983638,614.6910490769,30554.91806782,265,244,82,2,0.0037579,convex_mesh_per_channel
1899,4,711900,13,7,0,0,1000,4,1,0.4682953254295,5,13,7442.691041,572.5146954615,28268.45513495,268,246,46,1,0.0129215,convex_mesh_per_channel
1900,4,711901,13,7,0,0,1250,0,0,0.6028930939673,0,13,7291.656077,560.8966213077,27643.28027242,241,217,92,2,0.0061701,convex_mesh_per_channel
1900,4,711901,13,7,0,0,1250,0,0,0.6028930939673,5,13,7652.083899,588.6218383846,29230.41936341,248,219,94,2,0.0174868,convex_mesh_per_channel
1901,4,711902,13,7,0,0,1500,1,1,0.6938145689236,0,13,6883.428027,529.4944636154,27572.14012124,215,187,14,2,0.0068156,convex_mesh_per_channel
1901,4,711902,13,7,0,0,1500,1,1,0.6938145689236,5,13,7369.547668,566.8882821538,29187.7382729,220,193,58,3,0.0206237,convex_mesh_per_channel
1902,4,711903,13,7,0,0,1000,2,0,0.2027913055436,0,13,7239.823577,556.9095059231,27364.11786089,271,245,34,1,0.0041815,convex_mesh_per_channel
1902,4,711903,13,7,0,0,1000,2,0,0.2027913055436,5,13,6947.294812,534.4072932308,27436.47401603,219,195,35,1,0.0214539,convex_mesh_per_channel
1903,4,711904,13,7,0,0,1250,3,1,0.8305700417057,0,13,7098.598254,546.0460195385,27732.9912698,251,229,1,1,0.0051824,convex_mesh_per_channel
1903,4,711904,13,7,0,0,1250,3,1,0.8305700417057,5,13,6414.654823,493.4349863846,25293.27411303,219,196,0,0,0.0205413,convex_mesh_per_channel
1904,4,711905,13,7,0,0,1500,4,0,0.6304765585086,0,13,7095.960453,545.8431117692,28314.80229055,227,188,15,2,0.0081392,convex_mesh_per_channel
1904,4,711905,13,7,0,0,1500,4,0,0.6304765585086,5,13,7897.013639,607.4625876154,30815.06817176,229,188,112,4,0.022685,convex_mesh_per_channel
1905,4,711906,13,7,0,0,1000,0,1,0.6910608855505,0,13,8212.165336,631.7050258462,31940.82664327,246,226,101,2,0.0040558,convex_mesh_per_channel
1905,4,711906,13,7,0,0,1000,0,1,0.6910608855505,5,13,6586.176961,506.628997,24530.88481446,272,255,0,0,0.0134628,convex_mesh_per_channel
1906,4,711907,13,7,0,0,1250,1,0,0.721368422755,0,13,6737.459563,518.2661202308,25957.29781646,244,216,15,2,0.0050127,convex_mesh_per_channel
1906,4,711907,13,7,0,0,1250,1,0,0.721368422755,5,13,6354.637667,488.8182820769,23913.18834066,253,233,3,0,0.0150419,convex_mesh_per_channel
1907,4,711908,13,7,0,0,1500,2,1,0.6577475377043,0,13,9092.441635,699.4185873077,35552.20799792,233,209,181,2,0.0063761,convex_mesh_per_channel
1907,4,711908,13,7,0,0,1500,2,1,0.6577475377043,5,13,7126.674764,548.2057510769,28438.37381891,232,205,3,0,0.022547,convex_mesh_per_channel
1908,4,711909,13,7,0,0,1000,3,0,0.515278240529,0,13,6753.158653,519.4737425385,25480.793268,266,244,6,2,0.0039276,convex_mesh_per_channel
1908,4,711909,13,7,0,0,1000,3,0,0.515278240529,5,13,6724.284245,517.2526342308,25046.42111208,256,238,44,1,0.0154123,convex_mesh_per_channel
1909,4,711910,13,7,0,0,1250,4,1,0.5965114749045,0,13,6921.957897,532.4582997692,26184.78949824,273,252,1,0,0.0047434,convex_mesh_per_channel
1909,4,711910,13,7,0,0,1250,4,1,0.5965114749045,5,13,5894.755124,453.4427018462,22373.77562069,227,214,2,0,0.0203664,convex_mesh_per_channel
1910,4,711911,13,7,0,0,1500,0,0,0.8223784247603,0,13,6681.197246,513.9382496923,26730.98623386,210,178,14,2,0.0079979,convex_mesh_per_channel
1910,4,711911,13,7,0,0,1500,0,0,0.8223784247603,5,13,6487.950401,499.0731077692,26034.75200556,206,183,1,0,0.0247675,convex_mesh_per_channel
1911,4,711912,13,7,0,0,1000,1,1,0.552724812055,0,13,7092.220903,545.5554540769,27441.10452355,258,240,3,0,0.0044365,convex_mesh_per_channel
1911,4,711912,13,7,0,0,1000,1,1,0.552724812055,5,13,6665.324795,512.7172919231,24996.62398346,269,244,4,0,0.015388,convex_mesh_per_channel
1912,4,711913,13,7,0,0,1250,2,0,0.7824874657432,0,13,7646.044932,588.1573024615,29425.22454231,241,212,93,1,0.0057787,convex_mesh_per_channel
1912,4,711913,13,7,0,0,1250,2,0,0.7824874657432,5,13,6765.412462,520.4163432308,26607.06226162,215,190,38,1,0.0237252,convex_mesh_per_channel
1913,4,711914,13,7,0,0,1500,3,1,0.8045154799289,0,13,7545.879651,580.4522808462,29224.39826238,273,235,12,3,0.004648,convex_mesh_per_channel
1913,4,711914,13,7,0,0,1500,3,1,0.8045154799289,5,13,6641.269328,510.8668713846,25921.34663655,235,211,2,0,0.0219408,convex_mesh_per_channel
1914,4,711915,13,7,0,0,1000,4,0,0.655667848511,0,13,8792.945117,676.3803936154,32224.72562042,316,298,135,2,0.0026199,convex_mesh_per_channel
1914,4,711915,13,7,0,0,1000,4,0,0.655667848511,5,13,6929.278848,533.0214498462,25621.39436976,261,237,66,1,0.0207529,convex_mesh_per_channel
1915,4,711916,13,7,0,0,1250,0,1,0.4564261897017,0,13,7968.667731,612.9744408462,31843.33863833,241,216,38,2,0.0044473,convex_mesh_per_channel
1915,4,711916,13,7,0,0,1250,0,1,0.4564261897017,5,13,6844.493833,526.4995256154,25697.4691665,276,242,6,2,0.0173907,convex_mesh_per_channel
1916,4,711917,13,7,0,0,1500,1,0,0.7629512837692,0,13,6903.206157,531.0158582308,27256.03079846,217,179,41,4,0.0119232,convex_mesh_per_channel
1916,4,711917,13,7,0,0,1500,1,0,0.7629512837692,5,13,6835.992597,525.8455843846,27519.96298354,213,172,10,2,0.0402046,convex_mesh_per_channel
1917,4,711918,13,7,0,0,1000,2,1,0.4895297257677,0,13,8306.4189,638.9553,31967.09454564,285,261,54,3,0.003687,convex_mesh_per_channel
1917,4,711918,13,7,0,0,1000,2,1,0.4895297257677,5,13,6980.78556,536.9835046154,26233.92780517,270,250,23,1,0.0166255,convex_mesh_per_channel
1918,4,711919,13,7,0,0,1250,3,0,0.4021725250405,0,13,7499.20557,576.8619669231,27881.02778893,280,260,66,1,0.0040349,convex_mesh_per_channel
1918,4,711919,13,7,0,0,1250,3,0,0.4021725250405,5,13,7353.328676,565.6406673846,28826.64337705,221,196,74,1,0.0250908,convex_mesh_per_channel
1919,4,711920,13,7,0,0,1500,4,1,0.5684154186665,0,13,8052.462611,619.4202008462,31892.31310418,248,222,49,2,0.0058705,convex_mesh_per_channel
1919,4,711920,13,7,0,0,1500,4,1,0.5684154186665,5,13,7790.365804,599.258908,29991.82908493,266,241,52,3,0.0161277,convex_mesh_per_channel
1920,4,711921,13,7,0,1,1000,0,0,9.047069695092e-05,0,13,7265.382758,558.8755967692,28561.91373848,236,212,32,1,0.0055231,convex_mesh_per_channel
1920,4,711921,13,7,0,1,1000,0,0,9.047069695092e-05,5,13,6842.559523,526.3507325385,27162.79754779,208,188,39,1,0.0308246,convex_mesh_per_channel
1921,4,711922,13,7,0,1,1250,1,1,0.0001633163633862,0,13,7793.753706,599.5195158462,29803.76854145,247,218,105,2,0.0053882,convex_mesh_per_channel
1921,4,711922,13,7,0,1,1250,1,1,0.0001633163633862,5,13,7884.190823,606.4762171538,30010.95412431,256,231,102,1,0.0190063,convex_mesh_per_channel
1922,4,711923,13,7,0,1,1500,2,0,4.705461081986e-05,0,13,7092.557199,545.581323,28382.78600848,230,201,0,0,0.0078197,convex_mesh_per_channel
1922,4,711923,13,7,0,1,1500,2,0,4.705461081986e-05,5,13,7300.129396,561.5484150769,29515.64699846,211,178,33,2,0.0368885,convex_mesh_per_channel
1923,4,711924,13,7,0,1,1000,3,1,0.0001041622595635,0,13,8481.616071,652.4320054615,33798.08036783,236,210,89,3,0.0046887,convex_mesh_per_channel
1923,4,711924,13,7,0,1,1000,3,1,0.0001041622595635,5,13,7887.123278,606.7017906154,30870.61639754,234,211,89,3,0.0155744,convex_mesh_per_channel
1924,4,711925,13,7,0,1,1250,4,0,9.247387179145e-05,0,13,7431.538631,571.6568177692,28527.69315951,238,210,87,1,0.0050995,convex_mesh_per_channel
1924,4,711925,13,7,0,1,1250,4,0,9.247387179145e-05,5,13,7183.862334,552.6047949231,27479.31166409,232,205,86,1,0.0247745,convex_mesh_per_channel
1925,4,711926,13,7,0,1,1500,0,1,8.063614345631e-05,0,13,7857.472392,604.4209532308,31472.36194553,218,189,73,3,0.0063167,convex_mesh_per_channel
1925,4,711926,13,7,0,1,1500,0,1,8.063614345631e-05,5,13,6180.72899,475.4406915385,23808.64494189,227,204,5,1,0.0345814,convex_mesh_per_channel
1926,4,711927,13,7,0,1,1000,1,0,6.746909414494e-05,0,13,7770.688155,597.7452426923,30563.44077402,221,194,98,2,0.0062572,convex_mesh_per_channel
1926,4,711927,13,7,0,1,1000,1,0,6.746909414494e-05,5,13,7676.58246,590.5063430769,29787.91231253,232,206,96,2,0.0233525,convex_mesh_per_channel
1927,4,711928,13,7,0,1,1250,2,1,7.16957801469e-05,0,13,7885.544028,606.5803098462,30397.7201228,289,260,12,1,0.0041472,convex_mesh_per_channel
1927,4,711928,13,7,0,1,1250,2,1,7.16957801469e-05,5,13,7613.049519,585.6191937692,27910.24754132,316,281,35,2,0.0142736,convex_mesh_per_channel
1928,4,711929,13,7,0,1,1500,3,0,8.556085063877e-05,0,13,7585.757388,583.5197990769,31948.78693618,193,166,0,0,0.0109741,convex_mesh_per_channel
1928,4,711929,13,7,0,1,1500,3,0,8.556085063877e-05,5,13,6424.09695,494.1613038462,26315.484744,186,166,0,0,0.0516625,convex_mesh_per_channel
1929,4,711930,13,7,0,1,1000,4,1,3.552233713955e-05,0,13,8394.034815,645.6949857692,32175.17408133,265,236,111,4,0.0043692,convex_mesh_per_channel
1929,4,711930,13,7,0,1,1000,4,1,3.552233713955e-05,5,13,6650.82661,511.6020469231,24979.13307761,254,233,29,1,0.0196855,convex_mesh_per_channel
1930,4,711931,13,7,0,1,1250,0,0,6.81556564369e-05,0,13,7630.232476,586.9409596923,30231.16246546,207,181,101,2,0.0085361,convex_mesh_per_channel
1930,4,711931,13,7,0,1,1250,0,0,6.81556564369e-05,5,13,6464.747557,497.2882736154,25433.73777894,222,203,0,0,0.03684,convex_mesh_per_channel
1931,4,711932,13,7,0,1,1500,1,1,8.651076328615e-05,0,13,6915.883913,531.9910702308,27584.41957273,226,198,2,0,0.0070106,convex_mesh_per_channel
1931,4,711932,13,7,0,1,1500,1,1,8.651076328615e-05,5,13,6972.562259,536.350943,27452.81129817,239,219,1,0,0.0248838,convex_mesh_per_channel
1932,4,711933,13,7,0,1,1000,2,0,6.560248329329e-05,0,13,7527.861053,579.0662348462,30919.30524211,209,174,20,1,0.0069647,convex_mesh_per_channel
1932,4,711933,13,7,0,1,1000,2,0,6.560248329329e-05,5,13,5776.560358,444.3507967692,22517.80178999,204,182,2,0,0.0318282,convex_mesh_per_channel
1933,4,711934,13,7,0,1,1250,3,1,6.24302753152e-05,0,13,7989.735189,614.5950145385,30953.67600816,261,225,68,4,0.0043391,convex_mesh_per_channel
1933,4,711934,13,7,0,1,1250,3,1,6.24302753152e-05,5,13,6570.013338,505.3856413846,25655.06670707,231,201,6,1,0.0248296,convex_mesh_per_channel
1934,4,711935,13,7,0,1,1500,4,0,5.676788103183e-05,0,13,8198.970784,630.6900603077,32374.8537588,235,208,92,3,0.0083849,convex_mesh_per_channel
1934,4,711935,13,7,0,1,1500,4,0,5.676788103183e-05,5,13,6802.641743,523.2801340769,27478.20870423,208,178,8,1,0.0450747,convex_mesh_per_channel
1935,4,711936,13,7,0,1,1000,0,1,7.071068430204e-05,0,13,9084.382767,698.7986743846,36356.9138077,232,204,128,3,0.0051025,convex_mesh_per_channel
1935,4,711936,13,7,0,1,1000,0,1,7.071068430204e-05,5,13,7529.421486,579.1862681538,28697.10747468,265,229,57,4,0.0268027,convex_mesh_per_channel
1936,4,711937,13,7,0,1,1250,1,0,9.077565257678e-05,0,13,7566.419793,582.0322917692,29682.09896233,248,220,35,3,0.0057283,convex_mesh_per_channel
1936,4,711937,13,7,0,1,1250,1,0,9.077565257678e-05,5,13,7278.642459,559.8955737692,28783.21229903,230,208,33,2,0.0276642,convex_mesh_per_channel
1937,4,711938,13,7,0,1,1500,2,1,9.879598234378e-06,0,13,7752.941376,596.3801058462,31449.70681001,224,197,27,1,0.0055586,convex_mesh_per_channel
1937,4,711938,13,7,0,1,1500,2,1,9.879598234378e-06,5,13,7291.605187,560.8927066923,29438.02593498,228,190,3,0,0.040527,convex_mesh_per_channel
1938,4,711939,13,7,0,1,1000,3,0,3.115097392742e-05,0,13,6747.270406,519.0208004615,26221.35206007,230,210,26,1,0.0054885,convex_mesh_per_channel
1938,4,711939,13,7,0,1,1000,3,0,3.115097392742e-05,5,13,6403.151121,492.5500862308,24905.75560666,230,207,0,0,0.0209616,convex_mesh_per_channel
1939,4,711940,13,7,0,1,1250,4,1,0.0001300429031575,0,13,8349.515498,642.2704229231,32552.57755842,236,210,128,3,0.0044,convex_mesh_per_channel
1939,4,711940,13,7,0,1,1250,4,1,0.0001300429031575,5,13,6495.084903,499.6219156154,24950.42452145,242,218,4,1,0.0257972,convex_mesh_per_channel
1940,4,711941,13,7,0,1,1500,0,0,4.766907066114e-05,0,13,8272.316756,636.3320581538,33381.58372191,205,173,111,3,0.0067422,convex_mesh_per_channel
1940,4,711941,13,7,0,1,1500,0,0,4.766907066114e-05,5,13,7215.578424,555.0444941538,28332.89211002,239,211,26,3,0.0315267,convex_mesh_per_channel
1941,4,711942,13,7,0,1,1000,1,1,0.0001622555600695,0,13,9895.931307,761.2254851538,38894.65643594,218,194,256,4,0.0063481,convex_mesh_per_channel
1941,4,711942,13,7,0,1,1000,1,1,0.0001622555600695,5,13,9296.398629,715.1075868462,35741.99302703,232,209,238,3,0.0205023,convex_mesh_per_channel
1942,4,711943,13,7,0,1,1250,2,0,9.874188160533e-05,0,13,7606.347592,585.1036609231,30816.73794544,214,185,41,1,0.0083666,convex_mesh_per_channel
1942,4,711943,13,7,0,1,1250,2,0,9.874188160533e-05,5,13,7093.955275,545.6888673077,27819.77636592,229,203,39,1,0.0293281,convex_mesh_per_channel
1943,4,711944,13,7,0,1,1500,3,1,6.978651775656e-05,0,13,7669.389389,589.9530299231,30691.94694894,246,218,6,2,0.007023,convex_mesh_per_channel
1943,4,711944,13,7,0,1,1500,3,1,6.978651775656e-05,5,13,7117.222532,547.4786563077,27701.11265492,253,226,7,1,0.0195269,convex_mesh_per_channel
1944,4,711945,13,7,0,1,1000,4,0,0.0001579451980908,0,13,8001.499423,615.4999556154,31702.49716682,227,200,87,2,0.00766,convex_mesh_per_channel
1944,4,711945,13,7,0,1,1000,4,0,0.0001579451980908,5,13,6748.198949,519.0922268462,26445.99474941,235,210,3,0,0.0231351,convex_mesh_per_channel
1945,4,711946,13,7,0,1,1250,0,1,9.165652317662e-05,0,13,7343.664004,564.8972310769,28153.31997623,231,211,94,1,0.0048491,convex_mesh_per_channel
1945,4,711946,13,7,0,1,1250,0,1,9.165652317662e-05,5,13,6715.52123,516.5785561538,25472.60622984,246,224,34,1,0.0192165,convex_mesh_per_channel
1946,4,711947,13,7,0,1,1500,1,0,0.0001255444042785,0,13,6692.325918,514.7943013846,27686.62960129,185,159,2,0,0.0098566,convex_mesh_per_channel
1946,4,711947,13,7,0,1,1500,1,0,0.0001255444042785,5,13,6637.612975,510.5856134615,27293.06489338,188,162,4,1,0.0404246,convex_mesh_per_channel
1947,4,711948,13,7,0,1,1000,2,1,3.892440117724e-05,0,13,6819.784129,524.5987791538,26163.9206466,256,230,4,0,0.0051549,convex_mesh_per_channel
1947,4,711948,13,7,0,1,1000,2,1,3.892440117724e-05,5,13,6438.134709,495.2411314615,23735.67355247,275,248,1,0,0.0176121,convex_mesh_per_channel
1948,4,711949,13,7,0,1,1250,3,0,7.218895415379e-05,0,13,8199.391897,630.7224536154,32696.95944565,236,211,68,2,0.0063296,convex_mesh_per_channel
1948,4,711949,13,7,0,1,1250,3,0,7.218895415379e-05,5,13,7618.95018,586.0730907692,30349.7509209,237,212,29,2,0.0204719,convex_mesh_per_channel
1949,4,711950,13,7,0,1,1500,4,1,5.713775804982e-05,0,13,8089.150554,622.2423503077,31685.75282977,271,233,33,2,0.0054226,convex_mesh_per_channel
1949,4,711950,13,7,0,1,1500,4,1,5.713775804982e-05,5,13,7376.652065,567.4347742308,28128.26038248,272,242,28,1,0.0168825,convex_mesh_per_channel
1950,4,711951,13,7,0,2,1000,0,0,0.4179477587108,0,13,8205.630074,631.2023133846,33293.15027201,192,162,120,2,0.00917,convex_mesh_per_channel
1950,4,711951,13,7,0,2,1000,0,0,0.4179477587108,5,13,6827.400441,525.1846493077,26662.00211023,190,162,106,2,0.0394598,convex_mesh_per_channel
1951,4,711952,13,7,0,2,1250,1,1,0.3001606465118,0,13,7676.496654,590.4997426154,30317.48309583,217,190,91,2,0.007361,convex_mesh_per_channel
1951,4,711952,13,7,0,2,1250,1,1,0.3001606465118,5,13,6433.977602,494.921354,25199.88802445,217,190,18,1,0.0325461,convex_mesh_per_channel
1952,4,711953,13,7,0,2,1500,2,0,0.2224984122935,0,13,8358.049983,642.9269217692,33625.2498453,190,159,153,4,0.0093641,convex_mesh_per_channel
1952,4,711953,13,7,0,2,1500,2,0,0.2224984122935,5,13,7275.652388,559.6655683077,29363.26186756,192,159,73,3,0.0413119,convex_mesh_per_channel
1953,4,711954,13,7,0,2,1000,3,1,0.2460236948011,0,13,10784.079765,829.5445973077,42920.398631,189,161,343,7,0.0093104,convex_mesh_per_channel
1953,4,711954,13,7,0,2,1000,3,1,0.2460236948011,5,13,6795.199873,522.7076825385,26820.99937641,224,198,16,1,0.0280644,convex_mesh_per_channel
1954,4,711955,13,7,0,2,1250,4,0,0.2931892958194,0,13,9481.640027,729.3569251538,38218.20002042,191,164,218,5,0.0091928,convex_mesh_per_channel
1954,4,711955,13,7,0,2,1250,4,0,0.2931892958194,5,13,6622.907101,509.4543923846,26029.53551362,199,174,61,2,0.0250811,convex_mesh_per_channel
1955,4,711956,13,7,0,2,1500,0,1,0.8044215330274,0,13,7063.873733,543.3749025385,29149.36867172,186,161,26,1,0.0094868,convex_mesh_per_channel
1955,4,711956,13,7,0,2,1500,0,1,0.8044215330274,5,13,6888.163955,529.8587657692,27275.81971842,192,168,80,1,0.0405796,convex_mesh_per_channel
1956,4,711957,13,7,0,2,1000,1,0,0.4277148411933,0,13,7694.698058,591.8998506154,31308.49023456,181,157,102,2,0.0103388,convex_mesh_per_channel
1956,4,711957,13,7,0,2,1000,1,0,0.4277148411933,5,13,8038.146271,618.3189439231,32155.73126748,193,166,137,3,0.0467593,convex_mesh_per_channel
1957,4,711958,13,7,0,2,1250,2,1,0.1509184798245,0,13,10025.497116,771.1920858462,40652.48529332,189,162,241,7,0.0078605,convex_mesh_per_channel
1957,4,711958,13,7,0,2,1250,2,1,0.1509184798245,5,13,7977.739558,613.6722736923,32113.69755556,194,166,118,4,0.0318943,convex_mesh_per_channel
1958,4,711959,13,7,0,2,1500,3,0,0.8459054273102,0,13,8653.310814,665.6392933846,34816.55384295,184,159,182,3,0.010577,convex_mesh_per_channel
1958,4,711959,13,7,0,2,1500,3,0,0.8459054273102,5,13,8042.405008,618.6465390769,31632.02480168,188,159,184,4,0.0398918,convex_mesh_per_channel
1959,4,711960,13,7,0,2,1000,4,1,0.4142707680614,0,13,7056.075828,542.7750636923,28225.37915009,227,196,5,0,0.0074356,convex_mesh_per_channel
1959,4,711960,13,7,0,2,1000,4,1,0.4142707680614,5,13,6233.372198,479.4901690769,25261.86099318,189,162,3,0,0.0265793,convex_mesh_per_channel
1960,4,711961,13,7,0,2,1250,0,0,0.5826929180737,0,13,7421.087592,570.8528916923,30445.43785971,183,160,64,2,0.0078744,convex_mesh_per_channel
1960,4,711961,13,7,0,2,1250,0,0,0.5826929180737,5,13,5829.709604,448.4392003077,22808.54803009,205,178,0,1,0.0414034,convex_mesh_per_channel
1961,4,711962,13,7,0,2,1500,1,1,0.3419709378351,0,13,10260.475213,789.2673240769,40182.37563186,193,162,344,6,0.0090672,convex_mesh_per_channel
1961,4,711962,13,7,0,2,1500,1,1,0.3419709378351,5,13,6446.320043,495.8707725385,26091.60021822,191,163,15,1,0.0363063,convex_mesh_per_channel
1962,4,711963,13,7,0,2,1000,2,0,0.8609907204154,0,13,7164.290504,551.0992695385,29381.45245038,187,159,43,1,0.0099993,convex_mesh_per_channel
1962,4,711963,13,7,0,2,1000,2,0,0.8609907204154,5,13,6331.944646,487.0726650769,25194.72316333,188,159,43,1,0.0475682,convex_mesh_per_channel
1963,4,711964,13,7,0,2,1250,3,1,0.2898151399644,0,13,9694.950491,745.7654223846,38974.75225002,189,161,243,6,0.0085308,convex_mesh_per_channel
1963,4,711964,13,7,0,2,1250,3,1,0.2898151399644,5,13,6685.599769,514.2769053077,26297.99884748,223,198,16,1,0.0261652,convex_mesh_per_channel
1964,4,711965,13,7,0,2,1500,4,0,0.2349928261421,0,13,6950.492915,534.6533011538,28322.46452678,186,159,44,1,0.0098227,convex_mesh_per_channel
1964,4,711965,13,7,0,2,1500,4,0,0.2349928261421,5,13,6279.243244,483.0187110769,24871.21617991,189,160,45,1,0.0450724,convex_mesh_per_channel
1965,4,711966,13,7,0,2,1000,0,1,0.7749891658625,0,13,6070.53589,466.9642992308,24587.67946599,185,163,0,0,0.0100325,convex_mesh_per_channel
1965,4,711966,13,7,0,2,1000,0,1,0.7749891658625,5,13,6012.125228,462.4711713846,24245.62614969,187,163,0,0,0.0256466,convex_mesh_per_channel
1966,4,711967,13,7,0,2,1250,1,0,0.2311578943431,0,13,7397.94164,569.0724338462,29589.70807305,189,161,103,3,0.0097749,convex_mesh_per_channel
1966,4,711967,13,7,0,2,1250,1,0,0.2311578943431,5,13,7655.951909,588.9193776154,30444.75943753,204,176,102,2,0.0419526,convex_mesh_per_channel
1967,4,711968,13,7,0,2,1500,2,1,0.2826466620671,0,13,10182.750668,783.2885129231,40808.75323693,191,161,280,7,0.0094275,convex_mesh_per_channel
1967,4,711968,13,7,0,2,1500,2,1,0.2826466620671,5,13,6296.406315,484.3389473077,24832.03157991,208,183,14,1,0.0342553,convex_mesh_per_channel
1968,4,711969,13,7,0,2,1000,3,0,0.2298505903047,0,13,8126.025022,625.0788478462,32925.12500423,189,165,122,3,0.0076886,convex_mesh_per_channel
1968,4,711969,13,7,0,2,1000,3,0,0.2298505903047,5,13,6910.12703,531.5482330769,27260.63509771,188,165,96,2,0.0423689,convex_mesh_per_channel
1969,4,711970,13,7,0,2,1250,4,1,0.157638389323,0,13,9806.107472,754.3159593846,38545.53719799,190,161,307,5,0.0088112,convex_mesh_per_channel
1969,4,711970,13,7,0,2,1250,4,1,0.157638389323,5,13,7108.413602,546.8010463077,27342.06786641,212,185,110,2,0.0347926,convex_mesh_per_channel
1970,4,711971,13,7,0,2,1500,0,0,0.7047393043789,0,13,6732.408677,517.8775905385,27812.04337945,177,154,22,1,0.008961,convex_mesh_per_channel
1970,4,711971,13,7,0,2,1500,0,0,0.7047393043789,5,13,6000.092927,461.5456097692,24370.46464225,181,156,0,0,0.0601529,convex_mesh_per_channel
1971,4,711972,13,7,0,2,1000,1,1,0.1763195639523,0,13,8254.039074,634.9260826154,33660.19518113,192,161,112,2,0.0101163,convex_mesh_per_channel
1971,4,711972,13,7,0,2,1000,1,1,0.1763195639523,5,13,6787.426427,522.1097251538,27092.13214328,220,183,7,0,0.0295885,convex_mesh_per_channel
1972,4,711973,13,7,0,2,1250,2,0,0.2768066443181,0,13,7831.743371,602.4417977692,31608.71669746,182,157,126,2,0.0104381,convex_mesh_per_channel
1972,4,711973,13,7,0,2,1250,2,0,0.2768066443181,5,13,7406.153082,569.7040832308,29405.76524379,185,157,126,2,0.052135,convex_mesh_per_channel
1973,4,711974,13,7,0,2,1500,3,1,0.2658233317442,0,13,7304.753189,561.9040914615,29508.76590432,218,194,18,1,0.0082177,convex_mesh_per_channel
1973,4,711974,13,7,0,2,1500,3,1,0.2658233317442,5,13,6766.554915,520.5042242308,26572.77453036,226,203,18,1,0.0199678,convex_mesh_per_channel
1974,4,711975,13,7,0,2,1000,4,0,0.3270527456349,0,13,8362.489609,643.2684314615,34122.44804341,189,162,122,2,0.0086922,convex_mesh_per_channel
1974,4,711975,13,7,0,2,1000,4,0,0.3270527456349,5,13,6642.39475,510.9534423077,26841.97375351,185,164,40,1,0.0323442,convex_mesh_per_channel
1975,4,711976,13,7,0,2,1250,0,1,0.3726533922796,0,13,9732.466073,748.6512363846,38922.32994622,186,161,264,6,0.0064661,convex_mesh_per_channel
1975,4,711976,13,7,0,2,1250,0,1,0.3726533922796,5,13,7762.671131,597.1285485385,29338.35545087,223,199,172,2,0.0242128,convex_mesh_per_channel
1976,4,711977,13,7,0,2,1500,1,0,0.1239577751824,0,13,6863.01375,527.9241346154,28400.06874345,184,159,13,1,0.0086256,convex_mesh_per_channel
1976,4,711977,13,7,0,2,1500,1,0,0.1239577751824,5,13,7159.012908,550.6933006154,28565.06440935,188,159,94,2,0.0491951,convex_mesh_per_channel
1977,4,711978,13,7,0,2,1000,2,1,0.3691240107229,0,13,8376.752711,644.3655931538,34033.76355656,193,162,126,3,0.0093151,convex_mesh_per_channel
1977,4,711978,13,7,0,2,1000,2,1,0.3691240107229,5,13,6523.798363,501.8306433077,25438.99181769,224,197,18,1,0.0306274,convex_mesh_per_channel
1978,4,711979,13,7,0,2,1250,3,0,0.7716932494639,0,13,8305.34511,638.8727007692,33556.72528417,188,160,143,2,0.0094964,convex_mesh_per_channel
1978,4,711979,13,7,0,2,1250,3,0,0.7716932494639,5,13,5684.147032,437.2420793846,22640.7351623,186,161,0,0,0.0405584,convex_mesh_per_channel
1979,4,711980,13,7,0,2,1500,4,1,0.3373026955453,0,13,8371.306153,643.9466271538,33426.5307012,185,162,178,4,0.0093482,convex_mesh_per_channel
1979,4,711980,13,7,0,2,1500,4,1,0.3373026955453,5,13,5974.371825,459.5670634615,23351.8591154,210,183,2,0,0.0374141,convex_mesh_per_channel
1980,4,711981,13,7,7,0,1000,0,0,0.3133016065897,0,13,8231.29841,633.1768007692,31186.49202445,259,238,132,3,0.0046238,convex_mesh_per_channel
1980,4,711981,13,7,7,0,1000,0,0,0.3133016065897,5,13,6563.65555,504.8965807692,24498.27777162,229,208,82,1,0.0287711,convex_mesh_per_channel
1981,4,711982,13,7,7,0,1250,1,1,0.5517664135553,0,13,8806.270786,677.4054450769,33456.35378841,283,257,126,4,0.0039759,convex_mesh_per_channel
1981,4,711982,13,7,7,0,1250,1,1,0.5517664135553,5,13,9161.576811,704.7366777692,34892.8839178,289,262,137,5,0.0131169,convex_mesh_per_channel
1982,4,711983,13,7,7,0,1500,2,0,0.7276090932694,0,13,6779.945416,521.5342627692,26024.72707732,254,228,4,1,0.0041889,convex_mesh_per_channel
1982,4,711983,13,7,7,0,1500,2,0,0.7276090932694,5,13,6729.347541,517.6421185385,26116.73769809,238,206,15,2,0.0208872,convex_mesh_per_channel
1983,4,711984,13,7,7,0,1000,3,1,0.397564418037,0,13,7529.425283,579.1865602308,28447.12641787,293,274,12,1,0.003304,convex_mesh_per_channel
1983,4,711984,13,7,7,0,1000,3,1,0.397564418037,5,13,7975.810483,613.5238833077,29639.05246469,309,288,50,2,0.0113187,convex_mesh_per_channel
1984,4,711985,13,7,7,0,1250,4,0,0.7703580201427,0,13,7015.277869,539.6367591538,26361.38933628,275,255,16,1,0.004789,convex_mesh_per_channel
1984,4,711985,13,7,7,0,1250,4,0,0.7703580201427,5,13,7029.576269,540.7366360769,26422.88136803,280,253,9,2,0.0133372,convex_mesh_per_channel
1985,4,711986,13,7,7,0,1500,0,1,0.5995397007473,0,13,6418.512683,493.7317448462,23487.56342902,278,263,1,1,0.0033418,convex_mesh_per_channel
1985,4,711986,13,7,7,0,1500,0,1,0.5995397007473,5,13,6202.301178,477.1000906154,22366.50589454,279,266,1,1,0.0121852,convex_mesh_per_channel
1986,4,711987,13,7,7,0,1000,1,0,0.8557382867177,0,13,7171.098415,551.622955,27325.49209093,275,257,3,0,0.0038367,convex_mesh_per_channel
1986,4,711987,13,7,7,0,1000,1,0,0.8557382867177,5,13,7264.508494,558.8083456923,27817.54248568,274,251,5,0,0.016291,convex_mesh_per_channel
1987,4,711988,13,7,7,0,1250,2,1,0.4104378974738,0,13,7929.713593,609.9779686923,30703.56798002,276,245,33,4,0.0041078,convex_mesh_per_channel
1987,4,711988,13,7,7,0,1250,2,1,0.4104378974738,5,13,8163.209706,627.9392081538,30871.04855677,308,282,34,4,0.0116449,convex_mesh_per_channel
1988,4,711989,13,7,7,0,1500,3,0,0.6484258985916,0,13,7140.918843,549.3014494615,27764.5942174,254,217,12,2,0.0061394,convex_mesh_per_channel
1988,4,711989,13,7,7,0,1500,3,0,0.6484258985916,5,13,6223.653891,478.742607,24103.26945601,225,195,6,2,0.0212008,convex_mesh_per_channel
1989,4,711990,13,7,7,0,1000,4,1,0.2532168454215,0,13,7628.297169,586.7920899231,29236.48585278,288,264,4,1,0.0038717,convex_mesh_per_channel
1989,4,711990,13,7,7,0,1000,4,1,0.2532168454215,5,13,7568.494021,582.1918477692,29157.47011738,281,258,3,1,0.0139081,convex_mesh_per_channel
1990,4,711991,13,7,7,0,1250,0,0,0.411057438093,0,13,6265.788654,481.9837426154,22768.94328783,267,246,22,2,0.0039801,convex_mesh_per_channel
1990,4,711991,13,7,7,0,1250,0,0,0.411057438093,5,13,7708.608423,592.9698786923,29288.04211265,268,242,68,3,0.0141884,convex_mesh_per_channel
1991,4,711992,13,7,7,0,1500,1,1,0.4140382654238,0,13,7460.539511,573.8876546923,28647.69756232,280,251,5,0,0.0037854,convex_mesh_per_channel
1991,4,711992,13,7,7,0,1500,1,1,0.4140382654238,5,13,7089.776407,545.3674159231,26148.8820476,301,272,6,0,0.0123725,convex_mesh_per_channel
1992,4,711993,13,7,7,0,1000,2,0,0.5733829689952,0,13,8558.106376,658.3158750769,31890.53185272,292,268,129,4,0.0031201,convex_mesh_per_channel
1992,4,711993,13,7,7,0,1000,2,0,0.5733829689952,5,13,7484.175269,575.7057899231,27300.876343,293,275,73,1,0.0119562,convex_mesh_per_channel
1993,4,711994,13,7,7,0,1250,3,1,0.553668398874,0,13,7646.221089,588.170853,29181.10545692,292,273,4,1,0.0028281,convex_mesh_per_channel
1993,4,711994,13,7,7,0,1250,3,1,0.553668398874,5,13,7221.961441,555.5354954615,26529.80721441,309,288,6,1,0.0114972,convex_mesh_per_channel
1994,4,711995,13,7,7,0,1500,4,0,0.4514530713212,0,13,7110.170484,546.9361910769,28080.85242724,239,210,8,1,0.0047159,convex_mesh_per_channel
1994,4,711995,13,7,7,0,1500,4,0,0.4514530713212,5,13,6488.521018,499.1170013846,23592.60508933,287,258,4,1,0.0142477,convex_mesh_per_channel
1995,4,711996,13,7,7,0,1000,0,1,0.7841395374243,0,13,7704.660684,592.6662064615,29313.30345077,280,260,39,2,0.0036215,convex_mesh_per_channel
1995,4,711996,13,7,7,0,1000,0,1,0.7841395374243,5,13,7629.06797,586.8513823077,29355.33986905,284,267,2,1,0.0121112,convex_mesh_per_channel
1996,4,711997,13,7,7,0,1250,1,0,0.5523646896889,0,13,6758.908942,519.9160724615,26079.54470966,239,205,26,2,0.0063797,convex_mesh_per_channel
1996,4,711997,13,7,7,0,1250,1,0,0.5523646896889,5,13,6497.79607,499.8304669231,24613.98035287,251,222,11,1,0.0179702,convex_mesh_per_channel
1997,4,711998,13,7,7,0,1500,2,1,0.8020961960209,0,13,7577.702817,582.9002166923,29378.51409806,274,249,6,1,0.0037397,convex_mesh_per_channel
1997,4,711998,13,7,7,0,1500,2,1,0.8020961960209,5,13,7172.71447,551.7472669231,27238.57235395,277,248,9,2,0.01382,convex_mesh_per_channel
1998,4,711999,13,7,7,0,1000,3,0,0.656192365922,0,13,7748.295911,596.0227623846,27761.47954746,310,284,99,2,0.0032521,convex_mesh_per_channel
1998,4,711999,13,7,7,0,1000,3,0,0.656192365922,5,13,7645.371396,588.105492,29341.85698282,240,215,99,2,0.0168745,convex_mesh_per_channel
1999,4,712000,13,7,7,0,1250,4,1,0.638580012092,0,13,8190.770002,630.0592309231,30698.850001,331,307,8,2,0.0024635,convex_mesh_per_channel
1999,4,712000,13,7,7,0,1250,4,1,0.638580012092,5,13,7537.478902,579.8060693846,29082.39450612,276,243,11,3,0.0147944,convex_mesh_per_channel
2000,4,712001,13,7,7,0,1500,0,0,0.3961182346484,0,13,7730.128483,594.6252679231,29970.64239706,274,247,18,2,0.004279,convex_mesh_per_channel
2000,4,712001,13,7,7,0,1500,0,0,0.3961182346484,5,13,7312.592944,562.5071495385,29027.96469441,235,213,18,2,0.0236064,convex_mesh_per_channel
2001,4,712002,13,7,7,0,1000,1,1,0.657438573965,0,13,7844.151894,603.3962995385,30320.75946448,280,258,19,2,0.0040598,convex_mesh_per_channel
2001,4,712002,13,7,7,0,1000,1,1,0.657438573965,5,13,7641.043681,587.7725908462,29005.218415,296,271,8,1,0.0146629,convex_mesh_per_channel
2002,4,712003,13,7,7,0,1250,2,0,0.8144493682885,0,13,6657.764124,512.1357018462,25418.82059812,248,224,15,2,0.0046067,convex_mesh_per_channel
2002,4,712003,13,7,7,0,1250,2,0,0.8144493682885,5,13,6124.675193,471.128861,23058.37597225,244,228,0,0,0.0172033,convex_mesh_per_channel
2003,4,712004,13,7,7,0,1500,3,1,0.66722047654,0,13,7743.222184,595.6324756923,30706.11095811,257,231,7,2,0.0046685,convex_mesh_per_channel
2003,4,712004,13,7,7,0,1500,3,1,0.66722047654,5,13,7368.501145,566.8077803846,28207.50573548,278,251,7,3,0.0126367,convex_mesh_per_channel
2004,4,712005,13,7,7,0,1000,4,0,0.8338057110631,0,13,7719.886813,593.8374471538,29134.43417463,273,250,71,2,0.0031732,convex_mesh_per_channel
2004,4,712005,13,7,7,0,1000,4,0,0.8338057110631,5,13,6048.277986,465.2521527692,22471.38993301,249,226,6,1,0.0214863,convex_mesh_per_channel
2005,4,712006,13,7,7,0,1250,0,1,0.7451861529905,0,13,7045.548871,541.9652977692,26332.74437014,288,262,4,1,0.00336,convex_mesh_per_channel
2005,4,712006,13,7,7,0,1250,0,1,0.7451861529905,5,13,6925.442079,532.7263137692,26062.21041793,278,249,3,1,0.0119011,convex_mesh_per_channel
2006,4,712007,13,7,7,0,1500,1,0,0.6753395387143,0,13,8018.936293,616.8412533077,30739.68148527,304,274,4,1,0.0034619,convex_mesh_per_channel
2006,4,712007,13,7,7,0,1500,1,0,0.6753395387143,5,13,7124.206674,548.015898,28061.03338221,237,211,17,3,0.0222991,convex_mesh_per_channel
2007,4,712008,13,7,7,0,1000,2,1,0.5132595100419,0,13,7401.354461,569.3349585385,28266.77232429,278,254,13,1,0.0037429,convex_mesh_per_channel
2007,4,712008,13,7,7,0,1000,2,1,0.5132595100419,5,13,7175.364247,551.9510959231,26681.82124667,293,267,14,1,0.0130859,convex_mesh_per_channel
2008,4,712009,13,7,7,0,1250,3,0,0.3989042767579,0,13,7315.520365,562.7323357692,27952.60182859,259,236,43,3,0.0048556,convex_mesh_per_channel
2008,4,712009,13,7,7,0,1250,3,0,0.3989042767579,5,13,7259.96882,558.45914,27654.84409802,260,238,42,2,0.0192342,convex_mesh_per_channel
2009,4,712010,13,7,7,0,1500,4,1,0.3721034651131,0,13,8397.796996,645.9843843077,32403.98499509,303,262,25,3,0.0043189,convex_mesh_per_channel
2009,4,712010,13,7,7,0,1500,4,1,0.3721034651131,5,13,8076.470369,621.2669514615,31637.35186595,277,239,20,2,0.0165847,convex_mesh_per_channel
2010,4,712011,13,7,7,1,1000,0,0,8.355728054928e-05,0,13,7418.688112,570.6683163077,29408.44057399,244,219,11,1,0.0048029,convex_mesh_per_channel
2010,4,712011,13,7,7,1,1000,0,0,8.355728054928e-05,5,13,6760.721107,520.0554697692,26848.60556118,220,196,10,1,0.0350564,convex_mesh_per_channel
2011,4,712012,13,7,7,1,1250,1,1,4.664642409422e-05,0,13,7902.140413,607.8569548462,29960.70204117,274,253,74,3,0.0040693,convex_mesh_per_channel
2011,4,712012,13,7,7,1,1250,1,1,4.664642409422e-05,5,13,7747.375783,595.9519833077,29251.87897465,293,265,34,3,0.0139756,convex_mesh_per_channel
2012,4,712013,13,7,7,1,1500,2,0,2.78971275032e-05,0,13,7617.317191,585.9474762308,30601.58600618,229,203,28,3,0.0056145,convex_mesh_per_channel
2012,4,712013,13,7,7,1,1500,2,0,2.78971275032e-05,5,13,7159.974,550.7672307692,28324.87004263,228,194,32,4,0.0282098,convex_mesh_per_channel
2013,4,712014,13,7,7,1,1000,3,1,2.276725272036e-05,0,13,7250.283322,557.7141016923,27736.41661438,277,253,0,0,0.0038249,convex_mesh_per_channel
2013,4,712014,13,7,7,1,1000,3,1,2.276725272036e-05,5,13,6772.110933,520.9316102308,25040.5546689,287,264,0,0,0.0127945,convex_mesh_per_channel
2014,4,712015,13,7,7,1,1250,4,0,0.0001104028907328,0,13,7803.451273,600.2654825385,31572.25633915,237,203,12,3,0.0059923,convex_mesh_per_channel
2014,4,712015,13,7,7,1,1250,4,0,0.0001104028907328,5,13,7271.830195,559.3715534615,28844.15097413,242,213,5,1,0.0253136,convex_mesh_per_channel
2015,4,712016,13,7,7,1,1500,0,1,5.168710995176e-05,0,13,6577.853654,505.9887426154,25599.26826835,236,210,1,0,0.0059183,convex_mesh_per_channel
2015,4,712016,13,7,7,1,1500,0,1,5.168710995176e-05,5,13,6713.896015,516.4535396154,25579.48008813,259,235,1,0,0.0145726,convex_mesh_per_channel
2016,4,712017,13,7,7,1,1000,1,0,4.453343387294e-05,0,13,7557.871412,581.374724,30479.35709968,226,201,22,3,0.0056065,convex_mesh_per_channel
2016,4,712017,13,7,7,1,1000,1,0,4.453343387294e-05,5,13,7617.373549,585.9518114615,28921.86774826,287,264,23,3,0.0190234,convex_mesh_per_channel
2017,4,712018,13,7,7,1,1250,2,1,0.0001013051949803,0,13,9155.611474,704.2778056923,36738.05742581,251,224,88,6,0.0045746,convex_mesh_per_channel
2017,4,712018,13,7,7,1,1250,2,1,0.0001013051949803,5,13,7571.329451,582.4099577692,28456.64725998,298,271,18,4,0.0159866,convex_mesh_per_channel
2018,4,712019,13,7,7,1,1500,3,0,5.277871997564e-05,0,13,7050.823629,542.3710483846,28869.1181604,203,173,8,1,0.0093015,convex_mesh_per_channel
2018,4,712019,13,7,7,1,1500,3,0,5.277871997564e-05,5,13,6833.591465,525.6608819231,27462.95731892,216,187,3,1,0.0404615,convex_mesh_per_channel
2019,4,712020,13,7,7,1,1000,4,1,3.371507221121e-05,0,13,9734.563406,748.8125696923,38032.81696025,277,243,145,7,0.004629,convex_mesh_per_channel
2019,4,712020,13,7,7,1,1000,4,1,3.371507221121e-05,5,13,6872.318716,528.6399012308,25321.59357901,290,269,8,2,0.0169672,convex_mesh_per_channel
2020,4,712021,13,7,7,1,1250,0,0,4.598846466243e-05,0,13,7932.018365,610.1552588462,31155.09184432,236,210,82,3,0.0058654,convex_mesh_per_channel
2020,4,712021,13,7,7,1,1250,0,0,4.598846466243e-05,5,13,7781.624672,598.5865132308,30203.12337861,242,217,83,3,0.0246082,convex_mesh_per_channel
2021,4,712022,13,7,7,1,1500,1,1,4.788576021848e-05,0,13,8536.621745,656.6632111538,33933.10877087,251,223,69,6,0.0048299,convex_mesh_per_channel
2021,4,712022,13,7,7,1,1500,1,1,4.788576021848e-05,5,13,8362.192917,643.245609,33535.96461385,236,209,67,6,0.0254846,convex_mesh_per_channel
2022,4,712023,13,7,7,1,1000,2,0,6.368507146852e-05,0,13,8164.487012,628.0374624615,30877.43502663,273,250,103,3,0.0039278,convex_mesh_per_channel
2022,4,712023,13,7,7,1,1000,2,0,6.368507146852e-05,5,13,7918.723798,609.1325998462,30273.61894762,253,225,103,3,0.0198416,convex_mesh_per_channel
2023,4,712024,13,7,7,1,1250,3,1,8.600155551401e-05,0,13,8844.938019,680.3798476154,33974.68998084,260,229,152,6,0.0050246,convex_mesh_per_channel
2023,4,712024,13,7,7,1,1250,3,1,8.600155551401e-05,5,13,7372.752505,567.1348080769,26943.76252505,323,289,5,1,0.0106073,convex_mesh_per_channel
2024,4,712025,13,7,7,1,1500,4,0,6.459377579206e-05,0,13,7982.117229,614.0090176154,32000.58613205,246,215,24,3,0.0052843,convex_mesh_per_channel
2024,4,712025,13,7,7,1,1500,4,0,6.459377579206e-05,5,13,6946.234965,534.3257665385,27146.17484798,241,202,15,4,0.0202505,convex_mesh_per_channel
2025,4,712026,13,7,7,1,1000,0,1,7.214480536445e-05,0,13,8774.793612,674.984124,34688.96808488,270,236,62,7,0.0044321,convex_mesh_per_channel
2025,4,712026,13,7,7,1,1000,0,1,7.214480536445e-05,5,13,8645.580154,665.0446272308,34052.90078214,273,243,54,7,0.0160262,convex_mesh_per_channel
2026,4,712027,13,7,7,1,1250,1,0,4.283154587415e-05,0,13,7362.577552,566.3521193846,28762.88776582,260,224,7,2,0.0049995,convex_mesh_per_channel
2026,4,712027,13,7,7,1,1250,1,0,4.283154587415e-05,5,13,7366.428141,566.6483185385,29397.14068456,218,188,48,1,0.0304862,convex_mesh_per_channel
2027,4,712028,13,7,7,1,1500,2,1,9.079619988093e-05,0,13,7355.579543,565.813811,29632.89773035,230,190,8,0,0.0096621,convex_mesh_per_channel
2027,4,712028,13,7,7,1,1500,2,1,9.079619988093e-05,5,13,7183.27747,552.5598053846,28676.38736387,234,192,7,0,0.0335776,convex_mesh_per_channel
2028,4,712029,13,7,7,1,1000,3,0,9.779937991832e-05,0,13,6298.007295,484.4620996154,24570.03648209,223,204,0,0,0.0073836,convex_mesh_per_channel
2028,4,712029,13,7,7,1,1000,3,0,9.779937991832e-05,5,13,6091.471821,468.5747554615,23657.35911148,219,200,0,0,0.0303614,convex_mesh_per_channel
2029,4,712030,13,7,7,1,1250,4,1,0.0001025232285835,0,13,7767.466834,597.4974487692,30982.33419755,248,218,16,3,0.0067484,convex_mesh_per_channel
2029,4,712030,13,7,7,1,1250,4,1,0.0001025232285835,5,13,7254.476088,558.0366221538,28452.38044362,246,221,16,3,0.0256105,convex_mesh_per_channel
2030,4,712031,13,7,7,1,1500,0,0,9.127510769859e-05,0,13,7526.914648,578.9934344615,29789.5732315,243,214,25,1,0.0062783,convex_mesh_per_channel
2030,4,712031,13,7,7,1,1500,0,0,9.127510769859e-05,5,13,7923.749384,609.5191833846,32038.74690178,234,200,27,1,0.0368792,convex_mesh_per_channel
2031,4,712032,13,7,7,1,1000,1,1,8.520186573961e-05,0,13,7150.743419,550.0571860769,27943.71710433,253,226,2,0,0.0042935,convex_mesh_per_channel
2031,4,712032,13,7,7,1,1000,1,1,8.520186573961e-05,5,13,7316.985586,562.8450450769,27194.92793216,305,264,8,1,0.0143951,convex_mesh_per_channel
2032,4,712033,13,7,7,1,1250,2,0,0.0001041251735395,0,13,7063.042333,543.3109486923,27705.21165123,221,196,52,1,0.007933,convex_mesh_per_channel
2032,4,712033,13,7,7,1,1250,2,0,0.0001041251735395,5,13,6382.068482,490.9283447692,23950.34241351,256,229,6,1,0.0196944,convex_mesh_per_channel
2033,4,712034,13,7,7,1,1500,3,1,6.398546283028e-05,0,13,7511.979799,577.8445999231,29949.89896821,242,214,11,2,0.0050397,convex_mesh_per_channel
2033,4,712034,13,7,7,1,1500,3,1,6.398546283028e-05,5,13,7410.007593,570.0005840769,28705.03795653,267,233,12,2,0.0214811,convex_mesh_per_channel
2034,4,712035,13,7,7,1,1000,4,0,7.909941118635e-05,0,13,7496.057259,576.6197891538,29275.28633815,240,217,53,2,0.0040019,convex_mesh_per_channel
2034,4,712035,13,7,7,1,1000,4,0,7.909941118635e-05,5,13,6743.763781,518.7510600769,25373.81892788,267,239,10,2,0.0179256,convex_mesh_per_channel
2035,4,712036,13,7,7,1,1250,0,1,2.792376519367e-05,0,13,7145.319051,549.639927,26546.59526436,298,269,4,1,0.0040136,convex_mesh_per_channel
2035,4,712036,13,7,7,1,1250,0,1,2.792376519367e-05,5,13,7145.029953,549.6176886923,26440.14977459,301,269,6,1,0.0122548,convex_mesh_per_channel
2036,4,712037,13,7,7,1,1500,1,0,3.730900068682e-05,0,13,6785.696439,521.9766491538,26533.48219145,239,210,3,1,0.0046178,convex_mesh_per_channel
2036,4,712037,13,7,7,1,1500,1,0,3.730900068682e-05,5,13,7068.00024,543.6923261538,27740.00120844,244,208,9,1,0.0328041,convex_mesh_per_channel
2037,4,712038,13,7,7,1,1000,2,1,0.0001334523391507,0,13,7928.528098,609.8867767692,29767.64055686,305,271,38,1,0.0035421,convex_mesh_per_channel
2037,4,712038,13,7,7,1,1000,2,1,0.0001334523391507,5,13,6772.577981,520.967537,24617.88990793,301,273,2,1,0.0130095,convex_mesh_per_channel
2038,4,712039,13,7,7,1,1250,3,0,2.435735645606e-05,0,13,7366.114399,566.6241845385,29945.57201721,210,190,24,2,0.0057066,convex_mesh_per_channel
2038,4,712039,13,7,7,1,1250,3,0,2.435735645606e-05,5,13,6599.163937,507.6279951538,25410.81969762,241,223,8,1,0.018899,convex_mesh_per_channel
2039,4,712040,13,7,7,1,1500,4,1,0.0001049035709638,0,13,7010.104989,539.2388453077,27935.52495888,230,205,1,0,0.0048743,convex_mesh_per_channel
2039,4,712040,13,7,7,1,1500,4,1,0.0001049035709638,5,13,7275.849807,559.6807543846,28814.24904585,244,210,6,0,0.0276496,convex_mesh_per_channel
2040,4,712041,13,7,7,2,1000,0,0,0.0477164419448,0,13,6272.313594,482.4856610769,23691.56797336,249,218,2,1,0.0055207,convex_mesh_per_channel
2040,4,712041,13,7,7,2,1000,0,0,0.0477164419448,5,13,6868.024128,528.3095483077,26535.12066003,243,221,20,1,0.0221062,convex_mesh_per_channel
2041,4,712042,13,7,7,2,1250,1,1,0.08055209191316,0,13,7269.127952,559.1636886154,28640.63979046,243,213,16,2,0.0055583,convex_mesh_per_channel
2041,4,712042,13,7,7,2,1250,1,1,0.08055209191316,5,13,6751.860776,519.3739058462,25074.30387919,281,255,4,1,0.0145572,convex_mesh_per_channel
2042,4,712043,13,7,7,2,1500,2,0,0.04315303710016,0,13,6307.530232,485.1946332308,24857.65119466,206,184,19,1,0.0053915,convex_mesh_per_channel
2042,4,712043,13,7,7,2,1500,2,0,0.04315303710016,5,13,6259.288858,481.4837583077,23481.44429082,253,218,5,0,0.0283763,convex_mesh_per_channel
2043,4,712044,13,7,7,2,1000,3,1,0.01245745195223,0,13,9185.875292,706.6057916923,35824.37629357,224,200,212,4,0.0066028,convex_mesh_per_channel
2043,4,712044,13,7,7,2,1000,3,1,0.01245745195223,5,13,6723.841261,517.2185585385,25304.2063103,271,243,0,1,0.0182308,convex_mesh_per_channel
2044,4,712045,13,7,7,2,1250,4,0,0.03002598777926,0,13,6186.177201,475.8597846923,24825.88601557,196,173,1,0,0.0083231,convex_mesh_per_channel
2044,4,712045,13,7,7,2,1250,4,0,0.03002598777926,5,13,6443.800501,495.6769616154,25044.00251182,231,197,6,1,0.0320378,convex_mesh_per_channel
2045,4,712046,13,7,7,2,1500,0,1,0.1397042889618,0,13,7072.504788,544.0388298462,27477.52396735,252,231,7,1,0.0045826,convex_mesh_per_channel
2045,4,712046,13,7,7,2,1500,0,1,0.1397042889618,5,13,6944.240694,534.1723610769,27441.20347655,233,208,6,1,0.0197204,convex_mesh_per_channel
2046,4,712047,13,7,7,2,1000,1,0,0.04491094817488,0,13,7464.326383,574.1789525385,29116.63192216,215,183,106,3,0.0067466,convex_mesh_per_channel
2046,4,712047,13,7,7,2,1000,1,0,0.04491094817488,5,13,7890.970135,606.9977026923,29524.85066808,272,243,106,2,0.0209687,convex_mesh_per_channel
2047,4,712048,13,7,7,2,1250,2,1,0.01760667148414,0,13,8499.299479,653.7922676154,33881.49738257,198,170,166,4,0.0078175,convex_mesh_per_channel
2047,4,712048,13,7,7,2,1250,2,1,0.01760667148414,5,13,7481.66967,575.5130515385,28318.34835273,242,216,109,2,0.0274958,convex_mesh_per_channel
2048,4,712049,13,7,7,2,1500,3,0,0.06084818557422,0,13,6631.861985,510.1432296154,26424.30993137,203,183,28,1,0.0078472,convex_mesh_per_channel
2048,4,712049,13,7,7,2,1500,3,0,0.06084818557422,5,13,5858.162401,450.627877,23215.81200674,194,168,4,1,0.0316453,convex_mesh_per_channel
2049,4,712050,13,7,7,2,1000,4,1,0.02648629535291,0,13,8174.905631,628.8388946923,33734.5281452,203,171,59,4,0.0073883,convex_mesh_per_channel
2049,4,712050,13,7,7,2,1000,4,1,0.02648629535291,5,13,7221.113123,555.4702402308,27865.56560562,260,232,17,2,0.0198454,convex_mesh_per_channel
2050,4,712051,13,7,7,2,1250,0,0,0.04714054774359,0,13,6355.669355,488.8976426923,24458.34677815,237,214,0,0,0.0056538,convex_mesh_per_channel
2050,4,712051,13,7,7,2,1250,0,0,0.04714054774359,5,13,6056.890571,465.9146593077,23014.45286582,235,214,0,0,0.0307472,convex_mesh_per_channel
2051,4,712052,13,7,7,2,1500,1,1,0.06457447453089,0,13,8518.556445,655.2735726923,34227.78224469,201,171,144,4,0.0077044,convex_mesh_per_channel
2051,4,712052,13,7,7,2,1500,1,1,0.06457447453089,5,13,6323.210421,486.4008016154,24811.05211417,220,190,2,0,0.0292309,convex_mesh_per_channel
2052,4,712053,13,7,7,2,1000,2,0,0.02177496948279,0,13,7549.603457,580.7387274615,29863.01719764,226,199,61,2,0.0055975,convex_mesh_per_channel
2052,4,712053,13,7,7,2,1000,2,0,0.02177496948279,5,13,7544.564714,580.3511318462,29442.82348316,239,213,61,2,0.0216634,convex_mesh_per_channel
2053,4,712054,13,7,7,2,1250,3,1,0.02518904470999,0,13,7964.818694,612.6783610769,33184.09347104,200,170,31,5,0.0074081,convex_mesh_per_channel
2053,4,712054,13,7,7,2,1250,3,1,0.02518904470999,5,13,7837.151666,602.8578204615,30320.75833851,277,254,23,4,0.017858,convex_mesh_per_channel
2054,4,712055,13,7,7,2,1500,4,0,0.02213433750472,0,13,6870.280724,528.4831326154,26671.40362419,238,206,25,2,0.0078063,convex_mesh_per_channel
2054,4,712055,13,7,7,2,1500,4,0,0.02213433750472,5,13,6070.514355,466.9626426923,23267.57178696,229,201,2,1,0.0249727,convex_mesh_per_channel
2055,4,712056,13,7,7,2,1000,0,1,0.02165499673958,0,13,8314.660045,639.5892342308,32768.30022155,226,200,122,3,0.0048099,convex_mesh_per_channel
2055,4,712056,13,7,7,2,1000,0,1,0.02165499673958,5,13,6869.380218,528.4138629231,25026.90109218,297,272,14,1,0.0130742,convex_mesh_per_channel
2056,4,712057,13,7,7,2,1250,1,0,0.08329235373357,0,13,6542.409454,503.2622656923,25482.04726605,234,199,4,1,0.0077975,convex_mesh_per_channel
2056,4,712057,13,7,7,2,1250,1,0,0.08329235373357,5,13,6861.086647,527.7758959231,26460.43323146,254,222,4,1,0.0340309,convex_mesh_per_channel
2057,4,712058,13,7,7,2,1500,2,1,0.08283829216903,0,13,7373.966576,567.2281981538,27974.83285523,268,236,46,2,0.0048183,convex_mesh_per_channel
2057,4,712058,13,7,7,2,1500,2,1,0.08283829216903,5,13,6624.222642,509.5555878462,25031.11321801,261,236,4,0,0.0187991,convex_mesh_per_channel
2058,4,712059,13,7,7,2,1000,3,0,0.01886929427314,0,13,6968.071997,536.0055382308,28345.35991895,188,165,43,1,0.0086353,convex_mesh_per_channel
2058,4,712059,13,7,7,2,1000,3,0,0.01886929427314,5,13,6267.902211,482.1463239231,24584.51099917,197,172,43,1,0.0294872,convex_mesh_per_channel
2059,4,712060,13,7,7,2,1250,4,1,0.0700256879085,0,13,7304.762124,561.9047787692,29203.81060795,228,199,20,2,0.0064635,convex_mesh_per_channel
2059,4,712060,13,7,7,2,1250,4,1,0.0700256879085,5,13,7287.446716,560.5728243077,29572.23355855,212,173,25,2,0.0253818,convex_mesh_per_channel
2060,4,712061,13,7,7,2,1500,0,0,0.0191936225406,0,13,5801.91354,446.3010415385,23239.56770394,185,164,0,0,0.0089511,convex_mesh_per_channel
2060,4,712061,13,7,7,2,1500,0,0,0.0191936225406,5,13,6065.384365,466.5680280769,22906.92182152,238,211,6,1,0.0276695,convex_mesh_per_channel
2061,4,712062,13,7,7,2,1000,1,1,0.04831744274023,0,13,7146.257335,549.7121026923,28586.28672328,214,183,37,3,0.0069776,convex_mesh_per_channel
2061,4,712062,13,7,7,2,1000,1,1,0.04831744274023,5,13,6992.566593,537.8897379231,26592.83297271,267,235,13,1,0.0211546,convex_mesh_per_channel
2062,4,712063,13,7,7,2,1250,2,0,0.05150674490259,0,13,7217.923507,555.2248851538,28654.61745504,207,186,67,1,0.0071194,convex_mesh_per_channel
2062,4,712063,13,7,7,2,1250,2,0,0.05150674490259,5,13,6822.056893,524.7736071538,26640.28438115,208,185,68,1,0.0309232,convex_mesh_per_channel
2063,4,712064,13,7,7,2,1500,3,1,0.04445996527076,0,13,8875.026777,682.6943674615,36100.13382483,199,169,142,6,0.0075102,convex_mesh_per_channel
2063,4,712064,13,7,7,2,1500,3,1,0.04445996527076,5,13,7152.870119,550.2207783846,28014.35059076,242,212,21,4,0.0172819,convex_mesh_per_channel
2064,4,712065,13,7,7,2,1000,4,0,0.01601521370024,0,13,6699.41168,515.33936,27357.05838881,190,165,16,1,0.0061933,convex_mesh_per_channel
2064,4,712065,13,7,7,2,1000,4,0,0.01601521370024,5,13,6613.930349,508.763873,25559.65173348,236,209,16,1,0.0204171,convex_mesh_per_channel
2065,4,712066,13,7,7,2,1250,0,1,0.05254110166657,0,13,7308.842859,562.2186814615,28089.21425182,256,232,38,2,0.0054379,convex_mesh_per_channel
2065,4,712066,13,7,7,2,1250,0,1,0.05254110166657,5,13,6977.614595,536.7395842308,26858.07297407,253,225,17,1,0.0227888,convex_mesh_per_channel
2066,4,712067,13,7,7,2,1500,1,0,0.03630063436753,0,13,7984.285415,614.1758011538,32196.42705171,191,168,119,4,0.0062058,convex_mesh_per_channel
2066,4,712067,13,7,7,2,1500,1,0,0.03630063436753,5,13,7114.462329,547.266333,28022.31159884,206,172,81,3,0.0400933,convex_mesh_per_channel
2067,4,712068,13,7,7,2,1000,2,1,0.04480075058486,0,13,8759.913575,673.8395057692,34669.56767777,195,171,205,5,0.008693,convex_mesh_per_channel
2067,4,712068,13,7,7,2,1000,2,1,0.04480075058486,5,13,9399.455633,723.0350486923,35267.27775002,277,251,215,5,0.0151991,convex_mesh_per_channel
2068,4,712069,13,7,7,2,1250,3,0,0.02564300813821,0,13,7434.152288,571.8578683077,29220.76138504,235,212,46,1,0.0062057,convex_mesh_per_channel
2068,4,712069,13,7,7,2,1250,3,0,0.02564300813821,5,13,6956.176795,535.0905226923,26925.88390482,232,202,48,2,0.0277927,convex_mesh_per_channel
2069,4,712070,13,7,7,2,1500,4,1,0.0547985656822,0,13,7618.417621,586.0321246923,28842.08812232,297,267,11,1,0.0043502,convex_mesh_per_channel
2069,4,712070,13,7,7,2,1500,4,1,0.0547985656822,5,13,6659.013411,512.2318008462,25755.06706723,240,216,9,1,0.0233853,convex_mesh_per_channel
2070,4,712071,13,7,13,0,1000,0,0,0.7122968806841,0,13,8997.860002,692.1430770769,34414.30008201,304,284,82,3,0.0031581,convex_mesh_per_channel
2070,4,712071,13,7,13,0,1000,0,0,0.7122968806841,5,13,8699.024639,669.1557414615,31925.12334172,318,299,120,3,0.0100076,convex_mesh_per_channel
2071,4,712072,13,7,13,0,1250,1,1,0.4332924037511,0,13,7701.016162,592.3858586154,29430.08081388,292,263,9,2,0.0033603,convex_mesh_per_channel
2071,4,712072,13,7,13,0,1250,1,1,0.4332924037511,5,13,7644.793088,588.0610067692,29178.96544957,293,270,3,1,0.0112658,convex_mesh_per_channel
2072,4,712073,13,7,13,0,1500,2,0,0.5487227881856,0,13,8052.778582,619.4445063077,31573.89293505,282,251,4,3,0.0035581,convex_mesh_per_channel
2072,4,712073,13,7,13,0,1500,2,0,0.5487227881856,5,13,6903.760795,531.0585226923,25033.80398063,304,276,12,2,0.0114033,convex_mesh_per_channel
2073,4,712074,13,7,13,0,1000,3,1,0.690850630325,0,13,7929.597745,609.9690573077,30927.98870813,269,250,28,3,0.0033031,convex_mesh_per_channel
2073,4,712074,13,7,13,0,1000,3,1,0.690850630325,5,13,7806.645553,600.5111963846,29398.22773986,305,283,18,2,0.0143123,convex_mesh_per_channel
2074,4,712075,13,7,13,0,1250,4,0,0.5557321750081,0,13,7496.181685,576.6293603846,29255.90841871,235,213,64,3,0.0049365,convex_mesh_per_channel
2074,4,712075,13,7,13,0,1250,4,0,0.5557321750081,5,13,6968.036743,536.0028263846,25785.18371693,276,249,39,2,0.0185376,convex_mesh_per_channel
2075,4,712076,13,7,13,0,1500,0,1,0.7322318178338,0,13,7256.219893,558.170761,28091.09948788,264,247,2,1,0.0040568,convex_mesh_per_channel
2075,4,712076,13,7,13,0,1500,0,1,0.7322318178338,5,13,7165.25589,551.17353,27621.27945617,265,245,2,1,0.0168896,convex_mesh_per_channel
2076,4,712077,13,7,13,0,1000,1,0,0.5309772995169,0,13,6654.802744,511.9079033846,24759.01372013,277,250,1,1,0.0039014,convex_mesh_per_channel
2076,4,712077,13,7,13,0,1000,1,0,0.5309772995169,5,13,6689.240523,514.5569633077,24351.20262071,291,266,11,1,0.01263,convex_mesh_per_channel
2077,4,712078,13,7,13,0,1250,2,1,0.2422642284035,0,13,7927.780244,609.8292495385,30728.90124971,281,255,19,3,0.0036587,convex_mesh_per_channel
2077,4,712078,13,7,13,0,1250,2,1,0.2422642284035,5,13,7971.066578,613.1589675385,30875.33292424,283,253,21,2,0.0161616,convex_mesh_per_channel
2078,4,712079,13,7,13,0,1500,3,0,0.7010384814134,0,13,7031.872162,540.9132432308,26299.36081247,285,261,7,1,0.0031494,convex_mesh_per_channel
2078,4,712079,13,7,13,0,1500,3,0,0.7010384814134,5,13,7477.410488,575.1854221538,28352.05244729,291,260,9,2,0.0138196,convex_mesh_per_channel
2079,4,712080,13,7,13,0,1000,4,1,0.6195453404772,0,13,8313.007462,639.4621124615,32195.03730731,299,266,16,2,0.0031103,convex_mesh_per_channel
2079,4,712080,13,7,13,0,1000,4,1,0.6195453404772,5,13,8503.416244,654.1089418462,32722.08123626,309,277,24,2,0.0147309,convex_mesh_per_channel
2080,4,712081,13,7,13,0,1250,0,0,0.470946060032,0,13,7211.726663,554.7482048462,28198.63333233,251,222,10,3,0.0059783,convex_mesh_per_channel
2080,4,712081,13,7,13,0,1250,0,0,0.470946060032,5,13,7190.032891,553.0794531538,27900.16447486,256,241,8,1,0.0169788,convex_mesh_per_channel
2081,4,712082,13,7,13,0,1500,1,1,0.4622751256915,0,13,8728.422497,671.4171151538,33707.11252534,304,273,43,4,0.0027567,convex_mesh_per_channel
2081,4,712082,13,7,13,0,1500,1,1,0.4622751256915,5,13,8285.784043,637.3680033077,31518.92023865,305,275,39,4,0.0134203,convex_mesh_per_channel
2082,4,712083,13,7,13,0,1000,2,0,0.8054523138957,0,13,7761.242871,597.0186823846,28921.21436911,321,298,3,0,0.0025573,convex_mesh_per_channel
2082,4,712083,13,7,13,0,1000,2,0,0.8054523138957,5,13,7181.903153,552.4540886923,26764.51577094,296,275,3,0,0.0112711,convex_mesh_per_channel
2083,4,712084,13,7,13,0,1250,3,1,0.6944732189292,0,13,7075.587848,544.2759883077,26272.93924468,296,276,0,0,0.0029187,convex_mesh_per_channel
2083,4,712084,13,7,13,0,1250,3,1,0.6944732189292,5,13,7139.989348,549.2299498462,26394.94674892,302,280,2,1,0.0111139,convex_mesh_per_channel
2084,4,712085,13,7,13,0,1500,4,0,0.5448594728231,0,13,7432.045446,571.6958035385,29000.22726814,257,237,15,1,0.0038998,convex_mesh_per_channel
2084,4,712085,13,7,13,0,1500,4,0,0.5448594728231,5,13,6738.836039,518.372003,25024.18020665,272,240,23,2,0.0164981,convex_mesh_per_channel
2085,4,712086,13,7,13,0,1000,0,1,0.801491672025,0,13,8411.411092,647.0316224615,32202.05548136,317,294,9,4,0.0023479,convex_mesh_per_channel
2085,4,712086,13,7,13,0,1000,0,1,0.801491672025,5,13,7395.55703,568.8890023077,27287.78515496,312,292,7,3,0.0105453,convex_mesh_per_channel
2086,4,712087,13,7,13,0,1250,1,0,0.5104860128671,0,13,8005.679609,615.8215083846,30908.3980923,287,264,20,1,0.0028283,convex_mesh_per_channel
2086,4,712087,13,7,13,0,1250,1,0,0.5104860128671,5,13,6686.122255,514.3170965385,24570.6112924,279,252,20,1,0.0153321,convex_mesh_per_channel
2087,4,712088,13,7,13,0,1500,2,1,0.3057518641556,0,13,8149.020858,626.8477583077,31000.10432466,308,275,23,4,0.0051182,convex_mesh_per_channel
2087,4,712088,13,7,13,0,1500,2,1,0.3057518641556,5,13,8133.577993,625.6598456154,30737.89000125,314,279,24,4,0.012284,convex_mesh_per_channel
2088,4,712089,13,7,13,0,1000,3,0,0.2133081991188,0,13,7630.994789,586.9995991538,29734.97394216,264,239,20,1,0.0037387,convex_mesh_per_channel
2088,4,712089,13,7,13,0,1000,3,0,0.2133081991188,5,13,6244.279967,480.3292282308,23121.39984407,262,242,1,0,0.0149512,convex_mesh_per_channel
2089,4,712090,13,7,13,0,1250,4,1,0.7053848199714,0,13,7973.207698,613.3236690769,29706.03852423,325,300,14,1,0.0027478,convex_mesh_per_channel
2089,4,712090,13,7,13,0,1250,4,1,0.7053848199714,5,13,7524.006606,578.7697389231,27615.03303488,325,299,4,0,0.0100391,convex_mesh_per_channel
2090,4,712091,13,7,13,0,1500,0,0,0.645648447013,0,13,8417.609064,647.5083895385,32533.04532326,304,266,20,4,0.0031357,convex_mesh_per_channel
2090,4,712091,13,7,13,0,1500,0,0,0.645648447013,5,13,7092.411918,545.5701475385,26737.0595856,283,253,4,2,0.0136549,convex_mesh_per_channel
2091,4,712092,13,7,13,0,1000,1,1,0.6341764100444,0,13,8063.325306,620.2557927692,30501.62653301,310,282,22,2,0.0027467,convex_mesh_per_channel
2091,4,712092,13,7,13,0,1000,1,1,0.6341764100444,5,13,7534.172105,579.5517003846,27755.86052192,313,284,23,2,0.0133782,convex_mesh_per_channel
2092,4,712093,13,7,13,0,1250,2,0,0.3631496476417,0,13,6606.561431,508.1970331538,24827.8071671,265,245,2,0,0.0054086,convex_mesh_per_channel
2092,4,712093,13,7,13,0,1250,2,0,0.3631496476417,5,13,6162.329495,474.0253457692,22326.64747184,273,243,8,2,0.0178334,convex_mesh_per_channel
2093,4,712094,13,7,13,0,1500,3,1,0.5672731674892,0,13,8093.474793,622.5749840769,31297.3739701,292,267,14,3,0.003548,convex_mesh_per_channel
2093,4,712094,13,7,13,0,1500,3,1,0.5672731674892,5,13,7798.458334,599.8814103077,29312.29168226,309,284,14,3,0.011245,convex_mesh_per_channel
2094,4,712095,13,7,13,0,1000,4,0,0.466754511439,0,13,7073.289096,544.0991612308,26096.44548908,300,283,2,0,0.0029878,convex_mesh_per_channel
2094,4,712095,13,7,13,0,1000,4,0,0.466754511439,5,13,6781.772729,521.6748253077,24758.86363365,287,261,23,1,0.0144072,convex_mesh_per_channel
2095,4,712096,13,7,13,0,1250,0,1,0.6505084714728,0,13,8631.769081,663.982237,33198.84543847,314,291,22,5,0.0027448,convex_mesh_per_channel
2095,4,712096,13,7,13,0,1250,0,1,0.6505084714728,5,13,8715.727511,670.4405777692,33898.63759261,305,280,22,5,0.0147218,convex_mesh_per_channel
2096,4,712097,13,7,13,0,1500,1,0,0.8834313569878,0,13,7687.694579,591.3611214615,28768.47296232,291,273,47,2,0.0030559,convex_mesh_per_channel
2096,4,712097,13,7,13,0,1500,1,0,0.8834313569878,5,13,7706.641807,592.8186005385,29688.20904602,280,238,22,4,0.0144606,convex_mesh_per_channel
2097,4,712098,13,7,13,0,1000,2,1,0.9382391622661,0,13,7778.21212,598.3240092308,29336.06060839,301,275,22,3,0.0031559,convex_mesh_per_channel
2097,4,712098,13,7,13,0,1000,2,1,0.9382391622661,5,13,7457.037553,573.6182733077,27410.18776355,311,286,23,3,0.0129337,convex_mesh_per_channel
2098,4,712099,13,7,13,0,1250,3,0,0.5829493642043,0,13,7732.826188,594.8327836923,28639.13094997,313,276,33,3,0.002953,convex_mesh_per_channel
2098,4,712099,13,7,13,0,1250,3,0,0.5829493642043,5,13,7463.963575,574.1510442308,27194.81787985,328,287,11,4,0.0126917,convex_mesh_per_channel
2099,4,712100,13,7,13,0,1500,4,1,0.5645368234228,0,13,8168.062765,628.3125203846,32460.31385351,260,233,26,3,0.0040199,convex_mesh_per_channel
2099,4,712100,13,7,13,0,1500,4,1,0.5645368234228,5,13,7684.761174,591.1354749231,29558.80590759,282,256,14,2,0.0121775,convex_mesh_per_channel
2100,4,712101,13,7,13,1,1000,0,0,4.478820153394e-05,0,13,7602.605845,584.8158342308,29883.02923492,257,234,14,2,0.0049516,convex_mesh_per_channel
2100,4,712101,13,7,13,1,1000,0,0,4.478820153394e-05,5,13,7558.534891,581.4257608462,28917.6744462,282,258,14,2,0.0212755,convex_mesh_per_channel
2101,4,712102,13,7,13,1,1250,1,1,0.0001006943815896,0,13,7209.718387,554.5937220769,28248.59193385,253,221,3,1,0.0040582,convex_mesh_per_channel
2101,4,712102,13,7,13,1,1250,1,1,0.0001006943815896,5,13,7383.987674,567.9990518462,27414.93837796,308,287,3,0,0.0148849,convex_mesh_per_channel
2102,4,712103,13,7,13,1,1500,2,0,0.000114000509366,0,13,7183.635278,552.5873290769,27133.17640455,284,266,2,0,0.0033724,convex_mesh_per_channel
2102,4,712103,13,7,13,1,1500,2,0,0.000114000509366,5,13,6614.15058,508.7808138462,24830.75290423,266,244,3,0,0.0211577,convex_mesh_per_channel
2103,4,712104,13,7,13,1,1000,3,1,6.458315012856e-05,0,13,7552.7493,580.9807153846,29648.74649144,263,243,0,0,0.0039645,convex_mesh_per_channel
2103,4,712104,13,7,13,1,1000,3,1,6.458315012856e-05,5,13,7227.074597,555.9288151538,27000.37297921,297,277,0,0,0.0138529,convex_mesh_per_channel
2104,4,712105,13,7,13,1,1250,4,0,4.978092777152e-05,0,13,7040.872477,541.6055751538,27964.36239131,234,213,0,0,0.004764,convex_mesh_per_channel
2104,4,712105,13,7,13,1,1250,4,0,4.978092777152e-05,5,13,6457.268136,496.7129335385,25676.3406681,212,191,2,0,0.0418029,convex_mesh_per_channel
2105,4,712106,13,7,13,1,1500,0,1,7.037628210129e-05,0,13,9079.847658,698.4498198462,36134.23831384,279,249,48,5,0.0047077,convex_mesh_per_channel
2105,4,712106,13,7,13,1,1500,0,1,7.037628210129e-05,5,13,7516.270468,578.1746513846,28641.35236756,277,251,29,3,0.0162944,convex_mesh_per_channel
2106,4,712107,13,7,13,1,1000,1,0,9.425287628768e-05,0,13,7143.406735,549.4928257692,28212.03368255,243,221,0,0,0.0044989,convex_mesh_per_channel
2106,4,712107,13,7,13,1,1000,1,0,9.425287628768e-05,5,13,6746.906944,518.9928418462,25964.53473462,251,225,3,0,0.0256849,convex_mesh_per_channel
2107,4,712108,13,7,13,1,1250,2,1,6.577222484648e-05,0,13,8743.018433,672.5398794615,35450.09219579,252,226,34,7,0.0056668,convex_mesh_per_channel
2107,4,712108,13,7,13,1,1250,2,1,6.577222484648e-05,5,13,8957.711824,689.0547556923,34618.55914688,315,286,36,7,0.0143973,convex_mesh_per_channel
2108,4,712109,13,7,13,1,1500,3,0,6.898436288966e-05,0,13,7709.64652,593.0497323077,30523.23261062,254,228,14,1,0.0038859,convex_mesh_per_channel
2108,4,712109,13,7,13,1,1500,3,0,6.898436288966e-05,5,13,7122.472861,547.8825277692,27007.36431561,273,249,14,1,0.0139591,convex_mesh_per_channel
2109,4,712110,13,7,13,1,1000,4,1,3.770980150302e-05,0,13,7759.642877,596.8956059231,28898.21439784,314,288,19,2,0.0030211,convex_mesh_per_channel
2109,4,712110,13,7,13,1,1000,4,1,3.770980150302e-05,5,13,7945.639618,611.2030475385,29818.1981003,315,288,18,2,0.0134465,convex_mesh_per_channel
2110,4,712111,13,7,13,1,1250,0,0,0.0001134563103405,0,13,7704.755514,592.6735010769,29483.77751134,264,243,60,1,0.0048075,convex_mesh_per_channel
2110,4,712111,13,7,13,1,1250,0,0,0.0001134563103405,5,13,7222.837842,555.6029109231,27984.18921071,260,234,9,1,0.0257902,convex_mesh_per_channel
2111,4,712112,13,7,13,1,1500,1,1,0.000118063167946,0,13,7943.677706,611.0521312308,29918.38853348,313,288,14,2,0.0031323,convex_mesh_per_channel
2111,4,712112,13,7,13,1,1500,1,1,0.000118063167946,5,13,7934.28894,610.3299184615,29651.44471729,316,287,24,3,0.0136902,convex_mesh_per_channel
2112,4,712113,13,7,13,1,1000,2,0,6.447196607061e-05,0,13,8087.130372,622.0869516923,30390.65189344,302,275,53,2,0.003283,convex_mesh_per_channel
2112,4,712113,13,7,13,1,1000,2,0,6.447196607061e-05,5,13,7720.24983,593.8653715385,28731.24918,296,270,53,2,0.0142798,convex_mesh_per_channel
2113,4,712114,13,7,13,1,1250,3,1,6.849710121637e-05,0,13,7712.37114,593.2593184615,29826.85570865,285,257,0,0,0.0033101,convex_mesh_per_channel
2113,4,712114,13,7,13,1,1250,3,1,6.849710121637e-05,5,13,7241.290699,557.0223614615,26171.45350097,328,302,0,0,0.0118067,convex_mesh_per_channel
2114,4,712115,13,7,13,1,1500,4,0,8.732124616701e-05,0,13,7704.817572,592.6782747692,29114.08786066,297,248,28,2,0.0059265,convex_mesh_per_channel
2114,4,712115,13,7,13,1,1500,4,0,8.732124616701e-05,5,13,7721.324764,593.9480587692,29251.62383271,289,241,40,4,0.0192105,convex_mesh_per_channel
2115,4,712116,13,7,13,1,1000,0,1,7.927079020504e-05,0,13,7748.832776,596.0640596923,30269.16390927,265,242,21,2,0.0040899,convex_mesh_per_channel
2115,4,712116,13,7,13,1,1000,0,1,7.927079020504e-05,5,13,7270.758355,559.2891042308,26648.79178184,312,292,8,1,0.01656,convex_mesh_per_channel
2116,4,712117,13,7,13,1,1250,1,0,9.177202467768e-05,0,13,8098.611632,622.9701255385,31053.05811306,272,241,74,3,0.0034761,convex_mesh_per_channel
2116,4,712117,13,7,13,1,1250,1,0,9.177202467768e-05,5,13,7690.458068,591.5736975385,29262.29032547,263,239,73,3,0.0236478,convex_mesh_per_channel
2117,4,712118,13,7,13,1,1500,2,1,4.808426545598e-05,0,13,7466.033339,574.3102568462,28900.1666713,272,243,6,0,0.005049,convex_mesh_per_channel
2117,4,712118,13,7,13,1,1500,2,1,4.808426545598e-05,5,13,7604.030858,584.9254506154,29250.15429034,283,253,7,0,0.0180003,convex_mesh_per_channel
2118,4,712119,13,7,13,1,1000,3,0,3.571155117756e-05,0,13,8057.061148,619.7739344615,30890.30571742,266,244,80,2,0.0035064,convex_mesh_per_channel
2118,4,712119,13,7,13,1,1000,3,0,3.571155117756e-05,5,13,7710.978229,593.1521714615,29789.8911136,245,223,80,2,0.0267038,convex_mesh_per_channel
2119,4,712120,13,7,13,1,1250,4,1,0.0002162450617711,0,13,8388.012574,645.2317364615,33410.0628673,259,232,38,5,0.003559,convex_mesh_per_channel
2119,4,712120,13,7,13,1,1250,4,1,0.0002162450617711,5,13,9032.173828,694.7826021538,35395.86912792,294,265,51,6,0.0172761,convex_mesh_per_channel
2120,4,712121,13,7,13,1,1500,0,0,5.664130605506e-05,0,13,7331.852231,563.9886331538,29484.26116298,232,204,2,0,0.0062236,convex_mesh_per_channel
2120,4,712121,13,7,13,1,1500,0,0,5.664130605506e-05,5,13,7532.730208,579.4407852308,29628.65105396,261,231,2,1,0.0260448,convex_mesh_per_channel
2121,4,712122,13,7,13,1,1000,1,1,4.772557722104e-05,0,13,7021.786211,540.1374008462,26638.93106027,273,246,6,0,0.0041456,convex_mesh_per_channel
2121,4,712122,13,7,13,1,1000,1,1,4.772557722104e-05,5,13,7579.252764,583.0194433846,27701.26381565,331,298,7,0,0.0089462,convex_mesh_per_channel
2122,4,712123,13,7,13,1,1250,2,0,3.239123752553e-05,0,13,7413.667995,570.2821534615,29173.33998786,251,226,11,1,0.0042144,convex_mesh_per_channel
2122,4,712123,13,7,13,1,1250,2,0,3.239123752553e-05,5,13,6903.112763,531.0086740769,27275.5638181,233,209,3,0,0.0413016,convex_mesh_per_channel
2123,4,712124,13,7,13,1,1500,3,1,3.835237381684e-05,0,13,8641.2104,664.7084923077,35421.05202511,241,215,24,7,0.0054426,convex_mesh_per_channel
2123,4,712124,13,7,13,1,1500,3,1,3.835237381684e-05,5,13,8592.724843,660.9788340769,32653.6242213,329,304,16,6,0.0128599,convex_mesh_per_channel
2124,4,712125,13,7,13,1,1000,4,0,7.453329333121e-05,0,13,7254.673934,558.0518410769,27708.3696691,278,258,0,0,0.003943,convex_mesh_per_channel
2124,4,712125,13,7,13,1,1000,4,0,7.453329333121e-05,5,13,7788.947678,599.1498213846,28019.73839773,343,321,28,1,0.0087529,convex_mesh_per_channel
2125,4,712126,13,7,13,1,1250,0,1,6.44370109056e-05,0,13,6993.726246,537.978942,27288.63124547,249,226,0,0,0.0037821,convex_mesh_per_channel
2125,4,712126,13,7,13,1,1250,0,1,6.44370109056e-05,5,13,7312.278707,562.4829774615,26691.39354126,322,296,1,0,0.0108179,convex_mesh_per_channel
2126,4,712127,13,7,13,1,1500,1,0,9.226127346712e-05,0,13,7775.884951,598.1449962308,30664.42476968,262,238,10,3,0.0038325,convex_mesh_per_channel
2126,4,712127,13,7,13,1,1500,1,0,9.226127346712e-05,5,13,7061.724581,543.2095831538,27253.62290259,258,235,7,1,0.0271847,convex_mesh_per_channel
2127,4,712128,13,7,13,1,1000,2,1,5.319097130306e-05,0,13,7443.055885,572.5427603846,28330.27943735,288,260,4,0,0.004219,convex_mesh_per_channel
2127,4,712128,13,7,13,1,1000,2,1,5.319097130306e-05,5,13,7697.057892,592.0813763077,27955.28945748,343,314,4,0,0.0103522,convex_mesh_per_channel
2128,4,712129,13,7,13,1,1250,3,0,0.0001091901654053,0,13,7996.894012,615.1456932308,31194.47002037,256,233,60,3,0.0035957,convex_mesh_per_channel
2128,4,712129,13,7,13,1,1250,3,0,0.0001091901654053,5,13,7424.01914,571.0783953846,28940.09571451,253,228,26,1,0.0286585,convex_mesh_per_channel
2129,4,712130,13,7,13,1,1500,4,1,7.754929036985e-05,0,13,8093.264398,622.5587998462,31316.32200845,295,254,12,0,0.0042301,convex_mesh_per_channel
2129,4,712130,13,7,13,1,1500,4,1,7.754929036985e-05,5,13,7969.444492,613.0341916923,30572.22247187,300,254,12,0,0.0162933,convex_mesh_per_channel
2130,4,712131,13,7,13,2,1000,0,0,0.0442390380638,0,13,7004.719781,538.8245985385,23883.59891388,364,343,0,0,0.0023066,convex_mesh_per_channel
2130,4,712131,13,7,13,2,1000,0,0,0.0442390380638,5,13,7486.997064,575.9228510769,26069.98532507,373,343,0,0,0.0100219,convex_mesh_per_channel
2131,4,712132,13,7,13,2,1250,1,1,0.1606619366915,0,13,7635.165542,587.3204263077,29350.82770771,281,250,15,1,0.0044171,convex_mesh_per_channel
2131,4,712132,13,7,13,2,1250,1,1,0.1606619366915,5,13,7292.444599,560.9572768462,26412.22296481,322,287,16,1,0.0171807,convex_mesh_per_channel
2132,4,712133,13,7,13,2,1500,2,0,0.3567723354633,0,13,7816.726165,601.2866280769,31093.63082441,257,209,13,4,0.0067389,convex_mesh_per_channel
2132,4,712133,13,7,13,2,1500,2,0,0.3567723354633,5,13,6695.854399,515.065723,25614.27198123,253,210,11,2,0.0345196,convex_mesh_per_channel
2133,4,712134,13,7,13,2,1000,3,1,0.085991671984,0,13,7437.671152,572.1285501538,29428.35577018,252,227,0,0,0.0061507,convex_mesh_per_channel
2133,4,712134,13,7,13,2,1000,3,1,0.085991671984,5,13,7402.749611,569.4422777692,27248.74805389,319,293,0,0,0.0129844,convex_mesh_per_channel
2134,4,712135,13,7,13,2,1250,4,0,0.1200869759514,0,13,7971.676702,613.2059001538,31083.38349998,277,245,20,2,0.0047658,convex_mesh_per_channel
2134,4,712135,13,7,13,2,1250,4,0,0.1200869759514,5,13,6917.094998,532.0842306154,26825.47498603,248,214,11,1,0.0282694,convex_mesh_per_channel
2135,4,712136,13,7,13,2,1500,0,1,0.07976572320339,0,13,7912.276318,608.6366398462,31726.38160436,250,225,9,1,0.005134,convex_mesh_per_channel
2135,4,712136,13,7,13,2,1500,0,1,0.07976572320339,5,13,7235.346464,556.5651126154,28256.73233698,253,224,10,1,0.0200452,convex_mesh_per_channel
2136,4,712137,13,7,13,2,1000,1,0,0.08091557049991,0,13,6899.967864,530.7667587692,25769.83931594,265,239,39,3,0.0051666,convex_mesh_per_channel
2136,4,712137,13,7,13,2,1000,1,0,0.08091557049991,5,13,7007.779192,539.0599378462,26078.89595619,273,239,41,3,0.0166577,convex_mesh_per_channel
2137,4,712138,13,7,13,2,1250,2,1,0.2675806852686,0,13,7514.018953,578.0014579231,29585.0947739,258,224,6,0,0.0052382,convex_mesh_per_channel
2137,4,712138,13,7,13,2,1250,2,1,0.2675806852686,5,13,6874.661968,528.8201513846,26348.3098537,259,224,7,0,0.0221277,convex_mesh_per_channel
2138,4,712139,13,7,13,2,1500,3,0,0.09452541404071,0,13,7036.903755,541.3002888462,25834.51878246,298,273,14,1,0.0039232,convex_mesh_per_channel
2138,4,712139,13,7,13,2,1500,3,0,0.09452541404071,5,13,6770.387839,520.7990645385,25006.93921572,285,252,9,2,0.0174402,convex_mesh_per_channel
2139,4,712140,13,7,13,2,1000,4,1,0.1664074135295,0,13,7029.736749,540.7489806923,27568.68376415,244,213,6,0,0.0055785,convex_mesh_per_channel
2139,4,712140,13,7,13,2,1000,4,1,0.1664074135295,5,13,7159.330125,550.7177019231,26346.65063409,308,276,3,0,0.0153287,convex_mesh_per_channel
2140,4,712141,13,7,13,2,1250,0,0,0.0584954952291,0,13,8626.124545,663.5480419231,32985.62272,286,252,94,4,0.0041896,convex_mesh_per_channel
2140,4,712141,13,7,13,2,1250,0,0,0.0584954952291,5,13,7401.165393,569.3204148462,26645.8269649,325,286,32,4,0.0159666,convex_mesh_per_channel
2141,4,712142,13,7,13,2,1500,1,1,0.1064975406352,0,13,6234.540475,479.5800365385,24822.70237909,203,175,5,0,0.0096258,convex_mesh_per_channel
2141,4,712142,13,7,13,2,1500,1,1,0.1064975406352,5,13,6548.139905,503.7030696154,24890.69953535,254,226,3,0,0.0204456,convex_mesh_per_channel
2142,4,712143,13,7,13,2,1000,2,0,0.09160858130483,0,13,6790.508019,522.3467706923,24517.54009756,308,282,0,0,0.0033319,convex_mesh_per_channel
2142,4,712143,13,7,13,2,1000,2,0,0.09160858130483,5,13,7131.371524,548.5670403077,25791.85763885,309,282,27,2,0.0182106,convex_mesh_per_channel
2143,4,712144,13,7,13,2,1250,3,1,0.136509235319,0,13,7389.739356,568.4414889231,29383.6967792,241,213,10,1,0.0065563,convex_mesh_per_channel
2143,4,712144,13,7,13,2,1250,3,1,0.136509235319,5,13,6998.355694,538.3350533846,25436.7784888,307,275,12,2,0.0166947,convex_mesh_per_channel
2144,4,712145,13,7,13,2,1500,4,0,0.1763339044566,0,13,7124.875935,548.0673796154,28794.37968734,207,176,30,4,0.00719,convex_mesh_per_channel
2144,4,712145,13,7,13,2,1500,4,0,0.1763339044566,5,13,6761.942092,520.1493916923,25239.7104768,270,239,20,2,0.0293293,convex_mesh_per_channel
2145,4,712146,13,7,13,2,1000,0,1,0.08423518039579,0,13,8663.740699,666.4415922308,32163.70350282,352,325,27,5,0.0029318,convex_mesh_per_channel
2145,4,712146,13,7,13,2,1000,0,1,0.08423518039579,5,13,7759.865261,596.9127123846,29479.32631127,296,268,17,4,0.0136522,convex_mesh_per_channel
2146,4,712147,13,7,13,2,1250,1,0,0.154518858621,0,13,8099.736905,623.056685,31808.68453918,217,189,133,3,0.0058226,convex_mesh_per_channel
2146,4,712147,13,7,13,2,1250,1,0,0.154518858621,5,13,7518.03299,578.31023,29280.16491202,239,204,66,2,0.0278511,convex_mesh_per_channel
2147,4,712148,13,7,13,2,1500,2,1,0.06795334393561,0,13,7766.409909,597.4161468462,29512.04954786,302,271,6,0,0.0036643,convex_mesh_per_channel
2147,4,712148,13,7,13,2,1500,2,1,0.06795334393561,5,13,7222.353211,555.5656316154,26751.76606325,303,271,7,0,0.0167391,convex_mesh_per_channel
2148,4,712149,13,7,13,2,1000,3,0,0.1547989707234,0,13,7519.349029,578.4114637692,28656.74514606,282,253,20,3,0.0047891,convex_mesh_per_channel
2148,4,712149,13,7,13,2,1000,3,0,0.1547989707234,5,13,6926.551519,532.8116553077,25972.75758906,278,253,8,1,0.0240753,convex_mesh_per_channel
2149,4,712150,13,7,13,2,1250,4,1,0.07623641969918,0,13,8533.044266,656.3880204615,31645.22134245,355,316,16,4,0.0032983,convex_mesh_per_channel
2149,4,712150,13,7,13,2,1250,4,1,0.07623641969918,5,13,7930.230293,610.0177148462,28701.15147387,354,316,13,2,0.0118761,convex_mesh_per_channel
2150,4,712151,13,7,13,2,1500,0,0,0.06524133124168,0,13,6707.679425,515.9753403846,25508.39712904,261,236,0,0,0.0051963,convex_mesh_per_channel
2150,4,712151,13,7,13,2,1500,0,0,0.06524133124168,5,13,6727.534109,517.5026237692,24432.67054358,300,273,1,1,0.0194977,convex_mesh_per_channel
2151,4,712152,13,7,13,2,1000,1,1,0.097669675286,0,13,8147.761355,626.7508734615,29693.80678117,357,326,11,2,0.0027106,convex_mesh_per_channel
2151,4,712152,13,7,13,2,1000,1,1,0.097669675286,5,13,7447.220446,572.8631112308,27711.10223331,306,268,14,3,0.0132748,convex_mesh_per_channel
2152,4,712153,13,7,13,2,1250,2,0,0.1025120301421,0,13,6313.291809,485.6378314615,24721.45905407,220,189,5,0,0.0071788,convex_mesh_per_channel
2152,4,712153,13,7,13,2,1250,2,0,0.1025120301421,5,13,6015.118817,462.7014474615,23190.59409745,221,189,6,0,0.0459612,convex_mesh_per_channel
2153,4,712154,13,7,13,2,1500,3,1,0.06465345545119,0,13,7948.984902,611.4603770769,29534.92452943,328,301,12,3,0.0035329,convex_mesh_per_channel
2153,4,712154,13,7,13,2,1500,3,1,0.06465345545119,5,13,8102.43858,623.2645061538,30612.19291548,324,295,0,2,0.0149817,convex_mesh_per_channel
2154,4,712155,13,7,13,2,1000,4,0,0.04945102607462,0,13,6730.786007,517.7527697692,25888.930036,251,224,3,1,0.0057838,convex_mesh_per_channel
2154,4,712155,13,7,13,2,1000,4,0,0.04945102607462,5,13,7014.587231,539.5836331538,27297.93615778,252,224,2,1,0.0244201,convex_mesh_per_channel
2155,4,712156,13,7,13,2,1250,0,1,0.08342555682871,0,13,8179.411102,629.1854693846,30987.05552203,309,282,30,5,0.0036727,convex_mesh_per_channel
2155,4,712156,13,7,13,2,1250,0,1,0.08342555682871,5,13,8162.42649,627.8789607692,30732.13245854,321,289,19,4,0.0130219,convex_mesh_per_channel
2156,4,712157,13,7,13,2,1500,1,0,0.06703423968576,0,13,8141.706639,626.2851260769,32748.5331982,254,209,16,4,0.0068067,convex_mesh_per_channel
2156,4,712157,13,7,13,2,1500,1,0,0.06703423968576,5,13,7064.860178,543.4507829231,27484.30090123,251,212,12,3,0.0312257,convex_mesh_per_channel
2157,4,712158,13,7,13,2,1000,2,1,0.08421172220984,0,13,8625.239724,663.4799787692,33676.19864738,289,260,40,6,0.0043863,convex_mesh_per_channel
2157,4,712158,13,7,13,2,1000,2,1,0.08421172220984,5,13,8504.710177,654.2084751538,32148.55091232,324,288,34,5,0.016141,convex_mesh_per_channel
2158,4,712159,13,7,13,2,1250,3,0,0.1308920228125,0,13,6726.387383,517.4144140769,24776.93693167,280,258,16,1,0.0044399,convex_mesh_per_channel
2158,4,712159,13,7,13,2,1250,3,0,0.1308920228125,5,13,6964.879365,535.7599511538,26449.39683611,272,244,2,1,0.022062,convex_mesh_per_channel
2159,4,712160,13,7,13,2,1500,4,1,0.06706010637488,0,13,7608.140738,585.2415952308,30920.7036951,219,189,25,4,0.0081055,convex_mesh_per_channel
2159,4,712160,13,7,13,2,1500,4,1,0.06706010637488,5,13,8139.246538,626.0958875385,30661.23271881,315,283,28,4,0.0172764,convex_mesh_per_channel
2160,4,712161,13,10,0,0,1000,0,0,0.2833054155324,0,13,7976.375237,613.5673259231,29656.87610436,278,254,112,2,0.0040807,convex_mesh_per_channel
2160,4,712161,13,10,0,0,1000,0,0,0.2833054155324,5,13,8764.854763,674.2195971538,33049.27356895,255,233,194,3,0.0203566,convex_mesh_per_channel
2161,4,712162,13,10,0,0,1250,1,1,0.6939955658683,0,13,7319.637647,563.0490497692,27828.18824849,284,257,4,0,0.0039127,convex_mesh_per_channel
2161,4,712162,13,10,0,0,1250,1,1,0.6939955658683,5,13,8164.885179,628.0680906923,32014.42586462,261,221,57,4,0.0167835,convex_mesh_per_channel
2162,4,712163,13,10,0,0,1500,2,0,0.6863841114549,0,13,7590.143348,583.8571806154,30015.71670852,214,179,91,2,0.0096274,convex_mesh_per_channel
2162,4,712163,13,10,0,0,1500,2,0,0.6863841114549,5,13,8311.967179,639.3820906923,32584.83584868,212,181,163,3,0.0396831,convex_mesh_per_channel
2163,4,712164,13,10,0,0,1000,3,1,0.4598228965642,0,13,7269.566413,559.1974163846,27517.8320705,286,265,2,0,0.003543,convex_mesh_per_channel
2163,4,712164,13,10,0,0,1000,3,1,0.4598228965642,5,13,7591.084583,583.9295833077,27895.42291331,322,295,14,1,0.0101801,convex_mesh_per_channel
2164,4,712165,13,10,0,0,1250,4,0,0.504813891795,0,13,8429.043863,648.3879894615,33265.21936623,236,204,109,3,0.0064779,convex_mesh_per_channel
2164,4,712165,13,10,0,0,1250,4,0,0.504813891795,5,13,8282.799086,637.1383912308,32668.99543892,234,196,106,3,0.0243669,convex_mesh_per_channel
2165,4,712166,13,10,0,0,1500,0,1,0.8415920723231,0,13,9141.135943,703.1643033077,35030.67955051,300,267,101,1,0.0033036,convex_mesh_per_channel
2165,4,712166,13,10,0,0,1500,0,1,0.8415920723231,5,13,8819.821592,678.4478147692,33649.10780214,291,264,102,1,0.0118463,convex_mesh_per_channel
2166,4,712167,13,10,0,0,1000,1,0,0.2621697039453,0,13,6869.376118,528.4135475385,26396.88059533,256,230,5,0,0.0057593,convex_mesh_per_channel
2166,4,712167,13,10,0,0,1000,1,0,0.2621697039453,5,13,6868.547297,528.3497920769,26457.73649675,254,224,6,1,0.02139,convex_mesh_per_channel
2167,4,712168,13,10,0,0,1250,2,1,0.6615144947391,0,13,7878.623512,606.0479624615,30103.11755167,302,277,2,0,0.0027755,convex_mesh_per_channel
2167,4,712168,13,10,0,0,1250,2,1,0.6615144947391,5,13,7322.972026,563.3055404615,28239.86014615,249,227,46,2,0.0172314,convex_mesh_per_channel
2168,4,712169,13,10,0,0,1500,3,0,0.6099093041654,0,13,8274.952054,636.5347733846,32574.76014831,241,205,95,3,0.0068721,convex_mesh_per_channel
2168,4,712169,13,10,0,0,1500,3,0,0.6099093041654,5,13,7042.498295,541.7306380769,27852.49147875,237,207,5,1,0.0244838,convex_mesh_per_channel
2169,4,712170,13,10,0,0,1000,4,1,0.3572615695507,0,13,7990.335911,614.6412239231,29886.67949939,272,246,114,2,0.0037328,convex_mesh_per_channel
2169,4,712170,13,10,0,0,1000,4,1,0.3572615695507,5,13,8004.744093,615.7495456154,31343.72049797,262,238,41,2,0.0186063,convex_mesh_per_channel
2170,4,712171,13,10,0,0,1250,0,0,0.6342770875416,0,13,6728.693869,517.5918360769,25028.46932909,256,234,48,1,0.0051351,convex_mesh_per_channel
2170,4,712171,13,10,0,0,1250,0,0,0.6342770875416,5,13,6564.636001,504.9720000769,24988.18001224,252,224,6,1,0.0235906,convex_mesh_per_channel
2171,4,712172,13,10,0,0,1500,1,1,0.3375973160301,0,13,9004.984374,692.6911056923,35164.92190172,285,245,79,3,0.0041981,convex_mesh_per_channel
2171,4,712172,13,10,0,0,1500,1,1,0.3375973160301,5,13,7204.476332,554.1904870769,27352.381654,271,242,24,2,0.0151628,convex_mesh_per_channel
2172,4,712173,13,10,0,0,1000,2,0,0.6532077203878,0,13,8660.253347,666.1733343846,33251.2667313,264,229,132,4,0.0041125,convex_mesh_per_channel
2172,4,712173,13,10,0,0,1000,2,0,0.6532077203878,5,13,8538.311019,656.7931553077,32016.55509271,284,257,131,3,0.015186,convex_mesh_per_channel
2173,4,712174,13,10,0,0,1250,3,1,0.6025821554679,0,13,7907.156065,608.2427742308,30415.78034092,277,251,41,3,0.0038825,convex_mesh_per_channel
2173,4,712174,13,10,0,0,1250,3,1,0.6025821554679,5,13,7141.986257,549.3835582308,27114.93129741,278,252,4,2,0.0139253,convex_mesh_per_channel
2174,4,712175,13,10,0,0,1500,4,0,0.3286607857326,0,13,8054.510426,619.5777250769,31287.55208599,234,193,123,4,0.0065644,convex_mesh_per_channel
2174,4,712175,13,10,0,0,1500,4,0,0.3286607857326,5,13,8729.323744,671.4864418462,34246.61850554,239,206,138,3,0.0283236,convex_mesh_per_channel
2175,4,712176,13,10,0,0,1000,0,1,0.2011592610761,0,13,9350.389869,719.2607591538,35976.94929002,303,281,98,4,0.003554,convex_mesh_per_channel
2175,4,712176,13,10,0,0,1000,0,1,0.2011592610761,5,13,8221.516704,632.4243618462,30902.58347008,307,279,54,3,0.0133432,convex_mesh_per_channel
2176,4,712177,13,10,0,0,1250,1,0,0.2505678986215,0,13,6148.708026,472.9775404615,23473.54013679,234,219,0,0,0.0048167,convex_mesh_per_channel
2176,4,712177,13,10,0,0,1250,1,0,0.2505678986215,5,13,6521.218081,501.6321600769,24456.09042619,264,239,2,1,0.0160089,convex_mesh_per_channel
2177,4,712178,13,10,0,0,1500,2,1,0.677676658806,0,13,7544.831618,580.3716629231,28884.15811976,281,238,20,4,0.0044185,convex_mesh_per_channel
2177,4,712178,13,10,0,0,1500,2,1,0.677676658806,5,13,8177.669565,629.051505,32013.34780186,271,244,37,1,0.0140316,convex_mesh_per_channel
2178,4,712179,13,10,0,0,1000,3,0,0.6198357583905,0,13,8529.657665,656.1275126923,32763.28840295,275,258,93,2,0.0034137,convex_mesh_per_channel
2178,4,712179,13,10,0,0,1000,3,0,0.6198357583905,5,13,8086.316217,622.0243243846,30441.58114979,280,257,92,2,0.0145547,convex_mesh_per_channel
2179,4,712180,13,10,0,0,1250,4,1,0.5249089552083,0,13,8054.936667,619.6105128462,31074.68335825,296,256,13,2,0.0040381,convex_mesh_per_channel
2179,4,712180,13,10,0,0,1250,4,1,0.5249089552083,5,13,7611.25561,585.4812007692,29081.27806129,288,254,12,2,0.0147018,convex_mesh_per_channel
2180,4,712181,13,10,0,0,1500,0,0,0.8521276738703,0,13,7293.401613,561.0308933077,29227.00807725,223,184,28,4,0.0096073,convex_mesh_per_channel
2180,4,712181,13,10,0,0,1500,0,0,0.8521276738703,5,13,7875.351889,605.7962991538,31376.75945874,236,187,56,5,0.0280179,convex_mesh_per_channel
2181,4,712182,13,10,0,0,1000,1,1,0.3496049056473,0,13,8056.884941,619.7603800769,30854.42464947,275,251,65,2,0.0041009,convex_mesh_per_channel
2181,4,712182,13,10,0,0,1000,1,1,0.3496049056473,5,13,7640.781119,587.7523937692,28923.90554594,285,264,34,1,0.0113228,convex_mesh_per_channel
2182,4,712183,13,10,0,0,1250,2,0,0.6065507081368,0,13,7385.853528,568.1425790769,28369.26765555,266,230,29,3,0.0057205,convex_mesh_per_channel
2182,4,712183,13,10,0,0,1250,2,0,0.6065507081368,5,13,8032.177813,617.8598317692,31640.88912833,249,220,58,2,0.0162763,convex_mesh_per_channel
2183,4,712184,13,10,0,0,1500,3,1,0.5034677632767,0,13,8292.288572,637.8683516923,31321.44277726,287,264,88,1,0.0031225,convex_mesh_per_channel
2183,4,712184,13,10,0,0,1500,3,1,0.5034677632767,5,13,8651.802562,665.523274,32994.01272018,290,259,93,2,0.013179,convex_mesh_per_channel
2184,4,712185,13,10,0,0,1000,4,0,0.4304013207195,0,13,6750.333855,519.2564503846,26556.66926544,231,204,5,0,0.0057274,convex_mesh_per_channel
2184,4,712185,13,10,0,0,1000,4,0,0.4304013207195,5,13,6979.03092,536.8485323077,27160.15459565,249,225,4,0,0.0150752,convex_mesh_per_channel
2185,4,712186,13,10,0,0,1250,0,1,0.6013463854405,0,13,7644.661001,588.0508462308,29828.30499975,272,251,1,0,0.0036694,convex_mesh_per_channel
2185,4,712186,13,10,0,0,1250,0,1,0.6013463854405,5,13,8126.869538,625.1438106154,31679.3476968,284,255,17,2,0.0130277,convex_mesh_per_channel
2186,4,712187,13,10,0,0,1500,1,0,0.7507455452296,0,13,6312.991803,485.6147540769,24724.95903572,218,186,9,1,0.0090141,convex_mesh_per_channel
2186,4,712187,13,10,0,0,1500,1,0,0.7507455452296,5,13,6593.178265,507.1675588462,25990.89134018,223,191,8,1,0.0301852,convex_mesh_per_channel
2187,4,712188,13,10,0,0,1000,2,1,0.5737964004989,0,13,8248.97663,634.5366638462,31584.88320019,303,280,24,1,0.0029857,convex_mesh_per_channel
2187,4,712188,13,10,0,0,1000,2,1,0.5737964004989,5,13,9426.320236,725.1015566154,35256.60125424,304,280,170,3,0.0107695,convex_mesh_per_channel
2188,4,712189,13,10,0,0,1250,3,0,0.859493064698,0,13,7089.373749,545.3364422308,27766.86876401,249,226,0,0,0.0049586,convex_mesh_per_channel
2188,4,712189,13,10,0,0,1250,3,0,0.859493064698,5,13,6549.754852,503.8272963077,25238.77426496,242,227,0,0,0.0186952,convex_mesh_per_channel
2189,4,712190,13,10,0,0,1500,4,1,0.8338620269806,0,13,9828.625886,756.0481450769,38468.12923186,296,260,110,4,0.0034679,convex_mesh_per_channel
2189,4,712190,13,10,0,0,1500,4,1,0.8338620269806,5,13,8646.035543,665.0796571538,33355.17750988,272,241,103,3,0.012572,convex_mesh_per_channel
2190,4,712191,13,10,0,1,1000,0,0,1.10286544745e-05,0,13,8414.34475,647.2572884615,32736.72376152,241,213,128,6,0.005324,convex_mesh_per_channel
2190,4,712191,13,10,0,1,1000,0,0,1.10286544745e-05,5,13,8206.543587,631.2725836154,32342.71790122,237,209,93,3,0.0220735,convex_mesh_per_channel
2191,4,712192,13,10,0,1,1250,1,1,3.640414512311e-05,0,13,11096.46515,853.5742423077,43307.32559961,273,243,254,6,0.0043149,convex_mesh_per_channel
2191,4,712192,13,10,0,1,1250,1,1,3.640414512311e-05,5,13,8574.485219,659.5757860769,32617.42606309,279,234,119,5,0.0153069,convex_mesh_per_channel
2192,4,712193,13,10,0,1,1500,2,0,5.994232590778e-05,0,13,7452.312612,573.2548163077,29706.56306741,233,203,26,1,0.006378,convex_mesh_per_channel
2192,4,712193,13,10,0,1,1500,2,0,5.994232590778e-05,5,13,7374.48342,567.2679553846,29672.41706331,216,184,37,1,0.0412879,convex_mesh_per_channel
2193,4,712194,13,10,0,1,1000,3,1,4.180304202165e-05,0,13,10236.070466,787.3900358462,38925.35235193,292,266,220,4,0.0038703,convex_mesh_per_channel
2193,4,712194,13,10,0,1,1000,3,1,4.180304202165e-05,5,13,7343.201282,564.8616370769,27176.00643392,287,267,47,1,0.014998,convex_mesh_per_channel
2194,4,712195,13,10,0,1,1250,4,0,0.0001019124139158,0,13,7292.105227,560.9311713077,28960.52612707,228,193,34,2,0.0065056,convex_mesh_per_channel
2194,4,712195,13,10,0,1,1250,4,0,0.0001019124139158,5,13,7305.669191,561.9745531538,29173.34595662,224,193,31,1,0.0270868,convex_mesh_per_channel
2195,4,712196,13,10,0,1,1500,0,1,4.624294808277e-05,0,13,7658.090462,589.0838816923,30415.45231267,256,224,2,0,0.003855,convex_mesh_per_channel
2195,4,712196,13,10,0,1,1500,0,1,4.624294808277e-05,5,13,7032.077269,540.9290206923,26975.38634699,268,226,2,3,0.0129815,convex_mesh_per_channel
2196,4,712197,13,10,0,1,1000,1,0,2.229005533642e-05,0,13,7359.452061,566.111697,27932.26042108,262,233,55,1,0.0047391,convex_mesh_per_channel
2196,4,712197,13,10,0,1,1000,1,0,2.229005533642e-05,5,13,6742.25268,518.6348215385,26131.26340241,246,215,2,1,0.0176052,convex_mesh_per_channel
2197,4,712198,13,10,0,1,1250,2,1,5.697246515701e-05,0,13,7384.516847,568.0397574615,29377.58422559,244,209,5,0,0.008401,convex_mesh_per_channel
2197,4,712198,13,10,0,1,1250,2,1,5.697246515701e-05,5,13,7047.722628,542.1325098462,27778.6131373,241,210,4,0,0.0275685,convex_mesh_per_channel
2198,4,712199,13,10,0,1,1500,3,0,6.502856932119e-05,0,13,7703.17591,592.5519930769,31180.87956889,217,185,44,1,0.0066918,convex_mesh_per_channel
2198,4,712199,13,10,0,1,1500,3,0,6.502856932119e-05,5,13,6724.978982,517.3060755385,27109.89490535,208,180,6,1,0.0359928,convex_mesh_per_channel
2199,4,712200,13,10,0,1,1000,4,1,6.719839599564e-05,0,13,7779.393185,598.4148603846,30036.96603012,247,211,87,4,0.0062779,convex_mesh_per_channel
2199,4,712200,13,10,0,1,1000,4,1,6.719839599564e-05,5,13,7633.142193,587.1647840769,28875.71104471,266,229,78,4,0.0242645,convex_mesh_per_channel
2200,4,712201,13,10,0,1,1250,0,0,6.36489374799e-05,0,13,8719.230864,670.7100664615,34786.15425064,219,185,139,4,0.007511,convex_mesh_per_channel
2200,4,712201,13,10,0,1,1250,0,0,6.36489374799e-05,5,13,7925.308261,609.639097,30211.54129483,283,253,50,2,0.0195722,convex_mesh_per_channel
2201,4,712202,13,10,0,1,1500,1,1,0.000123332998116,0,13,8789.426524,676.1097326154,34407.13262183,303,265,21,3,0.0034632,convex_mesh_per_channel
2201,4,712202,13,10,0,1,1500,1,1,0.000123332998116,5,13,7171.557614,551.658278,26852.78805979,292,264,4,1,0.0146343,convex_mesh_per_channel
2202,4,712203,13,10,0,1,1000,2,0,0.0001316331965175,0,13,8848.693471,680.6687285385,34178.46740392,264,241,129,3,0.0034564,convex_mesh_per_channel
2202,4,712203,13,10,0,1,1000,2,0,0.0001316331965175,5,13,7317.34857,562.8729669231,26206.74292263,305,282,68,2,0.012759,convex_mesh_per_channel
2203,4,712204,13,10,0,1,1250,3,1,0.0001144927188376,0,13,7648.348246,588.3344804615,29936.7412066,260,227,23,2,0.004554,convex_mesh_per_channel
2203,4,712204,13,10,0,1,1250,3,1,0.0001144927188376,5,13,7647.711679,588.2855137692,29028.55840281,283,257,35,1,0.0147291,convex_mesh_per_channel
2204,4,712205,13,10,0,1,1500,4,0,4.197421655163e-05,0,13,8569.098287,659.1614066923,34940.4914656,237,187,48,5,0.00605,convex_mesh_per_channel
2204,4,712205,13,10,0,1,1500,4,0,4.197421655163e-05,5,13,7351.996491,565.5381916154,29124.98246233,246,205,9,2,0.0341169,convex_mesh_per_channel
2205,4,712206,13,10,0,1,1000,0,1,4.002546541611e-05,0,13,10007.592984,769.8148449231,39657.9647925,216,187,248,5,0.0077168,convex_mesh_per_channel
2205,4,712206,13,10,0,1,1000,0,1,4.002546541611e-05,5,13,8647.704762,665.2080586154,32903.5238371,262,230,154,4,0.0125508,convex_mesh_per_channel
2206,4,712207,13,10,0,1,1250,1,0,8.956068804136e-05,0,13,7698.442482,592.1878832308,30857.21241408,228,187,45,2,0.0077751,convex_mesh_per_channel
2206,4,712207,13,10,0,1,1250,1,0,8.956068804136e-05,5,13,7009.113538,539.1625798462,27985.56768032,227,188,8,1,0.0319358,convex_mesh_per_channel
2207,4,712208,13,10,0,1,1500,2,1,5.490401095485e-05,0,13,8776.447892,675.1113763077,34062.23944953,294,258,57,3,0.0038569,convex_mesh_per_channel
2207,4,712208,13,10,0,1,1500,2,1,5.490401095485e-05,5,13,7702.413416,592.4933396923,29337.06708036,299,266,3,1,0.013791,convex_mesh_per_channel
2208,4,712209,13,10,0,1,1000,3,0,8.272118458965e-05,0,13,8553.611678,657.9701290769,33408.05843126,250,224,111,3,0.0050505,convex_mesh_per_channel
2208,4,712209,13,10,0,1,1000,3,0,8.272118458965e-05,5,13,6996.042801,538.1571385385,27280.21402289,224,202,51,2,0.0361027,convex_mesh_per_channel
2209,4,712210,13,10,0,1,1250,4,1,9.64188895689e-05,0,13,9326.740216,717.4415550769,36483.70091426,251,221,163,3,0.0039078,convex_mesh_per_channel
2209,4,712210,13,10,0,1,1250,4,1,9.64188895689e-05,5,13,8500.001941,653.8463031538,32885.00951566,227,189,178,5,0.0227092,convex_mesh_per_channel
2210,4,712211,13,10,0,1,1500,0,0,4.810033858492e-05,0,13,7319.172519,563.0132706923,29975.86259601,213,185,3,1,0.0069673,convex_mesh_per_channel
2210,4,712211,13,10,0,1,1500,0,0,4.810033858492e-05,5,13,7875.868627,605.8360482308,31224.34300186,227,194,79,2,0.0374437,convex_mesh_per_channel
2211,4,712212,13,10,0,1,1000,1,1,5.368356724268e-05,0,13,9940.760277,764.6738674615,39208.80147647,255,234,175,6,0.0037006,convex_mesh_per_channel
2211,4,712212,13,10,0,1,1000,1,1,5.368356724268e-05,5,13,6638.685426,510.6681096923,24703.42713009,275,255,1,0,0.0168721,convex_mesh_per_channel
2212,4,712213,13,10,0,1,1250,2,0,2.468491490044e-05,0,13,6955.116506,535.008962,27760.58250222,221,188,15,2,0.0076851,convex_mesh_per_channel
2212,4,712213,13,10,0,1,1250,2,0,2.468491490044e-05,5,13,7771.219468,597.7861129231,30846.09737355,219,190,84,3,0.0267298,convex_mesh_per_channel
2213,4,712214,13,10,0,1,1500,3,1,9.510996464426e-05,0,13,8212.981722,631.7678247692,31784.90861314,300,255,12,3,0.0044265,convex_mesh_per_channel
2213,4,712214,13,10,0,1,1500,3,1,9.510996464426e-05,5,13,7905.835899,608.141223,30509.17951395,294,263,2,0,0.0125847,convex_mesh_per_channel
2214,4,712215,13,10,0,1,1000,4,0,2.83104776487e-05,0,13,8497.286475,653.6374211538,32631.43237544,236,207,173,3,0.0060068,convex_mesh_per_channel
2214,4,712215,13,10,0,1,1000,4,0,2.83104776487e-05,5,13,8364.611626,643.4316635385,31723.05812284,241,219,177,3,0.0285806,convex_mesh_per_channel
2215,4,712216,13,10,0,1,1250,0,1,5.919977222027e-05,0,13,7977.690588,613.6685067692,31398.45294717,277,248,0,0,0.0033943,convex_mesh_per_channel
2215,4,712216,13,10,0,1,1250,0,1,5.919977222027e-05,5,13,7028.408491,540.646807,26817.04245217,270,250,0,0,0.012836,convex_mesh_per_channel
2216,4,712217,13,10,0,1,1500,1,0,6.439803192626e-05,0,13,8178.926961,629.1482277692,33044.63478977,239,196,38,3,0.0061458,convex_mesh_per_channel
2216,4,712217,13,10,0,1,1500,1,0,6.439803192626e-05,5,13,6842.880399,526.3754153077,28064.4019981,197,168,4,0,0.0409584,convex_mesh_per_channel
2217,4,712218,13,10,0,1,1000,2,1,3.347276360589e-05,0,13,9094.445257,699.5727120769,35912.22616868,252,224,121,3,0.0045337,convex_mesh_per_channel
2217,4,712218,13,10,0,1,1000,2,1,3.347276360589e-05,5,13,7748.688223,596.0529402308,30023.44110765,251,229,65,2,0.0152516,convex_mesh_per_channel
2218,4,712219,13,10,0,1,1250,3,0,6.125499717552e-05,0,13,7243.395228,557.1842483077,29411.97613536,221,191,0,0,0.0072393,convex_mesh_per_channel
2218,4,712219,13,10,0,1,1250,3,0,6.125499717552e-05,5,13,8171.323568,628.5633513846,32146.61774424,259,217,55,4,0.021091,convex_mesh_per_channel
2219,4,712220,13,10,0,1,1500,4,1,0.0001738186778126,0,13,8342.254367,641.7118743846,33046.27191564,264,231,39,1,0.0038893,convex_mesh_per_channel
2219,4,712220,13,10,0,1,1500,4,1,0.0001738186778126,5,13,7096.836804,545.9105233846,27699.18403096,251,222,5,1,0.0193165,convex_mesh_per_channel
2220,4,712221,13,10,0,2,1000,0,0,0.3517839578877,0,13,7671.357768,590.1044436923,30886.78884042,203,177,79,1,0.0089268,convex_mesh_per_channel
2220,4,712221,13,10,0,2,1000,0,0,0.3517839578877,5,13,8375.680252,644.2830963077,33383.4012188,191,160,173,3,0.0326318,convex_mesh_per_channel
2221,4,712222,13,10,0,2,1250,1,1,0.2008948297791,0,13,8459.082492,650.6986532308,32150.41213651,238,207,189,2,0.0070098,convex_mesh_per_channel
2221,4,712222,13,10,0,2,1250,1,1,0.2008948297791,5,13,7653.113509,588.7010391538,29460.56737145,239,207,98,1,0.0223159,convex_mesh_per_channel
2222,4,712223,13,10,0,2,1500,2,0,0.2065049894194,0,13,8481.209511,652.4007316154,34256.04745763,192,161,148,3,0.0095317,convex_mesh_per_channel
2222,4,712223,13,10,0,2,1500,2,0,0.2065049894194,5,13,7277.767263,559.828251,28203.83621907,207,171,122,3,0.0259609,convex_mesh_per_channel
2223,4,712224,13,10,0,2,1000,3,1,0.2208714619044,0,13,11141.59295,857.0456115385,44447.96449802,192,165,354,8,0.0075015,convex_mesh_per_channel
2223,4,712224,13,10,0,2,1000,3,1,0.2208714619044,5,13,7180.276912,552.3289932308,27946.3844374,213,185,92,1,0.0350354,convex_mesh_per_channel
2224,4,712225,13,10,0,2,1250,4,0,0.1238518425775,0,13,7385.912302,568.1471001538,30184.5615079,201,165,38,2,0.0093969,convex_mesh_per_channel
2224,4,712225,13,10,0,2,1250,4,0,0.1238518425775,5,13,8522.541183,655.580091,34382.70588402,199,163,141,3,0.0253933,convex_mesh_per_channel
2225,4,712226,13,10,0,2,1500,0,1,0.6503468435019,0,13,9687.036495,745.1566534615,38910.18243479,223,194,177,6,0.0081136,convex_mesh_per_channel
2225,4,712226,13,10,0,2,1500,0,1,0.6503468435019,5,13,7537.031432,579.7716486154,30200.15711608,219,190,49,3,0.0304403,convex_mesh_per_channel
2226,4,712227,13,10,0,2,1000,1,0,0.1202575483508,0,13,9458.626343,727.5866417692,37933.13165638,190,161,232,5,0.0070036,convex_mesh_per_channel
2226,4,712227,13,10,0,2,1000,1,0,0.1202575483508,5,13,7176.314167,552.0241666923,27446.57083636,225,200,99,2,0.0319545,convex_mesh_per_channel
2227,4,712228,13,10,0,2,1250,2,1,0.3166305559021,0,13,10970.533697,843.8872074615,41932.66807396,240,209,370,5,0.0082648,convex_mesh_per_channel
2227,4,712228,13,10,0,2,1250,2,1,0.3166305559021,5,13,8146.337472,626.641344,31986.6871685,196,170,178,2,0.0334666,convex_mesh_per_channel
2228,4,712229,13,10,0,2,1500,3,0,0.7947557876087,0,13,7027.687458,540.5913429231,28388.43721685,182,159,72,1,0.0094251,convex_mesh_per_channel
2228,4,712229,13,10,0,2,1500,3,0,0.7947557876087,5,13,6193.745445,476.4419573077,24773.72723429,182,159,35,1,0.0392511,convex_mesh_per_channel
2229,4,712230,13,10,0,2,1000,4,1,0.3545808338645,0,13,11761.806603,904.7543540769,46629.0325109,197,165,407,8,0.0073025,convex_mesh_per_channel
2229,4,712230,13,10,0,2,1000,4,1,0.3545808338645,5,13,7910.776781,608.5212908462,30923.88390509,231,197,103,2,0.0275536,convex_mesh_per_channel
2230,4,712231,13,10,0,2,1250,0,0,0.3221975144132,0,13,9011.615347,693.2011805385,36643.07651792,192,160,166,4,0.0089729,convex_mesh_per_channel
2230,4,712231,13,10,0,2,1250,0,0,0.3221975144132,5,13,6775.45512,521.1888553846,27252.27552233,193,166,43,1,0.0354545,convex_mesh_per_channel
2231,4,712232,13,10,0,2,1500,1,1,0.1076658928162,0,13,13255.023247,1019.617172846,52275.11597244,195,164,532,10,0.0085154,convex_mesh_per_channel
2231,4,712232,13,10,0,2,1500,1,1,0.1076658928162,5,13,6389.430735,491.4946719231,25602.15369133,201,175,8,1,0.0340515,convex_mesh_per_channel
2232,4,712233,13,10,0,2,1000,2,0,0.3670643646639,0,13,9295.50834,715.0391030769,37202.54170824,199,168,209,4,0.0075289,convex_mesh_per_channel
2232,4,712233,13,10,0,2,1000,2,0,0.3670643646639,5,13,7965.46264,612.7278953846,31632.31316829,214,180,108,3,0.027519,convex_mesh_per_channel
2233,4,712234,13,10,0,2,1250,3,1,0.2976404344528,0,13,10518.856373,809.1427979231,41399.28130742,200,169,335,6,0.0092051,convex_mesh_per_channel
2233,4,712234,13,10,0,2,1250,3,1,0.2976404344528,5,13,9182.370693,706.3362071538,34616.85307592,236,207,269,3,0.0265306,convex_mesh_per_channel
2234,4,712235,13,10,0,2,1500,4,0,0.7077354134428,0,13,7899.670525,607.6669634615,32133.35263124,196,164,88,1,0.0085005,convex_mesh_per_channel
2234,4,712235,13,10,0,2,1500,4,0,0.7077354134428,5,13,7159.120814,550.7016010769,28505.60407902,194,165,86,1,0.0304266,convex_mesh_per_channel
2235,4,712236,13,10,0,2,1000,0,1,0.1417045388818,0,13,11541.01849,887.7706530769,45695.092308,194,164,401,8,0.0073445,convex_mesh_per_channel
2235,4,712236,13,10,0,2,1000,0,1,0.1417045388818,5,13,9422.707602,724.8236616923,36378.53797559,243,213,218,5,0.0242115,convex_mesh_per_channel
2236,4,712237,13,10,0,2,1250,1,0,0.5546808922577,0,13,8445.587617,649.6605859231,34972.93797293,189,162,93,4,0.0059653,convex_mesh_per_channel
2236,4,712237,13,10,0,2,1250,1,0,0.5546808922577,5,13,7386.530019,568.1946168462,30297.65003207,195,161,42,1,0.0412897,convex_mesh_per_channel
2237,4,712238,13,10,0,2,1500,2,1,0.1673456807849,0,13,11592.645773,891.7419825385,46483.22865687,194,163,366,9,0.009051,convex_mesh_per_channel
2237,4,712238,13,10,0,2,1500,2,1,0.1673456807849,5,13,6769.571678,520.7362829231,26752.85838086,224,195,13,1,0.0308153,convex_mesh_per_channel
2238,4,712239,13,10,0,2,1000,3,0,0.3393521825605,0,13,10047.969767,772.9207513077,40359.84849477,200,167,248,5,0.0077406,convex_mesh_per_channel
2238,4,712239,13,10,0,2,1000,3,0,0.3393521825605,5,13,7541.952651,580.1502039231,29869.76305305,192,165,126,2,0.0249125,convex_mesh_per_channel
2239,4,712240,13,10,0,2,1250,4,1,0.1651071469238,0,13,11985.968747,921.9975959231,46994.84328062,192,164,466,8,0.0076219,convex_mesh_per_channel
2239,4,712240,13,10,0,2,1250,4,1,0.1651071469238,5,13,6171.454959,474.7273045385,24872.27479807,193,164,1,0,0.0458392,convex_mesh_per_channel
2240,4,712241,13,10,0,2,1500,0,0,0.2635599622364,0,13,11345.011988,872.6932298462,44180.05951249,194,166,436,7,0.0066768,convex_mesh_per_channel
2240,4,712241,13,10,0,2,1500,0,0,0.2635599622364,5,13,9789.977268,753.0751744615,38074.88606622,225,193,264,5,0.0243981,convex_mesh_per_channel
2241,4,712242,13,10,0,2,1000,1,1,0.2585261932439,0,13,8428.022055,648.3093888462,34180.11029034,197,164,126,3,0.0097227,convex_mesh_per_channel
2241,4,712242,13,10,0,2,1000,1,1,0.2585261932439,5,13,7114.913139,547.3010106923,28804.56570115,217,174,10,0,0.0350456,convex_mesh_per_channel
2242,4,712243,13,10,0,2,1250,2,0,0.5826366963654,0,13,9424.877213,724.9905548462,38264.38592241,184,157,210,3,0.0072934,convex_mesh_per_channel
2242,4,712243,13,10,0,2,1250,2,0,0.5826366963654,5,13,7266.496606,558.9612773846,29432.48304263,203,171,43,1,0.0514684,convex_mesh_per_channel
2243,4,712244,13,10,0,2,1500,3,1,0.236124349119,0,13,10101.355812,777.0273701538,40336.77861728,193,164,280,4,0.0117736,convex_mesh_per_channel
2243,4,712244,13,10,0,2,1500,3,1,0.236124349119,5,13,7462.098911,574.0076085385,29000.49439966,224,195,94,1,0.0312801,convex_mesh_per_channel
2244,4,712245,13,10,0,2,1000,4,0,0.3891572357284,0,13,8786.5831,675.8910076923,35577.91528297,188,159,169,4,0.0107065,convex_mesh_per_channel
2244,4,712245,13,10,0,2,1000,4,0,0.3891572357284,5,13,7315.257877,562.7121443846,29191.28929593,188,160,104,3,0.0258264,convex_mesh_per_channel
2245,4,712246,13,10,0,2,1250,0,1,0.2543439089672,0,13,10863.694544,835.6688110769,42288.47230463,219,190,352,7,0.0077073,convex_mesh_per_channel
2245,4,712246,13,10,0,2,1250,0,1,0.2543439089672,5,13,7913.459884,608.7276833846,31207.29922661,217,186,112,2,0.0284189,convex_mesh_per_channel
2246,4,712247,13,10,0,2,1500,1,0,0.3259026301843,0,13,7910.32537,608.4865669231,32346.62674592,181,156,105,3,0.0088881,convex_mesh_per_channel
2246,4,712247,13,10,0,2,1500,1,0,0.3259026301843,5,13,7558.455724,581.4196710769,30557.27854345,195,158,83,3,0.0504476,convex_mesh_per_channel
2247,4,712248,13,10,0,2,1000,2,1,0.279978056804,0,13,12751.91843,980.9168023077,50814.59196118,194,165,463,10,0.0071757,convex_mesh_per_channel
2247,4,712248,13,10,0,2,1000,2,1,0.279978056804,5,13,6890.872928,530.0671483077,27214.3646541,223,196,24,2,0.0254366,convex_mesh_per_channel
2248,4,712249,13,10,0,2,1250,3,0,0.1482252081641,0,13,8665.928747,666.6099036154,35089.64361787,183,158,170,2,0.0081764,convex_mesh_per_channel
2248,4,712249,13,10,0,2,1250,3,0,0.1482252081641,5,13,7814.381206,601.1062466154,31476.90602884,203,163,92,2,0.0473,convex_mesh_per_channel
2249,4,712250,13,10,0,2,1500,4,1,0.1876391460966,0,13,13553.650294,1042.588484154,53143.25109131,193,164,577,10,0.0082937,convex_mesh_per_channel
2249,4,712250,13,10,0,2,1500,4,1,0.1876391460966,5,13,6543.515488,503.3473452308,25172.57743559,246,214,0,0,0.0244399,convex_mesh_per_channel
2250,4,712251,13,10,7,0,1000,0,0,0.2279090596621,0,13,7460.765788,573.9050606154,27923.82894597,305,286,0,0,0.0036458,convex_mesh_per_channel
2250,4,712251,13,10,7,0,1000,0,0,0.2279090596621,5,13,6740.006603,518.4620463846,25380.03301854,270,249,0,0,0.0138381,convex_mesh_per_channel
2251,4,712252,13,10,7,0,1250,1,1,0.337571847156,0,13,9175.130471,705.779267,35690.65229369,293,270,79,5,0.0031815,convex_mesh_per_channel
2251,4,712252,13,10,7,0,1250,1,1,0.337571847156,5,13,7390.291767,568.4839820769,27281.45884284,309,288,12,2,0.0106953,convex_mesh_per_channel
2252,4,712253,13,10,7,0,1500,2,0,0.3020343534486,0,13,8011.715089,616.2857760769,30403.57535081,260,224,114,3,0.0059119,convex_mesh_per_channel
2252,4,712253,13,10,7,0,1500,2,0,0.3020343534486,5,13,7331.381423,563.9524171538,28531.90703685,244,214,42,1,0.0177211,convex_mesh_per_channel
2253,4,712254,13,10,7,0,1000,3,1,0.8633954839944,0,13,7867.656863,605.2043740769,30248.28432428,290,267,12,4,0.0033859,convex_mesh_per_channel
2253,4,712254,13,10,7,0,1000,3,1,0.8633954839944,5,13,8589.154861,660.7042200769,32125.77430612,349,324,10,4,0.0080454,convex_mesh_per_channel
2254,4,712255,13,10,7,0,1250,4,0,0.8209276514043,0,13,8689.263444,668.4048803077,33171.31717913,262,233,149,4,0.004621,convex_mesh_per_channel
2254,4,712255,13,10,7,0,1250,4,0,0.8209276514043,5,13,8275.68768,636.59136,31228.43837855,273,249,117,4,0.0159252,convex_mesh_per_channel
2255,4,712256,13,10,7,0,1500,0,1,0.6769283401438,0,13,8906.178782,685.0906755385,34165.8939262,336,310,6,1,0.0029135,convex_mesh_per_channel
2255,4,712256,13,10,7,0,1500,0,1,0.6769283401438,5,13,8714.389829,670.3376791538,33966.94912944,304,276,20,2,0.0109013,convex_mesh_per_channel
2256,4,712257,13,10,7,0,1000,1,0,0.7608129623946,0,13,7675.12377,590.3941361538,28090.6188477,328,295,19,2,0.0029473,convex_mesh_per_channel
2256,4,712257,13,10,7,0,1000,1,0,0.7608129623946,5,13,7627.843601,586.7572000769,29184.21797693,257,228,71,2,0.0268691,convex_mesh_per_channel
2257,4,712258,13,10,7,0,1250,2,1,0.6843554859269,0,13,8350.241077,642.3262366923,32981.20539799,281,248,12,2,0.0039335,convex_mesh_per_channel
2257,4,712258,13,10,7,0,1250,2,1,0.6843554859269,5,13,8038.628401,618.3560308462,30438.14201889,313,288,11,2,0.0109631,convex_mesh_per_channel
2258,4,712259,13,10,7,0,1500,3,0,0.8043002249878,0,13,7628.083299,586.7756383846,30320.41648338,242,214,25,3,0.0067832,convex_mesh_per_channel
2258,4,712259,13,10,7,0,1500,3,0,0.8043002249878,5,13,7068.322111,543.7170854615,27076.61055449,263,216,19,6,0.0215583,convex_mesh_per_channel
2259,4,712260,13,10,7,0,1000,4,1,0.6760311781088,0,13,8637.969082,664.4591601538,33419.84545566,304,279,30,4,0.0038769,convex_mesh_per_channel
2259,4,712260,13,10,7,0,1000,4,1,0.6760311781088,5,13,8788.534028,676.0410790769,34122.67017391,305,281,31,4,0.0106256,convex_mesh_per_channel
2260,4,712261,13,10,7,0,1250,0,0,0.7003213406427,0,13,7487.148491,575.9344993077,29040.74238746,252,231,41,1,0.0044188,convex_mesh_per_channel
2260,4,712261,13,10,7,0,1250,0,0,0.7003213406427,5,13,7675.050793,590.3885225385,29070.25393278,287,262,33,1,0.0134705,convex_mesh_per_channel
2261,4,712262,13,10,7,0,1500,1,1,0.4812058502445,0,13,9899.055122,761.4657786154,37675.2754585,306,274,165,6,0.0030978,convex_mesh_per_channel
2261,4,712262,13,10,7,0,1500,1,1,0.4812058502445,5,13,7839.553769,603.0425976154,29697.7688479,304,279,12,2,0.0134994,convex_mesh_per_channel
2262,4,712263,13,10,7,0,1000,2,0,0.9640361970247,0,13,8043.640986,618.7416143077,30888.20492116,291,262,28,2,0.0040995,convex_mesh_per_channel
2262,4,712263,13,10,7,0,1000,2,0,0.9640361970247,5,13,7940.054757,610.7734428462,31015.27377725,270,244,26,2,0.0140289,convex_mesh_per_channel
2263,4,712264,13,10,7,0,1250,3,1,0.7439358762869,0,13,8381.363723,644.7202863846,33066.81861127,280,255,16,2,0.0035797,convex_mesh_per_channel
2263,4,712264,13,10,7,0,1250,3,1,0.7439358762869,5,13,7666.172179,589.7055522308,29195.86087631,295,269,6,1,0.0137856,convex_mesh_per_channel
2264,4,712265,13,10,7,0,1500,4,0,0.8276712664104,0,13,7361.604264,566.2772510769,28558.02131616,251,222,36,2,0.0053693,convex_mesh_per_channel
2264,4,712265,13,10,7,0,1500,4,0,0.8276712664104,5,13,8201.24701,630.8651546154,31106.23491609,271,233,109,3,0.0146396,convex_mesh_per_channel
2265,4,712266,13,10,7,0,1000,0,1,0.4632516728287,0,13,7971.455529,613.1888868462,30147.27767787,307,288,18,4,0.0027229,convex_mesh_per_channel
2265,4,712266,13,10,7,0,1000,0,1,0.4632516728287,5,13,8130.073759,625.3902891538,30585.36882431,319,299,18,3,0.0088453,convex_mesh_per_channel
2266,4,712267,13,10,7,0,1250,1,0,0.5837919120746,0,13,7139.66066,549.2046661538,27513.30330568,263,227,10,3,0.0056672,convex_mesh_per_channel
2266,4,712267,13,10,7,0,1250,1,0,0.5837919120746,5,13,6730.431978,517.7255367692,25697.15986418,240,218,36,3,0.0187979,convex_mesh_per_channel
2267,4,712268,13,10,7,0,1500,2,1,0.5944986505502,0,13,7874.935189,605.7642453077,29534.67596464,315,289,13,1,0.0031073,convex_mesh_per_channel
2267,4,712268,13,10,7,0,1500,2,1,0.5944986505502,5,13,7843.470057,603.3438505385,29397.3502923,316,289,10,2,0.0115487,convex_mesh_per_channel
2268,4,712269,13,10,7,0,1000,3,0,0.6029824248989,0,13,7336.257218,564.3274783077,28116.28610267,276,250,6,1,0.0043275,convex_mesh_per_channel
2268,4,712269,13,10,7,0,1000,3,0,0.6029824248989,5,13,7786.957427,598.9967251538,30194.78712417,250,223,70,1,0.0194542,convex_mesh_per_channel
2269,4,712270,13,10,7,0,1250,4,1,0.4743076606213,0,13,8215.721298,631.9785613846,32503.60649378,276,240,10,1,0.0046002,convex_mesh_per_channel
2269,4,712270,13,10,7,0,1250,4,1,0.4743076606213,5,13,8265.590238,635.8146336923,31267.95120178,325,292,10,1,0.0122379,convex_mesh_per_channel
2270,4,712271,13,10,7,0,1500,0,0,0.4898096943324,0,13,7742.313634,595.5625872308,30261.56814657,248,220,55,1,0.0044707,convex_mesh_per_channel
2270,4,712271,13,10,7,0,1500,0,0,0.4898096943324,5,13,7686.785032,591.2911563077,30738.92516548,242,201,21,3,0.0208161,convex_mesh_per_channel
2271,4,712272,13,10,7,0,1000,1,1,0.6079174533889,0,13,9890.234326,760.7872558462,37801.17166546,341,311,83,5,0.0025748,convex_mesh_per_channel
2271,4,712272,13,10,7,0,1000,1,1,0.6079174533889,5,13,8438.480704,649.1139003077,31637.40355779,338,311,15,2,0.0089837,convex_mesh_per_channel
2272,4,712273,13,10,7,0,1250,2,0,0.6124478409537,0,13,8331.639389,640.8953376154,32608.19700203,269,244,52,2,0.0041701,convex_mesh_per_channel
2272,4,712273,13,10,7,0,1250,2,0,0.6124478409537,5,13,7595.286873,584.2528363846,28386.4344109,287,262,52,3,0.0130133,convex_mesh_per_channel
2273,4,712274,13,10,7,0,1500,3,1,0.6472747591684,0,13,8871.658307,682.4352543846,34923.29156491,290,258,38,4,0.0041583,convex_mesh_per_channel
2273,4,712274,13,10,7,0,1500,3,1,0.6472747591684,5,13,8771.025031,674.6942331538,33515.12517304,323,295,31,3,0.0095757,convex_mesh_per_channel
2274,4,712275,13,10,7,0,1000,4,0,0.4923729945686,0,13,7750.013472,596.1548824615,29015.06731476,303,280,29,2,0.0028931,convex_mesh_per_channel
2274,4,712275,13,10,7,0,1000,4,0,0.4923729945686,5,13,8121.591105,624.7377773077,30907.95548241,300,270,35,3,0.0134844,convex_mesh_per_channel
2275,4,712276,13,10,7,0,1250,0,1,0.2952554008966,0,13,8533.184591,656.3988146923,32955.92296492,308,283,18,3,0.0029032,convex_mesh_per_channel
2275,4,712276,13,10,7,0,1250,0,1,0.2952554008966,5,13,8295.148014,638.0883087692,32675.74006711,277,241,23,4,0.0146638,convex_mesh_per_channel
2276,4,712277,13,10,7,0,1500,1,0,0.6344971457034,0,13,7371.306613,567.0235856154,28491.53306725,271,232,7,4,0.0052641,convex_mesh_per_channel
2276,4,712277,13,10,7,0,1500,1,0,0.6344971457034,5,13,7403.067605,569.4667388462,28525.3380162,275,231,9,4,0.0197337,convex_mesh_per_channel
2277,4,712278,13,10,7,0,1000,2,1,0.7621052287449,0,13,8483.254036,652.5580027692,32511.27019563,321,299,4,1,0.002723,convex_mesh_per_channel
2277,4,712278,13,10,7,0,1000,2,1,0.7621052287449,5,13,8420.343742,647.7187493846,32076.7187212,325,297,6,1,0.0099672,convex_mesh_per_channel
2278,4,712279,13,10,7,0,1250,3,0,0.5302156682015,0,13,7675.544186,590.4264758462,30192.72095584,246,228,38,1,0.0056569,convex_mesh_per_channel
2278,4,712279,13,10,7,0,1250,3,0,0.5302156682015,5,13,7185.842155,552.7570888462,27144.21076531,262,247,45,2,0.0137687,convex_mesh_per_channel
2279,4,712280,13,10,7,0,1500,4,1,0.4104099669338,0,13,8187.920948,629.8400729231,31534.60475367,301,272,13,1,0.0033488,convex_mesh_per_channel
2279,4,712280,13,10,7,0,1500,4,1,0.4104099669338,5,13,8113.626148,624.1250883077,30388.13074727,328,292,13,1,0.0093861,convex_mesh_per_channel
2280,4,712281,13,10,7,1,1000,0,0,2.963232167762e-05,0,13,8210.470967,631.5746897692,32542.35475249,239,214,76,4,0.0059084,convex_mesh_per_channel
2280,4,712281,13,10,7,1,1000,0,0,2.963232167762e-05,5,13,7480.010731,575.3854408462,28145.05367119,293,267,18,2,0.0124648,convex_mesh_per_channel
2281,4,712282,13,10,7,1,1250,1,1,4.389470297127e-05,0,13,7000.260715,538.4815934615,27276.30358969,250,218,4,0,0.0077002,convex_mesh_per_channel
2281,4,712282,13,10,7,1,1250,1,1,4.389470297127e-05,5,13,7771.656854,597.819758,28558.28427997,335,287,11,2,0.0118042,convex_mesh_per_channel
2282,4,712283,13,10,7,1,1500,2,0,0.0001244868284648,0,13,7839.559386,603.0430296923,31742.79687117,226,191,35,3,0.0071254,convex_mesh_per_channel
2282,4,712283,13,10,7,1,1500,2,0,0.0001244868284648,5,13,8261.916414,635.5320318462,30979.58183904,287,248,106,3,0.0168867,convex_mesh_per_channel
2283,4,712284,13,10,7,1,1000,3,1,0.000117596511657,0,13,7738.425669,595.263513,29127.12834492,312,288,0,0,0.0030399,convex_mesh_per_channel
2283,4,712284,13,10,7,1,1000,3,1,0.000117596511657,5,13,7706.161344,592.7816418462,28915.80672645,314,288,0,0,0.0126772,convex_mesh_per_channel
2284,4,712285,13,10,7,1,1250,4,0,8.16838311173e-05,0,13,7946.959828,611.3046021538,30474.79910404,283,255,39,3,0.003957,convex_mesh_per_channel
2284,4,712285,13,10,7,1,1250,4,0,8.16838311173e-05,5,13,8004.406684,615.7235910769,31602.03338989,254,226,41,2,0.015874,convex_mesh_per_channel
2285,4,712286,13,10,7,1,1500,0,1,8.197013602884e-05,0,13,9275.645001,713.5111539231,37338.22503555,256,223,80,6,0.0049924,convex_mesh_per_channel
2285,4,712286,13,10,7,1,1500,0,1,8.197013602884e-05,5,13,8626.516552,663.5781963077,33372.58279997,286,244,71,6,0.0121372,convex_mesh_per_channel
2286,4,712287,13,10,7,1,1000,1,0,5.568394954886e-05,0,13,7677.643557,590.5879659231,30233.21773127,245,224,39,2,0.0051687,convex_mesh_per_channel
2286,4,712287,13,10,7,1,1000,1,0,5.568394954886e-05,5,13,8252.911208,634.8393236923,30989.55587269,280,254,112,3,0.0151496,convex_mesh_per_channel
2287,4,712288,13,10,7,1,1250,2,1,7.41221599857e-05,0,13,7758.058649,596.7737422308,30675.29324536,259,215,16,1,0.0062058,convex_mesh_per_channel
2287,4,712288,13,10,7,1,1250,2,1,7.41221599857e-05,5,13,7239.871579,556.9131983846,27344.3579033,287,259,4,0,0.0136502,convex_mesh_per_channel
2288,4,712289,13,10,7,1,1500,3,0,0.0001294170752429,0,13,7804.305279,600.3311753077,30316.52639422,281,241,10,3,0.0048195,convex_mesh_per_channel
2288,4,712289,13,10,7,1,1500,3,0,0.0001294170752429,5,13,7127.081383,548.2370294615,28255.40689708,237,202,8,2,0.0335556,convex_mesh_per_channel
2289,4,712290,13,10,7,1,1000,4,1,3.878626904518e-05,0,13,7796.424084,599.7249295385,29887.12042756,295,264,5,0,0.003684,convex_mesh_per_channel
2289,4,712290,13,10,7,1,1000,4,1,3.878626904518e-05,5,13,7549.647945,580.7421496154,29363.23972808,272,240,4,0,0.0186069,convex_mesh_per_channel
2290,4,712291,13,10,7,1,1250,0,0,6.831868779691e-05,0,13,7885.531052,606.5793116923,31232.65528084,232,204,70,3,0.0066721,convex_mesh_per_channel
2290,4,712291,13,10,7,1,1250,0,0,6.831868779691e-05,5,13,7122.181215,547.8600934615,27245.90605119,253,220,41,4,0.0236068,convex_mesh_per_channel
2291,4,712292,13,10,7,1,1500,1,1,7.801868276525e-05,0,13,8401.611117,646.2777782308,32213.05544994,288,262,64,1,0.0032655,convex_mesh_per_channel
2291,4,712292,13,10,7,1,1500,1,1,7.801868276525e-05,5,13,7547.490186,580.5761681538,27902.45093463,321,291,2,0,0.0119391,convex_mesh_per_channel
2292,4,712293,13,10,7,1,1000,2,0,6.075042333069e-05,0,13,7120.80481,547.7542161538,27624.02404835,226,203,66,2,0.0071101,convex_mesh_per_channel
2292,4,712293,13,10,7,1,1000,2,0,6.075042333069e-05,5,13,7281.034395,560.0795688462,28320.1719727,230,207,65,2,0.0279864,convex_mesh_per_channel
2293,4,712294,13,10,7,1,1250,3,1,6.227008696621e-05,0,13,8003.992342,615.6917186154,29619.96175335,333,302,16,2,0.0030304,convex_mesh_per_channel
2293,4,712294,13,10,7,1,1250,3,1,6.227008696621e-05,5,13,6797.3057,522.8696692308,24281.52851397,317,291,0,0,0.0115525,convex_mesh_per_channel
2294,4,712295,13,10,7,1,1500,4,0,5.086978347244e-05,0,13,7758.613834,596.8164487692,30548.0692211,241,208,57,5,0.0053526,convex_mesh_per_channel
2294,4,712295,13,10,7,1,1500,4,0,5.086978347244e-05,5,13,7356.658574,565.8968133846,29203.29286764,243,203,11,1,0.0269762,convex_mesh_per_channel
2295,4,712296,13,10,7,1,1000,0,1,3.879811246983e-05,0,13,9276.98958,713.6145830769,36389.9479654,278,244,100,7,0.0036536,convex_mesh_per_channel
2295,4,712296,13,10,7,1,1000,0,1,3.879811246983e-05,5,13,8921.892384,686.2994141538,34379.46197812,302,279,64,6,0.0100022,convex_mesh_per_channel
2296,4,712297,13,10,7,1,1250,1,0,3.328374747384e-05,0,13,7987.942331,614.4571023846,31444.71169452,230,202,94,3,0.0064661,convex_mesh_per_channel
2296,4,712297,13,10,7,1,1250,1,0,3.328374747384e-05,5,13,7397.204851,569.0157577692,28541.02424176,236,204,80,3,0.0234073,convex_mesh_per_channel
2297,4,712298,13,10,7,1,1500,2,1,5.048747718736e-05,0,13,9783.96148,752.6124215385,39899.80748683,234,206,121,9,0.0039197,convex_mesh_per_channel
2297,4,712298,13,10,7,1,1500,2,1,5.048747718736e-05,5,13,8078.832763,621.4486740769,30374.1638348,312,286,31,5,0.0115608,convex_mesh_per_channel
2298,4,712299,13,10,7,1,1000,3,0,7.876760139778e-05,0,13,8582.062768,660.1586744615,33430.31383611,239,216,140,4,0.0059195,convex_mesh_per_channel
2298,4,712299,13,10,7,1,1000,3,0,7.876760139778e-05,5,13,7863.991895,604.9224534615,29634.95942546,283,259,66,2,0.0193603,convex_mesh_per_channel
2299,4,712300,13,10,7,1,1250,4,1,0.0001203768178608,0,13,8224.736384,632.6720295385,32263.68198438,273,243,33,1,0.0036126,convex_mesh_per_channel
2299,4,712300,13,10,7,1,1250,4,1,0.0001203768178608,5,13,8212.149665,631.7038203846,30090.74832324,357,323,7,0,0.01023,convex_mesh_per_channel
2300,4,712301,13,10,7,1,1500,0,0,4.127198458036e-05,0,13,7224.475987,555.7289220769,28837.37995076,238,202,0,1,0.0072704,convex_mesh_per_channel
2300,4,712301,13,10,7,1,1500,0,0,4.127198458036e-05,5,13,7221.391038,555.4916183077,29321.95518211,218,184,6,2,0.0465917,convex_mesh_per_channel
2301,4,712302,13,10,7,1,1000,1,1,6.346224126661e-05,0,13,8060.373137,620.0287028462,30271.86570381,308,281,40,3,0.0033286,convex_mesh_per_channel
2301,4,712302,13,10,7,1,1000,1,1,6.346224126661e-05,5,13,7549.463475,580.7279596154,28267.31737285,307,281,5,0,0.0121308,convex_mesh_per_channel
2302,4,712303,13,10,7,1,1250,2,0,5.990829707517e-05,0,13,7618.44175,586.0339807692,29367.2087414,265,235,40,2,0.0050789,convex_mesh_per_channel
2302,4,712303,13,10,7,1,1250,2,0,5.990829707517e-05,5,13,7540.819375,580.0630288462,29579.09686531,245,221,38,2,0.0188459,convex_mesh_per_channel
2303,4,712304,13,10,7,1,1500,3,1,5.02854432699e-05,0,13,8343.107526,641.777502,32070.5376334,307,269,20,2,0.0036062,convex_mesh_per_channel
2303,4,712304,13,10,7,1,1500,3,1,5.02854432699e-05,5,13,7826.68907,602.0530053846,29398.44536385,318,292,0,0,0.0108753,convex_mesh_per_channel
2304,4,712305,13,10,7,1,1000,4,0,0.0001296245339825,0,13,7972.918208,613.3014006154,30999.59104894,275,246,29,4,0.0043693,convex_mesh_per_channel
2304,4,712305,13,10,7,1,1000,4,0,0.0001296245339825,5,13,7779.516486,598.4243450769,29327.58243703,297,268,32,4,0.0172414,convex_mesh_per_channel
2305,4,712306,13,10,7,1,1250,0,1,4.508046169053e-05,0,13,8147.9626,626.7663538462,32119.81300297,270,243,22,2,0.0043983,convex_mesh_per_channel
2305,4,712306,13,10,7,1,1250,0,1,4.508046169053e-05,5,13,7445.19128,572.7070215385,28685.95641703,274,249,8,1,0.0130693,convex_mesh_per_channel
2306,4,712307,13,10,7,1,1500,1,0,3.76902109856e-05,0,13,8498.984666,653.7680512308,33939.92330887,238,207,83,4,0.0069543,convex_mesh_per_channel
2306,4,712307,13,10,7,1,1500,1,0,3.76902109856e-05,5,13,8742.791722,672.5224401538,33963.958572,275,237,91,5,0.022242,convex_mesh_per_channel
2307,4,712308,13,10,7,1,1000,2,1,6.096230875389e-05,0,13,8990.980269,691.6138668462,33399.90134721,357,314,49,1,0.0028731,convex_mesh_per_channel
2307,4,712308,13,10,7,1,1000,2,1,6.096230875389e-05,5,13,7820.112081,601.5470831538,28735.5604104,337,299,8,0,0.0112784,convex_mesh_per_channel
2308,4,712309,13,10,7,1,1250,3,0,6.718009664666e-05,0,13,7116.317236,547.4090181538,28251.58612324,218,191,40,3,0.0052776,convex_mesh_per_channel
2308,4,712309,13,10,7,1,1250,3,0,6.718009664666e-05,5,13,8359.633564,643.0487356923,32633.16756046,233,201,134,5,0.0269118,convex_mesh_per_channel
2309,4,712310,13,10,7,1,1500,4,1,8.698857814871e-05,0,13,8842.626356,680.2020273846,33933.13179411,332,292,13,2,0.0028126,convex_mesh_per_channel
2309,4,712310,13,10,7,1,1500,4,1,8.698857814871e-05,5,13,8554.079388,658.0061067692,32515.39695974,331,292,13,2,0.0118912,convex_mesh_per_channel
2310,4,712311,13,10,7,2,1000,0,0,0.05922371209244,0,13,7788.584841,599.1219108462,30952.92422891,246,219,28,2,0.0055661,convex_mesh_per_channel
2310,4,712311,13,10,7,2,1000,0,0,0.05922371209244,5,13,7232.123167,556.3171666923,27910.61585302,250,221,38,3,0.023867,convex_mesh_per_channel
2311,4,712312,13,10,7,2,1250,1,1,0.05630583854372,0,13,8789.346905,676.1036080769,36446.73449297,203,174,82,5,0.0074797,convex_mesh_per_channel
2311,4,712312,13,10,7,2,1250,1,1,0.05630583854372,5,13,7815.424565,601.186505,30477.12282788,277,243,9,2,0.0204162,convex_mesh_per_channel
2312,4,712313,13,10,7,2,1500,2,0,0.05580024936735,0,13,7080.759997,544.6738459231,28093.79998572,236,202,5,0,0.0059865,convex_mesh_per_channel
2312,4,712313,13,10,7,2,1500,2,0,0.05580024936735,5,13,6825.982043,525.0755417692,27064.91022548,227,195,6,1,0.0271978,convex_mesh_per_channel
2313,4,712314,13,10,7,2,1000,3,1,0.1182780679381,0,13,10588.469493,814.4976533077,42972.34715614,210,180,233,7,0.0061393,convex_mesh_per_channel
2313,4,712314,13,10,7,2,1000,3,1,0.1182780679381,5,13,9971.330299,767.0254076154,37546.65119064,300,273,208,5,0.0122283,convex_mesh_per_channel
2314,4,712315,13,10,7,2,1250,4,0,0.06127470808277,0,13,7587.15594,583.62738,30290.77961806,207,180,83,2,0.0068046,convex_mesh_per_channel
2314,4,712315,13,10,7,2,1250,4,0,0.06127470808277,5,13,7793.507403,599.5005694615,30252.53696908,242,204,88,3,0.0204764,convex_mesh_per_channel
2315,4,712316,13,10,7,2,1500,0,1,0.04013039923618,0,13,9976.796,767.4458461538,39708.97995627,250,222,166,7,0.005079,convex_mesh_per_channel
2315,4,712316,13,10,7,2,1500,0,1,0.04013039923618,5,13,7945.059443,611.1584186923,30775.29723161,281,254,22,4,0.0163205,convex_mesh_per_channel
2316,4,712317,13,10,7,2,1000,1,0,0.03806616035095,0,13,8613.216627,662.5551251538,34491.08296542,205,172,151,5,0.0080122,convex_mesh_per_channel
2316,4,712317,13,10,7,2,1000,1,0,0.03806616035095,5,13,8209.723752,631.5172116923,32578.61861842,217,187,119,3,0.0280661,convex_mesh_per_channel
2317,4,712318,13,10,7,2,1250,2,1,0.03098753852863,0,13,9309.750204,716.1346310769,36228.75103238,279,250,118,7,0.004554,convex_mesh_per_channel
2317,4,712318,13,10,7,2,1250,2,1,0.03098753852863,5,13,7174.015644,551.8473572308,25645.07816927,308,281,53,2,0.0169514,convex_mesh_per_channel
2318,4,712319,13,10,7,2,1500,3,0,0.0740720074765,0,13,8087.777771,622.1367516154,32693.88886527,220,183,67,3,0.0095089,convex_mesh_per_channel
2318,4,712319,13,10,7,2,1500,3,0,0.0740720074765,5,13,7154.397068,550.338236,27941.98534508,222,193,66,2,0.026617,convex_mesh_per_channel
2319,4,712320,13,10,7,2,1000,4,1,0.02122329300698,0,13,8397.302385,645.9463373077,32481.51195746,300,267,23,5,0.0046544,convex_mesh_per_channel
2319,4,712320,13,10,7,2,1000,4,1,0.02122329300698,5,13,9064.868862,697.2976047692,36069.34432888,255,226,95,6,0.019123,convex_mesh_per_channel
2320,4,712321,13,10,7,2,1250,0,0,0.04129554160045,0,13,7792.197499,599.3998076154,30420.98746134,226,201,104,4,0.0063635,convex_mesh_per_channel
2320,4,712321,13,10,7,2,1250,0,0,0.04129554160045,5,13,7227.599221,555.9691708462,27637.99605947,250,217,56,2,0.0225838,convex_mesh_per_channel
2321,4,712322,13,10,7,2,1500,1,1,0.03879511193056,0,13,7661.450748,589.3423652308,28247.2537431,326,287,10,1,0.0036368,convex_mesh_per_channel
2321,4,712322,13,10,7,2,1500,1,1,0.03879511193056,5,13,7211.891498,554.7608844615,27169.45748176,288,255,6,0,0.0138347,convex_mesh_per_channel
2322,4,712323,13,10,7,2,1000,2,0,0.02395638116092,0,13,7585.631649,583.5101268462,29863.15827039,239,209,48,1,0.0050598,convex_mesh_per_channel
2322,4,712323,13,10,7,2,1000,2,0,0.02395638116092,5,13,7307.628983,562.1253063846,28498.14494268,239,204,48,1,0.0195401,convex_mesh_per_channel
2323,4,712324,13,10,7,2,1250,3,1,0.04274678344119,0,13,7807.910604,600.608508,30334.55300731,280,255,7,2,0.0048008,convex_mesh_per_channel
2323,4,712324,13,10,7,2,1250,3,1,0.04274678344119,5,13,6907.215852,531.3242963077,25721.0792737,287,263,0,1,0.0150453,convex_mesh_per_channel
2324,4,712325,13,10,7,2,1500,4,0,0.0161167437851,0,13,7356.569689,565.8899760769,28927.84844677,248,215,17,2,0.0062048,convex_mesh_per_channel
2324,4,712325,13,10,7,2,1500,4,0,0.0161167437851,5,13,6791.891371,522.4531823846,26489.45685305,242,216,1,0,0.0309573,convex_mesh_per_channel
2325,4,712326,13,10,7,2,1000,0,1,0.07500474528251,0,13,9369.4419,720.7263,35512.20937082,292,265,159,4,0.0036595,convex_mesh_per_channel
2325,4,712326,13,10,7,2,1000,0,1,0.07500474528251,5,13,8924.746645,686.5189726923,34188.73313248,278,251,127,3,0.0163844,convex_mesh_per_channel
2326,4,712327,13,10,7,2,1250,1,0,0.08766730316456,0,13,7629.511569,586.8855053077,29557.55784164,253,208,60,3,0.0063149,convex_mesh_per_channel
2326,4,712327,13,10,7,2,1250,1,0,0.08766730316456,5,13,6455.244315,496.557255,25791.22157347,209,181,2,0,0.027152,convex_mesh_per_channel
2327,4,712328,13,10,7,2,1500,2,1,0.03601294198793,0,13,8329.253289,640.7117914615,33236.26640518,254,212,45,2,0.0053471,convex_mesh_per_channel
2327,4,712328,13,10,7,2,1500,2,1,0.03601294198793,5,13,8229.728175,633.0560134615,31478.64086685,300,255,38,2,0.0169611,convex_mesh_per_channel
2328,4,712329,13,10,7,2,1000,3,0,0.05603306148936,0,13,6516.595235,501.2765565385,26092.97614449,195,168,30,2,0.0088446,convex_mesh_per_channel
2328,4,712329,13,10,7,2,1000,3,0,0.05603306148936,5,13,6184.416891,475.7243762308,23177.08447026,251,223,2,1,0.0177741,convex_mesh_per_channel
2329,4,712330,13,10,7,2,1250,4,1,0.05895209386743,0,13,9467.026371,728.2327977692,35870.13180833,262,234,228,5,0.0049661,convex_mesh_per_channel
2329,4,712330,13,10,7,2,1250,4,1,0.05895209386743,5,13,7877.272266,605.9440204615,30236.36133682,271,245,55,3,0.0181669,convex_mesh_per_channel
2330,4,712331,13,10,7,2,1500,0,0,0.03764580673963,0,13,7547.309625,580.5622788462,30246.54812242,243,209,3,2,0.0061947,convex_mesh_per_channel
2330,4,712331,13,10,7,2,1500,0,0,0.03764580673963,5,13,7081.385758,544.7219813846,28176.92880874,235,206,0,0,0.0261944,convex_mesh_per_channel
2331,4,712332,13,10,7,2,1000,1,1,0.03671074283585,0,13,10432.967414,802.5359549231,42309.83706316,206,174,234,9,0.0070033,convex_mesh_per_channel
2331,4,712332,13,10,7,2,1000,1,1,0.03671074283585,5,13,8837.297505,679.7921157692,33371.48753483,299,273,110,5,0.01338,convex_mesh_per_channel
2332,4,712333,13,10,7,2,1250,2,0,0.05737082423765,0,13,7002.828105,538.679085,27664.14052081,226,200,25,1,0.0054709,convex_mesh_per_channel
2332,4,712333,13,10,7,2,1250,2,0,0.05737082423765,5,13,6480.418181,498.4937062308,24432.09090138,259,234,0,0,0.0223561,convex_mesh_per_channel
2333,4,712334,13,10,7,2,1500,3,1,0.01883868288506,0,13,7493.612238,576.4317106154,27918.06120363,311,290,0,0,0.003427,convex_mesh_per_channel
2333,4,712334,13,10,7,2,1500,3,1,0.01883868288506,5,13,7296.078796,561.2368304615,27850.39398962,281,256,0,0,0.0143518,convex_mesh_per_channel
2334,4,712335,13,10,7,2,1000,4,0,0.03842623469881,0,13,8284.68512,637.2834707692,33543.42545196,202,174,109,3,0.0060016,convex_mesh_per_channel
2334,4,712335,13,10,7,2,1000,4,0,0.03842623469881,5,13,7276.585658,559.7373583077,28192.92825991,245,222,42,3,0.0185327,convex_mesh_per_channel
2335,4,712336,13,10,7,2,1250,0,1,0.05244491696915,0,13,7344.611249,564.9700960769,28828.05625755,252,227,9,1,0.0053551,convex_mesh_per_channel
2335,4,712336,13,10,7,2,1250,0,1,0.05244491696915,5,13,7938.853003,610.6810002308,30229.26502197,266,240,86,2,0.0181003,convex_mesh_per_channel
2336,4,712337,13,10,7,2,1500,1,0,0.01668753710817,0,13,7920.305106,609.2542389231,30946.52543623,217,188,131,2,0.0065176,convex_mesh_per_channel
2336,4,712337,13,10,7,2,1500,1,0,0.01668753710817,5,13,7800.732114,600.0563164615,31893.66058943,228,190,9,2,0.0279211,convex_mesh_per_channel
2337,4,712338,13,10,7,2,1000,2,1,0.02038540425893,0,13,8158.64073,627.5877484615,32918.20347895,208,179,97,1,0.0079352,convex_mesh_per_channel
2337,4,712338,13,10,7,2,1000,2,1,0.02038540425893,5,13,8044.65382,618.8195246154,30048.26892709,285,254,97,1,0.0158597,convex_mesh_per_channel
2338,4,712339,13,10,7,2,1250,3,0,0.02140327979943,0,13,6937.997389,533.6921068462,27389.98694338,216,195,40,1,0.0062648,convex_mesh_per_channel
2338,4,712339,13,10,7,2,1250,3,0,0.02140327979943,5,13,7362.398148,566.3383190769,29316.9907383,224,194,40,1,0.0294218,convex_mesh_per_channel
2339,4,712340,13,10,7,2,1500,4,1,0.05470059653346,0,13,8377.286731,644.4066716154,33696.43354333,208,173,120,2,0.0065962,convex_mesh_per_channel
2339,4,712340,13,10,7,2,1500,4,1,0.05470059653346,5,13,8186.988387,629.7683374615,30979.9418386,279,249,94,1,0.0124056,convex_mesh_per_channel
2340,4,712341,13,10,13,0,1000,0,0,0.7161223557861,0,13,8286.523285,637.4248680769,31662.61644722,306,281,26,2,0.003088,convex_mesh_per_channel
2340,4,712341,13,10,13,0,1000,0,0,0.7161223557861,5,13,8721.716105,670.9012388462,34333.5805501,289,264,27,2,0.0132246,convex_mesh_per_channel
2341,4,712342,13,10,13,0,1250,1,1,0.8734840405412,0,13,8978.770936,690.6746873846,33633.85470095,363,324,16,3,0.002616,convex_mesh_per_channel
2341,4,712342,13,10,13,0,1250,1,1,0.8734840405412,5,13,8191.124462,630.0864970769,32105.62233005,284,249,12,2,0.0130645,convex_mesh_per_channel
2342,4,712343,13,10,13,0,1500,2,0,0.45538441329,0,13,7382.94022,567.9184784615,27729.70109294,291,260,19,2,0.0038135,convex_mesh_per_channel
2342,4,712343,13,10,13,0,1500,2,0,0.45538441329,5,13,7462.924037,574.0710797692,28099.62022094,290,256,24,3,0.0124001,convex_mesh_per_channel
2343,4,712344,13,10,13,0,1000,3,1,0.7035298908855,0,13,9044.901736,695.761672,35559.50871025,304,273,25,3,0.0030743,convex_mesh_per_channel
2343,4,712344,13,10,13,0,1000,3,1,0.7035298908855,5,13,9029.63963,694.5876638462,34108.19817592,350,318,25,3,0.0104322,convex_mesh_per_channel
2344,4,712345,13,10,13,0,1250,4,0,0.5767765912164,0,13,8613.492761,662.5763662308,33297.46382034,275,241,91,5,0.0036613,convex_mesh_per_channel
2344,4,712345,13,10,13,0,1250,4,0,0.5767765912164,5,13,7639.277935,587.6367642308,28301.38967332,300,267,49,4,0.0141323,convex_mesh_per_channel
2345,4,712346,13,10,13,0,1500,0,1,0.6389222997526,0,13,8176.932285,628.9947911538,31499.6614544,298,274,16,3,0.0036184,convex_mesh_per_channel
2345,4,712346,13,10,13,0,1500,0,1,0.6389222997526,5,13,8646.080921,665.0831477692,33735.40462918,302,276,16,3,0.0123897,convex_mesh_per_channel
2346,4,712347,13,10,13,0,1000,1,0,0.8779919414417,0,13,10013.190031,770.245387,37600.95017378,329,306,159,4,0.0027208,convex_mesh_per_channel
2346,4,712347,13,10,13,0,1000,1,0,0.8779919414417,5,13,10444.832313,803.4486394615,39904.16156435,323,283,167,6,0.01076,convex_mesh_per_channel
2347,4,712348,13,10,13,0,1250,2,1,0.8845009353659,0,13,8611.019545,662.3861188462,33565.09776021,297,264,28,3,0.0033347,convex_mesh_per_channel
2347,4,712348,13,10,13,0,1250,2,1,0.8845009353659,5,13,8474.287716,651.8682858462,31626.43859926,340,309,25,3,0.0098557,convex_mesh_per_channel
2348,4,712349,13,10,13,0,1500,3,0,0.5405984561735,0,13,8199.518652,630.732204,31862.59327405,287,252,25,3,0.0032962,convex_mesh_per_channel
2348,4,712349,13,10,13,0,1500,3,0,0.5405984561735,5,13,7121.550298,547.8115613846,27057.75149833,276,244,7,2,0.0128413,convex_mesh_per_channel
2349,4,712350,13,10,13,0,1000,4,1,0.6002028907897,0,13,8707.032747,669.7717497692,33395.16372396,321,295,21,4,0.002608,convex_mesh_per_channel
2349,4,712350,13,10,13,0,1000,4,1,0.6002028907897,5,13,8279.542751,636.8879039231,31202.71375096,328,304,10,3,0.0105186,convex_mesh_per_channel
2350,4,712351,13,10,13,0,1250,0,0,0.8920895638499,0,13,7677.76138,590.5970292308,29328.80688738,278,255,34,2,0.0033534,convex_mesh_per_channel
2350,4,712351,13,10,13,0,1250,0,0,0.8920895638499,5,13,6695.493882,515.0379909231,25372.46941167,263,241,0,0,0.0166232,convex_mesh_per_channel
2351,4,712352,13,10,13,0,1500,1,1,0.6258106812831,0,13,10015.327118,770.4097783077,38931.63560754,351,310,33,2,0.0027311,convex_mesh_per_channel
2351,4,712352,13,10,13,0,1500,1,1,0.6258106812831,5,13,9125.297746,701.9459804615,34276.48875704,357,315,35,2,0.0084255,convex_mesh_per_channel
2352,4,712353,13,10,13,0,1000,2,0,0.454680204139,0,13,7949.377004,611.4905387692,29191.88501821,320,296,50,2,0.0029213,convex_mesh_per_channel
2352,4,712353,13,10,13,0,1000,2,0,0.454680204139,5,13,8033.848835,617.9883719231,30179.24414989,260,237,132,3,0.0169595,convex_mesh_per_channel
2353,4,712354,13,10,13,0,1250,3,1,0.6116875591004,0,13,8693.83139,668.7562607692,33124.15696348,329,305,18,3,0.0024227,convex_mesh_per_channel
2353,4,712354,13,10,13,0,1250,3,1,0.6116875591004,5,13,9188.425005,706.8019234615,34777.12502024,354,326,24,4,0.009241,convex_mesh_per_channel
2354,4,712355,13,10,13,0,1500,4,0,0.3527385481349,0,13,7070.02794,543.8483030769,26860.13970915,270,241,14,2,0.0039101,convex_mesh_per_channel
2354,4,712355,13,10,13,0,1500,4,0,0.3527385481349,5,13,6079.358545,467.642965,21651.79272723,282,259,5,1,0.0159422,convex_mesh_per_channel
2355,4,712356,13,10,13,0,1000,0,1,0.3894744155664,0,13,8623.466189,663.343553,33647.3309812,297,272,24,3,0.0031596,convex_mesh_per_channel
2355,4,712356,13,10,13,0,1000,0,1,0.3894744155664,5,13,8714.516928,670.347456,32722.58468197,343,318,24,3,0.0098626,convex_mesh_per_channel
2356,4,712357,13,10,13,0,1250,1,0,0.6493799253122,0,13,6963.076998,535.6213075385,26660.38498939,263,227,8,2,0.0044207,convex_mesh_per_channel
2356,4,712357,13,10,13,0,1250,1,0,0.6493799253122,5,13,7041.991581,541.6916600769,26404.95791833,284,255,7,1,0.0142587,convex_mesh_per_channel
2357,4,712358,13,10,13,0,1500,2,1,0.8893499023914,0,13,7885.111113,606.5470086923,30420.55557294,289,264,9,2,0.0037038,convex_mesh_per_channel
2357,4,712358,13,10,13,0,1500,2,1,0.8893499023914,5,13,7856.632946,604.3563804615,31123.16474787,260,231,12,2,0.0141647,convex_mesh_per_channel
2358,4,712359,13,10,13,0,1000,3,0,0.6460091548742,0,13,9230.502237,710.0386336154,36262.51130396,276,251,94,5,0.0047372,convex_mesh_per_channel
2358,4,712359,13,10,13,0,1000,3,0,0.6460091548742,5,13,8667.178454,666.7060349231,32680.89237306,303,275,92,5,0.0148402,convex_mesh_per_channel
2359,4,712360,13,10,13,0,1250,4,1,0.790791844668,0,13,8773.192076,674.8609289231,34160.96037043,310,272,18,2,0.0028375,convex_mesh_per_channel
2359,4,712360,13,10,13,0,1250,4,1,0.790791844668,5,13,8910.136938,685.3951490769,34115.6846812,335,293,18,2,0.0112833,convex_mesh_per_channel
2360,4,712361,13,10,13,0,1500,0,0,0.9122665772462,0,13,8253.457571,634.8813516154,32242.28789532,277,250,35,3,0.0040002,convex_mesh_per_channel
2360,4,712361,13,10,13,0,1500,0,0,0.9122665772462,5,13,7388.483863,568.3449125385,27892.41934509,282,254,27,1,0.0159156,convex_mesh_per_channel
2361,4,712362,13,10,13,0,1000,1,1,0.4450321487648,0,13,8246.973257,634.3825582308,31819.86628312,302,272,12,2,0.0031771,convex_mesh_per_channel
2361,4,712362,13,10,13,0,1000,1,1,0.4450321487648,5,13,8376.980567,644.3831205385,31489.90283395,335,303,12,2,0.0105872,convex_mesh_per_channel
2362,4,712363,13,10,13,0,1250,2,0,0.5169878590348,0,13,7161.851341,550.9116416154,26879.2567239,284,256,15,1,0.0037389,convex_mesh_per_channel
2362,4,712363,13,10,13,0,1250,2,0,0.5169878590348,5,13,6849.370043,526.8746186923,25686.85021522,277,247,5,0,0.0166373,convex_mesh_per_channel
2363,4,712364,13,10,13,0,1500,3,1,0.2985875002173,0,13,8191.726992,630.1328455385,31638.63496716,296,277,14,2,0.0034539,convex_mesh_per_channel
2363,4,712364,13,10,13,0,1500,3,1,0.2985875002173,5,13,7610.055025,585.3888480769,28315.27513546,313,293,8,1,0.0104709,convex_mesh_per_channel
2364,4,712365,13,10,13,0,1000,4,0,0.4563713650997,0,13,7144.549113,549.580701,26952.74559168,284,263,2,0,0.0035472,convex_mesh_per_channel
2364,4,712365,13,10,13,0,1000,4,0,0.4563713650997,5,13,7271.5741,559.3518538462,27237.87050316,295,269,5,0,0.0160661,convex_mesh_per_channel
2365,4,712366,13,10,13,0,1250,0,1,0.9466343484651,0,13,7995.713844,615.0549110769,31228.56923269,273,254,22,3,0.0036165,convex_mesh_per_channel
2365,4,712366,13,10,13,0,1250,0,1,0.9466343484651,5,13,7929.27435,609.9441807692,30506.37177112,290,262,17,3,0.0146235,convex_mesh_per_channel
2366,4,712367,13,10,13,0,1500,1,0,0.6566209281764,0,13,7382.46923,567.8822484615,27902.34617568,291,267,5,1,0.0033707,convex_mesh_per_channel
2366,4,712367,13,10,13,0,1500,1,0,0.6566209281764,5,13,7117.980988,547.5369990769,27414.90496236,265,245,0,0,0.0190819,convex_mesh_per_channel
2367,4,712368,13,10,13,0,1000,2,1,0.5721398427169,0,13,8475.184084,651.9372372308,33070.9204165,301,270,7,2,0.0029195,convex_mesh_per_channel
2367,4,712368,13,10,13,0,1000,2,1,0.5721398427169,5,13,9096.52512,699.7327015385,34982.62564207,331,299,27,4,0.0122757,convex_mesh_per_channel
2368,4,712369,13,10,13,0,1250,3,0,0.7369172286168,0,13,7976.22106,613.5554661538,30901.10532361,280,256,25,3,0.0036469,convex_mesh_per_channel
2368,4,712369,13,10,13,0,1250,3,0,0.7369172286168,5,13,7101.534905,546.2719157692,25997.67451716,306,280,9,2,0.0144492,convex_mesh_per_channel
2369,4,712370,13,10,13,0,1500,4,1,0.538525501045,0,13,9002.361091,692.4893146923,34741.80548003,324,297,24,5,0.0028044,convex_mesh_per_channel
2369,4,712370,13,10,13,0,1500,4,1,0.538525501045,5,13,9086.367925,698.9513788462,35506.83965064,313,277,26,5,0.0131328,convex_mesh_per_channel
2370,4,712371,13,10,13,1,1000,0,0,3.706062080003e-05,0,13,8133.594905,625.6611465385,31402.97449476,267,243,70,2,0.0033737,convex_mesh_per_channel
2370,4,712371,13,10,13,1,1000,0,0,3.706062080003e-05,5,13,8066.602529,620.5078868462,31903.0126496,266,243,16,1,0.0268771,convex_mesh_per_channel
2371,4,712372,13,10,13,1,1250,1,1,4.48173145156e-05,0,13,10453.046697,804.0805151538,40940.2335173,335,306,73,10,0.0026561,convex_mesh_per_channel
2371,4,712372,13,10,13,1,1250,1,1,4.48173145156e-05,5,13,9875.910219,759.6854014615,38129.55112017,336,307,66,9,0.0101392,convex_mesh_per_channel
2372,4,712373,13,10,13,1,1500,2,0,8.503342322058e-05,0,13,7925.861405,609.6816465385,31504.30704193,251,221,28,4,0.0038801,convex_mesh_per_channel
2372,4,712373,13,10,13,1,1500,2,0,8.503342322058e-05,5,13,7984.29235,614.1763346154,30841.46177133,285,251,25,4,0.0199989,convex_mesh_per_channel
2373,4,712374,13,10,13,1,1000,3,1,0.0001009516993493,0,13,9690.680047,745.4369266923,39698.40024948,259,229,54,10,0.0041307,convex_mesh_per_channel
2373,4,712374,13,10,13,1,1000,3,1,0.0001009516993493,5,13,9753.327613,750.2559702308,37796.63806648,335,304,50,9,0.0122001,convex_mesh_per_channel
2374,4,712375,13,10,13,1,1250,4,0,9.470376734645e-05,0,13,7825.407336,601.9544104615,31402.03666717,247,221,8,3,0.0054602,convex_mesh_per_channel
2374,4,712375,13,10,13,1,1250,4,0,9.470376734645e-05,5,13,7443.169649,572.5515114615,29010.84824751,265,242,3,2,0.0256048,convex_mesh_per_channel
2375,4,712376,13,10,13,1,1500,0,1,8.712724363678e-05,0,13,7881.628793,606.2791379231,29628.14396561,319,296,0,0,0.0028054,convex_mesh_per_channel
2375,4,712376,13,10,13,1,1500,0,1,8.712724363678e-05,5,13,7377.462075,567.4970826923,27032.31037893,322,296,0,0,0.0114225,convex_mesh_per_channel
2376,4,712377,13,10,13,1,1000,1,0,0.0001064566388823,0,13,10037.460375,772.1123365385,38862.30190634,349,317,46,7,0.0026195,convex_mesh_per_channel
2376,4,712377,13,10,13,1,1000,1,0,0.0001064566388823,5,13,7886.667157,606.6667043846,29478.33579884,317,293,16,4,0.0100723,convex_mesh_per_channel
2377,4,712378,13,10,13,1,1250,2,1,8.399793748065e-05,0,13,9619.013987,739.9241528462,40365.06993759,228,197,48,9,0.0051088,convex_mesh_per_channel
2377,4,712378,13,10,13,1,1250,2,1,8.399793748065e-05,5,13,10083.770213,775.6746317692,38098.85107184,384,350,43,8,0.0091469,convex_mesh_per_channel
2378,4,712379,13,10,13,1,1500,3,0,9.513243734025e-05,0,13,8277.451811,636.7270623846,32282.25904105,289,263,16,2,0.0041628,convex_mesh_per_channel
2378,4,712379,13,10,13,1,1500,3,0,9.513243734025e-05,5,13,7272.969904,559.4592233846,27594.8495105,283,262,4,1,0.0148569,convex_mesh_per_channel
2379,4,712380,13,10,13,1,1000,4,1,8.407296273021e-05,0,13,7738.700372,595.284644,29768.50186321,290,261,3,0,0.0037177,convex_mesh_per_channel
2379,4,712380,13,10,13,1,1000,4,1,8.407296273021e-05,5,13,7437.414706,572.1088235385,27597.07353477,313,285,1,0,0.0113305,convex_mesh_per_channel
2380,4,712381,13,10,13,1,1250,0,0,0.0001478037532807,0,13,7841.330369,603.1792591538,31156.65184292,256,229,12,1,0.0041082,convex_mesh_per_channel
2380,4,712381,13,10,13,1,1250,0,0,0.0001478037532807,5,13,7680.991543,590.8455033077,29914.95772374,271,242,12,1,0.0212382,convex_mesh_per_channel
2381,4,712382,13,10,13,1,1500,1,1,9.307528961323e-05,0,13,9789.283433,753.0218025385,40081.417177,271,239,38,10,0.0051702,convex_mesh_per_channel
2381,4,712382,13,10,13,1,1500,1,1,9.307528961323e-05,5,13,10058.191239,773.7070183846,39935.95619575,321,290,37,10,0.0104961,convex_mesh_per_channel
2382,4,712383,13,10,13,1,1000,2,0,0.0001050759536613,0,13,8933.033506,687.1564235385,34580.16759252,318,284,26,2,0.0033626,convex_mesh_per_channel
2382,4,712383,13,10,13,1,1000,2,0,0.0001050759536613,5,13,6992.054575,537.8503519231,24475.27288569,342,316,2,0,0.0107975,convex_mesh_per_channel
2383,4,712384,13,10,13,1,1250,3,1,3.851989078612e-05,0,13,10087.514434,775.9626487692,40152.57219599,302,272,70,10,0.0027612,convex_mesh_per_channel
2383,4,712384,13,10,13,1,1250,3,1,3.851989078612e-05,5,13,9924.560014,763.4276933846,37407.80009678,370,342,62,9,0.0089086,convex_mesh_per_channel
2384,4,712385,13,10,13,1,1500,4,0,7.419211044875e-05,0,13,8254.075252,634.9288655385,32885.3762844,266,216,22,4,0.0059963,convex_mesh_per_channel
2384,4,712385,13,10,13,1,1500,4,0,7.419211044875e-05,5,13,7600.805483,584.6773448462,29484.02740584,270,217,24,5,0.0358574,convex_mesh_per_channel
2385,4,712386,13,10,13,1,1000,0,1,4.98521272572e-05,0,13,9360.73284,720.0563723077,36383.66421647,320,293,42,4,0.0024709,convex_mesh_per_channel
2385,4,712386,13,10,13,1,1000,0,1,4.98521272572e-05,5,13,8905.052757,685.0040582308,32875.26379369,378,351,8,1,0.0082891,convex_mesh_per_channel
2386,4,712387,13,10,13,1,1250,1,0,8.15242891436e-05,0,13,8578.75498,659.9042292308,33278.77488634,298,266,34,3,0.0031933,convex_mesh_per_channel
2386,4,712387,13,10,13,1,1250,1,0,8.15242891436e-05,5,13,8180.04625,629.2343269231,31200.23125136,302,272,31,2,0.0154704,convex_mesh_per_channel
2387,4,712388,13,10,13,1,1500,2,1,7.528438941383e-05,0,13,7971.559411,613.1968777692,31607.7970596,266,231,8,0,0.0036421,convex_mesh_per_channel
2387,4,712388,13,10,13,1,1500,2,1,7.528438941383e-05,5,13,7777.827193,598.2943994615,28814.13595987,327,291,8,0,0.0102572,convex_mesh_per_channel
2388,4,712389,13,10,13,1,1000,3,0,3.133141803626e-05,0,13,7190.825558,553.1404275385,26754.12778879,295,276,8,2,0.0030622,convex_mesh_per_channel
2388,4,712389,13,10,13,1,1000,3,0,3.133141803626e-05,5,13,6976.938971,536.6876131538,26749.69485521,264,242,0,1,0.0243122,convex_mesh_per_channel
2389,4,712390,13,10,13,1,1250,4,1,7.297662043777e-05,0,13,8095.76649,622.7512684615,32893.83243963,237,204,21,1,0.0053367,convex_mesh_per_channel
2389,4,712390,13,10,13,1,1250,4,1,7.297662043777e-05,5,13,8468.239935,651.4030719231,32776.19968062,310,274,8,0,0.0140909,convex_mesh_per_channel
2390,4,712391,13,10,13,1,1500,0,0,5.470648903744e-05,0,13,8108.439026,623.7260789231,32012.19516331,272,233,16,4,0.005233,convex_mesh_per_channel
2390,4,712391,13,10,13,1,1500,0,0,5.470648903744e-05,5,13,7907.678587,608.2829682308,31213.39295491,265,233,14,2,0.021604,convex_mesh_per_channel
2391,4,712392,13,10,13,1,1000,1,1,3.4419395745e-05,0,13,8160.181812,627.7062932308,30750.90906507,326,291,8,0,0.0028365,convex_mesh_per_channel
2391,4,712392,13,10,13,1,1000,1,1,3.4419395745e-05,5,13,7883.144386,606.395722,28700.72194179,349,318,5,0,0.0087672,convex_mesh_per_channel
2392,4,712393,13,10,13,1,1250,2,0,8.28096982058e-05,0,13,7027.866292,540.6050993846,27744.33148122,226,206,26,1,0.0051597,convex_mesh_per_channel
2392,4,712393,13,10,13,1,1250,2,0,8.28096982058e-05,5,13,7011.258127,539.3275482308,27461.29061101,240,218,12,1,0.0225153,convex_mesh_per_channel
2393,4,712394,13,10,13,1,1500,3,1,4.304770366656e-05,0,13,7407.670644,569.8208187692,29588.35323445,242,215,0,0,0.004366,convex_mesh_per_channel
2393,4,712394,13,10,13,1,1500,3,1,4.304770366656e-05,5,13,7410.521086,570.0400835385,28067.60544021,293,267,0,0,0.0124268,convex_mesh_per_channel
2394,4,712395,13,10,13,1,1000,4,0,6.862318285196e-05,0,13,7716.257765,593.5582896154,29786.28880252,265,240,43,2,0.003365,convex_mesh_per_channel
2394,4,712395,13,10,13,1,1000,4,0,6.862318285196e-05,5,13,8301.942184,638.6109372308,31754.71088802,297,269,44,2,0.0169248,convex_mesh_per_channel
2395,4,712396,13,10,13,1,1250,0,1,2.063776254514e-05,0,13,7428.616568,571.4320436923,28978.08284496,265,243,0,0,0.0051966,convex_mesh_per_channel
2395,4,712396,13,10,13,1,1250,0,1,2.063776254514e-05,5,13,7167.985667,551.3835128462,26054.9283396,320,292,0,0,0.0093678,convex_mesh_per_channel
2396,4,712397,13,10,13,1,1500,1,0,5.723967953872e-05,0,13,7832.609028,602.5083867692,30633.04514179,274,229,14,2,0.0060156,convex_mesh_per_channel
2396,4,712397,13,10,13,1,1500,1,0,5.723967953872e-05,5,13,7133.450622,548.7269709231,27597.25310726,262,230,3,0,0.0219845,convex_mesh_per_channel
2397,4,712398,13,10,13,1,1000,2,1,0.0001241141021859,0,13,9741.482539,749.3448106923,40187.4126986,253,224,50,10,0.0054014,convex_mesh_per_channel
2397,4,712398,13,10,13,1,1000,2,1,0.0001241141021859,5,13,10444.220307,803.4015620769,40431.10154087,362,330,51,10,0.011371,convex_mesh_per_channel
2398,4,712399,13,10,13,1,1250,3,0,8.62040380332e-05,0,13,7134.418828,548.8014483077,26832.09413889,288,263,0,1,0.0045241,convex_mesh_per_channel
2398,4,712399,13,10,13,1,1250,3,0,8.62040380332e-05,5,13,6869.591949,528.4301499231,25562.95975288,286,262,0,0,0.0173289,convex_mesh_per_channel
2399,4,712400,13,10,13,1,1500,4,1,7.174421674963e-05,0,13,8252.894507,634.838039,30549.4725479,348,314,8,0,0.002512,convex_mesh_per_channel
2399,4,712400,13,10,13,1,1500,4,1,7.174421674963e-05,5,13,8324.121933,640.3170717692,30495.60966853,361,310,15,0,0.011026,convex_mesh_per_channel
2400,4,712401,13,10,13,2,1000,0,0,0.1760514964945,0,13,8927.009863,686.6930663846,35590.04929531,265,239,60,4,0.0053277,convex_mesh_per_channel
2400,4,712401,13,10,13,2,1000,0,0,0.1760514964945,5,13,8416.29711,647.40747,29891.48558142,380,350,41,3,0.0086598,convex_mesh_per_channel
2401,4,712402,13,10,13,2,1250,1,1,0.2815770519997,0,13,8804.882359,677.298643,32609.41180963,372,337,7,0,0.0028442,convex_mesh_per_channel
2401,4,712402,13,10,13,2,1250,1,1,0.2815770519997,5,13,8460.106335,650.7774103846,30755.53169566,373,337,14,1,0.0116157,convex_mesh_per_channel
2402,4,712403,13,10,13,2,1500,2,0,0.08463595244166,0,13,7981.092796,613.9302150769,30435.4640203,296,256,31,2,0.0044429,convex_mesh_per_channel
2402,4,712403,13,10,13,2,1500,2,0,0.08463595244166,5,13,8190.385747,630.0296728462,31371.92877044,301,256,30,3,0.0198649,convex_mesh_per_channel
2403,4,712404,13,10,13,2,1000,3,1,0.04086397825559,0,13,9153.361318,704.1047167692,36916.80655492,272,243,34,6,0.0049191,convex_mesh_per_channel
2403,4,712404,13,10,13,2,1000,3,1,0.04086397825559,5,13,7859.776614,604.5982010769,27733.88306143,375,349,8,3,0.0086082,convex_mesh_per_channel
2404,4,712405,13,10,13,2,1250,4,0,0.1083478718571,0,13,7872.577548,605.5828883077,30077.88774142,295,254,21,4,0.0043247,convex_mesh_per_channel
2404,4,712405,13,10,13,2,1250,4,0,0.1083478718571,5,13,7430.988692,571.6145147692,26424.94347625,343,294,24,3,0.0135427,convex_mesh_per_channel
2405,4,712406,13,10,13,2,1500,0,1,0.123589144862,0,13,7437.399065,572.1076203846,30191.99532522,226,204,0,0,0.006832,convex_mesh_per_channel
2405,4,712406,13,10,13,2,1500,0,1,0.123589144862,5,13,7648.949735,588.3807488462,27789.74868623,341,309,4,1,0.0125356,convex_mesh_per_channel
2406,4,712407,13,10,13,2,1000,1,0,0.0601558430799,0,13,7283.586954,560.2759195385,28812.93475216,229,203,36,3,0.0066657,convex_mesh_per_channel
2406,4,712407,13,10,13,2,1000,1,0,0.0601558430799,5,13,7125.60897,548.1237669231,27988.04486988,244,207,12,3,0.0241244,convex_mesh_per_channel
2407,4,712408,13,10,13,2,1250,2,1,0.1239122274759,0,13,7992.077839,614.7752183846,33160.38920809,207,179,27,5,0.0085684,convex_mesh_per_channel
2407,4,712408,13,10,13,2,1250,2,1,0.1239122274759,5,13,9048.796178,696.0612444615,33368.98089462,377,344,27,5,0.0124821,convex_mesh_per_channel
2408,4,712409,13,10,13,2,1500,3,0,0.07814079644514,0,13,7880.626211,606.2020162308,31848.13105038,242,209,9,1,0.0064988,convex_mesh_per_channel
2408,4,712409,13,10,13,2,1500,3,0,0.07814079644514,5,13,6674.896066,513.4535435385,25584.48034619,253,207,7,3,0.0262306,convex_mesh_per_channel
2409,4,712410,13,10,13,2,1000,4,1,0.08746638340874,0,13,7058.137067,542.9336205385,28250.6853496,226,195,6,0,0.0049686,convex_mesh_per_channel
2409,4,712410,13,10,13,2,1000,4,1,0.08746638340874,5,13,8261.712195,635.5163226923,29838.56097175,370,334,15,1,0.0114819,convex_mesh_per_channel
2410,4,712411,13,10,13,2,1250,0,0,0.07880611748755,0,13,8635.084717,664.2372859231,31880.42370169,311,282,119,3,0.0034642,convex_mesh_per_channel
2410,4,712411,13,10,13,2,1250,0,0,0.07880611748755,5,13,8748.763809,672.9818314615,32358.81914989,314,282,120,3,0.0127957,convex_mesh_per_channel
2411,4,712412,13,10,13,2,1500,1,1,0.05158773858494,0,13,7523.456981,578.7274600769,30852.28490949,215,183,10,2,0.0054627,convex_mesh_per_channel
2411,4,712412,13,10,13,2,1500,1,1,0.05158773858494,5,13,7709.576095,593.044315,31112.88048285,239,197,10,3,0.0262154,convex_mesh_per_channel
2412,4,712413,13,10,13,2,1000,2,0,0.103251818264,0,13,6307.837484,485.218268,24849.18742775,216,190,1,0,0.007073,convex_mesh_per_channel
2412,4,712413,13,10,13,2,1000,2,0,0.103251818264,5,13,6056.624099,465.8941614615,23688.12050327,213,189,0,0,0.0378002,convex_mesh_per_channel
2413,4,712414,13,10,13,2,1250,3,1,0.02971351017404,0,13,8605.527875,661.9636826923,36072.63939254,208,178,36,6,0.0080619,convex_mesh_per_channel
2413,4,712414,13,10,13,2,1250,3,1,0.02971351017404,5,13,8590.289514,660.7915010769,31226.44756519,374,344,22,4,0.0111048,convex_mesh_per_channel
2414,4,712415,13,10,13,2,1500,4,0,0.05238905357475,0,13,9318.54571,716.8112084615,35762.72853094,327,292,58,2,0.0034345,convex_mesh_per_channel
2414,4,712415,13,10,13,2,1500,4,0,0.05238905357475,5,13,7711.348911,593.1806854615,30521.7445399,248,212,30,2,0.0244975,convex_mesh_per_channel
2415,4,712416,13,10,13,2,1000,0,1,0.09719367960485,0,13,9146.210528,703.554656,35981.05264687,298,269,42,8,0.0032477,convex_mesh_per_channel
2415,4,712416,13,10,13,2,1000,0,1,0.09719367960485,5,13,8409.041929,646.8493791538,32255.20966157,304,277,32,6,0.0121093,convex_mesh_per_channel
2416,4,712417,13,10,13,2,1250,1,0,0.1444330379208,0,13,7906.633274,608.2025595385,31928.16636177,244,206,10,3,0.0067941,convex_mesh_per_channel
2416,4,712417,13,10,13,2,1250,1,0,0.1444330379208,5,13,7488.527942,576.0406109231,29837.63971574,246,208,6,2,0.0291367,convex_mesh_per_channel
2417,4,712418,13,10,13,2,1500,2,1,0.1596817143822,0,13,7420.277135,570.7905488462,28261.38567932,285,251,9,0,0.0046723,convex_mesh_per_channel
2417,4,712418,13,10,13,2,1500,2,1,0.1596817143822,5,13,8499.963942,653.8433801538,30974.81971597,375,341,8,0,0.0093333,convex_mesh_per_channel
2418,4,712419,13,10,13,2,1000,3,0,0.04438470067734,0,13,8173.596521,628.7381939231,32922.98266901,218,188,82,4,0.0064522,convex_mesh_per_channel
2418,4,712419,13,10,13,2,1000,3,0,0.04438470067734,5,13,8127.134724,625.1642095385,30595.67367712,288,257,82,4,0.0263058,convex_mesh_per_channel
2419,4,712420,13,10,13,2,1250,4,1,0.06607306681086,0,13,7457.607159,573.6620891538,28913.03582524,260,217,31,4,0.0073837,convex_mesh_per_channel
2419,4,712420,13,10,13,2,1250,4,1,0.06607306681086,5,13,8281.345414,637.0265703077,30961.7270926,339,305,8,1,0.0109401,convex_mesh_per_channel
2420,4,712421,13,10,13,2,1500,0,0,0.0608885385972,0,13,8054.403602,619.5695078462,31477.0180289,254,226,66,2,0.0046938,convex_mesh_per_channel
2420,4,712421,13,10,13,2,1500,0,0,0.0608885385972,5,13,6931.312757,533.1779043846,26036.56379274,281,248,2,1,0.0232852,convex_mesh_per_channel
2421,4,712422,13,10,13,2,1000,1,1,0.06356143059998,0,13,8063.17565,620.2442807692,33235.87826762,224,177,18,1,0.0069987,convex_mesh_per_channel
2421,4,712422,13,10,13,2,1000,1,1,0.06356143059998,5,13,7213.115371,554.8550285385,28675.57686911,236,197,12,1,0.0313715,convex_mesh_per_channel
2422,4,712423,13,10,13,2,1250,2,0,0.1581188658345,0,13,7935.656985,610.4351526923,30343.28491573,305,262,5,1,0.0049848,convex_mesh_per_channel
2422,4,712423,13,10,13,2,1250,2,0,0.1581188658345,5,13,7176.854254,552.0657118462,26564.27126584,302,262,9,1,0.0213452,convex_mesh_per_channel
2423,4,712424,13,10,13,2,1500,3,1,0.06816550259784,0,13,8475.121816,651.9324473846,30970.60910251,362,337,23,3,0.0025379,convex_mesh_per_channel
2423,4,712424,13,10,13,2,1500,3,1,0.06816550259784,5,13,8405.238608,646.556816,30676.19304584,367,337,11,2,0.0098061,convex_mesh_per_channel
2424,4,712425,13,10,13,2,1000,4,0,0.07835694536787,0,13,7908.639445,608.3568803846,32723.19724682,207,177,29,5,0.0066409,convex_mesh_per_channel
2424,4,712425,13,10,13,2,1000,4,0,0.07835694536787,5,13,7430.090742,571.5454416923,28080.45372246,287,257,19,4,0.0204971,convex_mesh_per_channel
2425,4,712426,13,10,13,2,1250,0,1,0.08121218504986,0,13,7833.099313,602.546101,29115.49657389,328,305,0,0,0.0027155,convex_mesh_per_channel
2425,4,712426,13,10,13,2,1250,0,1,0.08121218504986,5,13,7364.879124,566.5291633846,26624.39562838,334,305,0,0,0.0103887,convex_mesh_per_channel
2426,4,712427,13,10,13,2,1500,1,0,0.1093568013436,0,13,8204.942348,631.1494113846,31689.71175567,278,244,56,3,0.0046889,convex_mesh_per_channel
2426,4,712427,13,10,13,2,1500,1,0,0.1093568013436,5,13,7334.93186,564.2255276923,27554.65933008,294,247,14,3,0.019981,convex_mesh_per_channel
2427,4,712428,13,10,13,2,1000,2,1,0.07842432325611,0,13,9256.783671,712.0602823846,37278.91836985,280,243,31,6,0.00483,convex_mesh_per_channel
2427,4,712428,13,10,13,2,1000,2,1,0.07842432325611,5,13,8147.230369,626.7100283846,28886.15184793,383,351,13,3,0.0089983,convex_mesh_per_channel
2428,4,712429,13,10,13,2,1250,3,0,0.08544746307347,0,13,7667.981202,589.8447078462,30694.90599492,216,186,66,3,0.0070066,convex_mesh_per_channel
2428,4,712429,13,10,13,2,1250,3,0,0.08544746307347,5,13,6465.312776,497.331752,25651.56388576,216,190,0,0,0.0387561,convex_mesh_per_channel
2429,4,712430,13,10,13,2,1500,4,1,0.2998076170317,0,13,7713.760323,593.3661786923,28758.80163484,319,290,4,0,0.0033562,convex_mesh_per_channel
2429,4,712430,13,10,13,2,1500,4,1,0.2998076170317,5,13,7657.392718,589.0302090769,28336.96361205,324,290,5,0,0.0134242,convex_mesh_per_channel
2430,4,712431,16,3,0,0,1000,0,0,0.66232760742,0,16,6442.929548,402.68309675,26529.64780873,167,150,24,1,0.0085124,upper_bound_16
2430,4,712431,16,3,0,0,1000,0,0,0.66232760742,5,16,6771.332331,423.2082706875,27726.66173591,168,153,51,2,0.0361297,upper_bound_16
2431,4,712432,16,3,0,0,1250,1,1,0.7531537579878,0,16,5815.470153,363.4668845625,24167.35076819,152,133,3,0,0.0134258,upper_bound_16
2431,4,712432,16,3,0,0,1250,1,1,0.7531537579878,5,16,5643.354706,352.709669125,23291.77352038,145,126,18,1,0.0494107,upper_bound_16
2432,4,712433,16,3,0,0,1500,2,0,0.644367367734,0,16,5669.668516,354.35428225,23723.34258518,133,105,25,2,0.0148778,upper_bound_16
2432,4,712433,16,3,0,0,1500,2,0,0.644367367734,5,16,5726.019683,357.8762301875,24405.09842328,120,96,23,2,0.0427049,upper_bound_16
2433,4,712434,16,3,0,0,1000,3,1,0.6390435237702,0,16,6706.613983,419.1633739375,27593.06988224,173,156,29,2,0.0083812,upper_bound_16
2433,4,712434,16,3,0,0,1000,3,1,0.6390435237702,5,16,5782.640478,361.415029875,23833.20236949,144,129,29,2,0.0333987,upper_bound_16
2434,4,712435,16,3,0,0,1250,4,0,0.6698288048079,0,16,6030.410491,376.9006556875,25627.05244452,138,111,8,1,0.0138899,upper_bound_16
2434,4,712435,16,3,0,0,1250,4,0,0.6698288048079,5,16,3548.397882,221.774867625,14571.98940452,92,76,6,1,0.0517383,upper_bound_16
2435,4,712436,16,3,0,0,1500,0,1,0.6655811662547,0,16,6641.028244,415.06426525,26950.14123167,198,160,7,2,0.0092946,upper_bound_16
2435,4,712436,16,3,0,0,1500,0,1,0.6655811662547,5,16,5402.587914,337.661744625,22592.93957206,137,107,4,2,0.0331882,upper_bound_16
2436,4,712437,16,3,0,0,1000,1,0,0.776100520438,0,16,6005.403627,375.3377266875,24072.01813942,186,163,6,1,0.0078702,upper_bound_16
2436,4,712437,16,3,0,0,1000,1,0,0.776100520438,5,16,5053.952915,315.8720571875,19984.76450603,123,110,84,1,0.0418516,upper_bound_16
2437,4,712438,16,3,0,0,1250,2,1,0.4251659566908,0,16,5287.472486,330.467030375,21572.36240719,134,115,36,2,0.0133081,upper_bound_16
2437,4,712438,16,3,0,0,1250,2,1,0.4251659566908,5,16,6098.386266,381.149141625,24146.93130552,184,161,36,2,0.0297586,upper_bound_16
2438,4,712439,16,3,0,0,1500,3,0,0.5196242636619,0,16,4311.958436,269.49740225,17334.79219466,130,115,0,1,0.0105097,upper_bound_16
2438,4,712439,16,3,0,0,1500,3,0,0.5196242636619,5,16,3852.690893,240.7931808125,16238.45441913,71,56,38,1,0.0346674,upper_bound_16
2439,4,712440,16,3,0,0,1000,4,1,0.5169007352461,0,16,5868.302944,366.768934,23076.51472003,197,182,2,1,0.0068299,upper_bound_16
2439,4,712440,16,3,0,0,1000,4,1,0.5169007352461,5,16,5409.506811,338.0941756875,21792.53404383,162,146,5,0,0.0314524,upper_bound_16
2440,4,712441,16,3,0,0,1250,0,0,0.3858482301649,0,16,6145.229912,384.0768695,25131.14952304,155,135,43,1,0.0155082,upper_bound_16
2440,4,712441,16,3,0,0,1250,0,0,0.3858482301649,5,16,4731.214395,295.7008996875,19456.07192645,107,96,43,1,0.0536349,upper_bound_16
2441,4,712442,16,3,0,0,1500,1,1,0.8015557404303,0,16,6629.814511,414.3634069375,27189.07256486,186,152,10,1,0.0124738,upper_bound_16
2441,4,712442,16,3,0,0,1500,1,1,0.8015557404303,5,16,5790.772833,361.9233020625,24388.86417453,138,110,11,2,0.029162,upper_bound_16
2442,4,712443,16,3,0,0,1000,2,0,0.4756230631895,0,16,5627.088322,351.693020125,21905.44162998,195,176,5,0,0.0071155,upper_bound_16
2442,4,712443,16,3,0,0,1000,2,0,0.4756230631895,5,16,5275.149318,329.696832375,20275.74658676,191,176,3,0,0.0315767,upper_bound_16
2443,4,712444,16,3,0,0,1250,3,1,0.5828071451148,0,16,4620.065364,288.75408525,19480.32683239,110,94,0,1,0.0212165,upper_bound_16
2443,4,712444,16,3,0,0,1250,3,1,0.5828071451148,5,16,6200.081671,387.5051044375,26045.40836341,155,133,1,0,0.0573688,upper_bound_16
2444,4,712445,16,3,0,0,1500,4,0,0.4176253627062,0,16,5781.236741,361.3272963125,24181.18369961,144,115,10,2,0.0135156,upper_bound_16
2444,4,712445,16,3,0,0,1500,4,0,0.4176253627062,5,16,4780.92564,298.8078525,19344.62820744,140,114,6,2,0.0562589,upper_bound_16
2445,4,712446,16,3,0,0,1000,0,1,0.5049792037284,0,16,6217.708816,388.606801,24443.54407505,143,123,137,2,0.0085057,upper_bound_16
2445,4,712446,16,3,0,0,1000,0,1,0.5049792037284,5,16,7047.530768,440.470673,26967.65379635,219,203,92,1,0.0295321,upper_bound_16
2446,4,712447,16,3,0,0,1250,1,0,0.7257671773809,0,16,6943.454304,433.965894,28617.27145318,155,125,80,2,0.0145699,upper_bound_16
2446,4,712447,16,3,0,0,1250,1,0,0.7257671773809,5,16,6728.383551,420.5239719375,27761.91768161,149,117,78,2,0.0277985,upper_bound_16
2447,4,712448,16,3,0,0,1500,2,1,0.46028581649,0,16,4807.405524,300.46284525,19932.02761941,115,94,24,1,0.0162635,upper_bound_16
2447,4,712448,16,3,0,0,1500,2,1,0.46028581649,5,16,5195.645984,324.727874,22168.22993534,114,88,8,0,0.05824,upper_bound_16
2448,4,712449,16,3,0,0,1000,3,0,0.2549650776336,0,16,6381.347159,398.8341974375,26066.73581823,166,150,36,2,0.0079131,upper_bound_16
2448,4,712449,16,3,0,0,1000,3,0,0.2549650776336,5,16,4930.55076,308.1594225,20457.75380475,126,117,4,1,0.0400367,upper_bound_16
2449,4,712450,16,3,0,0,1250,4,1,0.4529080702698,0,16,5916.790076,369.79937975,24083.95036747,161,146,23,1,0.00845,upper_bound_16
2449,4,712450,16,3,0,0,1250,4,1,0.4529080702698,5,16,7038.78789,439.924243125,27723.93949997,205,185,68,2,0.022787,upper_bound_16
2450,4,712451,16,3,0,0,1500,0,0,0.4853986135799,0,16,5691.993998,355.749624875,23884.97000458,142,122,1,0,0.0122286,upper_bound_16
2450,4,712451,16,3,0,0,1500,0,0,0.4853986135799,5,16,3346.646088,209.1653805,13893.23044712,82,69,3,0,0.0420752,upper_bound_16
2451,4,712452,16,3,0,0,1000,1,1,0.8778664232806,0,16,6128.986078,383.061629875,24314.9304115,197,174,9,1,0.0063023,upper_bound_16
2451,4,712452,16,3,0,0,1000,1,1,0.8778664232806,5,16,6017.035034,376.064689625,22990.175184,224,204,5,1,0.0227895,upper_bound_16
2452,4,712453,16,3,0,0,1250,2,0,0.4277516908413,0,16,6052.307911,378.2692444375,24691.53956826,137,115,78,2,0.0128017,upper_bound_16
2452,4,712453,16,3,0,0,1250,2,0,0.4277516908413,5,16,3184.493438,199.030839875,12697.46711145,77,63,39,2,0.0567336,upper_bound_16
2453,4,712454,16,3,0,0,1500,3,1,0.5115666960048,0,16,5282.70733,330.169208125,21698.53663887,147,122,2,1,0.0114354,upper_bound_16
2453,4,712454,16,3,0,0,1500,3,1,0.5115666960048,5,16,5900.613964,368.78837275,24353.06982878,153,131,18,1,0.0400052,upper_bound_16
2454,4,712455,16,3,0,0,1000,4,0,0.5509310612403,0,16,6191.544623,386.9715389375,24312.72304471,183,172,54,1,0.0076481,upper_bound_16
2454,4,712455,16,3,0,0,1000,4,0,0.5509310612403,5,16,7063.102052,441.44387825,27165.51018502,219,197,86,2,0.0166368,upper_bound_16
2455,4,712456,16,3,0,0,1250,0,1,0.8433399453412,0,16,5906.406094,369.150380875,23687.03047154,184,169,0,0,0.0084898,upper_bound_16
2455,4,712456,16,3,0,0,1250,0,1,0.8433399453412,5,16,5833.727256,364.6079535,23578.6362854,176,158,0,0,0.0263998,upper_bound_16
2456,4,712457,16,3,0,0,1500,1,0,0.5024163416002,0,16,5879.729508,367.48309425,24643.64757028,127,95,47,1,0.019238,upper_bound_16
2456,4,712457,16,3,0,0,1500,1,0,0.5024163416002,5,16,4670.113912,291.8821195,19430.56957874,99,83,42,1,0.0580462,upper_bound_16
2457,4,712458,16,3,0,0,1000,2,1,0.8579702133648,0,16,6401.438757,400.0899223125,25522.19379477,165,149,81,1,0.0069744,upper_bound_16
2457,4,712458,16,3,0,0,1000,2,1,0.8579702133648,5,16,5299.236828,331.20230175,20221.18413956,196,183,4,0,0.018125,upper_bound_16
2458,4,712459,16,3,0,0,1250,3,0,0.5993901880544,0,16,5576.12738,348.50796125,22560.63690126,166,154,0,0,0.0092731,upper_bound_16
2458,4,712459,16,3,0,0,1250,3,0,0.5993901880544,5,16,4482.399914,280.149994625,18881.99956618,106,90,2,1,0.0318551,upper_bound_16
2459,4,712460,16,3,0,0,1500,4,1,0.7110766213183,0,16,4886.694575,305.4184109375,20268.4728677,128,98,5,2,0.0150159,upper_bound_16
2459,4,712460,16,3,0,0,1500,4,1,0.7110766213183,5,16,5117.857005,319.8660628125,21439.28503536,106,82,46,2,0.0372456,upper_bound_16
2460,4,712461,16,3,0,1,1000,0,0,4.689697902994e-05,0,16,6621.224443,413.8265276875,28351.1222247,148,131,0,0,0.0103817,upper_bound_16
2460,4,712461,16,3,0,1,1000,0,0,4.689697902994e-05,5,16,4343.198032,271.449877,18535.99016817,94,86,0,0,0.050902,upper_bound_16
2461,4,712462,16,3,0,1,1250,1,1,6.997762502658e-05,0,16,6124.961375,382.8100859375,25079.80682011,158,137,34,1,0.0090057,upper_bound_16
2461,4,712462,16,3,0,1,1250,1,1,6.997762502658e-05,5,16,5720.977673,357.5611045625,22799.88831562,165,139,39,2,0.0245165,upper_bound_16
2462,4,712463,16,3,0,1,1500,2,0,5.538564950543e-05,0,16,6589.946807,411.8716754375,28434.73404411,131,108,20,1,0.0114833,upper_bound_16
2462,4,712463,16,3,0,1,1500,2,0,5.538564950543e-05,5,16,5281.359481,330.0849675625,22436.79741292,112,88,22,1,0.0586161,upper_bound_16
2463,4,712464,16,3,0,1,1000,3,1,8.036336470922e-05,0,16,6485.663893,405.3539933125,27103.31946582,167,150,0,0,0.0075364,upper_bound_16
2463,4,712464,16,3,0,1,1000,3,1,8.036336470922e-05,5,16,5200.661604,325.04135025,20743.30802208,163,148,3,0,0.0351022,upper_bound_16
2464,4,712465,16,3,0,1,1250,4,0,4.792648700381e-05,0,16,6641.511836,415.09448975,28377.55916016,135,115,32,1,0.0083252,upper_bound_16
2464,4,712465,16,3,0,1,1250,4,0,4.792648700381e-05,5,16,6626.391114,414.149444625,27181.95557467,186,156,8,1,0.0572528,upper_bound_16
2465,4,712466,16,3,0,1,1500,0,1,5.645474629184e-05,0,16,6472.753358,404.547084875,28083.76678924,133,111,0,0,0.0134531,upper_bound_16
2465,4,712466,16,3,0,1,1500,0,1,5.645474629184e-05,5,16,5472.224123,342.0140076875,23896.1205988,105,88,0,0,0.0513102,upper_bound_16
2466,4,712467,16,3,0,1,1000,1,0,0.0001006670457337,0,16,5121.254136,320.0783835,20956.27068479,143,129,2,0,0.009667,upper_bound_16
2466,4,712467,16,3,0,1,1000,1,0,0.0001006670457337,5,16,3808.986692,238.06166825,15224.93345653,114,105,3,0,0.035209,upper_bound_16
2467,4,712468,16,3,0,1,1250,2,1,5.426615113884e-05,0,16,6405.237719,400.3273574375,25616.18859665,203,178,3,0,0.0061068,upper_bound_16
2467,4,712468,16,3,0,1,1250,2,1,5.426615113884e-05,5,16,5016.266956,313.51668475,20551.33478127,129,106,25,1,0.0350278,upper_bound_16
2468,4,712469,16,3,0,1,1500,3,0,5.776884077635e-05,0,16,6627.895771,414.2434856875,28734.47884334,138,111,0,0,0.0118093,upper_bound_16
2468,4,712469,16,3,0,1,1500,3,0,5.776884077635e-05,5,16,3659.688173,228.7305108125,16308.44086417,55,43,0,0,0.0177746,upper_bound_16
2469,4,712470,16,3,0,1,1000,4,1,5.500022080145e-05,0,16,6399.226554,399.951659625,26121.13277697,165,147,41,1,0.0082421,upper_bound_16
2469,4,712470,16,3,0,1,1000,4,1,5.500022080145e-05,5,16,5503.901667,343.9938541875,22199.50833796,146,128,42,1,0.0304465,upper_bound_16
2470,4,712471,16,3,0,1,1250,0,0,5.892327513989e-05,0,16,5843.205713,365.2003570625,24486.02856182,147,128,1,0,0.0109929,upper_bound_16
2470,4,712471,16,3,0,1,1250,0,0,5.892327513989e-05,5,16,4349.707641,271.8567275625,17778.53819906,121,109,0,0,0.05777,upper_bound_16
2471,4,712472,16,3,0,1,1500,1,1,8.049561134607e-05,0,16,6428.887597,401.8054748125,27344.43799792,146,114,12,2,0.011957,upper_bound_16
2471,4,712472,16,3,0,1,1500,1,1,8.049561134607e-05,5,16,5199.602923,324.9751826875,22183.01460768,114,92,7,0,0.0348455,upper_bound_16
2472,4,712473,16,3,0,1,1000,2,0,2.966928176352e-05,0,16,6075.10153,379.693845625,25410.50766584,153,130,6,0,0.0092881,upper_bound_16
2472,4,712473,16,3,0,1,1000,2,0,2.966928176352e-05,5,16,5368.276572,335.51728575,21486.38287528,167,150,2,0,0.061572,upper_bound_16
2473,4,712474,16,3,0,1,1250,3,1,4.228186696717e-05,0,16,7438.260966,464.891310375,31711.30483715,123,107,98,3,0.0080411,upper_bound_16
2473,4,712474,16,3,0,1,1250,3,1,4.228186696717e-05,5,16,6231.099828,389.44373925,26245.49915798,143,127,20,1,0.0460506,upper_bound_16
2474,4,712475,16,3,0,1,1500,4,0,5.051483680069e-05,0,16,5821.415362,363.838460125,25242.07680319,106,79,28,2,0.01173,upper_bound_16
2474,4,712475,16,3,0,1,1500,4,0,5.051483680069e-05,5,16,3838.297835,239.8936146875,16811.48918208,66,45,7,1,0.0236064,upper_bound_16
2475,4,712476,16,3,0,1,1000,0,1,9.382629867687e-05,0,16,6276.064901,392.2540563125,25820.32450698,175,157,0,0,0.008343,upper_bound_16
2475,4,712476,16,3,0,1,1000,0,1,9.382629867687e-05,5,16,5130.038387,320.6273991875,21115.19193979,140,127,0,0,0.0453661,upper_bound_16
2476,4,712477,16,3,0,1,1250,1,0,3.795427450519e-05,0,16,6412.667274,400.791704625,27578.33637883,123,91,37,3,0.0139506,upper_bound_16
2476,4,712477,16,3,0,1,1250,1,0,3.795427450519e-05,5,16,5198.787669,324.9242293125,22528.93834926,103,80,6,1,0.0480215,upper_bound_16
2477,4,712478,16,3,0,1,1500,2,1,6.189257709434e-05,0,16,7056.950364,441.05939775,30599.75187347,126,98,43,4,0.0141611,upper_bound_16
2477,4,712478,16,3,0,1,1500,2,1,6.189257709434e-05,5,16,5637.241772,352.32761075,24776.20886742,101,70,9,3,0.0610293,upper_bound_16
2478,4,712479,16,3,0,1,1000,3,0,3.911341395751e-05,0,16,5360.616737,335.0385460625,21898.08366079,144,127,18,1,0.0147682,upper_bound_16
2478,4,712479,16,3,0,1,1000,3,0,3.911341395751e-05,5,16,3706.535487,231.6584679375,13592.67744029,153,143,0,0,0.0203995,upper_bound_16
2479,4,712480,16,3,0,1,1250,4,1,7.921254799543e-05,0,16,6331.120941,395.6950588125,26250.60470535,154,135,32,1,0.0101456,upper_bound_16
2479,4,712480,16,3,0,1,1250,4,1,7.921254799543e-05,5,16,5520.990961,345.0619350625,22374.95480532,161,140,7,0,0.0555791,upper_bound_16
2480,4,712481,16,3,0,1,1500,0,0,9.308675825193e-05,0,16,5905.032548,369.06453425,25915.16275025,109,91,2,0,0.0127685,upper_bound_16
2480,4,712481,16,3,0,1,1500,0,0,9.308675825193e-05,5,16,5934.576691,370.9110431875,25402.88347254,129,102,9,2,0.070121,upper_bound_16
2481,4,712482,16,3,0,1,1000,1,1,7.386577579689e-05,0,16,7136.056321,446.0035200625,29495.28160023,156,128,83,3,0.009929,upper_bound_16
2481,4,712482,16,3,0,1,1000,1,1,7.386577579689e-05,5,16,4017.317815,251.0823634375,16151.58907002,108,95,24,1,0.0337497,upper_bound_16
2482,4,712483,16,3,0,1,1250,2,0,8.267558406805e-05,0,16,5353.279148,334.57994675,22201.39573614,141,119,3,0,0.0103439,upper_bound_16
2482,4,712483,16,3,0,1,1250,2,0,8.267558406805e-05,5,16,6701.06639,418.816649375,27670.33191735,166,140,39,1,0.0520821,upper_bound_16
2483,4,712484,16,3,0,1,1500,3,1,5.620846591962e-05,0,16,5360.375028,335.02343925,22896.87512218,98,79,44,2,0.0153042,upper_bound_16
2483,4,712484,16,3,0,1,1500,3,1,5.620846591962e-05,5,16,6427.169613,401.6981008125,28070.84805304,116,93,20,1,0.0711198,upper_bound_16
2484,4,712485,16,3,0,1,1000,4,0,4.76790165262e-05,0,16,6091.114633,380.6946645625,24985.57318076,171,153,2,0,0.008873,upper_bound_16
2484,4,712485,16,3,0,1,1000,4,0,4.76790165262e-05,5,16,3833.677403,239.6048376875,15443.38700129,111,101,3,0,0.0361846,upper_bound_16
2485,4,712486,16,3,0,1,1250,0,1,0.0001299928908299,0,16,6277.701609,392.3563505625,26273.50801064,146,120,31,2,0.0114638,upper_bound_16
2485,4,712486,16,3,0,1,1250,0,1,0.0001299928908299,5,16,5246.299637,327.8937273125,21936.49819062,133,111,1,1,0.0563741,upper_bound_16
2486,4,712487,16,3,0,1,1500,1,0,4.363595588243e-05,0,16,6783.852236,423.99076475,29594.26117434,131,97,11,2,0.0171347,upper_bound_16
2486,4,712487,16,3,0,1,1500,1,0,4.363595588243e-05,5,16,4236.645462,264.790341375,18538.22731149,72,47,14,2,0.0404898,upper_bound_16
2487,4,712488,16,3,0,1,1000,2,1,9.412948251878e-05,0,16,6985.58186,436.59886625,28097.90931215,180,161,75,1,0.0073175,upper_bound_16
2487,4,712488,16,3,0,1,1000,2,1,9.412948251878e-05,5,16,5675.954953,354.7471845625,21434.77477372,183,166,76,2,0.0193229,upper_bound_16
2488,4,712489,16,3,0,1,1250,3,0,0.0001030041728166,0,16,5510.829756,344.42685975,21869.14877732,179,153,3,1,0.0077107,upper_bound_16
2488,4,712489,16,3,0,1,1250,3,0,0.0001030041728166,5,16,4924.241437,307.7650898125,20256.20719282,135,115,1,0,0.0659621,upper_bound_16
2489,4,712490,16,3,0,1,1500,4,1,5.071089472315e-05,0,16,7482.191177,467.6369485625,31915.95594073,159,131,31,1,0.011095,upper_bound_16
2489,4,712490,16,3,0,1,1500,4,1,5.071089472315e-05,5,16,5975.529391,373.4705869375,25467.64700172,122,102,30,1,0.0536481,upper_bound_16
2490,4,712491,16,3,0,2,1000,0,0,0.5143521374838,0,16,2792.853384,174.5533365,12149.26692,48,43,0,0,0.0152345,upper_bound_16
2490,4,712491,16,3,0,2,1000,0,0,0.5143521374838,5,16,1389.451738,86.840733625,5372.258684464,40,35,0,0,0.0061295,upper_bound_16
2491,4,712492,16,3,0,2,1250,1,1,0.1611309286653,0,16,2758.799463,172.4249664375,11943.99732108,49,42,1,0,0.0167425,upper_bound_16
2491,4,712492,16,3,0,2,1250,1,1,0.1611309286653,5,16,2432.054117,152.0033823125,9845.270574682,55,42,22,2,0.0414736,upper_bound_16
2492,4,712493,16,3,0,2,1500,2,0,0.3713889604261,0,16,2851.349002,178.209312625,11931.74500467,56,45,20,1,0.0134963,upper_bound_16
2492,4,712493,16,3,0,2,1500,2,0,0.3713889604261,5,16,2241.880631,140.1175394375,9054.403150071,51,45,17,1,0.0435019,upper_bound_16
2493,4,712494,16,3,0,2,1000,3,1,0.229144314388,0,16,3486.400198,217.900012375,14832.0009784,75,65,0,0,0.0153101,upper_bound_16
2493,4,712494,16,3,0,2,1000,3,1,0.229144314388,5,16,2393.853566,149.615847875,9344.267824848,76,65,0,0,0.0525542,upper_bound_16
2494,4,712495,16,3,0,2,1250,4,0,0.3352810414269,0,16,3951.101717,246.9438573125,16900.50860608,84,71,0,0,0.0117425,upper_bound_16
2494,4,712495,16,3,0,2,1250,4,0,0.3352810414269,5,16,2529.393224,158.0870765,10016.96611323,74,61,5,0,0.0958477,upper_bound_16
2495,4,712496,16,3,0,2,1500,0,1,0.158124461503,0,16,4576.948222,286.059263875,18719.74105888,48,42,157,3,0.0087691,upper_bound_16
2495,4,712496,16,3,0,2,1500,0,1,0.158124461503,5,16,3261.044314,203.815269625,12685.22155012,57,53,102,1,0.0674593,upper_bound_16
2496,4,712497,16,3,0,2,1000,1,0,0.17390612068,0,16,3545.618029,221.6011268125,14838.09015446,84,75,1,0,0.0130453,upper_bound_16
2496,4,712497,16,3,0,2,1000,1,0,0.17390612068,5,16,3129.660263,195.6037664375,12083.30131919,61,46,94,1,0.0299981,upper_bound_16
2497,4,712498,16,3,0,2,1250,2,1,0.9403765213181,0,16,4131.661338,258.228833625,17033.30669108,51,42,116,2,0.0151712,upper_bound_16
2497,4,712498,16,3,0,2,1250,2,1,0.9403765213181,5,16,2376.676478,148.542279875,9383.382391829,71,59,2,0,0.038191,upper_bound_16
2498,4,712499,16,3,0,2,1500,3,0,0.381522687387,0,16,3468.518465,216.7824040625,15237.59233042,58,51,0,0,0.0127829,upper_bound_16
2498,4,712499,16,3,0,2,1500,3,0,0.381522687387,5,16,1418.878401,88.6799000625,5544.392005591,39,35,0,0,0.0057249,upper_bound_16
2499,4,712500,16,3,0,2,1000,4,1,0.344894998733,0,16,2577.506447,161.0941529375,10872.53225623,54,47,2,0,0.0146816,upper_bound_16
2499,4,712500,16,3,0,2,1000,4,1,0.344894998733,5,16,2040.567034,127.535439625,8272.835169626,52,43,1,0,0.0138775,upper_bound_16
2500,4,712501,16,3,0,2,1250,0,0,0.3384864948741,0,16,3413.355018,213.334688625,14341.77508017,45,42,66,1,0.0125888,upper_bound_16
2500,4,712501,16,3,0,2,1250,0,0,0.3384864948741,5,16,2317.095006,144.818437875,9020.47502596,40,35,66,1,0.0058055,upper_bound_16
2501,4,712502,16,3,0,2,1500,1,1,0.3322956855028,0,16,3668.587266,229.286704125,15022.93632594,51,47,94,1,0.0137885,upper_bound_16
2501,4,712502,16,3,0,2,1500,1,1,0.3322956855028,5,16,2587.229428,161.70183925,9601.147121506,51,47,95,1,0.0340206,upper_bound_16
2502,4,712503,16,3,0,2,1000,2,0,0.5871606371325,0,16,4111.776249,256.9860155625,16853.88111775,49,44,124,2,0.010656,upper_bound_16
2502,4,712503,16,3,0,2,1000,2,0,0.5871606371325,5,16,3675.858253,229.7411408125,14564.29114803,54,44,123,2,0.0833451,upper_bound_16
2503,4,712504,16,3,0,2,1250,3,1,0.5296348410133,0,16,3979.968576,248.748036,16704.84288833,89,78,12,1,0.0115981,upper_bound_16
2503,4,712504,16,3,0,2,1250,3,1,0.5296348410133,5,16,3066.535024,191.658439,12577.6751269,74,65,12,1,0.0761245,upper_bound_16
2504,4,712505,16,3,0,2,1500,4,0,0.4088009178764,0,16,4300.530073,268.7831295625,16952.65037315,49,42,181,2,0.0146669,upper_bound_16
2504,4,712505,16,3,0,2,1500,4,0,0.4088009178764,5,16,3391.62573,211.976608125,12938.12864482,74,57,99,2,0.062802,upper_bound_16
2505,4,712506,16,3,0,2,1000,0,1,0.2636694150725,0,16,2792.182304,174.511394,12175.91152779,47,42,0,0,0.0127483,upper_bound_16
2505,4,712506,16,3,0,2,1000,0,1,0.2636694150725,5,16,1907.713624,119.2321015,7703.568126461,49,42,0,0,0.0146984,upper_bound_16
2506,4,712507,16,3,0,2,1250,1,0,0.3222039275389,0,16,3004.912065,187.8070040625,12849.56031555,50,42,21,1,0.0103734,upper_bound_16
2506,4,712507,16,3,0,2,1250,1,0,0.3222039275389,5,16,2623.817325,163.9885828125,10859.08662055,53,47,20,1,0.059578,upper_bound_16
2507,4,712508,16,3,0,2,1500,2,1,0.3910612472687,0,16,4611.397499,288.2123436875,19401.98747718,95,80,32,1,0.0135459,upper_bound_16
2507,4,712508,16,3,0,2,1500,2,1,0.3910612472687,5,16,4893.962178,305.872636125,20049.81086717,121,100,33,1,0.0719954,upper_bound_16
2508,4,712509,16,3,0,2,1000,3,0,0.3090589202986,0,16,2664.69753,166.543595625,11593.48764682,45,38,1,0,0.012814,upper_bound_16
2508,4,712509,16,3,0,2,1000,3,0,0.3090589202986,5,16,1403.566345,87.7228965625,5417.831730928,41,35,0,0,0.0054708,upper_bound_16
2509,4,712510,16,3,0,2,1250,4,1,0.5223648069892,0,16,3202.597058,200.162316125,13322.98529791,77,70,1,0,0.0125848,upper_bound_16
2509,4,712510,16,3,0,2,1250,4,1,0.5223648069892,5,16,2799.690056,174.9806285,11018.45029022,87,72,3,0,0.0655474,upper_bound_16
2510,4,712511,16,3,0,2,1500,0,0,0.3729987343454,0,16,4360.562258,272.535141125,17952.81114629,75,66,83,1,0.0128321,upper_bound_16
2510,4,712511,16,3,0,2,1500,0,0,0.3729987343454,5,16,1719.101789,107.4438618125,6790.508941824,47,46,0,0,0.0671016,upper_bound_16
2511,4,712512,16,3,0,2,1000,1,1,0.4186337010879,0,16,3143.291176,196.4556985,13006.4558979,78,69,1,0,0.0152987,upper_bound_16
2511,4,712512,16,3,0,2,1000,1,1,0.4186337010879,5,16,2259.468417,141.2167760625,8642.342092591,76,65,2,0,0.0428459,upper_bound_16
2512,4,712513,16,3,0,2,1250,2,0,0.4026740772894,0,16,4380.624578,273.789036125,17578.12260878,48,41,168,3,0.0099804,upper_bound_16
2512,4,712513,16,3,0,2,1250,2,0,0.4026740772894,5,16,3681.493846,230.093365375,14122.46911629,86,71,92,1,0.0824488,upper_bound_16
2513,4,712514,16,3,0,2,1500,3,1,0.08997345790597,0,16,2971.805783,185.7378614375,12769.02891484,46,42,22,1,0.0134845,upper_bound_16
2513,4,712514,16,3,0,2,1500,3,1,0.08997345790597,5,16,2626.934036,164.18337725,11069.6701835,57,48,0,0,0.0238472,upper_bound_16
2514,4,712515,16,3,0,2,1000,4,0,0.1384833682604,0,16,3769.044701,235.5652938125,16055.22347369,59,51,44,1,0.0134616,upper_bound_16
2514,4,712515,16,3,0,2,1000,4,0,0.1384833682604,5,16,3393.566971,212.0979356875,13652.83480599,60,46,79,3,0.0744906,upper_bound_16
2515,4,712516,16,3,0,2,1250,0,1,0.2575478002427,0,16,3393.077541,212.0673463125,14025.38765773,47,42,77,1,0.0150416,upper_bound_16
2515,4,712516,16,3,0,2,1250,0,1,0.2575478002427,5,16,1697.134919,106.0709324375,6505.674598489,53,48,1,0,0.0232302,upper_bound_16
2516,4,712517,16,3,0,2,1500,1,0,0.503584158283,0,16,2591.676178,161.979761125,10898.38090553,51,41,12,1,0.0103419,upper_bound_16
2516,4,712517,16,3,0,2,1500,1,0,0.503584158283,5,16,1527.583644,95.47397775,5942.918223271,43,41,1,0,0.0157113,upper_bound_16
2517,4,712518,16,3,0,2,1000,2,1,0.363759239723,0,16,3388.09235,211.755771875,13900.46162399,55,46,69,2,0.0155343,upper_bound_16
2517,4,712518,16,3,0,2,1000,2,1,0.363759239723,5,16,2941.870324,183.86689525,11799.35162072,85,71,2,0,0.0579345,upper_bound_16
2518,4,712519,16,3,0,2,1250,3,0,0.2511988261474,0,16,2767.911538,172.994471125,12074.55768931,46,43,0,0,0.013079,upper_bound_16
2518,4,712519,16,3,0,2,1250,3,0,0.2511988261474,5,16,1662.388789,103.8992993125,6711.943938341,41,35,0,0,0.0057018,upper_bound_16
2519,4,712520,16,3,0,2,1500,4,1,0.430867638772,0,16,3147.267539,196.7042211875,13651.33767753,52,47,10,1,0.0150427,upper_bound_16
2519,4,712520,16,3,0,2,1500,4,1,0.430867638772,5,16,2878.065305,179.8790815625,11495.32648727,69,61,31,2,0.0657199,upper_bound_16
2520,4,712521,16,3,8,0,1000,0,0,0.6257319802836,0,16,6520.983908,407.56149425,26374.91954615,190,177,13,2,0.0056722,upper_bound_16
2520,4,712521,16,3,8,0,1000,0,0,0.6257319802836,5,16,6775.819873,423.4887420625,26574.09937085,226,209,14,2,0.0178078,upper_bound_16
2521,4,712522,16,3,8,0,1250,1,1,0.618811490204,0,16,6588.950729,411.8094205625,25954.75366436,222,196,4,2,0.0052623,upper_bound_16
2521,4,712522,16,3,8,0,1250,1,1,0.618811490204,5,16,6099.05592,381.190995,23945.27960353,203,176,13,1,0.0294936,upper_bound_16
2522,4,712523,16,3,8,0,1500,2,0,0.5480427560335,0,16,6763.052311,422.6907694375,27760.26155685,192,165,2,0,0.0071223,upper_bound_16
2522,4,712523,16,3,8,0,1500,2,0,0.5480427560335,5,16,5651.957039,353.2473149375,22969.78518852,163,136,9,1,0.0338295,upper_bound_16
2523,4,712524,16,3,8,0,1000,3,1,0.5489052573093,0,16,5822.52801,363.908000625,22382.64005954,213,201,0,0,0.0051321,upper_bound_16
2523,4,712524,16,3,8,0,1000,3,1,0.5489052573093,5,16,5780.223399,361.2639624375,21326.1170088,241,230,0,0,0.0181037,upper_bound_16
2524,4,712525,16,3,8,0,1250,4,0,0.5457538001406,0,16,6012.585803,375.7866126875,24597.92901684,167,145,11,2,0.0123661,upper_bound_16
2524,4,712525,16,3,8,0,1250,4,0,0.5457538001406,5,16,5905.237507,369.0773441875,23606.18750147,159,135,58,2,0.0300152,upper_bound_16
2525,4,712526,16,3,8,0,1500,0,1,0.6085300941158,0,16,7359.280987,459.9550616875,31101.40493739,175,154,10,2,0.0117033,upper_bound_16
2525,4,712526,16,3,8,0,1500,0,1,0.6085300941158,5,16,6313.879562,394.617472625,26144.39781042,166,145,10,2,0.040691,upper_bound_16
2526,4,712527,16,3,8,0,1000,1,0,0.7354931514773,0,16,6117.461773,382.3413608125,23117.30886557,234,220,8,1,0.0059769,upper_bound_16
2526,4,712527,16,3,8,0,1000,1,0,0.7354931514773,5,16,6474.048737,404.6280460625,25240.24368989,224,205,7,1,0.0171517,upper_bound_16
2527,4,712528,16,3,8,0,1250,2,1,0.6699015241694,0,16,6038.659534,377.416220875,23583.29765991,206,179,11,3,0.0080647,upper_bound_16
2527,4,712528,16,3,8,0,1250,2,1,0.6699015241694,5,16,6488.42421,405.526513125,24952.12104224,234,209,13,1,0.0203109,upper_bound_16
2528,4,712529,16,3,8,0,1500,3,0,0.2933049733079,0,16,5287.660907,330.4788066875,20958.30453438,173,148,1,2,0.0076422,upper_bound_16
2528,4,712529,16,3,8,0,1500,3,0,0.2933049733079,5,16,4155.094981,259.6934363125,17055.47491242,113,99,0,0,0.0335507,upper_bound_16
2529,4,712530,16,3,8,0,1000,4,1,0.7114436196486,0,16,6322.064312,395.1290195,24230.32156988,233,213,6,0,0.0044831,upper_bound_16
2529,4,712530,16,3,8,0,1000,4,1,0.7114436196486,5,16,6625.545245,414.0965778125,25242.72619554,233,215,39,1,0.012903,upper_bound_16
2530,4,712531,16,3,8,0,1250,0,0,0.3043415690203,0,16,6062.387778,378.899236125,23986.93890794,200,182,1,1,0.0078728,upper_bound_16
2530,4,712531,16,3,8,0,1250,0,0,0.3043415690203,5,16,5729.373922,358.085870125,22961.86961504,178,164,1,0,0.030773,upper_bound_16
2531,4,712532,16,3,8,0,1500,1,1,0.7427245467583,0,16,6432.636557,402.0397848125,26623.18281088,173,154,3,0,0.0083094,upper_bound_16
2531,4,712532,16,3,8,0,1500,1,1,0.7427245467583,5,16,5232.029038,327.001814875,21010.14519379,159,137,6,1,0.0252937,upper_bound_16
2532,4,712533,16,3,8,0,1000,2,0,0.6251521960965,0,16,5277.566892,329.84793075,20777.8344589,175,158,3,0,0.0123762,upper_bound_16
2532,4,712533,16,3,8,0,1000,2,0,0.6251521960965,5,16,5643.49546,352.71846625,21792.47729713,202,189,2,0,0.0211192,upper_bound_16
2533,4,712534,16,3,8,0,1250,3,1,0.450269943307,0,16,7540.487521,471.2804700625,30327.43754126,191,176,88,1,0.005893,upper_bound_16
2533,4,712534,16,3,8,0,1250,3,1,0.450269943307,5,16,5803.964764,362.74779775,23184.82374614,137,120,94,2,0.0151745,upper_bound_16
2534,4,712535,16,3,8,0,1500,4,0,0.3781027683291,0,16,6650.280515,415.6425321875,26596.40259528,188,167,48,3,0.0075156,upper_bound_16
2534,4,712535,16,3,8,0,1500,4,0,0.3781027683291,5,16,6487.450605,405.4656628125,26042.25305868,179,160,48,3,0.0301613,upper_bound_16
2535,4,712536,16,3,8,0,1000,0,1,0.7303903742108,0,16,6672.881775,417.0551109375,26764.40888637,206,192,6,1,0.0054055,upper_bound_16
2535,4,712536,16,3,8,0,1000,0,1,0.7303903742108,5,16,6150.986372,384.43664825,23804.93185839,217,201,8,1,0.02001,upper_bound_16
2536,4,712537,16,3,8,0,1250,1,0,0.8664410193551,0,16,5859.621146,366.226321625,23603.10572522,178,169,0,0,0.0066011,upper_bound_16
2536,4,712537,16,3,8,0,1250,1,0,0.8664410193551,5,16,4456.897011,278.5560631875,18184.48505833,124,108,4,1,0.0191098,upper_bound_16
2537,4,712538,16,3,8,0,1500,2,1,0.5017982770179,0,16,6133.632771,383.3520481875,24983.16387026,173,153,13,2,0.0093124,upper_bound_16
2537,4,712538,16,3,8,0,1500,2,1,0.5017982770179,5,16,6417.403986,401.087749125,26877.01994627,156,128,18,2,0.0319585,upper_bound_16
2538,4,712539,16,3,8,0,1000,3,0,0.3809589731556,0,16,7022.877439,438.9298399375,26904.3871962,240,221,47,1,0.0038605,upper_bound_16
2538,4,712539,16,3,8,0,1000,3,0,0.3809589731556,5,16,5742.564239,358.9102649375,23087.82120419,177,160,0,0,0.0420759,upper_bound_16
2539,4,712540,16,3,8,0,1250,4,1,0.4958414628653,0,16,7047.464939,440.4665586875,29197.32472126,177,159,28,2,0.0072519,upper_bound_16
2539,4,712540,16,3,8,0,1250,4,1,0.4958414628653,5,16,6303.634785,393.9771740625,25398.17394404,187,167,14,1,0.0226044,upper_bound_16
2540,4,712541,16,3,8,0,1500,0,0,0.6158881519991,0,16,6281.826171,392.6141356875,25754.13086898,179,153,1,1,0.009413,upper_bound_16
2540,4,712541,16,3,8,0,1500,0,0,0.6158881519991,5,16,4368.275216,273.017201,18166.37608281,110,93,4,1,0.0460677,upper_bound_16
2541,4,712542,16,3,8,0,1000,1,1,0.6667872245241,0,16,7078.792033,442.4245020625,27643.96017934,239,221,18,3,0.0046051,upper_bound_16
2541,4,712542,16,3,8,0,1000,1,1,0.6667872245241,5,16,6775.086123,423.4428826875,26720.43061418,219,199,19,2,0.0171844,upper_bound_16
2542,4,712543,16,3,8,0,1250,2,0,0.6210418901311,0,16,5685.760565,355.3600353125,22988.80283331,170,143,5,0,0.0092329,upper_bound_16
2542,4,712543,16,3,8,0,1250,2,0,0.6210418901311,5,16,5830.959672,364.4349795,22819.79836131,200,178,3,0,0.0200419,upper_bound_16
2543,4,712544,16,3,8,0,1500,3,1,0.6024778419823,0,16,6677.055699,417.3159811875,28025.2784998,168,152,0,0,0.0106927,upper_bound_16
2543,4,712544,16,3,8,0,1500,3,1,0.6024778419823,5,16,6019.456967,376.2160604375,24947.28481368,161,145,0,0,0.0327108,upper_bound_16
2544,4,712545,16,3,8,0,1000,4,0,0.3259250064726,0,16,6270.642335,391.9151459375,24343.21170001,221,202,5,1,0.0067663,upper_bound_16
2544,4,712545,16,3,8,0,1000,4,0,0.3259250064726,5,16,5156.380017,322.2737510625,19241.90012611,193,176,29,1,0.0191272,upper_bound_16
2545,4,712546,16,3,8,0,1250,0,1,0.9400939998837,0,16,6426.502099,401.6563811875,25702.51050044,201,180,7,1,0.0097832,upper_bound_16
2545,4,712546,16,3,8,0,1250,0,1,0.9400939998837,5,16,6187.526106,386.720381625,24892.63053864,188,171,6,1,0.0223628,upper_bound_16
2546,4,712547,16,3,8,0,1500,1,0,0.8044413452078,0,16,6125.696348,382.85602175,24048.48176128,204,171,15,3,0.0089714,upper_bound_16
2546,4,712547,16,3,8,0,1500,1,0,0.8044413452078,5,16,4522.706075,282.6691296875,19168.53037069,102,78,7,2,0.0271281,upper_bound_16
2547,4,712548,16,3,8,0,1000,2,1,0.7673369586303,0,16,7454.8649,465.92905625,28779.32449661,265,243,17,2,0.0045405,upper_bound_16
2547,4,712548,16,3,8,0,1000,2,1,0.7673369586303,5,16,6063.19206,378.94950375,24050.96028879,190,172,17,1,0.0195338,upper_bound_16
2548,4,712549,16,3,8,0,1250,3,0,0.5640913999994,0,16,5753.961949,359.6226218125,23204.80974468,175,158,0,0,0.0072257,upper_bound_16
2548,4,712549,16,3,8,0,1250,3,0,0.5640913999994,5,16,5466.600548,341.66253425,21118.00274593,196,183,0,0,0.0229126,upper_bound_16
2549,4,712550,16,3,8,0,1500,4,1,0.3841582924508,0,16,6049.479453,378.0924658125,24432.39727086,182,158,5,0,0.0087716,upper_bound_16
2549,4,712550,16,3,8,0,1500,4,1,0.3841582924508,5,16,5296.802518,331.050157375,20874.0125885,175,152,5,1,0.0421548,upper_bound_16
2550,4,712551,16,3,8,1,1000,0,0,6.266504301614e-05,0,16,6014.467214,375.904200875,24877.33605938,158,139,10,1,0.008195,upper_bound_16
2550,4,712551,16,3,8,1,1000,0,0,6.266504301614e-05,5,16,6407.051067,400.4406916875,24390.25530737,239,224,10,1,0.0206474,upper_bound_16
2551,4,712552,16,3,8,1,1250,1,1,3.522327445026e-05,0,16,7570.241802,473.140112625,31046.20902117,167,143,101,1,0.0056913,upper_bound_16
2551,4,712552,16,3,8,1,1250,1,1,3.522327445026e-05,5,16,6210.242992,388.140187,24641.21495775,202,174,6,1,0.040663,upper_bound_16
2552,4,712553,16,3,8,1,1500,2,0,6.561197672312e-05,0,16,6315.491725,394.7182328125,26437.45862867,160,133,5,1,0.009474,upper_bound_16
2552,4,712553,16,3,8,1,1500,2,0,6.561197672312e-05,5,16,4396.375693,274.7734808125,18496.87846118,101,67,15,3,0.0138984,upper_bound_16
2553,4,712554,16,3,8,1,1000,3,1,5.70824860934e-05,0,16,5616.513212,351.03207575,22272.56607231,183,167,0,0,0.0056176,upper_bound_16
2553,4,712554,16,3,8,1,1000,3,1,5.70824860934e-05,5,16,5214.868976,325.929311,20319.34486854,181,166,0,0,0.044108,upper_bound_16
2554,4,712555,16,3,8,1,1250,4,0,5.208973166892e-05,0,16,5267.019537,329.1887210625,21635.09769016,145,126,3,0,0.0105041,upper_bound_16
2554,4,712555,16,3,8,1,1250,4,0,5.208973166892e-05,5,16,4724.621961,295.2888725625,18658.10979902,140,126,29,1,0.0247023,upper_bound_16
2555,4,712556,16,3,8,1,1500,0,1,0.0001136937904476,0,16,6906.136684,431.63354275,28615.68342717,188,163,0,0,0.0075696,upper_bound_16
2555,4,712556,16,3,8,1,1500,0,1,0.0001136937904476,5,16,6478.492715,404.9057946875,26647.46359469,182,159,0,0,0.0435784,upper_bound_16
2556,4,712557,16,3,8,1,1000,1,0,8.965067548853e-05,0,16,4890.756435,305.6722771875,19213.78216194,163,147,2,0,0.008556,upper_bound_16
2556,4,712557,16,3,8,1,1000,1,0,8.965067548853e-05,5,16,5694.926161,355.9328850625,22919.63079856,173,148,6,0,0.040788,upper_bound_16
2557,4,712558,16,3,8,1,1250,2,1,5.834538723133e-05,0,16,5900.961458,368.810091125,23924.80730305,168,145,17,2,0.0061698,upper_bound_16
2557,4,712558,16,3,8,1,1250,2,1,5.834538723133e-05,5,16,4837.621666,302.351354125,18473.10835658,174,154,13,2,0.0219801,upper_bound_16
2558,4,712559,16,3,8,1,1500,3,0,4.823171610199e-05,0,16,5375.018273,335.9386420625,21930.09137818,154,133,2,1,0.0087577,upper_bound_16
2558,4,712559,16,3,8,1,1500,3,0,4.823171610199e-05,5,16,5094.451946,318.403246625,19142.25972703,200,180,2,1,0.0180831,upper_bound_16
2559,4,712560,16,3,8,1,1000,4,1,5.549227249132e-05,0,16,5770.566019,360.6603761875,23087.83010422,181,165,1,0,0.0059541,upper_bound_16
2559,4,712560,16,3,8,1,1000,4,1,5.549227249132e-05,5,16,5301.82346,331.36396625,20764.11730226,179,159,5,0,0.0291371,upper_bound_16
2560,4,712561,16,3,8,1,1250,0,0,4.048965796118e-05,0,16,5354.350791,334.6469244375,22076.75396784,145,128,2,0,0.0099067,upper_bound_16
2560,4,712561,16,3,8,1,1250,0,0,4.048965796118e-05,5,16,4188.259313,261.7662070625,16756.29655343,128,117,0,0,0.033256,upper_bound_16
2561,4,712562,16,3,8,1,1500,1,1,4.224098377873e-05,0,16,5886.665993,367.9166245625,24288.32996771,159,133,7,1,0.0092004,upper_bound_16
2561,4,712562,16,3,8,1,1500,1,1,4.224098377873e-05,5,16,5178.635938,323.664746125,21803.17969315,124,103,5,1,0.0407408,upper_bound_16
2562,4,712563,16,3,8,1,1000,2,0,7.101735056707e-05,0,16,6465.708865,404.1068040625,26698.54433461,176,157,3,0,0.006312,upper_bound_16
2562,4,712563,16,3,8,1,1000,2,0,7.101735056707e-05,5,16,4689.73852,293.1086575,18813.69260847,143,132,0,0,0.0252474,upper_bound_16
2563,4,712564,16,3,8,1,1250,3,1,8.089292490819e-05,0,16,5062.431725,316.4019828125,20592.15861986,146,128,2,1,0.010028,upper_bound_16
2563,4,712564,16,3,8,1,1250,3,1,8.089292490819e-05,5,16,5599.190459,349.9494036875,23025.95230755,155,139,0,0,0.0393157,upper_bound_16
2564,4,712565,16,3,8,1,1500,4,0,7.104936592984e-05,0,16,6289.161061,393.0725663125,26095.80529864,167,131,8,1,0.0099482,upper_bound_16
2564,4,712565,16,3,8,1,1500,4,0,7.104936592984e-05,5,16,5631.930307,351.9956441875,22819.65153206,155,126,29,2,0.037694,upper_bound_16
2565,4,712566,16,3,8,1,1000,0,1,0.0001492301471876,0,16,6463.244997,403.9528123125,25516.2250101,200,178,34,2,0.0072582,upper_bound_16
2565,4,712566,16,3,8,1,1000,0,1,0.0001492301471876,5,16,4087.0298,255.4393625,15395.14900954,153,136,9,2,0.0219505,upper_bound_16
2566,4,712567,16,3,8,1,1250,1,0,0.0001397886969777,0,16,5962.158292,372.63489325,24205.7914742,154,130,47,2,0.0088449,upper_bound_16
2566,4,712567,16,3,8,1,1250,1,0,0.0001397886969777,5,16,4762.684965,297.6678103125,19038.42483813,125,103,49,2,0.0341717,upper_bound_16
2567,4,712568,16,3,8,1,1500,2,1,5.873322230852e-05,0,16,5468.183635,341.7614771875,21605.91818237,180,155,4,0,0.0084481,upper_bound_16
2567,4,712568,16,3,8,1,1500,2,1,5.873322230852e-05,5,16,5219.325534,326.207845875,21506.62768048,141,121,4,0,0.0312034,upper_bound_16
2568,4,712569,16,3,8,1,1000,3,0,5.934672494091e-05,0,16,5379.487877,336.2179923125,21412.43938711,172,157,0,0,0.0069947,upper_bound_16
2568,4,712569,16,3,8,1,1000,3,0,5.934672494091e-05,5,16,5086.424602,317.901537625,21087.12300385,134,119,0,0,0.0391888,upper_bound_16
2569,4,712570,16,3,8,1,1250,4,1,8.107287570619e-05,0,16,6449.872192,403.117012,25924.36099446,183,159,37,1,0.0055548,upper_bound_16
2569,4,712570,16,3,8,1,1250,4,1,8.107287570619e-05,5,16,7387.064333,461.6915208125,30005.321558,176,150,92,1,0.0544079,upper_bound_16
2570,4,712571,16,3,8,1,1500,0,0,8.455965790227e-05,0,16,6405.099892,400.31874325,27265.49945994,149,127,0,0,0.010415,upper_bound_16
2570,4,712571,16,3,8,1,1500,0,0,8.455965790227e-05,5,16,5261.941146,328.871321625,22214.70574394,126,109,0,0,0.0240022,upper_bound_16
2571,4,712572,16,3,8,1,1000,1,1,9.531980962616e-05,0,16,5602.534775,350.1584234375,21872.67387347,191,163,10,0,0.0074559,upper_bound_16
2571,4,712572,16,3,8,1,1000,1,1,9.531980962616e-05,5,16,3842.774122,240.173382625,14518.87061642,144,133,2,0,0.0157603,upper_bound_16
2572,4,712573,16,3,8,1,1250,2,0,5.322310703934e-05,0,16,5479.340548,342.45878425,22591.70275487,149,130,2,0,0.0087497,upper_bound_16
2572,4,712573,16,3,8,1,1250,2,0,5.322310703934e-05,5,16,4244.962071,265.3101294375,16904.81035438,131,108,7,1,0.0190557,upper_bound_16
2573,4,712574,16,3,8,1,1500,3,1,4.768364259174e-05,0,16,5672.503924,354.53149525,23132.51962882,164,146,0,0,0.0089679,upper_bound_16
2573,4,712574,16,3,8,1,1500,3,1,4.768364259174e-05,5,16,6734.396417,420.8997760625,27731.98207312,189,163,0,0,0.0367917,upper_bound_16
2574,4,712575,16,3,8,1,1000,4,0,0.0001174513161845,0,16,6409.969465,400.6230915625,25484.84735286,180,162,57,1,0.0077397,upper_bound_16
2574,4,712575,16,3,8,1,1000,4,0,0.0001174513161845,5,16,5325.4675,332.84171875,20457.33751016,165,155,58,1,0.0214939,upper_bound_16
2575,4,712576,16,3,8,1,1250,0,1,9.0854076428e-05,0,16,5223.370357,326.4606473125,21131.85178011,156,137,0,0,0.0098752,upper_bound_16
2575,4,712576,16,3,8,1,1250,0,1,9.0854076428e-05,5,16,3931.170925,245.6981828125,14965.85462415,146,128,0,1,0.026214,upper_bound_16
2576,4,712577,16,3,8,1,1500,1,0,0.0001579450088325,0,16,5819.351922,363.709495125,24496.75961751,143,116,3,1,0.0110612,upper_bound_16
2576,4,712577,16,3,8,1,1500,1,0,0.0001579450088325,5,16,6375.993352,398.4995845,26549.96681066,148,123,41,1,0.0775807,upper_bound_16
2577,4,712578,16,3,8,1,1000,2,1,6.739668242556e-05,0,16,6719.882272,419.992642,27944.4113623,167,144,24,4,0.0077832,upper_bound_16
2577,4,712578,16,3,8,1,1000,2,1,6.739668242556e-05,5,16,5726.746116,357.92163225,23093.73057219,162,146,24,3,0.0199351,upper_bound_16
2578,4,712579,16,3,8,1,1250,3,0,4.823376277623e-05,0,16,5693.699903,355.8562439375,22893.49952901,175,157,1,0,0.0073756,upper_bound_16
2578,4,712579,16,3,8,1,1250,3,0,4.823376277623e-05,5,16,5048.845231,315.5528269375,19784.22615802,171,157,0,0,0.024639,upper_bound_16
2579,4,712580,16,3,8,1,1500,4,1,3.706890516285e-05,0,16,6087.500426,380.468776625,25367.50214387,158,132,4,0,0.00784,upper_bound_16
2579,4,712580,16,3,8,1,1500,4,1,3.706890516285e-05,5,16,4514.448839,282.1530524375,18957.24418778,109,92,2,0,0.0336222,upper_bound_16
2580,4,712581,16,3,8,2,1000,0,0,0.09656273975888,0,16,4329.985439,270.6240899375,17974.9271688,95,84,32,1,0.0077037,upper_bound_16
2580,4,712581,16,3,8,2,1000,0,0,0.09656273975888,5,16,4316.026554,269.751659625,16360.13274144,147,133,32,1,0.0274671,upper_bound_16
2581,4,712582,16,3,8,2,1250,1,1,0.02696791775514,0,16,5585.664865,349.1040540625,23048.32431473,107,91,90,2,0.0114633,upper_bound_16
2581,4,712582,16,3,8,2,1250,1,1,0.02696791775514,5,16,4802.90039,300.181274375,19194.5019504,149,130,3,0,0.0499147,upper_bound_16
2582,4,712583,16,3,8,2,1500,2,0,0.05479048770639,0,16,6720.849911,420.0531194375,25504.24954266,254,228,14,1,0.0062218,upper_bound_16
2582,4,712583,16,3,8,2,1500,2,0,0.05479048770639,5,16,4887.241071,305.4525669375,19351.20535672,157,134,6,0,0.0521059,upper_bound_16
2583,4,712584,16,3,8,2,1000,3,1,0.04467886103909,0,16,5394.385529,337.1490955625,21676.92766532,162,145,8,1,0.0104516,upper_bound_16
2583,4,712584,16,3,8,2,1000,3,1,0.04467886103909,5,16,5634.823352,352.1764595,22974.11676771,159,141,8,1,0.0316544,upper_bound_16
2584,4,712585,16,3,8,2,1250,4,0,0.02485040097927,0,16,5718.062968,357.3789355,24495.31483797,126,103,2,0,0.0119566,upper_bound_16
2584,4,712585,16,3,8,2,1250,4,0,0.02485040097927,5,16,3228.527975,201.7829984375,12507.63986905,107,79,11,2,0.0195192,upper_bound_16
2585,4,712586,16,3,8,2,1500,0,1,0.04121903715725,0,16,7166.385947,447.8991216875,30371.92959088,124,104,96,3,0.0084515,upper_bound_16
2585,4,712586,16,3,8,2,1500,0,1,0.04121903715725,5,16,3906.718602,244.169912625,15908.59301131,105,90,10,2,0.0626125,upper_bound_16
2586,4,712587,16,3,8,2,1000,1,0,0.01632893808366,0,16,5967.029253,372.9393283125,24335.14617696,137,122,71,1,0.0105663,upper_bound_16
2586,4,712587,16,3,8,2,1000,1,0,0.01632893808366,5,16,4291.841415,268.2400884375,16064.20685567,93,84,150,2,0.0225077,upper_bound_16
2587,4,712588,16,3,8,2,1250,2,1,0.04678744591595,0,16,4335.050286,270.940642875,17885.25142074,110,95,11,1,0.0115677,upper_bound_16
2587,4,712588,16,3,8,2,1250,2,1,0.04678744591595,5,16,2234.596531,139.6622831875,8672.982657971,67,58,9,1,0.0473346,upper_bound_16
2588,4,712589,16,3,8,2,1500,3,0,0.04298890916523,0,16,6573.8642,410.8665125,27614.32093888,128,103,76,2,0.0148916,upper_bound_16
2588,4,712589,16,3,8,2,1500,3,0,0.04298890916523,5,16,3237.687356,202.35545975,12253.43678171,101,91,37,1,0.0258019,upper_bound_16
2589,4,712590,16,3,8,2,1000,4,1,0.0115514159489,0,16,6050.925194,378.182824625,25139.62597791,159,136,4,0,0.0129438,upper_bound_16
2589,4,712590,16,3,8,2,1000,4,1,0.0115514159489,5,16,5398.125949,337.3828718125,22080.62974735,153,134,1,0,0.0347663,upper_bound_16
2590,4,712591,16,3,8,2,1250,0,0,0.04970230025818,0,16,4835.967865,302.2479915625,19684.83926417,109,94,60,1,0.0122932,upper_bound_16
2590,4,712591,16,3,8,2,1250,0,0,0.04970230025818,5,16,5118.765557,319.9228473125,19978.82772356,147,128,60,1,0.057454,upper_bound_16
2591,4,712592,16,3,8,2,1500,1,1,0.0384205164786,0,16,4401.847409,275.1154630625,17764.23704722,129,112,4,1,0.0095467,upper_bound_16
2591,4,712592,16,3,8,2,1500,1,1,0.0384205164786,5,16,3976.725852,248.54536575,15718.62924788,125,104,8,1,0.0620642,upper_bound_16
2592,4,712593,16,3,8,2,1000,2,0,0.0272185400185,0,16,7082.82371,442.676481875,29804.11852614,129,103,98,2,0.0148816,upper_bound_16
2592,4,712593,16,3,8,2,1000,2,0,0.0272185400185,5,16,3491.299021,218.2061888125,12826.49506718,128,116,30,1,0.0338876,upper_bound_16
2593,4,712594,16,3,8,2,1250,3,1,0.04466081151022,0,16,4319.469525,269.9668453125,17772.34762556,105,91,23,1,0.0128917,upper_bound_16
2593,4,712594,16,3,8,2,1250,3,1,0.04466081151022,5,16,4167.877283,260.4923301875,16824.3864162,123,108,0,0,0.0537735,upper_bound_16
2594,4,712595,16,3,8,2,1500,4,0,0.06147213060896,0,16,4319.814954,269.988434625,17394.07467745,89,76,80,1,0.01596,upper_bound_16
2594,4,712595,16,3,8,2,1500,4,0,0.06147213060896,5,16,2119.306454,132.456653375,8116.532270543,69,59,4,0,0.0108529,upper_bound_16
2595,4,712596,16,3,8,2,1000,0,1,0.05780772414736,0,16,4101.03191,256.314494375,16415.15955281,107,95,36,2,0.0078222,upper_bound_16
2595,4,712596,16,3,8,2,1000,0,1,0.05780772414736,5,16,3800.818731,237.5511706875,15064.09365374,120,105,1,0,0.0381784,upper_bound_16
2596,4,712597,16,3,8,2,1250,1,0,0.04017765922081,0,16,6248.172858,390.510803625,25860.86429215,141,120,57,1,0.0113148,upper_bound_16
2596,4,712597,16,3,8,2,1250,1,0,0.04017765922081,5,16,3012.942889,188.3089305625,11184.71443932,88,76,60,1,0.0374759,upper_bound_16
2597,4,712598,16,3,8,2,1500,2,1,0.07126352390878,0,16,5374.248834,335.890552125,21806.24404759,117,99,83,3,0.0117951,upper_bound_16
2597,4,712598,16,3,8,2,1500,2,1,0.07126352390878,5,16,5721.70085,357.606303125,23268.50425969,166,146,4,2,0.0499641,upper_bound_16
2598,4,712599,16,3,8,2,1000,3,0,0.04761859113599,0,16,4955.541258,309.721328625,20147.70634634,111,99,64,2,0.0111994,upper_bound_16
2598,4,712599,16,3,8,2,1000,3,0,0.04761859113599,5,16,5017.358385,313.5848990625,20016.79193411,158,138,2,1,0.0463054,upper_bound_16
2599,4,712600,16,3,8,2,1250,4,1,0.01602079966899,0,16,7170.028223,448.1267639375,28065.1410657,203,180,94,1,0.0077916,upper_bound_16
2599,4,712600,16,3,8,2,1250,4,1,0.01602079966899,5,16,5667.492286,354.218267875,21827.46136714,159,139,96,1,0.0489783,upper_bound_16
2600,4,712601,16,3,8,2,1500,0,0,0.02575762240369,0,16,6931.283924,433.20524525,26956.41958487,238,213,19,2,0.0068687,upper_bound_16
2600,4,712601,16,3,8,2,1500,0,0,0.02575762240369,5,16,6291.193138,393.199571125,25980.9656587,164,138,19,2,0.0379848,upper_bound_16
2601,4,712602,16,3,8,2,1000,1,1,0.03768580496403,0,16,5859.808702,366.238043875,24599.04351421,145,123,4,0,0.0136281,upper_bound_16
2601,4,712602,16,3,8,2,1000,1,1,0.03768580496403,5,16,4877.650253,304.8531408125,19948.25126473,137,120,1,0,0.0337248,upper_bound_16
2602,4,712603,16,3,8,2,1250,2,0,0.05504495975651,0,16,5824.673937,364.0421210625,24848.36968343,131,105,5,0,0.0150984,upper_bound_16
2602,4,712603,16,3,8,2,1250,2,0,0.05504495975651,5,16,3641.306386,227.581649125,13506.5319369,142,123,9,0,0.0364754,upper_bound_16
2603,4,712604,16,3,8,2,1500,3,1,0.04744547194979,0,16,7136.579681,446.0362300625,29692.89824562,127,105,126,2,0.0120291,upper_bound_16
2603,4,712604,16,3,8,2,1500,3,1,0.04744547194979,5,16,3480.894308,217.55589425,12859.47155115,140,129,0,0,0.0310849,upper_bound_16
2604,4,712605,16,3,8,2,1000,4,0,0.06457322005095,0,16,4260.887131,266.3054456875,17999.43566025,98,85,2,0,0.0106022,upper_bound_16
2604,4,712605,16,3,8,2,1000,4,0,0.06457322005095,5,16,1902.666213,118.9166383125,7053.3310653,68,57,5,0,0.0278648,upper_bound_16
2605,4,712606,16,3,8,2,1250,0,1,0.02845556043722,0,16,4112.864723,257.0540451875,15784.32361497,148,136,0,0,0.0082913,upper_bound_16
2605,4,712606,16,3,8,2,1250,0,1,0.02845556043722,5,16,3357.751377,209.8594610625,13553.75689783,96,87,0,0,0.0530761,upper_bound_16
2606,4,712607,16,3,8,2,1500,1,0,0.05244776093667,0,16,4316.348092,269.77175575,18441.74045853,94,72,2,1,0.0135592,upper_bound_16
2606,4,712607,16,3,8,2,1500,1,0,0.05244776093667,5,16,2042.004267,127.6252666875,7975.021344303,60,46,7,0,0.0085722,upper_bound_16
2607,4,712608,16,3,8,2,1000,2,1,0.04354157717554,0,16,4445.662177,277.8538860625,18028.31088144,128,111,3,1,0.0111268,upper_bound_16
2607,4,712608,16,3,8,2,1000,2,1,0.04354157717554,5,16,4052.78598,253.29912375,16213.92991003,122,105,5,0,0.029231,upper_bound_16
2608,4,712609,16,3,8,2,1250,3,0,0.0210967347308,0,16,6096.346862,381.021678875,25801.73432273,146,126,0,0,0.010206,upper_bound_16
2608,4,712609,16,3,8,2,1250,3,0,0.0210967347308,5,16,2594.371168,162.148198,10156.85584554,82,73,0,0,0.0720847,upper_bound_16
2609,4,712610,16,3,8,2,1500,4,1,0.07370871806821,0,16,7141.705799,446.3566124375,29283.52881902,161,139,87,2,0.0127991,upper_bound_16
2609,4,712610,16,3,8,2,1500,4,1,0.07370871806821,5,16,3673.654602,229.603412625,14428.27301119,115,100,11,1,0.0474972,upper_bound_16
2610,4,712611,16,3,16,0,1000,0,0,0.6704337491085,0,16,7799.846124,487.49038275,31134.23063805,251,229,3,2,0.0044427,upper_bound_16
2610,4,712611,16,3,16,0,1000,0,0,0.6704337491085,5,16,5563.021072,347.688817,21210.10535706,204,188,11,1,0.0265988,upper_bound_16
2611,4,712612,16,3,16,0,1250,1,1,0.9209413855009,0,16,6544.057361,409.0035850625,25500.28681089,223,201,16,1,0.0050443,upper_bound_16
2611,4,712612,16,3,16,0,1250,1,1,0.9209413855009,5,16,6087.039163,380.4399476875,23205.19582834,228,205,7,0,0.0207481,upper_bound_16
2612,4,712613,16,3,16,0,1500,2,0,0.8334259391876,0,16,6838.487345,427.4054590625,27367.43677899,190,167,56,3,0.0070461,upper_bound_16
2612,4,712613,16,3,16,0,1500,2,0,0.8334259391876,5,16,5265.793526,329.112095375,20853.96763228,168,151,8,1,0.0247438,upper_bound_16
2613,4,712614,16,3,16,0,1000,3,1,0.7715337226,0,16,7227.451635,451.7157271875,28957.2581894,229,211,0,1,0.0042521,upper_bound_16
2613,4,712614,16,3,16,0,1000,3,1,0.7715337226,5,16,6102.47295,381.404559375,23992.36475495,207,189,0,1,0.0388493,upper_bound_16
2614,4,712615,16,3,16,0,1250,4,0,0.6220889162131,0,16,6628.560632,414.2850395,24482.80316632,275,244,11,1,0.0047163,upper_bound_16
2614,4,712615,16,3,16,0,1250,4,0,0.6220889162131,5,16,6598.521835,412.4076146875,25537.60918925,237,211,5,0,0.0168677,upper_bound_16
2615,4,712616,16,3,16,0,1500,0,1,0.513426154985,0,16,7188.314658,449.269666125,28776.57329484,225,201,9,2,0.0053831,upper_bound_16
2615,4,712616,16,3,16,0,1500,0,1,0.513426154985,5,16,6621.505179,413.8440736875,26007.52591073,222,203,9,2,0.0162579,upper_bound_16
2616,4,712617,16,3,16,0,1000,1,0,0.6825875868119,0,16,6483.993656,405.2496035,23929.96830331,271,257,2,0,0.0034196,upper_bound_16
2616,4,712617,16,3,16,0,1000,1,0,0.6825875868119,5,16,5870.046239,366.8778899375,21530.23119805,248,235,3,0,0.0136734,upper_bound_16
2617,4,712618,16,3,16,0,1250,2,1,0.7539630104213,0,16,7260.091285,453.7557053125,28160.4564261,256,229,13,2,0.003936,upper_bound_16
2617,4,712618,16,3,16,0,1250,2,1,0.7539630104213,5,16,6683.252212,417.70326325,25931.26107287,231,208,18,3,0.0152542,upper_bound_16
2618,4,712619,16,3,16,0,1500,3,0,0.8236919209956,0,16,7590.391423,474.3994639375,30981.95718517,210,186,26,1,0.005431,upper_bound_16
2618,4,712619,16,3,16,0,1500,3,0,0.8236919209956,5,16,6457.41071,403.588169375,24782.05359951,227,208,26,1,0.0214713,upper_bound_16
2619,4,712620,16,3,16,0,1000,4,1,0.5148791681515,0,16,7109.105956,444.31912225,27010.52979324,272,252,5,0,0.003909,upper_bound_16
2619,4,712620,16,3,16,0,1000,4,1,0.5148791681515,5,16,5490.273424,343.142089,21461.36713224,187,165,6,0,0.0389878,upper_bound_16
2620,4,712621,16,3,16,0,1250,0,0,0.7690206062466,0,16,5818.865154,363.679072125,22369.32575487,209,193,9,2,0.00499,upper_bound_16
2620,4,712621,16,3,16,0,1250,0,0,0.7690206062466,5,16,4523.392951,282.7120594375,18361.96475867,131,116,0,0,0.0171016,upper_bound_16
2621,4,712622,16,3,16,0,1500,1,1,0.5299155238747,0,16,7263.904406,453.994025375,28899.52206634,226,202,24,3,0.0048693,upper_bound_16
2621,4,712622,16,3,16,0,1500,1,1,0.5299155238747,5,16,6425.064315,401.5665196875,26050.3215962,187,167,11,2,0.0153262,upper_bound_16
2622,4,712623,16,3,16,0,1000,2,0,0.6463732746297,0,16,6997.455052,437.34094075,27702.2752854,225,201,17,1,0.0060383,upper_bound_16
2622,4,712623,16,3,16,0,1000,2,0,0.6463732746297,5,16,6005.387479,375.3367174375,23146.93740346,211,196,15,2,0.0380181,upper_bound_16
2623,4,712624,16,3,16,0,1250,3,1,0.716023617719,0,16,6533.568572,408.34803575,25757.84287438,220,202,0,0,0.003879,upper_bound_16
2623,4,712624,16,3,16,0,1250,3,1,0.716023617719,5,16,5911.67026,369.47939125,22673.35129883,218,207,0,0,0.0234016,upper_bound_16
2624,4,712625,16,3,16,0,1500,4,0,0.9478307544817,0,16,6226.257815,389.1411134375,24606.28909286,205,185,5,0,0.0058257,upper_bound_16
2624,4,712625,16,3,16,0,1500,4,0,0.9478307544817,5,16,5609.961495,350.6225934375,21704.80747545,199,176,6,1,0.0218141,upper_bound_16
2625,4,712626,16,3,16,0,1000,0,1,0.5017067175256,0,16,6699.754393,418.7346495625,25298.77197474,262,244,2,0,0.0046434,upper_bound_16
2625,4,712626,16,3,16,0,1000,0,1,0.5017067175256,5,16,5599.749829,349.9843643125,21243.74914753,213,200,2,0,0.0248548,upper_bound_16
2626,4,712627,16,3,16,0,1250,1,0,0.5391654793367,0,16,6532.823083,408.3014426875,25289.11541695,235,211,3,0,0.005223,upper_bound_16
2626,4,712627,16,3,16,0,1250,1,0,0.5391654793367,5,16,5768.139268,360.50870425,21845.69634669,215,193,17,1,0.0228532,upper_bound_16
2627,4,712628,16,3,16,0,1500,2,1,0.5884039454406,0,16,6886.497733,430.4061083125,28137.48868022,192,165,18,2,0.0067168,upper_bound_16
2627,4,712628,16,3,16,0,1500,2,1,0.5884039454406,5,16,5932.420764,370.77629775,22927.10381735,211,188,8,0,0.0229426,upper_bound_16
2628,4,712629,16,3,16,0,1000,3,0,0.4975249845219,0,16,6393.519474,399.594967125,24537.59738024,228,215,17,1,0.0033655,upper_bound_16
2628,4,712629,16,3,16,0,1000,3,0,0.4975249845219,5,16,5722.999657,357.6874785625,22464.99830413,187,170,15,1,0.0489031,upper_bound_16
2629,4,712630,16,3,16,0,1250,4,1,0.591824967846,0,16,6682.137557,417.6335973125,25320.68779466,250,228,20,2,0.0039717,upper_bound_16
2629,4,712630,16,3,16,0,1250,4,1,0.591824967846,5,16,6892.045755,430.7528596875,25975.22877134,262,238,23,2,0.0150615,upper_bound_16
2630,4,712631,16,3,16,0,1500,0,0,0.6468141691371,0,16,6451.541631,403.2213519375,24712.70819091,231,214,20,2,0.004536,upper_bound_16
2630,4,712631,16,3,16,0,1500,0,0,0.6468141691371,5,16,6133.036222,383.314763875,23960.18113828,200,186,25,2,0.013595,upper_bound_16
2631,4,712632,16,3,16,0,1000,1,1,0.7939418275472,0,16,5853.630954,365.851934625,22623.15479148,208,194,5,2,0.003857,upper_bound_16
2631,4,712632,16,3,16,0,1000,1,1,0.7939418275472,5,16,6745.893169,421.6183230625,25789.46584851,251,229,8,2,0.0154111,upper_bound_16
2632,4,712633,16,3,16,0,1250,2,0,0.7306800437789,0,16,6314.223031,394.6389394375,24186.11519717,224,208,23,2,0.0042134,upper_bound_16
2632,4,712633,16,3,16,0,1250,2,0,0.7306800437789,5,16,4658.674156,291.16713475,18578.3707849,146,133,0,0,0.0515214,upper_bound_16
2633,4,712634,16,3,16,0,1500,3,1,0.8804814172764,0,16,7009.738364,438.10864775,28258.69182614,209,185,16,2,0.0053832,upper_bound_16
2633,4,712634,16,3,16,0,1500,3,1,0.8804814172764,5,16,6873.581033,429.5988145625,27587.90516635,209,189,14,2,0.0159564,upper_bound_16
2634,4,712635,16,3,16,0,1000,4,0,0.6689732781684,0,16,6746.661851,421.6663656875,26088.30928034,225,207,39,1,0.0043101,upper_bound_16
2634,4,712635,16,3,16,0,1000,4,0,0.6689732781684,5,16,6247.640386,390.477524125,23658.20193022,213,197,58,2,0.0180815,upper_bound_16
2635,4,712636,16,3,16,0,1250,0,1,0.6816816550682,0,16,6956.156073,434.7597545625,27880.78038333,216,202,6,1,0.0045458,upper_bound_16
2635,4,712636,16,3,16,0,1250,0,1,0.6816816550682,5,16,6538.816258,408.676016125,25189.08129961,237,218,6,1,0.0179008,upper_bound_16
2636,4,712637,16,3,16,0,1500,1,0,0.6184342502738,0,16,6745.321897,421.5826185625,26486.60953001,208,187,47,2,0.0049923,upper_bound_16
2636,4,712637,16,3,16,0,1500,1,0,0.6184342502738,5,16,6729.405424,420.587839,27422.02713189,193,158,14,1,0.0238635,upper_bound_16
2637,4,712638,16,3,16,0,1000,2,1,0.7958323602872,0,16,7250.903453,453.1814658125,27489.51727031,275,256,14,2,0.0034569,upper_bound_16
2637,4,712638,16,3,16,0,1000,2,1,0.7958323602872,5,16,6518.220607,407.3887879375,25486.10305109,219,201,15,2,0.029662,upper_bound_16
2638,4,712639,16,3,16,0,1250,3,0,0.4123191261706,0,16,5743.700897,358.9813060625,22728.50450284,188,172,2,1,0.0054054,upper_bound_16
2638,4,712639,16,3,16,0,1250,3,0,0.4123191261706,5,16,5812.212738,363.263296125,22641.06371526,198,184,10,1,0.0333134,upper_bound_16
2639,4,712640,16,3,16,0,1500,4,1,0.5601613765895,0,16,6928.059744,433.003734,26080.29873079,269,245,14,1,0.004564,upper_bound_16
2639,4,712640,16,3,16,0,1500,4,1,0.5601613765895,5,16,7346.107379,459.1317111875,27845.53690536,280,246,17,1,0.0148782,upper_bound_16
2640,4,712641,16,3,16,1,1000,0,0,7.924126395486e-05,0,16,6687.115596,417.94472475,26480.57800213,195,180,52,1,0.008038,upper_bound_16
2640,4,712641,16,3,16,1,1000,0,0,7.924126395486e-05,5,16,5887.471566,367.966972875,21672.35782014,248,233,0,0,0.0168048,upper_bound_16
2641,4,712642,16,3,16,1,1250,1,1,5.311935120831e-05,0,16,7003.032243,437.6895151875,28915.16121048,185,167,16,3,0.0091497,upper_bound_16
2641,4,712642,16,3,16,1,1250,1,1,5.311935120831e-05,5,16,6951.822991,434.4889369375,28644.11495458,185,170,16,3,0.0296834,upper_bound_16
2642,4,712643,16,3,16,1,1500,2,0,8.277282105576e-05,0,16,6565.587116,410.34919475,26397.93564428,180,165,47,1,0.0063175,upper_bound_16
2642,4,712643,16,3,16,1,1500,2,0,8.277282105576e-05,5,16,3910.223478,244.388967375,15646.1173936,118,111,0,0,0.0185049,upper_bound_16
2643,4,712644,16,3,16,1,1000,3,1,7.040890018808e-05,0,16,6219.63792,388.72737,25083.18960208,190,173,0,0,0.0052125,upper_bound_16
2643,4,712644,16,3,16,1,1000,3,1,7.040890018808e-05,5,16,5912.5164,369.532275,23702.58201808,185,167,0,0,0.0227689,upper_bound_16
2644,4,712645,16,3,16,1,1250,4,0,6.162784301468e-05,0,16,7319.963997,457.4977498125,29024.81999652,241,215,5,2,0.0064974,upper_bound_16
2644,4,712645,16,3,16,1,1250,4,0,6.162784301468e-05,5,16,7000.109977,437.5068735625,27415.54990171,240,216,7,1,0.0316875,upper_bound_16
2645,4,712646,16,3,16,1,1500,0,1,7.953299428699e-05,0,16,7032.066817,439.5041760625,27410.33410069,241,223,14,3,0.004658,upper_bound_16
2645,4,712646,16,3,16,1,1500,0,1,7.953299428699e-05,5,16,7216.779185,451.0486990625,27738.89593354,261,242,14,3,0.0145694,upper_bound_16
2646,4,712647,16,3,16,1,1000,1,0,4.207837264327e-05,0,16,6485.656413,405.3535258125,26178.28207661,183,165,30,1,0.009399,upper_bound_16
2646,4,712647,16,3,16,1,1000,1,0,4.207837264327e-05,5,16,6346.531549,396.6582218125,24392.657759,220,204,28,1,0.0225299,upper_bound_16
2647,4,712648,16,3,16,1,1250,2,1,6.002785984346e-05,0,16,6615.149109,413.4468193125,26385.74554411,211,188,5,0,0.0063779,upper_bound_16
2647,4,712648,16,3,16,1,1250,2,1,6.002785984346e-05,5,16,6629.519722,414.344982625,26072.59860037,224,203,4,0,0.031677,upper_bound_16
2648,4,712649,16,3,16,1,1500,3,0,0.0001011252223007,0,16,7378.414025,461.1508765625,30047.0701383,194,169,50,1,0.0083104,upper_bound_16
2648,4,712649,16,3,16,1,1500,3,0,0.0001011252223007,5,16,6235.924391,389.7452744375,25579.62196568,176,157,1,0,0.0416838,upper_bound_16
2649,4,712650,16,3,16,1,1000,4,1,0.0001158716893242,0,16,6514.746434,407.171652125,26688.73218814,179,160,14,1,0.0061715,upper_bound_16
2649,4,712650,16,3,16,1,1000,4,1,0.0001158716893242,5,16,6484.136222,405.258513875,25600.68110977,215,191,6,0,0.0421072,upper_bound_16
2650,4,712651,16,3,16,1,1250,0,0,8.782038212464e-05,0,16,7017.86287,438.616429375,28109.31446146,181,165,82,2,0.0090775,upper_bound_16
2650,4,712651,16,3,16,1,1250,0,0,8.782038212464e-05,5,16,4457.283015,278.5801884375,18461.4150843,116,105,0,0,0.0153423,upper_bound_16
2651,4,712652,16,3,16,1,1500,1,1,5.467267707291e-05,0,16,7018.210011,438.6381256875,29591.05007012,174,150,0,0,0.0096841,upper_bound_16
2651,4,712652,16,3,16,1,1500,1,1,5.467267707291e-05,5,16,5789.1635,361.82271875,23735.81751066,161,139,6,0,0.0523843,upper_bound_16
2652,4,712653,16,3,16,1,1000,2,0,7.217110264394e-05,0,16,6997.490135,437.3431334375,27452.45070331,212,190,59,1,0.007488,upper_bound_16
2652,4,712653,16,3,16,1,1000,2,0,7.217110264394e-05,5,16,6453.402967,403.3376854375,23277.01485158,260,241,59,1,0.0155508,upper_bound_16
2653,4,712654,16,3,16,1,1250,3,1,7.701265692422e-05,0,16,6899.650224,431.228139,28973.25112328,163,144,22,3,0.0067901,upper_bound_16
2653,4,712654,16,3,16,1,1250,3,1,7.701265692422e-05,5,16,6388.838131,399.3023831875,26259.19064504,168,151,22,3,0.0585619,upper_bound_16
2654,4,712655,16,3,16,1,1500,4,0,9.131011889663e-05,0,16,6960.99511,435.062194375,28554.97554558,198,177,1,0,0.0088929,upper_bound_16
2654,4,712655,16,3,16,1,1500,4,0,9.131011889663e-05,5,16,6062.089988,378.88062425,23860.4499444,204,181,3,0,0.0430308,upper_bound_16
2655,4,712656,16,3,16,1,1000,0,1,0.0001149812569812,0,16,6463.188716,403.94929475,26665.94358467,178,160,0,0,0.0110316,upper_bound_16
2655,4,712656,16,3,16,1,1000,0,1,0.0001149812569812,5,16,6508.841371,406.8025856875,23799.20686437,281,264,0,0,0.014463,upper_bound_16
2656,4,712657,16,3,16,1,1250,1,0,0.0001170220273303,0,16,7258.802935,453.6751834375,29029.01467775,231,200,6,0,0.0074408,upper_bound_16
2656,4,712657,16,3,16,1,1250,1,0,0.0001170220273303,5,16,6495.776811,405.9860506875,25538.88404053,221,191,4,0,0.0343429,upper_bound_16
2657,4,712658,16,3,16,1,1500,2,1,5.202530153637e-05,0,16,7320.101402,457.506337625,30470.50697384,186,162,18,3,0.0061346,upper_bound_16
2657,4,712658,16,3,16,1,1500,2,1,5.202530153637e-05,5,16,5940.004127,371.2502579375,24375.02060556,157,137,21,3,0.0360835,upper_bound_16
2658,4,712659,16,3,16,1,1000,3,0,4.873107893063e-05,0,16,6170.05741,385.628588125,25190.28705169,178,162,0,0,0.0066848,upper_bound_16
2658,4,712659,16,3,16,1,1000,3,0,4.873107893063e-05,5,16,4740.721843,296.2951151875,19523.6092102,128,116,0,0,0.0351088,upper_bound_16
2659,4,712660,16,3,16,1,1250,4,1,5.45984979954e-05,0,16,6537.261831,408.5788644375,24971.30917293,245,220,6,0,0.006565,upper_bound_16
2659,4,712660,16,3,16,1,1250,4,1,5.45984979954e-05,5,16,6541.051597,408.8157248125,24980.25800522,246,220,5,0,0.0202284,upper_bound_16
2660,4,712661,16,3,16,1,1500,0,0,4.60020939136e-05,0,16,6333.760801,395.8600500625,25713.80398873,182,165,12,1,0.0064634,upper_bound_16
2660,4,712661,16,3,16,1,1500,0,0,4.60020939136e-05,5,16,4514.56786,282.16049125,17137.83930251,170,154,1,0,0.0398318,upper_bound_16
2661,4,712662,16,3,16,1,1000,1,1,5.220108080001e-05,0,16,6177.90827,386.119266875,25379.54134022,171,149,6,0,0.0066605,upper_bound_16
2661,4,712662,16,3,16,1,1000,1,1,5.220108080001e-05,5,16,5711.776107,356.9860066875,22583.88052987,186,164,7,0,0.0299287,upper_bound_16
2662,4,712663,16,3,16,1,1250,2,0,0.0001279299395855,0,16,6315.081178,394.692573625,26305.40592569,161,139,10,1,0.0106937,upper_bound_16
2662,4,712663,16,3,16,1,1250,2,0,0.0001279299395855,5,16,6223.750996,388.98443725,25148.75501529,184,164,10,1,0.0471398,upper_bound_16
2663,4,712664,16,3,16,1,1500,3,1,7.599259817467e-05,0,16,7589.764228,474.36026425,31263.82115684,209,182,10,1,0.0078112,upper_bound_16
2663,4,712664,16,3,16,1,1500,3,1,7.599259817467e-05,5,16,8227.712656,514.232041,34608.56329441,204,176,10,1,0.0416833,upper_bound_16
2664,4,712665,16,3,16,1,1000,4,0,7.01066254118e-05,0,16,5623.089117,351.4430698125,21925.44562499,189,174,13,1,0.0050187,upper_bound_16
2664,4,712665,16,3,16,1,1000,4,0,7.01066254118e-05,5,16,5463.213203,341.4508251875,20501.06604065,210,194,13,1,0.0116361,upper_bound_16
2665,4,712666,16,3,16,1,1250,0,1,0.0001115955507007,0,16,6087.040079,380.4400049375,24125.20039155,200,182,0,0,0.0086378,upper_bound_16
2665,4,712666,16,3,16,1,1250,0,1,0.0001115955507007,5,16,6763.81186,422.73824125,26224.05930764,244,219,0,0,0.0280088,upper_bound_16
2666,4,712667,16,3,16,1,1500,1,0,0.0001065542462011,0,16,7004.163361,437.7602100625,28950.81679132,185,161,16,1,0.0056563,upper_bound_16
2666,4,712667,16,3,16,1,1500,1,0,0.0001065542462011,5,16,6094.858038,380.928627375,25009.29015741,163,144,18,1,0.0628872,upper_bound_16
2667,4,712668,16,3,16,1,1000,2,1,3.934586794227e-05,0,16,6717.727689,419.8579805625,26908.63844274,209,178,11,0,0.0047398,upper_bound_16
2667,4,712668,16,3,16,1,1000,2,1,3.934586794227e-05,5,16,6202.402941,387.6501838125,24297.01470563,212,191,4,0,0.0282629,upper_bound_16
2668,4,712669,16,3,16,1,1250,3,0,2.733232150235e-05,0,16,5875.420536,367.2137835,24232.10268452,161,144,0,0,0.0094638,upper_bound_16
2668,4,712669,16,3,16,1,1250,3,0,2.733232150235e-05,5,16,6280.226388,392.51414925,26431.13193989,156,134,0,0,0.0524153,upper_bound_16
2669,4,712670,16,3,16,1,1500,4,1,7.037909360574e-05,0,16,7757.33428,484.8333925,33361.67141292,170,137,6,3,0.0094407,upper_bound_16
2669,4,712670,16,3,16,1,1500,4,1,7.037909360574e-05,5,16,8043.533559,502.7208474375,33872.667815,200,165,8,3,0.0487695,upper_bound_16
2670,4,712671,16,3,16,2,1000,0,0,0.05025651205125,0,16,3791.447673,236.9654795625,14997.23837151,114,106,12,2,0.0091972,upper_bound_16
2670,4,712671,16,3,16,2,1000,0,0,0.05025651205125,5,16,4629.022731,289.3139206875,17600.11365866,174,159,0,0,0.0475029,upper_bound_16
2671,4,712672,16,3,16,2,1250,1,1,0.1336187255257,0,16,2581.656605,161.3535378125,10218.28303683,76,66,4,0,0.0099621,upper_bound_16
2671,4,712672,16,3,16,2,1250,1,1,0.1336187255257,5,16,2508.899292,156.80620575,9644.496456204,84,77,1,0,0.0590217,upper_bound_16
2672,4,712673,16,3,16,2,1500,2,0,0.1222045679278,0,16,7005.577138,437.848571125,27937.88569455,199,166,59,1,0.0088924,upper_bound_16
2672,4,712673,16,3,16,2,1500,2,0,0.1222045679278,5,16,6305.819042,394.113690125,24159.09521537,203,166,71,2,0.052756,upper_bound_16
2673,4,712674,16,3,16,2,1000,3,1,0.3436608043381,0,16,4166.373348,260.39833425,15501.86674549,166,156,0,0,0.0070148,upper_bound_16
2673,4,712674,16,3,16,2,1000,3,1,0.3436608043381,5,16,4501.259303,281.3287064375,16121.29651512,202,187,0,0,0.031925,upper_bound_16
2674,4,712675,16,3,16,2,1250,4,0,0.04221956600376,0,16,6573.062087,410.8163804375,26255.3104392,209,185,4,0,0.0083502,upper_bound_16
2674,4,712675,16,3,16,2,1250,4,0,0.04221956600376,5,16,4840.322689,302.5201680625,18111.61344853,191,171,4,0,0.0368353,upper_bound_16
2675,4,712676,16,3,16,2,1500,0,1,0.05751806543803,0,16,6937.698308,433.60614425,24448.49154796,331,307,2,0,0.0036767,upper_bound_16
2675,4,712676,16,3,16,2,1500,0,1,0.05751806543803,5,16,7616.901918,476.056369875,27994.50956971,319,295,16,2,0.01142,upper_bound_16
2676,4,712677,16,3,16,2,1000,1,0,0.2084053551118,0,16,2829.366402,176.835400125,11696.83201659,66,62,6,1,0.0105035,upper_bound_16
2676,4,712677,16,3,16,2,1000,1,0,0.2084053551118,5,16,1859.870577,116.2419110625,7039.352887175,60,54,6,1,0.0059655,upper_bound_16
2677,4,712678,16,3,16,2,1250,2,1,0.0627697597104,0,16,6117.565406,382.347837875,24412.82704777,195,171,3,0,0.0079198,upper_bound_16
2677,4,712678,16,3,16,2,1250,2,1,0.0627697597104,5,16,5200.643418,325.040213625,19618.21709219,197,179,11,1,0.0298772,upper_bound_16
2678,4,712679,16,3,16,2,1500,3,0,0.1332013170824,0,16,6444.888285,402.8055178125,27054.44142551,163,139,0,0,0.0099486,upper_bound_16
2678,4,712679,16,3,16,2,1500,3,0,0.1332013170824,5,16,5198.362063,324.8976289375,21076.81031317,154,133,0,0,0.044601,upper_bound_16
2679,4,712680,16,3,16,2,1000,4,1,0.1164440965193,0,16,5757.600929,359.8500580625,23698.00465897,153,134,13,1,0.0120886,upper_bound_16
2679,4,712680,16,3,16,2,1000,4,1,0.1164440965193,5,16,5471.566842,341.972927625,21032.83421101,199,175,5,0,0.0482384,upper_bound_16
2680,4,712681,16,3,16,2,1250,0,0,0.07717416086068,0,16,5971.113854,373.194615875,24050.56923818,145,128,76,2,0.0087827,upper_bound_16
2680,4,712681,16,3,16,2,1250,0,0,0.07717416086068,5,16,5987.416848,374.213553,23847.08428085,179,153,30,2,0.0649615,upper_bound_16
2681,4,712682,16,3,16,2,1500,1,1,0.04794745453517,0,16,2426.564895,151.6603059375,9562.82448452,73,66,1,1,0.0098934,upper_bound_16
2681,4,712682,16,3,16,2,1500,1,1,0.04794745453517,5,16,3133.975586,195.873474125,12664.87792385,87,74,4,1,0.0305125,upper_bound_16
2682,4,712683,16,3,16,2,1000,2,0,0.1228833571826,0,16,3790.322608,236.895163,14206.61303272,145,135,3,0,0.0076335,upper_bound_16
2682,4,712683,16,3,16,2,1000,2,0,0.1228833571826,5,16,4740.23695,296.264809375,17821.18475422,184,164,4,0,0.0464059,upper_bound_16
2683,4,712684,16,3,16,2,1250,3,1,0.07819850528541,0,16,6402.841138,400.177571125,25499.20570523,204,185,6,1,0.0067921,upper_bound_16
2683,4,712684,16,3,16,2,1250,3,1,0.07819850528541,5,16,5672.734168,354.5458855,21823.67085832,205,185,6,1,0.0452825,upper_bound_16
2684,4,712685,16,3,16,2,1500,4,0,0.06409598379699,0,16,8327.563508,520.47271925,31767.81753825,319,290,3,0,0.0039882,upper_bound_16
2684,4,712685,16,3,16,2,1500,4,0,0.06409598379699,5,16,7375.225286,460.951580375,26981.1264357,316,286,11,1,0.0176758,upper_bound_16
2685,4,712686,16,3,16,2,1000,0,1,0.06332688097059,0,16,5702.69208,356.418255,21998.46039,207,185,1,0,0.0075341,upper_bound_16
2685,4,712686,16,3,16,2,1000,0,1,0.06332688097059,5,16,4724.961536,295.310096,17549.80768579,192,175,0,0,0.0339583,upper_bound_16
2686,4,712687,16,3,16,2,1250,1,0,0.1989075155862,0,16,6477.350445,404.8344028125,25486.75226761,192,172,56,2,0.0071087,upper_bound_16
2686,4,712687,16,3,16,2,1250,1,0,0.1989075155862,5,16,6017.370695,376.0856684375,23046.85352272,197,172,57,2,0.0489027,upper_bound_16
2687,4,712688,16,3,16,2,1500,2,1,0.02718286530677,0,16,2739.986233,171.2491395625,11134.93115827,66,61,14,2,0.0101082,upper_bound_16
2687,4,712688,16,3,16,2,1500,2,1,0.02718286530677,5,16,6657.919108,416.11994425,26959.59554405,187,164,29,3,0.0679188,upper_bound_16
2688,4,712689,16,3,16,2,1000,3,0,0.09573828922646,0,16,3115.649329,194.7280830625,12438.24663365,69,65,46,2,0.0109132,upper_bound_16
2688,4,712689,16,3,16,2,1000,3,0,0.09573828922646,5,16,6293.463898,393.341493625,25252.31947328,175,150,46,2,0.0899891,upper_bound_16
2689,4,712690,16,3,16,2,1250,4,1,0.0766210248501,0,16,6618.187587,413.6367241875,28415.93793271,137,113,19,3,0.0139903,upper_bound_16
2689,4,712690,16,3,16,2,1250,4,1,0.0766210248501,5,16,2745.201977,171.5751235625,10801.00989356,82,74,7,2,0.0353509,upper_bound_16
2690,4,712691,16,3,16,2,1500,0,0,0.05147275997012,0,16,6277.762989,392.3601868125,23128.81494818,260,242,10,2,0.0049553,upper_bound_16
2690,4,712691,16,3,16,2,1500,0,0,0.05147275997012,5,16,5749.921926,359.370120375,20614.60965745,255,239,11,2,0.016326,upper_bound_16
2691,4,712692,16,3,16,2,1000,1,1,0.03694677834632,0,16,4273.024231,267.0640144375,14820.12114714,202,189,10,1,0.0057382,upper_bound_16
2691,4,712692,16,3,16,2,1000,1,1,0.03694677834632,5,16,4162.9508,260.184425,14154.75398955,206,189,11,1,0.0142862,upper_bound_16
2692,4,712693,16,3,16,2,1250,2,0,0.1189714012628,0,16,7490.819605,468.1762253125,29579.09806333,237,205,35,1,0.0071843,upper_bound_16
2692,4,712693,16,3,16,2,1250,2,0,0.1189714012628,5,16,6807.074968,425.4421855,25925.37488293,242,206,42,2,0.0350817,upper_bound_16
2693,4,712694,16,3,16,2,1500,3,1,0.1260006000878,0,16,6877.699966,429.856247875,28198.49986352,193,163,10,2,0.0080996,upper_bound_16
2693,4,712694,16,3,16,2,1500,3,1,0.1260006000878,5,16,5115.263294,319.703955875,19731.3164976,180,159,10,2,0.0463137,upper_bound_16
2694,4,712695,16,3,16,2,1000,4,0,0.07763405404426,0,16,6131.196139,383.1997586875,23150.9807105,239,208,6,1,0.0068512,upper_bound_16
2694,4,712695,16,3,16,2,1000,4,0,0.07763405404426,5,16,4354.448648,272.1530405,15377.24323429,201,182,4,0,0.0339173,upper_bound_16
2695,4,712696,16,3,16,2,1250,0,1,0.07109324973826,0,16,7655.796941,478.4873088125,27768.98469205,338,305,9,2,0.0033376,upper_bound_16
2695,4,712696,16,3,16,2,1250,0,1,0.07109324973826,5,16,6383.492788,398.96829925,21447.46392301,336,310,8,1,0.0138902,upper_bound_16
2696,4,712697,16,3,16,2,1500,1,0,0.0622925756567,0,16,2945.822267,184.1138916875,12019.11135559,69,63,18,1,0.0105852,upper_bound_16
2696,4,712697,16,3,16,2,1500,1,0,0.0622925756567,5,16,5285.424852,330.33905325,21497.12427224,154,127,3,1,0.0721461,upper_bound_16
2697,4,712698,16,3,16,2,1000,2,1,0.0789097379015,0,16,5746.836956,359.17730975,22199.18478642,207,183,3,0,0.0071475,upper_bound_16
2697,4,712698,16,3,16,2,1000,2,1,0.0789097379015,5,16,5194.140767,324.6337979375,19710.70383835,197,172,5,0,0.0387053,upper_bound_16
2698,4,712699,16,3,16,2,1250,3,0,0.09284599100988,0,16,8069.332045,504.3332528125,29016.66023889,367,339,4,1,0.0029045,upper_bound_16
2698,4,712699,16,3,16,2,1250,3,0,0.09284599100988,5,16,6667.750344,416.7343965,22243.75171598,361,334,0,0,0.0112223,upper_bound_16
2699,4,712700,16,3,16,2,1500,4,1,0.09539490500414,0,16,5688.01345,355.500840625,22645.06723959,182,160,3,0,0.0079699,upper_bound_16
2699,4,712700,16,3,16,2,1500,4,1,0.09539490500414,5,16,4889.343452,305.58396575,18636.7172715,182,160,4,0,0.0436557,upper_bound_16
2700,4,712701,16,8,0,0,1000,0,0,0.5658530802606,0,16,7349.556785,459.3472990625,29677.78393039,203,181,46,2,0.0079013,upper_bound_16
2700,4,712701,16,8,0,0,1000,0,0,0.5658530802606,5,16,6075.731613,379.7332258125,24998.65801017,130,112,78,2,0.0277855,upper_bound_16
2701,4,712702,16,8,0,0,1250,1,1,0.9126407348223,0,16,7185.496448,449.093528,28797.48224603,218,190,22,2,0.0061096,upper_bound_16
2701,4,712702,16,8,0,0,1250,1,1,0.9126407348223,5,16,7003.822896,437.738931,27949.11448994,216,185,23,3,0.0157313,upper_bound_16
2702,4,712703,16,8,0,0,1500,2,0,0.5843986610754,0,16,5031.499125,314.4686953125,20697.4956341,134,97,15,3,0.0131777,upper_bound_16
2702,4,712703,16,8,0,0,1500,2,0,0.5843986610754,5,16,4940.093265,308.7558290625,20615.46633337,123,95,9,1,0.0571102,upper_bound_16
2703,4,712704,16,8,0,0,1000,3,1,0.5370559819035,0,16,7032.67247,439.542029375,28018.3623975,209,187,39,3,0.0055766,upper_bound_16
2703,4,712704,16,8,0,0,1000,3,1,0.5370559819035,5,16,6813.816994,425.863562125,27264.08496723,217,196,0,0,0.0170128,upper_bound_16
2704,4,712705,16,8,0,0,1250,4,0,0.5147451237791,0,16,5826.030921,364.1269325625,23820.15461105,152,123,33,2,0.0104414,upper_bound_16
2704,4,712705,16,8,0,0,1250,4,0,0.5147451237791,5,16,7125.843643,445.3652276875,28459.21805966,174,139,115,3,0.024036,upper_bound_16
2705,4,712706,16,8,0,0,1500,0,1,0.827300016772,0,16,7284.842324,455.30264525,29304.21165873,216,192,24,1,0.0054451,upper_bound_16
2705,4,712706,16,8,0,0,1500,0,1,0.827300016772,5,16,6619.406073,413.7128795625,26962.03036112,186,163,18,1,0.0286928,upper_bound_16
2706,4,712707,16,8,0,0,1000,1,0,0.4953518531439,0,16,6968.856722,435.553545125,28884.28358969,169,144,41,5,0.008599,upper_bound_16
2706,4,712707,16,8,0,0,1000,1,0,0.4953518531439,5,16,5151.76704,321.98544,21373.83520286,127,108,18,3,0.0295625,upper_bound_16
2707,4,712708,16,8,0,0,1250,2,1,0.6851635789986,0,16,7256.454298,453.528393625,28542.27140213,194,171,109,3,0.0065912,upper_bound_16
2707,4,712708,16,8,0,0,1250,2,1,0.6851635789986,5,16,5989.945805,374.3716128125,23489.72905104,195,162,25,2,0.0247156,upper_bound_16
2708,4,712709,16,8,0,0,1500,3,0,0.5410878510873,0,16,6214.041903,388.3776189375,25355.20951334,168,139,28,3,0.0086251,upper_bound_16
2708,4,712709,16,8,0,0,1500,3,0,0.5410878510873,5,16,5931.385223,370.7115764375,24696.92612314,142,109,31,2,0.042732,upper_bound_16
2709,4,712710,16,8,0,0,1000,4,1,0.6017186355358,0,16,8101.973155,506.3733221875,32454.86589198,217,197,83,3,0.004684,upper_bound_16
2709,4,712710,16,8,0,0,1000,4,1,0.6017186355358,5,16,7371.811045,460.7381903125,29054.05533369,208,189,84,3,0.0199287,upper_bound_16
2710,4,712711,16,8,0,0,1250,0,0,0.7876375227286,0,16,7061.784247,441.3615154375,28718.92123583,197,169,28,2,0.0067211,upper_bound_16
2710,4,712711,16,8,0,0,1250,0,0,0.7876375227286,5,16,4405.246482,275.327905125,18336.23240232,110,96,4,1,0.0316771,upper_bound_16
2711,4,712712,16,8,0,0,1500,1,1,0.4647199380526,0,16,7098.615681,443.6634800625,28528.07841093,213,176,24,4,0.0070614,upper_bound_16
2711,4,712712,16,8,0,0,1500,1,1,0.4647199380526,5,16,6726.259762,420.391235125,27076.29882262,206,174,9,2,0.0215583,upper_bound_16
2712,4,712713,16,8,0,0,1000,2,0,0.4810443693742,0,16,6738.325517,421.1453448125,27116.62762302,198,176,23,1,0.0064704,upper_bound_16
2712,4,712713,16,8,0,0,1000,2,0,0.4810443693742,5,16,6466.085216,404.130326,26450.42611104,148,119,79,3,0.0318309,upper_bound_16
2713,4,712714,16,8,0,0,1250,3,1,0.3340720737088,0,16,5524.763861,345.2977413125,22083.8193064,174,158,0,0,0.0071786,upper_bound_16
2713,4,712714,16,8,0,0,1250,3,1,0.3340720737088,5,16,5741.453353,358.8408345625,22957.26677263,181,159,2,1,0.0189575,upper_bound_16
2714,4,712715,16,8,0,0,1500,4,0,0.5807525340991,0,16,7165.938021,447.8711263125,28984.69009017,174,134,95,2,0.0090596,upper_bound_16
2714,4,712715,16,8,0,0,1500,4,0,0.5807525340991,5,16,5632.426369,352.0266480625,21722.13182571,157,126,99,4,0.018392,upper_bound_16
2715,4,712716,16,8,0,0,1000,0,1,0.5095758559617,0,16,7586.188145,474.1367590625,31160.94064387,172,153,87,3,0.0091625,upper_bound_16
2715,4,712716,16,8,0,0,1000,0,1,0.5095758559617,5,16,6671.510885,416.9694303125,26672.55444938,196,181,32,1,0.017214,upper_bound_16
2716,4,712717,16,8,0,0,1250,1,0,0.7497007697957,0,16,6819.175279,426.1984549375,27480.87635598,185,159,53,3,0.009436,upper_bound_16
2716,4,712717,16,8,0,0,1250,1,0,0.7497007697957,5,16,4426.388632,276.6492895,18346.9430955,90,71,52,3,0.0331763,upper_bound_16
2717,4,712718,16,8,0,0,1500,2,1,0.3667862009226,0,16,7223.967115,451.4979446875,30159.83555723,178,141,27,3,0.0129882,upper_bound_16
2717,4,712718,16,8,0,0,1500,2,1,0.3667862009226,5,16,7514.730781,469.6706738125,30163.65387824,180,148,118,3,0.03183,upper_bound_16
2718,4,712719,16,8,0,0,1000,3,0,0.406715798699,0,16,7443.858031,465.2411269375,30619.29020791,163,146,93,2,0.0096737,upper_bound_16
2718,4,712719,16,8,0,0,1000,3,0,0.406715798699,5,16,6247.19702,390.44981375,25185.98507013,161,139,62,2,0.0309894,upper_bound_16
2719,4,712720,16,8,0,0,1250,4,1,0.2901625448637,0,16,7039.534096,439.970881,28277.67050266,220,195,3,1,0.005975,upper_bound_16
2719,4,712720,16,8,0,0,1250,4,1,0.2901625448637,5,16,5422.966778,338.935423625,20959.83391635,181,162,28,2,0.0165895,upper_bound_16
2720,4,712721,16,8,0,0,1500,0,0,0.2994238535909,0,16,6374.047867,398.3779916875,26900.23932882,154,120,8,1,0.0162013,upper_bound_16
2720,4,712721,16,8,0,0,1500,0,0,0.2994238535909,5,16,5164.220041,322.7637525625,21676.10019966,129,104,0,0,0.0497775,upper_bound_16
2721,4,712722,16,8,0,0,1000,1,1,0.4130009190774,0,16,8527.229598,532.951849875,34791.14805081,211,188,82,4,0.0083118,upper_bound_16
2721,4,712722,16,8,0,0,1000,1,1,0.4130009190774,5,16,6231.798656,389.487416,25618.99327346,162,146,24,2,0.0242411,upper_bound_16
2722,4,712723,16,8,0,0,1250,2,0,0.4684129066445,0,16,5205.709996,325.35687475,21058.54996314,144,116,26,2,0.0133773,upper_bound_16
2722,4,712723,16,8,0,0,1250,2,0,0.4684129066445,5,16,6142.696533,383.9185333125,24613.48259445,137,110,115,2,0.0439229,upper_bound_16
2723,4,712724,16,8,0,0,1500,3,1,0.5560762414062,0,16,6438.795316,402.42470725,26173.97658627,189,161,6,2,0.0089898,upper_bound_16
2723,4,712724,16,8,0,0,1500,3,1,0.5560762414062,5,16,7036.957859,439.8098661875,29259.78929979,186,157,6,1,0.0238505,upper_bound_16
2724,4,712725,16,8,0,0,1000,4,0,0.5296733560171,0,16,10427.537422,651.721088875,40957.68682737,209,187,308,5,0.0066422,upper_bound_16
2724,4,712725,16,8,0,0,1000,4,0,0.5296733560171,5,16,8677.627167,542.3516979375,34123.13561088,199,181,199,3,0.0320427,upper_bound_16
2725,4,712726,16,8,0,0,1250,0,1,0.8323443171522,0,16,6962.700016,435.168751,27673.50009526,229,203,0,1,0.0061815,upper_bound_16
2725,4,712726,16,8,0,0,1250,0,1,0.8323443171522,5,16,6290.450271,393.1531419375,24947.25136418,202,184,9,1,0.0215366,upper_bound_16
2726,4,712727,16,8,0,0,1500,1,0,0.7456122884457,0,16,8267.297042,516.706065125,34351.4851213,181,130,94,5,0.0120486,upper_bound_16
2726,4,712727,16,8,0,0,1500,1,0,0.7456122884457,5,16,5901.195793,368.8247370625,25335.97895315,124,77,19,5,0.0409744,upper_bound_16
2727,4,712728,16,8,0,0,1000,2,1,0.619034544567,0,16,6496.49562,406.03097625,26382.47808489,174,150,40,1,0.0087357,upper_bound_16
2727,4,712728,16,8,0,0,1000,2,1,0.619034544567,5,16,7269.929088,454.370568,29464.6454331,208,179,26,1,0.0192498,upper_bound_16
2728,4,712729,16,8,0,0,1250,3,0,0.7037319905355,0,16,7232.437455,452.0273409375,29017.18728774,214,180,33,3,0.0090514,upper_bound_16
2728,4,712729,16,8,0,0,1250,3,0,0.7037319905355,5,16,5663.628717,353.9767948125,22998.14359203,167,146,1,1,0.0346155,upper_bound_16
2729,4,712730,16,8,0,0,1500,4,1,0.6879826298665,0,16,6519.586057,407.4741285625,27077.9303051,161,132,29,1,0.0087916,upper_bound_16
2729,4,712730,16,8,0,0,1500,4,1,0.6879826298665,5,16,5383.618248,336.4761405,21403.09124237,172,154,3,1,0.0241716,upper_bound_16
2730,4,712731,16,8,0,1,1000,0,0,8.071399753865e-05,0,16,7509.829643,469.3643526875,30924.14818088,167,149,87,1,0.0068235,upper_bound_16
2730,4,712731,16,8,0,1,1000,0,0,8.071399753865e-05,5,16,7454.195368,465.8872105,30220.97678955,175,155,100,2,0.0350097,upper_bound_16
2731,4,712732,16,8,0,1,1250,1,1,7.03227172837e-05,0,16,6209.74683,388.109176875,24668.73408907,186,155,37,1,0.0095951,upper_bound_16
2731,4,712732,16,8,0,1,1250,1,1,7.03227172837e-05,5,16,5428.271657,339.2669785625,21776.35828322,168,147,2,0,0.0276571,upper_bound_16
2732,4,712733,16,8,0,1,1500,2,0,0.0001246251092905,0,16,5929.610942,370.600683875,25083.05472216,124,102,37,2,0.0093006,upper_bound_16
2732,4,712733,16,8,0,1,1500,2,0,0.0001246251092905,5,16,5288.371618,330.523226125,22301.85810547,108,82,42,2,0.04311,upper_bound_16
2733,4,712734,16,8,0,1,1000,3,1,3.742054140348e-05,0,16,9024.805899,564.0503686875,36814.02940982,152,132,230,4,0.0052123,upper_bound_16
2733,4,712734,16,8,0,1,1000,3,1,3.742054140348e-05,5,16,7908.508083,494.2817551875,31357.54041014,213,186,102,2,0.0183146,upper_bound_16
2734,4,712735,16,8,0,1,1250,4,0,6.564929060658e-05,0,16,7127.12819,445.445511875,29065.64090853,184,149,55,3,0.0081191,upper_bound_16
2734,4,712735,16,8,0,1,1250,4,0,6.564929060658e-05,5,16,7794.803035,487.1751896875,31179.01502305,187,145,133,4,0.0326834,upper_bound_16
2735,4,712736,16,8,0,1,1500,0,1,0.0001136010432395,0,16,7798.765705,487.4228565625,32368.82858104,175,151,73,3,0.0100498,upper_bound_16
2735,4,712736,16,8,0,1,1500,0,1,0.0001136010432395,5,16,6066.436143,379.1522589375,24652.18068155,151,133,56,3,0.0203407,upper_bound_16
2736,4,712737,16,8,0,1,1000,1,0,6.005721356055e-05,0,16,7112.993154,444.562072125,29834.96572239,158,126,50,3,0.0102257,upper_bound_16
2736,4,712737,16,8,0,1,1000,1,0,6.005721356055e-05,5,16,6039.416435,377.4635271875,24982.08198386,102,81,124,3,0.0419977,upper_bound_16
2737,4,712738,16,8,0,1,1250,2,1,8.416648473406e-05,0,16,8301.846849,518.8654280625,33539.23410679,185,151,146,3,0.0087973,upper_bound_16
2737,4,712738,16,8,0,1,1250,2,1,8.416648473406e-05,5,16,7791.934003,486.9958751875,30964.67001041,220,194,75,2,0.0264081,upper_bound_16
2738,4,712739,16,8,0,1,1500,3,0,0.0001146843957601,0,16,8114.670473,507.1669045625,34868.35232582,166,132,33,2,0.0103967,upper_bound_16
2738,4,712739,16,8,0,1,1500,3,0,0.0001146843957601,5,16,6638.823581,414.9264738125,28424.11792587,149,126,1,0,0.0631135,upper_bound_16
2739,4,712740,16,8,0,1,1000,4,1,7.351993928044e-05,0,16,7347.815619,459.2384761875,28539.07802675,179,158,169,2,0.0072789,upper_bound_16
2739,4,712740,16,8,0,1,1000,4,1,7.351993928044e-05,5,16,5807.789903,362.9868689375,22933.94952161,193,170,2,0,0.0197507,upper_bound_16
2740,4,712741,16,8,0,1,1250,0,0,3.845987267282e-05,0,16,6089.90984,380.619365,26019.54919635,138,116,0,0,0.011268,upper_bound_16
2740,4,712741,16,8,0,1,1250,0,0,3.845987267282e-05,5,16,4885.374407,305.3359004375,20296.87203566,127,105,2,0,0.0418906,upper_bound_16
2741,4,712742,16,8,0,1,1500,1,1,6.075394197323e-05,0,16,7889.416381,493.0885238125,32682.08193005,173,141,89,5,0.0082263,upper_bound_16
2741,4,712742,16,8,0,1,1500,1,1,6.075394197323e-05,5,16,6118.104518,382.381532375,25655.52257982,138,112,35,3,0.0274907,upper_bound_16
2742,4,712743,16,8,0,1,1000,2,0,8.497715243744e-05,0,16,7341.720067,458.8575041875,29993.60023121,141,117,147,4,0.0113729,upper_bound_16
2742,4,712743,16,8,0,1,1000,2,0,8.497715243744e-05,5,16,8756.151891,547.2594931875,34775.75925055,177,155,227,5,0.0383843,upper_bound_16
2743,4,712744,16,8,0,1,1250,3,1,3.738348286365e-05,0,16,7808.20228,488.0126425,32041.01147212,150,129,147,3,0.0080728,upper_bound_16
2743,4,712744,16,8,0,1,1250,3,1,3.738348286365e-05,5,16,7271.714563,454.4821601875,30113.57287959,162,140,73,2,0.0348379,upper_bound_16
2744,4,712745,16,8,0,1,1500,4,0,5.32625331773e-05,0,16,7331.380152,458.2112595,31406.90080045,144,106,48,4,0.013926,upper_bound_16
2744,4,712745,16,8,0,1,1500,4,0,5.32625331773e-05,5,16,7682.983933,480.1864958125,33209.91974018,138,91,60,6,0.0535105,upper_bound_16
2745,4,712746,16,8,0,1,1000,0,1,6.934112909573e-05,0,16,6759.842116,422.49013225,26169.2105746,231,213,26,1,0.0058291,upper_bound_16
2745,4,712746,16,8,0,1,1000,0,1,6.934112909573e-05,5,16,6216.772191,388.5482619375,24813.8610293,174,157,49,2,0.0246182,upper_bound_16
2746,4,712747,16,8,0,1,1250,1,0,5.969127036674e-05,0,16,5649.705824,353.106614,23453.52912669,149,128,2,0,0.0108927,upper_bound_16
2746,4,712747,16,8,0,1,1250,1,0,5.969127036674e-05,5,16,4499.946988,281.24668675,17679.73495015,149,133,2,0,0.0385245,upper_bound_16
2747,4,712748,16,8,0,1,1500,2,1,7.275268556158e-05,0,16,6742.069748,421.37935925,28195.34876595,162,132,27,1,0.0083929,upper_bound_16
2747,4,712748,16,8,0,1,1500,2,1,7.275268556158e-05,5,16,6389.23253,399.327033125,26706.16270039,148,117,37,2,0.0340607,upper_bound_16
2748,4,712749,16,8,0,1,1000,3,0,8.776375113267e-05,0,16,7491.708938,468.231808625,30318.5446829,191,171,74,3,0.0074233,upper_bound_16
2748,4,712749,16,8,0,1,1000,3,0,8.776375113267e-05,5,16,6385.9894,399.1243375,24464.94697895,201,186,74,3,0.0146562,upper_bound_16
2749,4,712750,16,8,0,1,1250,4,1,5.135787335177e-05,0,16,7356.875726,459.804732875,30249.37862228,204,174,11,2,0.0085806,upper_bound_16
2749,4,712750,16,8,0,1,1250,4,1,5.135787335177e-05,5,16,5428.703551,339.2939719375,21448.51774092,177,156,6,1,0.0208068,upper_bound_16
2750,4,712751,16,8,0,1,1500,0,0,5.290418308462e-05,0,16,7553.638604,472.10241275,32238.1928758,130,103,91,1,0.0110656,upper_bound_16
2750,4,712751,16,8,0,1,1500,0,0,5.290418308462e-05,5,16,8003.761635,500.2351021875,33743.80803114,154,117,96,1,0.0712323,upper_bound_16
2751,4,712752,16,8,0,1,1000,1,1,7.03874769868e-05,0,16,6830.243142,426.890196375,27391.21578966,168,144,96,3,0.0118049,upper_bound_16
2751,4,712752,16,8,0,1,1000,1,1,7.03874769868e-05,5,16,6534.309211,408.3943256875,25786.54606576,219,193,3,0,0.0216808,upper_bound_16
2752,4,712753,16,8,0,1,1250,2,0,0.0001121659052141,0,16,6735.611611,420.9757256875,28558.0580925,138,110,48,2,0.0118836,upper_bound_16
2752,4,712753,16,8,0,1,1250,2,0,0.0001121659052141,5,16,5651.139911,353.1962444375,23785.69958574,115,95,48,2,0.0583819,upper_bound_16
2753,4,712754,16,8,0,1,1500,3,1,0.0001227838373399,0,16,6866.75439,429.172149375,29028.77194132,166,136,5,1,0.0115643,upper_bound_16
2753,4,712754,16,8,0,1,1500,3,1,0.0001227838373399,5,16,4910.356236,306.89726475,20331.7811933,130,105,3,1,0.0332333,upper_bound_16
2754,4,712755,16,8,0,1,1000,4,0,3.340953149938e-05,0,16,6316.707047,394.7941904375,25878.53516533,158,139,44,2,0.0075657,upper_bound_16
2754,4,712755,16,8,0,1,1000,4,0,3.340953149938e-05,5,16,5037.793651,314.8621031875,20928.96818387,109,98,43,2,0.0332196,upper_bound_16
2755,4,712756,16,8,0,1,1250,0,1,9.328035172514e-05,0,16,9073.580284,567.09876775,36597.90138463,203,164,165,4,0.0080719,upper_bound_16
2755,4,712756,16,8,0,1,1250,0,1,9.328035172514e-05,5,16,6230.081392,389.380087,25300.40696124,185,162,1,0,0.025142,upper_bound_16
2756,4,712757,16,8,0,1,1500,1,0,6.722540242955e-05,0,16,7761.752484,485.10953025,33963.76242472,146,108,17,3,0.0116246,upper_bound_16
2756,4,712757,16,8,0,1,1500,1,0,6.722540242955e-05,5,16,7734.873254,483.429578375,33474.36627173,161,116,13,3,0.0651497,upper_bound_16
2757,4,712758,16,8,0,1,1000,2,1,0.0001128567060382,0,16,7459.689982,466.230623875,30868.44996208,188,158,36,1,0.0080066,upper_bound_16
2757,4,712758,16,8,0,1,1000,2,1,0.0001128567060382,5,16,6676.317628,417.26985175,26856.58818797,173,141,73,3,0.0224031,upper_bound_16
2758,4,712759,16,8,0,1,1250,3,0,0.0001184995000857,0,16,4566.900309,285.4312693125,19739.50154084,91,78,2,1,0.0097503,upper_bound_16
2758,4,712759,16,8,0,1,1250,3,0,0.0001184995000857,5,16,5743.327437,358.9579648125,24331.63718611,135,116,2,1,0.0489126,upper_bound_16
2759,4,712760,16,8,0,1,1500,4,1,4.432222092958e-05,0,16,8361.728865,522.6080540625,33758.64434259,237,186,53,6,0.0061953,upper_bound_16
2759,4,712760,16,8,0,1,1500,4,1,4.432222092958e-05,5,16,6380.48279,398.780174375,26362.41402625,136,105,81,4,0.0293489,upper_bound_16
2760,4,712761,16,8,0,2,1000,0,0,0.177829238278,0,16,5800.862745,362.5539215625,23879.31362535,102,87,116,2,0.0094203,upper_bound_16
2760,4,712761,16,8,0,2,1000,0,0,0.177829238278,5,16,4834.938816,302.183676,19024.69395933,103,87,116,2,0.0347914,upper_bound_16
2761,4,712762,16,8,0,2,1250,1,1,0.4908453175903,0,16,3517.204031,219.8252519375,14641.02014718,86,73,2,0,0.0126842,upper_bound_16
2761,4,712762,16,8,0,2,1250,1,1,0.4908453175903,5,16,2623.013398,163.938337375,10990.06699234,59,47,1,0,0.0149217,upper_bound_16
2762,4,712763,16,8,0,2,1500,2,0,0.2671386258405,0,16,4717.400337,294.8375210625,18867.00139417,60,48,172,3,0.01312,upper_bound_16
2762,4,712763,16,8,0,2,1500,2,0,0.2671386258405,5,16,4710.932368,294.433273,18104.66147469,68,49,207,4,0.0289054,upper_bound_16
2763,4,712764,16,8,0,2,1000,3,1,0.2552379324567,0,16,5305.836735,331.6147959375,20969.18350336,77,59,196,4,0.0139274,upper_bound_16
2763,4,712764,16,8,0,2,1000,3,1,0.2552379324567,5,16,3793.071482,237.066967625,13870.35741764,111,96,96,1,0.0355382,upper_bound_16
2764,4,712765,16,8,0,2,1250,4,0,0.6057141675235,0,16,5271.704706,329.481544125,20733.52345628,91,71,173,4,0.012088,upper_bound_16
2764,4,712765,16,8,0,2,1250,4,0,0.6057141675235,5,16,5770.339154,360.646197125,21596.69558789,63,48,336,6,0.0483763,upper_bound_16
2765,4,712766,16,8,0,2,1500,0,1,0.5546776937041,0,16,5673.735414,354.608463375,22923.67706371,129,112,84,1,0.0084116,upper_bound_16
2765,4,712766,16,8,0,2,1500,0,1,0.5546776937041,5,16,3001.528966,187.595560375,12947.64482655,57,47,0,0,0.0162595,upper_bound_16
2766,4,712767,16,8,0,2,1000,1,0,0.2402627440362,0,16,5198.044048,324.877753,21045.2201305,56,47,194,3,0.0085084,upper_bound_16
2766,4,712767,16,8,0,2,1000,1,0,0.2402627440362,5,16,3693.632519,230.8520324375,14378.16249398,102,84,48,1,0.0557881,upper_bound_16
2767,4,712768,16,8,0,2,1250,2,1,0.2919730660728,0,16,7521.43973,470.089983125,30052.19844746,60,51,360,7,0.0068944,upper_bound_16
2767,4,712768,16,8,0,2,1250,2,1,0.2919730660728,5,16,3593.105149,224.5690718125,14120.52574655,117,101,1,0,0.0237681,upper_bound_16
2768,4,712769,16,8,0,2,1500,3,0,0.3318375016044,0,16,3630.131627,226.8832266875,15755.658131,56,47,24,1,0.0121498,upper_bound_16
2768,4,712769,16,8,0,2,1500,3,0,0.3318375016044,5,16,4463.482737,278.9676710625,17862.41352506,84,67,108,2,0.0455273,upper_bound_16
2769,4,712770,16,8,0,2,1000,4,1,0.2253630302289,0,16,7336.218655,458.5136659375,28576.09289569,64,51,390,6,0.0129548,upper_bound_16
2769,4,712770,16,8,0,2,1000,4,1,0.2253630302289,5,16,4053.767113,253.3604445625,15558.83556534,101,84,91,2,0.0336577,upper_bound_16
2770,4,712771,16,8,0,2,1250,0,0,0.1949087773748,0,16,3348.460045,209.2787528125,13827.30017155,68,55,36,1,0.0131621,upper_bound_16
2770,4,712771,16,8,0,2,1250,0,0,0.1949087773748,5,16,2025.933225,126.6208265625,7804.666134204,66,55,0,0,0.0465192,upper_bound_16
2771,4,712772,16,8,0,2,1500,1,1,0.364897802929,0,16,8434.890977,527.1806860625,33094.45438961,60,50,462,7,0.0065204,upper_bound_16
2771,4,712772,16,8,0,2,1500,1,1,0.364897802929,5,16,2310.026512,144.376657,9060.132547733,64,53,15,1,0.019905,upper_bound_16
2772,4,712773,16,8,0,2,1000,2,0,0.2451274710249,0,16,3108.415123,194.2759451875,13567.07562638,53,44,2,0,0.0136983,upper_bound_16
2772,4,712773,16,8,0,2,1000,2,0,0.2451274710249,5,16,3047.69548,190.4809675,12693.47739008,73,52,4,0,0.0562321,upper_bound_16
2773,4,712774,16,8,0,2,1250,3,1,0.1951015684174,0,16,3396.511142,212.281946375,14832.55571557,60,50,0,0,0.0141803,upper_bound_16
2773,4,712774,16,8,0,2,1250,3,1,0.1951015684174,5,16,2710.01619,169.376011875,11440.08093494,59,47,0,0,0.0162245,upper_bound_16
2774,4,712775,16,8,0,2,1500,4,0,0.6312766178642,0,16,3753.813052,234.61331575,15269.06524509,85,69,42,2,0.0123747,upper_bound_16
2774,4,712775,16,8,0,2,1500,4,0,0.6312766178642,5,16,3241.453539,202.5908461875,12947.26766959,85,69,26,1,0.0647018,upper_bound_16
2775,4,712776,16,8,0,2,1000,0,1,0.7274776584366,0,16,6414.394511,400.8996569375,26061.97234419,63,51,252,6,0.010692,upper_bound_16
2775,4,712776,16,8,0,2,1000,0,1,0.7274776584366,5,16,2590.401995,161.9001246875,10132.00997262,73,62,19,1,0.0330169,upper_bound_16
2776,4,712777,16,8,0,2,1250,1,0,0.3434035633305,0,16,4292.58563,268.286601875,18092.92811094,57,48,87,3,0.0112319,upper_bound_16
2776,4,712777,16,8,0,2,1250,1,0,0.3434035633305,5,16,4240.499002,265.031187625,16777.49496426,93,76,88,3,0.0476913,upper_bound_16
2777,4,712778,16,8,0,2,1500,2,1,0.3607938993757,0,16,5367.390169,335.4618855625,22426.9507142,61,47,150,6,0.0110804,upper_bound_16
2777,4,712778,16,8,0,2,1500,2,1,0.3607938993757,5,16,3331.093109,208.1933193125,12760.46554794,119,101,1,0,0.0245834,upper_bound_16
2778,4,712779,16,8,0,2,1000,3,0,0.320738139511,0,16,6261.978923,391.3736826875,25334.89440628,58,48,259,5,0.0118841,upper_bound_16
2778,4,712779,16,8,0,2,1000,3,0,0.320738139511,5,16,4669.138248,291.8211405,17915.69113668,98,84,144,3,0.0519649,upper_bound_16
2779,4,712780,16,8,0,2,1250,4,1,0.1487931769383,0,16,8650.975396,540.68596225,33839.87668369,59,47,487,8,0.0073504,upper_bound_16
2779,4,712780,16,8,0,2,1250,4,1,0.1487931769383,5,16,4164.461388,260.27883675,15392.30688717,124,107,93,1,0.0313609,upper_bound_16
2780,4,712781,16,8,0,2,1500,0,0,0.4548826771233,0,16,4225.956783,264.1222989375,17704.78392665,60,53,84,1,0.0123163,upper_bound_16
2780,4,712781,16,8,0,2,1500,0,0,0.4548826771233,5,16,4093.131016,255.8206885,16575.65508005,77,61,84,1,0.0676774,upper_bound_16
2781,4,712782,16,8,0,2,1000,1,1,0.2151416571661,0,16,6205.935502,387.870968875,24744.67742661,133,113,133,3,0.0083152,upper_bound_16
2781,4,712782,16,8,0,2,1000,1,1,0.2151416571661,5,16,3091.502861,193.2189288125,12812.51424157,63,47,29,1,0.0145925,upper_bound_16
2782,4,712783,16,8,0,2,1250,2,0,0.250850434077,0,16,5101.637422,318.852338875,20168.18688472,50,42,232,3,0.008384,upper_bound_16
2782,4,712783,16,8,0,2,1250,2,0,0.250850434077,5,16,4081.305902,255.081618875,16286.52944348,91,70,73,1,0.049944,upper_bound_16
2783,4,712784,16,8,0,2,1500,3,1,0.3458189452212,0,16,4384.959101,274.0599438125,16994.79542668,108,96,90,1,0.0106792,upper_bound_16
2783,4,712784,16,8,0,2,1500,3,1,0.3458189452212,5,16,4392.419762,274.526235125,16767.09872382,109,96,106,2,0.0329427,upper_bound_16
2784,4,712785,16,8,0,2,1000,4,0,0.1775952009141,0,16,4159.375688,259.9609805,17776.87842901,50,40,78,2,0.0129283,upper_bound_16
2784,4,712785,16,8,0,2,1000,4,0,0.1775952009141,5,16,3927.247217,245.4529510625,15821.23608598,62,40,111,3,0.0187063,upper_bound_16
2785,4,712786,16,8,0,2,1250,0,1,0.3488936173971,0,16,6569.421742,410.588858875,25862.1082411,60,51,322,6,0.0112475,upper_bound_16
2785,4,712786,16,8,0,2,1250,0,1,0.3488936173971,5,16,5584.155045,349.0096903125,20945.77510339,125,108,194,3,0.0244871,upper_bound_16
2786,4,712787,16,8,0,2,1500,1,0,0.7724375392567,0,16,5438.441721,339.9026075625,22462.20844605,98,76,100,4,0.0117868,upper_bound_16
2786,4,712787,16,8,0,2,1500,1,0,0.7724375392567,5,16,5704.772183,356.5482614375,22593.86061382,86,67,203,4,0.0679657,upper_bound_16
2787,4,712788,16,8,0,2,1000,2,1,0.5095922642424,0,16,4109.134261,256.8208913125,16755.67117893,62,50,106,2,0.0142214,upper_bound_16
2787,4,712788,16,8,0,2,1000,2,1,0.5095922642424,5,16,3342.845097,208.9278185625,13274.22533618,63,47,82,1,0.0120213,upper_bound_16
2788,4,712789,16,8,0,2,1250,3,0,0.4601192837706,0,16,5094.993576,318.4370985,19824.96776293,59,50,235,3,0.0112911,upper_bound_16
2788,4,712789,16,8,0,2,1250,3,0,0.4601192837706,5,16,4251.069905,265.6918690625,16170.3494071,75,58,168,3,0.0495456,upper_bound_16
2789,4,712790,16,8,0,2,1500,4,1,0.3417026518426,0,16,3884.724747,242.7952966875,15823.62366616,61,53,94,1,0.0127251,upper_bound_16
2789,4,712790,16,8,0,2,1500,4,1,0.3417026518426,5,16,3372.643656,210.7902285,13038.21822549,61,53,109,2,0.0387086,upper_bound_16
2790,4,712791,16,8,8,0,1000,0,0,0.6415584592899,0,16,7170.506871,448.1566794375,28607.5342912,207,187,49,3,0.0064061,upper_bound_16
2790,4,712791,16,8,8,0,1000,0,0,0.6415584592899,5,16,7491.206648,468.2004155,30446.03310529,191,172,65,1,0.0348347,upper_bound_16
2791,4,712792,16,8,8,0,1250,1,1,0.438371522148,0,16,7464.12828,466.5080175,30710.64141728,203,179,16,2,0.0068779,upper_bound_16
2791,4,712792,16,8,8,0,1250,1,1,0.438371522148,5,16,6737.643488,421.102718,25898.21745793,243,212,17,3,0.0180277,upper_bound_16
2792,4,712793,16,8,8,0,1500,2,0,0.5388911930746,0,16,6800.253606,425.015850375,27736.26804512,194,155,16,1,0.0070068,upper_bound_16
2792,4,712793,16,8,8,0,1500,2,0,0.5388911930746,5,16,6567.078526,410.442407875,26580.39263873,196,164,9,1,0.0289876,upper_bound_16
2793,4,712794,16,8,8,0,1000,3,1,0.3509155847626,0,16,7639.175357,477.4484598125,30540.87679519,235,216,20,2,0.0041268,upper_bound_16
2793,4,712794,16,8,8,0,1000,3,1,0.3509155847626,5,16,7176.714992,448.544687,28003.5749782,250,228,6,1,0.0151506,upper_bound_16
2794,4,712795,16,8,8,0,1250,4,0,0.7605182833204,0,16,7373.890732,460.86817075,29804.45366101,224,204,3,0,0.006028,upper_bound_16
2794,4,712795,16,8,8,0,1250,4,0,0.7605182833204,5,16,7071.584689,441.9740430625,28252.92345419,209,179,39,2,0.027646,upper_bound_16
2795,4,712796,16,8,8,0,1500,0,1,0.843475343166,0,16,7098.435493,443.6522183125,28082.17746699,235,215,4,1,0.0041989,upper_bound_16
2795,4,712796,16,8,8,0,1500,0,1,0.843475343166,5,16,7780.960199,486.3100124375,31364.80099119,234,216,14,2,0.0148867,upper_bound_16
2796,4,712797,16,8,8,0,1000,1,0,0.7745882467949,0,16,8360.943902,522.558993875,32669.7194539,223,197,145,5,0.005964,upper_bound_16
2796,4,712797,16,8,8,0,1000,1,0,0.7745882467949,5,16,7416.785794,463.549112125,29153.92900584,228,207,53,4,0.0195429,upper_bound_16
2797,4,712798,16,8,8,0,1250,2,1,0.5812200311178,0,16,6938.764128,433.672758,28188.82064714,206,176,5,0,0.0072709,upper_bound_16
2797,4,712798,16,8,8,0,1250,2,1,0.5812200311178,5,16,6186.215058,386.638441125,23716.07528536,226,191,14,2,0.0147709,upper_bound_16
2798,4,712799,16,8,8,0,1500,3,0,0.516399921368,0,16,6753.323893,422.0827433125,28026.61947049,176,140,16,4,0.0128974,upper_bound_16
2798,4,712799,16,8,8,0,1500,3,0,0.516399921368,5,16,7138.99389,446.187118125,28969.96957997,176,145,80,5,0.0259355,upper_bound_16
2799,4,712800,16,8,8,0,1000,4,1,0.5981380359249,0,16,7649.338228,478.08363925,30191.69111515,241,221,35,3,0.0041493,upper_bound_16
2799,4,712800,16,8,8,0,1000,4,1,0.5981380359249,5,16,6899.17848,431.198655,27325.89239918,222,202,14,2,0.0145897,upper_bound_16
2800,4,712801,16,8,8,0,1250,0,0,0.3823484423508,0,16,7784.554022,486.534626375,30112.77007618,253,219,66,4,0.0054418,upper_bound_16
2800,4,712801,16,8,8,0,1250,0,0,0.3823484423508,5,16,6459.951369,403.7469605625,25594.75682315,163,146,100,3,0.029339,upper_bound_16
2801,4,712802,16,8,8,0,1500,1,1,0.6808519192322,0,16,7465.353486,466.584592875,30146.7674558,228,207,3,0,0.0047421,upper_bound_16
2801,4,712802,16,8,8,0,1500,1,1,0.6808519192322,5,16,6915.497227,432.2185766875,27302.48610963,231,196,8,1,0.0171278,upper_bound_16
2802,4,712803,16,8,8,0,1000,2,0,0.5626491006267,0,16,6373.380038,398.336252375,26156.90019159,179,161,2,0,0.0068126,upper_bound_16
2802,4,712803,16,8,8,0,1000,2,0,0.5626491006267,5,16,5455.270198,340.954387375,21331.35098751,187,171,1,0,0.0257312,upper_bound_16
2803,4,712804,16,8,8,0,1250,3,1,0.5500499475453,0,16,7068.002595,441.7501621875,28300.01298785,224,208,0,0,0.0052128,upper_bound_16
2803,4,712804,16,8,8,0,1250,3,1,0.5500499475453,5,16,7628.083084,476.75519275,30260.41530948,219,197,68,2,0.0292834,upper_bound_16
2804,4,712805,16,8,8,0,1500,4,0,0.591532473263,0,16,7624.490627,476.5306641875,31757.45313731,197,166,14,2,0.0090427,upper_bound_16
2804,4,712805,16,8,8,0,1500,4,0,0.591532473263,5,16,5946.700224,371.668764,23353.50111337,202,180,2,0,0.0238078,upper_bound_16
2805,4,712806,16,8,8,0,1000,0,1,0.6346941028115,0,16,7868.556225,491.7847640625,31122.78114787,260,246,6,3,0.0040592,upper_bound_16
2805,4,712806,16,8,8,0,1000,0,1,0.6346941028115,5,16,7718.653586,482.415849125,30323.26794823,261,239,10,3,0.0142192,upper_bound_16
2806,4,712807,16,8,8,0,1250,1,0,0.8137216426322,0,16,7146.035652,446.62722825,28875.17829934,197,174,44,2,0.0082293,upper_bound_16
2806,4,712807,16,8,8,0,1250,1,0,0.8137216426322,5,16,7058.003061,441.1251913125,28575.01526786,191,164,48,3,0.0225531,upper_bound_16
2807,4,712808,16,8,8,0,1500,2,1,0.5765340578691,0,16,7468.341529,466.7713455625,30251.70766354,212,185,31,3,0.0057635,upper_bound_16
2807,4,712808,16,8,8,0,1500,2,1,0.5765340578691,5,16,6998.959301,437.4349563125,27999.79651218,216,185,18,3,0.0164791,upper_bound_16
2808,4,712809,16,8,8,0,1000,3,0,0.8172127002894,0,16,6384.63336,399.039585,25638.16681567,199,176,2,0,0.007081,upper_bound_16
2808,4,712809,16,8,8,0,1000,3,0,0.8172127002894,5,16,6385.880562,399.117535125,24544.40284583,231,215,9,1,0.0170857,upper_bound_16
2809,4,712810,16,8,8,0,1250,4,1,0.8955128318325,0,16,7802.3424,487.6464,31916.71198837,216,187,24,3,0.005699,upper_bound_16
2809,4,712810,16,8,8,0,1250,4,1,0.8955128318325,5,16,7327.153812,457.94711325,29395.76910454,208,187,47,3,0.0229312,upper_bound_16
2810,4,712811,16,8,8,0,1500,0,0,0.705282513174,0,16,7258.420714,453.651294625,29677.10359089,193,158,40,3,0.0092873,upper_bound_16
2810,4,712811,16,8,8,0,1500,0,0,0.705282513174,5,16,5919.067521,369.9417200625,23640.33761045,187,164,4,1,0.0266227,upper_bound_16
2811,4,712812,16,8,8,0,1000,1,1,0.5505880837117,0,16,8512.619369,532.0387105625,33618.09682605,270,245,38,4,0.0038695,upper_bound_16
2811,4,712812,16,8,8,0,1000,1,1,0.5505880837117,5,16,8354.045806,522.127862875,33445.22900987,250,227,36,4,0.0192331,upper_bound_16
2812,4,712813,16,8,8,0,1250,2,0,0.6157470040339,0,16,6390.643389,399.4152118125,25123.21694121,217,195,2,0,0.0053976,upper_bound_16
2812,4,712813,16,8,8,0,1250,2,0,0.6157470040339,5,16,5601.471529,350.0919705625,22512.35765409,172,156,1,0,0.0221313,upper_bound_16
2813,4,712814,16,8,8,0,1500,3,1,0.2346398473086,0,16,6772.406228,423.27538925,28057.03114471,177,151,15,2,0.0070579,upper_bound_16
2813,4,712814,16,8,8,0,1500,3,1,0.2346398473086,5,16,7160.284431,447.5177769375,29171.42217151,199,173,26,3,0.0211145,upper_bound_16
2814,4,712815,16,8,8,0,1000,4,0,0.4950538739564,0,16,6612.462945,413.2789340625,26467.31478039,199,178,22,1,0.0058034,upper_bound_16
2814,4,712815,16,8,8,0,1000,4,0,0.4950538739564,5,16,6489.326973,405.5829358125,25441.63490952,212,192,23,1,0.0289525,upper_bound_16
2815,4,712816,16,8,8,0,1250,0,1,0.8348145570232,0,16,6909.727078,431.857942375,27983.63538566,199,175,21,2,0.0051106,upper_bound_16
2815,4,712816,16,8,8,0,1250,0,1,0.8348145570232,5,16,6398.705261,399.9190788125,24683.52635002,210,188,48,3,0.0162383,upper_bound_16
2816,4,712817,16,8,8,0,1500,1,0,0.7632519305389,0,16,6330.395647,395.6497279375,25821.97825397,182,146,10,2,0.0082119,upper_bound_16
2816,4,712817,16,8,8,0,1500,1,0,0.7632519305389,5,16,7070.438596,441.90241225,29567.19298548,182,143,8,4,0.0253379,upper_bound_16
2817,4,712818,16,8,8,0,1000,2,1,0.3830394344769,0,16,8595.54126,537.22132875,34162.70629884,266,236,39,3,0.0040753,upper_bound_16
2817,4,712818,16,8,8,0,1000,2,1,0.3830394344769,5,16,7376.501798,461.031362375,28692.50900331,260,237,7,1,0.0141494,upper_bound_16
2818,4,712819,16,8,8,0,1250,3,0,0.813205838655,0,16,7466.13759,466.633599375,30130.68790365,208,179,47,4,0.0062522,upper_bound_16
2818,4,712819,16,8,8,0,1250,3,0,0.813205838655,5,16,7251.918241,453.2448900625,29119.5911572,209,189,38,2,0.0234493,upper_bound_16
2819,4,712820,16,8,8,0,1500,4,1,0.8551477257156,0,16,7931.243249,495.7027030625,31781.21627092,244,209,22,2,0.0049199,upper_bound_16
2819,4,712820,16,8,8,0,1500,4,1,0.8551477257156,5,16,7166.987014,447.936688375,28589.93508555,226,203,12,1,0.0173193,upper_bound_16
2820,4,712821,16,8,8,1,1000,0,0,4.777459288751e-05,0,16,5813.642332,363.35264575,23463.21169597,156,141,40,1,0.0062656,upper_bound_16
2820,4,712821,16,8,8,1,1000,0,0,4.777459288751e-05,5,16,5665.991326,354.124457875,21624.95665089,213,196,0,0,0.0197739,upper_bound_16
2821,4,712822,16,8,8,1,1250,1,1,9.31276239539e-05,0,16,7535.303126,470.956445375,30836.51564873,191,159,58,5,0.0061514,upper_bound_16
2821,4,712822,16,8,8,1,1250,1,1,9.31276239539e-05,5,16,7210.226668,450.63916675,29101.13338254,212,187,21,2,0.034256,upper_bound_16
2822,4,712823,16,8,8,1,1500,2,0,8.078363450157e-05,0,16,6761.090728,422.5681705,27945.45365402,178,142,20,3,0.0067549,upper_bound_16
2822,4,712823,16,8,8,1,1500,2,0,8.078363450157e-05,5,16,6027.978189,376.7486368125,24164.89095311,186,161,8,1,0.0393007,upper_bound_16
2823,4,712824,16,8,8,1,1000,3,1,2.245545841499e-05,0,16,7863.912271,491.4945169375,32109.5613722,224,200,14,4,0.0048156,upper_bound_16
2823,4,712824,16,8,8,1,1000,3,1,2.245545841499e-05,5,16,7609.656937,475.6035585625,29773.28469319,259,238,14,4,0.0177563,upper_bound_16
2824,4,712825,16,8,8,1,1250,4,0,4.447527021564e-05,0,16,7255.956302,453.497268875,30249.78153088,155,126,75,3,0.0082728,upper_bound_16
2824,4,712825,16,8,8,1,1250,4,0,4.447527021564e-05,5,16,5889.378612,368.08616325,23436.89306795,153,132,75,1,0.0386824,upper_bound_16
2825,4,712826,16,8,8,1,1500,0,1,3.089762644908e-05,0,16,6781.038399,423.8148999375,27985.19199923,188,164,0,0,0.0084113,upper_bound_16
2825,4,712826,16,8,8,1,1500,0,1,3.089762644908e-05,5,16,6600.713562,412.544597625,26013.56783158,223,197,2,1,0.0273521,upper_bound_16
2826,4,712827,16,8,8,1,1000,1,0,7.105480310733e-05,0,16,6866.397604,429.14985025,27171.98801912,204,179,51,2,0.0065776,upper_bound_16
2826,4,712827,16,8,8,1,1000,1,0,7.105480310733e-05,5,16,5296.15168,331.00948,21425.75838028,133,119,49,2,0.0239097,upper_bound_16
2827,4,712828,16,8,8,1,1250,2,1,7.163067425851e-05,0,16,5740.719256,358.7949535,23043.59628415,176,154,6,0,0.0068425,upper_bound_16
2827,4,712828,16,8,8,1,1250,2,1,7.163067425851e-05,5,16,5582.419172,348.90119825,22052.09586165,184,160,4,0,0.0256492,upper_bound_16
2828,4,712829,16,8,8,1,1500,3,0,5.52706133518e-05,0,16,6680.871023,417.5544389375,28469.35512036,146,123,18,1,0.0087372,upper_bound_16
2828,4,712829,16,8,8,1,1500,3,0,5.52706133518e-05,5,16,5864.827547,366.5517216875,25409.13774341,111,94,18,1,0.0572719,upper_bound_16
2829,4,712830,16,8,8,1,1000,4,1,0.0001031057908161,0,16,7151.493168,446.968323,29512.46586588,163,138,72,7,0.0089386,upper_bound_16
2829,4,712830,16,8,8,1,1000,4,1,0.0001031057908161,5,16,7134.326968,445.8954355,27876.63489216,234,213,32,4,0.0161799,upper_bound_16
2830,4,712831,16,8,8,1,1250,0,0,0.000103510800415,0,16,6421.134184,401.3208865,25415.6709109,184,161,59,3,0.0073116,upper_bound_16
2830,4,712831,16,8,8,1,1250,0,0,0.000103510800415,5,16,5626.396933,351.6498083125,22606.98464395,130,99,92,5,0.0437718,upper_bound_16
2831,4,712832,16,8,8,1,1500,1,1,5.060389309862e-05,0,16,6021.748482,376.359280125,24848.74239854,163,139,6,0,0.0085662,upper_bound_16
2831,4,712832,16,8,8,1,1500,1,1,5.060389309862e-05,5,16,7059.971473,441.2482170625,27199.85737213,259,230,5,0,0.0230679,upper_bound_16
2832,4,712833,16,8,8,1,1000,2,0,8.989947936823e-05,0,16,7843.847542,490.240471375,31724.23767656,192,165,98,2,0.0088165,upper_bound_16
2832,4,712833,16,8,8,1,1000,2,0,8.989947936823e-05,5,16,6773.463598,423.341474875,27162.31798753,184,161,60,1,0.0285196,upper_bound_16
2833,4,712834,16,8,8,1,1250,3,1,4.112231112352e-05,0,16,8308.881479,519.3050924375,34679.40740684,166,142,107,7,0.0068908,upper_bound_16
2833,4,712834,16,8,8,1,1250,3,1,4.112231112352e-05,5,16,5814.853176,363.4283235,21724.26586791,220,194,32,5,0.0123491,upper_bound_16
2834,4,712835,16,8,8,1,1500,4,0,8.149588780713e-05,0,16,6244.201593,390.2625995625,26151.00796794,155,129,10,2,0.0112218,upper_bound_16
2834,4,712835,16,8,8,1,1500,4,0,8.149588780713e-05,5,16,5950.72676,371.9204225,24638.63380292,158,132,7,2,0.0282256,upper_bound_16
2835,4,712836,16,8,8,1,1000,0,1,8.171427397936e-05,0,16,8677.025772,542.31411075,35170.12871089,213,192,102,3,0.0053037,upper_bound_16
2835,4,712836,16,8,8,1,1000,0,1,8.171427397936e-05,5,16,7289.938278,455.621142375,28689.69140259,245,220,9,1,0.019198,upper_bound_16
2836,4,712837,16,8,8,1,1250,1,0,9.100776243454e-05,0,16,6124.870601,382.8044125625,25144.35302645,171,146,5,1,0.0066152,upper_bound_16
2836,4,712837,16,8,8,1,1250,1,0,9.100776243454e-05,5,16,6248.284969,390.5178105625,24426.42482302,194,169,48,1,0.0194601,upper_bound_16
2837,4,712838,16,8,8,1,1500,2,1,4.000377084962e-05,0,16,7351.045758,459.440359875,30100.22879321,198,165,32,5,0.0092689,upper_bound_16
2837,4,712838,16,8,8,1,1500,2,1,4.000377084962e-05,5,16,7314.522154,457.157634625,30392.61081827,172,134,54,7,0.035933,upper_bound_16
2838,4,712839,16,8,8,1,1000,3,0,4.309668794803e-05,0,16,7127.824149,445.4890093125,28529.12062621,194,174,66,2,0.0079902,upper_bound_16
2838,4,712839,16,8,8,1,1000,3,0,4.309668794803e-05,5,16,6808.198248,425.5123905,26655.99113999,203,184,66,2,0.0300192,upper_bound_16
2839,4,712840,16,8,8,1,1250,4,1,6.369119486682e-05,0,16,8299.618202,518.726137625,35113.09105943,165,141,77,6,0.0065144,upper_bound_16
2839,4,712840,16,8,8,1,1250,4,1,6.369119486682e-05,5,16,9072.3125,567.01953125,36181.56256492,209,183,176,7,0.02085,upper_bound_16
2840,4,712841,16,8,8,1,1500,0,0,4.062531979891e-05,0,16,7130.225178,445.639073625,29761.12590257,170,137,37,4,0.0086115,upper_bound_16
2840,4,712841,16,8,8,1,1500,0,0,4.062531979891e-05,5,16,5504.363366,344.022710375,22946.81682799,130,98,29,4,0.0449518,upper_bound_16
2841,4,712842,16,8,8,1,1000,1,1,9.800705751396e-05,0,16,7252.515738,453.282233625,28302.57866594,243,216,27,1,0.0051695,upper_bound_16
2841,4,712842,16,8,8,1,1000,1,1,9.800705751396e-05,5,16,5873.331679,367.0832299375,22606.65839437,213,189,6,0,0.0166427,upper_bound_16
2842,4,712843,16,8,8,1,1250,2,0,6.381338029606e-05,0,16,6927.881861,432.9926163125,27739.40929953,186,151,73,2,0.0087193,upper_bound_16
2842,4,712843,16,8,8,1,1250,2,0,6.381338029606e-05,5,16,5254.47816,328.404885,19882.39083964,194,174,18,1,0.0175899,upper_bound_16
2843,4,712844,16,8,8,1,1500,3,1,6.472013253698e-05,0,16,6118.86268,382.4289175,25114.31340635,173,151,0,0,0.0061939,upper_bound_16
2843,4,712844,16,8,8,1,1500,3,1,6.472013253698e-05,5,16,6395.48651,399.717906875,24877.43255917,228,200,0,0,0.0205548,upper_bound_16
2844,4,712845,16,8,8,1,1000,4,0,0.0001055373112046,0,16,6833.391027,427.0869391875,26206.95515416,232,208,48,2,0.0045074,upper_bound_16
2844,4,712845,16,8,8,1,1000,4,0,0.0001055373112046,5,16,5385.49015,336.593134375,20442.45077885,182,160,49,3,0.0177667,upper_bound_16
2845,4,712846,16,8,8,1,1250,0,1,5.759624071775e-05,0,16,8957.025376,559.814086,35935.12687717,199,173,174,2,0.0076059,upper_bound_16
2845,4,712846,16,8,8,1,1250,0,1,5.759624071775e-05,5,16,7130.835228,445.67720175,27784.17614166,209,185,88,1,0.0233475,upper_bound_16
2846,4,712847,16,8,8,1,1500,1,0,0.0001553913662478,0,16,7042.232869,440.1395543125,29486.16433142,162,138,39,3,0.0081002,upper_bound_16
2846,4,712847,16,8,8,1,1500,1,0,0.0001553913662478,5,16,5395.152347,337.1970216875,22965.76172365,103,90,39,3,0.0403141,upper_bound_16
2847,4,712848,16,8,8,1,1000,2,1,6.03373526166e-05,0,16,7884.114684,492.75716775,32385.57344269,198,181,52,6,0.004903,upper_bound_16
2847,4,712848,16,8,8,1,1000,2,1,6.03373526166e-05,5,16,7371.327443,460.7079651875,29451.63723533,228,207,18,5,0.0190399,upper_bound_16
2848,4,712849,16,8,8,1,1250,3,0,4.49939936546e-05,0,16,7413.237621,463.3273513125,29556.18803149,185,164,111,2,0.0060692,upper_bound_16
2848,4,712849,16,8,8,1,1250,3,0,4.49939936546e-05,5,16,5392.800081,337.0500050625,21744.0003884,159,136,11,1,0.0398828,upper_bound_16
2849,4,712850,16,8,8,1,1500,4,1,8.226734858298e-05,0,16,6760.287237,422.5179523125,27886.43618363,154,129,68,5,0.0089962,upper_bound_16
2849,4,712850,16,8,8,1,1500,4,1,8.226734858298e-05,5,16,6271.890352,391.993147,25429.45177285,168,146,40,4,0.0231397,upper_bound_16
2850,4,712851,16,8,8,2,1000,0,0,0.08836394378226,0,16,7003.342404,437.70890025,28706.71200631,148,124,106,2,0.0116941,upper_bound_16
2850,4,712851,16,8,8,2,1000,0,0,0.08836394378226,5,16,4171.554001,260.7221250625,15947.76999349,100,84,106,2,0.0192471,upper_bound_16
2851,4,712852,16,8,8,2,1250,1,1,0.07151537072304,0,16,7560.407885,472.5254928125,29867.03943068,248,219,16,2,0.0061472,upper_bound_16
2851,4,712852,16,8,8,2,1250,1,1,0.07151537072304,5,16,7183.882123,448.9926326875,28544.41061719,212,179,52,3,0.0387581,upper_bound_16
2852,4,712853,16,8,8,2,1500,2,0,0.02804783251569,0,16,6252.415643,390.7759776875,26102.07822314,129,103,68,1,0.0130586,upper_bound_16
2852,4,712853,16,8,8,2,1500,2,0,0.02804783251569,5,16,3972.431481,248.2769675625,15367.15739715,138,117,4,0,0.0370287,upper_bound_16
2853,4,712854,16,8,8,2,1000,3,1,0.05524613120581,0,16,4618.419256,288.6512035,18337.09629298,144,130,7,1,0.0062652,upper_bound_16
2853,4,712854,16,8,8,2,1000,3,1,0.05524613120581,5,16,4663.789712,291.486857,17508.94857626,179,166,7,1,0.0211736,upper_bound_16
2854,4,712855,16,8,8,2,1250,4,0,0.03564550696956,0,16,4688.166173,293.0103858125,18235.83086073,162,133,6,2,0.0093785,upper_bound_16
2854,4,712855,16,8,8,2,1250,4,0,0.03564550696956,5,16,6061.017903,378.8136189375,25210.08950769,155,128,12,1,0.0527746,upper_bound_16
2855,4,712856,16,8,8,2,1500,0,1,0.02839923128807,0,16,6521.612954,407.600809625,25598.06478459,225,197,0,0,0.0067558,upper_bound_16
2855,4,712856,16,8,8,2,1500,0,1,0.02839923128807,5,16,5530.586513,345.6616570625,22042.93257865,177,157,0,0,0.0296179,upper_bound_16
2856,4,712857,16,8,8,2,1000,1,0,0.04607313706621,0,16,4986.393719,311.6496074375,20906.9685894,109,87,31,3,0.0112748,upper_bound_16
2856,4,712857,16,8,8,2,1000,1,0,0.04607313706621,5,16,4128.80389,258.050243125,15709.01943634,148,137,10,2,0.022019,upper_bound_16
2857,4,712858,16,8,8,2,1250,2,1,0.0506092319164,0,16,8280.486953,517.5304345625,33172.43465388,217,184,99,5,0.0070755,upper_bound_16
2857,4,712858,16,8,8,2,1250,2,1,0.0506092319164,5,16,6018.705529,376.1690955625,23683.5276565,198,173,13,2,0.0305158,upper_bound_16
2858,4,712859,16,8,8,2,1500,3,0,0.04403933251266,0,16,4466.265588,279.14159925,18556.32794509,116,95,0,0,0.0136286,upper_bound_16
2858,4,712859,16,8,8,2,1500,3,0,0.04403933251266,5,16,2767.966588,172.99791175,11214.83292657,77,60,0,0,0.0092004,upper_bound_16
2859,4,712860,16,8,8,2,1000,4,1,0.08169586042797,0,16,6601.539267,412.5962041875,26507.69615475,133,114,147,4,0.0094679,upper_bound_16
2859,4,712860,16,8,8,2,1000,4,1,0.08169586042797,5,16,8538.451468,533.65321675,33462.25720639,248,217,103,2,0.0162779,upper_bound_16
2860,4,712861,16,8,8,2,1250,0,0,0.06916169443332,0,16,5015.474792,313.4671745,19872.37388622,143,129,39,1,0.0073646,upper_bound_16
2860,4,712861,16,8,8,2,1250,0,0,0.06916169443332,5,16,2806.716759,175.4197974375,11253.58371658,61,54,39,1,0.0269893,upper_bound_16
2861,4,712862,16,8,8,2,1500,1,1,0.08175135815657,0,16,7660.157219,478.7598261875,30970.7861102,205,178,61,4,0.0084942,upper_bound_16
2861,4,712862,16,8,8,2,1500,1,1,0.08175135815657,5,16,4902.676284,306.41726775,18463.38143198,188,166,8,1,0.029453,upper_bound_16
2862,4,712863,16,8,8,2,1000,2,0,0.06542235886772,0,16,6362.097172,397.63107325,25650.48579193,128,107,135,4,0.0126034,upper_bound_16
2862,4,712863,16,8,8,2,1000,2,0,0.06542235886772,5,16,5361.724211,335.1077631875,22138.62106356,118,99,55,2,0.0281463,upper_bound_16
2863,4,712864,16,8,8,2,1250,3,1,0.07660541044794,0,16,6891.626461,430.7266538125,28033.13212828,139,120,130,6,0.0084236,upper_bound_16
2863,4,712864,16,8,8,2,1250,3,1,0.07660541044794,5,16,4711.969,294.4980625,18409.84496751,145,129,32,3,0.0236804,upper_bound_16
2864,4,712865,16,8,8,2,1500,4,0,0.03697871857866,0,16,3769.293505,235.5808440625,15641.46745532,72,57,48,1,0.0126201,upper_bound_16
2864,4,712865,16,8,8,2,1500,4,0,0.03697871857866,5,16,3576.842189,223.5526368125,14304.21088196,86,68,46,1,0.045743,upper_bound_16
2865,4,712866,16,8,8,2,1000,0,1,0.06532622771501,0,16,7104.062753,444.0039220625,28000.31364641,146,130,188,3,0.0089287,upper_bound_16
2865,4,712866,16,8,8,2,1000,0,1,0.06532622771501,5,16,6408.081971,400.5051231875,24955.40987051,227,202,0,0,0.020538,upper_bound_16
2866,4,712867,16,8,8,2,1250,1,0,0.07969340454109,0,16,5904.27417,369.017135625,24886.37093758,104,87,80,4,0.0115936,upper_bound_16
2866,4,712867,16,8,8,2,1250,1,0,0.07969340454109,5,16,4363.459795,272.7162371875,17477.29900413,113,97,42,3,0.0428249,upper_bound_16
2867,4,712868,16,8,8,2,1500,2,1,0.02489306484439,0,16,7345.676487,459.1047804375,28178.38245779,274,239,7,1,0.0061994,upper_bound_16
2867,4,712868,16,8,8,2,1500,2,1,0.02489306484439,5,16,4337.543921,271.0964950625,17237.71960365,87,69,102,1,0.029135,upper_bound_16
2868,4,712869,16,8,8,2,1000,3,0,0.04936561996473,0,16,5788.808357,361.8005223125,23844.04179284,160,140,0,0,0.011895,upper_bound_16
2868,4,712869,16,8,8,2,1000,3,0,0.04936561996473,5,16,6400.935258,400.058453625,25439.67608486,151,130,116,2,0.0354395,upper_bound_16
2869,4,712870,16,8,8,2,1250,4,1,0.05285384246914,0,16,6854.532399,428.4082749375,26142.66184406,182,162,158,5,0.0058507,upper_bound_16
2869,4,712870,16,8,8,2,1250,4,1,0.05285384246914,5,16,6125.655965,382.8534978125,23873.27983288,207,182,18,2,0.0304524,upper_bound_16
2870,4,712871,16,8,8,2,1500,0,0,0.01577989127027,0,16,6085.008778,380.313048625,25545.0437242,95,76,115,4,0.0125341,upper_bound_16
2870,4,712871,16,8,8,2,1500,0,0,0.01577989127027,5,16,5534.36767,345.897979375,21821.83818874,131,114,107,3,0.0266312,upper_bound_16
2871,4,712872,16,8,8,2,1000,1,1,0.07990567789383,0,16,4327.628541,270.4767838125,18133.14271263,94,73,26,2,0.0093223,upper_bound_16
2871,4,712872,16,8,8,2,1000,1,1,0.07990567789383,5,16,5716.164547,357.2602841875,22825.8227656,171,141,25,2,0.0240516,upper_bound_16
2872,4,712873,16,8,8,2,1250,2,0,0.03454407815542,0,16,6577.263474,411.078967125,25621.31722262,137,112,192,5,0.0102265,upper_bound_16
2872,4,712873,16,8,8,2,1250,2,0,0.03454407815542,5,16,4043.335748,252.70848425,15046.67870283,151,127,24,2,0.0223546,upper_bound_16
2873,4,712874,16,8,8,2,1500,3,1,0.01879803433388,0,16,4488.195291,280.5122056875,17970.97645434,138,124,0,0,0.0073842,upper_bound_16
2873,4,712874,16,8,8,2,1500,3,1,0.01879803433388,5,16,5242.419164,327.65119775,20262.09582057,188,164,2,1,0.0208834,upper_bound_16
2874,4,712875,16,8,8,2,1000,4,0,0.03420824242128,0,16,7723.264227,482.7040141875,32561.32102029,149,122,88,2,0.0072981,upper_bound_16
2874,4,712875,16,8,8,2,1000,4,0,0.03420824242128,5,16,5687.270536,355.4544085,22636.35256936,139,118,89,2,0.0309328,upper_bound_16
2875,4,712876,16,8,8,2,1250,0,1,0.03422050367529,0,16,9388.141265,586.7588290625,37260.70616483,215,181,200,6,0.0095011,upper_bound_16
2875,4,712876,16,8,8,2,1250,0,1,0.03422050367529,5,16,5880.424922,367.526557625,23107.12459641,188,167,24,2,0.0254658,upper_bound_16
2876,4,712877,16,8,8,2,1500,1,0,0.03014709089505,0,16,5807.353813,362.9596133125,23466.76919753,128,109,95,2,0.0114033,upper_bound_16
2876,4,712877,16,8,8,2,1500,1,0,0.03014709089505,5,16,5786.38878,361.64929875,23126.94400112,120,97,128,3,0.0326514,upper_bound_16
2877,4,712878,16,8,8,2,1000,2,1,0.06172302929082,0,16,4498.310845,281.1444278125,17616.5542117,141,115,25,2,0.0076791,upper_bound_16
2877,4,712878,16,8,8,2,1000,2,1,0.06172302929082,5,16,7049.605555,440.6003471875,26873.0277605,259,225,25,2,0.0166967,upper_bound_16
2878,4,712879,16,8,8,2,1250,3,0,0.03406595079456,0,16,3301.264765,206.3290478125,13106.3238238,102,87,1,1,0.0092628,upper_bound_16
2878,4,712879,16,8,8,2,1250,3,0,0.03406595079456,5,16,5448.135734,340.508483375,22150.67866259,160,138,0,0,0.0434386,upper_bound_16
2879,4,712880,16,8,8,2,1500,4,1,0.0269240640677,0,16,7038.805725,439.9253578125,28579.02863418,194,159,38,1,0.0107138,upper_bound_16
2879,4,712880,16,8,8,2,1500,4,1,0.0269240640677,5,16,5160.934896,322.558431,20649.6744803,160,136,5,0,0.0440896,upper_bound_16
2880,4,712881,16,8,16,0,1000,0,0,0.4710504484894,0,16,7428.137195,464.2585746875,29215.68596589,247,222,16,3,0.0044507,upper_bound_16
2880,4,712881,16,8,16,0,1000,0,0,0.4710504484894,5,16,6619.698097,413.7311310625,25298.49048392,245,219,12,3,0.0210348,upper_bound_16
2881,4,712882,16,8,16,0,1250,1,1,0.7668090009581,0,16,7901.213593,493.8258495625,31996.06797131,233,209,16,5,0.0049042,upper_bound_16
2881,4,712882,16,8,16,0,1250,1,1,0.7668090009581,5,16,7604.25366,475.26585375,30176.26830972,243,217,19,4,0.0185442,upper_bound_16
2882,4,712883,16,8,16,0,1500,2,0,0.5993729257309,0,16,7780.16693,486.260433125,31665.83466,229,195,9,1,0.0057479,upper_bound_16
2882,4,712883,16,8,16,0,1500,2,0,0.5993729257309,5,16,5538.439238,346.152452375,21132.19620551,206,181,7,0,0.0186641,upper_bound_16
2883,4,712884,16,8,16,0,1000,3,1,0.6901026553531,0,16,6802.939305,425.1837065625,27159.69653103,217,200,2,1,0.0033951,upper_bound_16
2883,4,712884,16,8,16,0,1000,3,1,0.6901026553531,5,16,7391.172767,461.9482979375,28470.86385111,272,251,2,1,0.0146887,upper_bound_16
2884,4,712885,16,8,16,0,1250,4,0,0.420779868527,0,16,7283.800476,455.23752975,29369.00238169,220,188,14,2,0.0055147,upper_bound_16
2884,4,712885,16,8,16,0,1250,4,0,0.420779868527,5,16,6107.880643,381.7425401875,23249.4032153,231,205,6,0,0.0185327,upper_bound_16
2885,4,712886,16,8,16,0,1500,0,1,0.5147858074376,0,16,8167.292271,510.4557669375,33486.46135539,226,200,20,4,0.0053248,upper_bound_16
2885,4,712886,16,8,16,0,1500,0,1,0.5147858074376,5,16,7729.267465,483.0792165625,31566.33731842,217,188,21,4,0.0209946,upper_bound_16
2886,4,712887,16,8,16,0,1000,1,0,0.7926609845161,0,16,6671.870112,416.991882,26419.35054822,209,182,27,4,0.0059317,upper_bound_16
2886,4,712887,16,8,16,0,1000,1,0,0.7926609845161,5,16,6539.706844,408.73167775,24933.53424418,231,198,40,3,0.0170209,upper_bound_16
2887,4,712888,16,8,16,0,1250,2,1,0.4110116721155,0,16,8187.160122,511.697507625,31195.80060782,304,273,25,4,0.0030924,upper_bound_16
2887,4,712888,16,8,16,0,1250,2,1,0.4110116721155,5,16,8147.96081,509.247550625,31229.80404955,291,259,36,4,0.0126564,upper_bound_16
2888,4,712889,16,8,16,0,1500,3,0,0.6795396145914,0,16,6796.690645,424.7931653125,26408.45322869,239,204,12,3,0.0047991,upper_bound_16
2888,4,712889,16,8,16,0,1500,3,0,0.6795396145914,5,16,7370.669211,460.6668256875,29208.34605802,231,210,28,3,0.0143068,upper_bound_16
2889,4,712890,16,8,16,0,1000,4,1,0.6199170521273,0,16,8225.717729,514.1073580625,32788.58866408,247,224,43,5,0.0036212,upper_bound_16
2889,4,712890,16,8,16,0,1000,4,1,0.6199170521273,5,16,7534.061708,470.87885675,28595.30855291,282,253,24,3,0.0113156,upper_bound_16
2890,4,712891,16,8,16,0,1250,0,0,0.592473149413,0,16,7090.788732,443.17429575,28193.94367249,232,212,0,0,0.0047623,upper_bound_16
2890,4,712891,16,8,16,0,1250,0,0,0.592473149413,5,16,6562.633533,410.1645958125,25603.16766466,230,206,2,1,0.0130746,upper_bound_16
2891,4,712892,16,8,16,0,1500,1,1,0.6146231029512,0,16,7350.794187,459.4246366875,28598.97094135,259,226,10,2,0.0043431,upper_bound_16
2891,4,712892,16,8,16,0,1500,1,1,0.6146231029512,5,16,6943.109322,433.944332625,27580.54661528,226,193,8,1,0.0220873,upper_bound_16
2892,4,712893,16,8,16,0,1000,2,0,0.6908489248362,0,16,8317.156569,519.8222855625,32760.78274707,237,209,97,5,0.0050103,upper_bound_16
2892,4,712893,16,8,16,0,1000,2,0,0.6908489248362,5,16,7881.654017,492.6033760625,30513.27002847,253,224,70,3,0.0266135,upper_bound_16
2893,4,712894,16,8,16,0,1250,3,1,0.7103245800262,0,16,7411.703531,463.2314706875,30043.51767361,211,190,26,4,0.0047896,upper_bound_16
2893,4,712894,16,8,16,0,1250,3,1,0.7103245800262,5,16,7566.296791,472.8935494375,30096.48396599,235,214,26,4,0.0172337,upper_bound_16
2894,4,712895,16,8,16,0,1500,4,0,0.7597715544902,0,16,7037.350124,439.83438275,28326.75066458,189,170,59,3,0.0063729,upper_bound_16
2894,4,712895,16,8,16,0,1500,4,0,0.7597715544902,5,16,6667.243964,416.70274775,27106.21988354,174,152,48,3,0.0188517,upper_bound_16
2895,4,712896,16,8,16,0,1000,0,1,0.5908100173885,0,16,7286.647166,455.415447875,29173.23583366,224,213,13,3,0.003308,upper_bound_16
2895,4,712896,16,8,16,0,1000,0,1,0.5908100173885,5,16,7385.30191,461.581369375,28521.50955004,264,242,13,3,0.0153012,upper_bound_16
2896,4,712897,16,8,16,0,1250,1,0,0.3484686001335,0,16,7461.396916,466.33730725,29821.98456941,218,189,46,4,0.0071786,upper_bound_16
2896,4,712897,16,8,16,0,1250,1,0,0.3484686001335,5,16,6356.983774,397.311485875,24329.91886472,218,192,43,3,0.0247066,upper_bound_16
2897,4,712898,16,8,16,0,1500,2,1,0.5154792329251,0,16,8540.649722,533.790607625,33448.24865368,284,255,32,4,0.0033032,upper_bound_16
2897,4,712898,16,8,16,0,1500,2,1,0.5154792329251,5,16,8047.760798,502.985049875,32128.80401993,243,216,37,4,0.0129801,upper_bound_16
2898,4,712899,16,8,16,0,1000,3,0,0.7040992439293,0,16,8983.754189,561.4846368125,34383.77096498,309,290,64,3,0.0024333,upper_bound_16
2898,4,712899,16,8,16,0,1000,3,0,0.7040992439293,5,16,7317.950071,457.3718794375,28684.750379,222,199,64,3,0.0304945,upper_bound_16
2899,4,712900,16,8,16,0,1250,4,1,0.4075507665756,0,16,8053.125842,503.320365125,32530.62923318,229,208,38,5,0.0035425,upper_bound_16
2899,4,712900,16,8,16,0,1250,4,1,0.4075507665756,5,16,8481.314075,530.0821296875,32141.57039681,312,281,44,6,0.0123071,upper_bound_16
2900,4,712901,16,8,16,0,1500,0,0,0.6230602825368,0,16,7559.669604,472.47935025,30648.34802334,219,186,23,2,0.0045609,upper_bound_16
2900,4,712901,16,8,16,0,1500,0,0,0.6230602825368,5,16,6059.322632,378.7076645,23421.61314119,209,181,23,3,0.0163431,upper_bound_16
2901,4,712902,16,8,16,0,1000,1,1,0.7874432810607,0,16,8176.59203,511.037001875,32357.96015087,267,245,15,2,0.0028897,upper_bound_16
2901,4,712902,16,8,16,0,1000,1,1,0.7874432810607,5,16,7912.896549,494.5560343125,31454.48273467,254,218,18,2,0.0227777,upper_bound_16
2902,4,712903,16,8,16,0,1250,2,0,0.4613986512739,0,16,7735.71392,483.48212,30943.56962042,224,200,49,3,0.0052658,upper_bound_16
2902,4,712903,16,8,16,0,1250,2,0,0.4613986512739,5,16,7046.180629,440.3862893125,28415.90316408,196,171,44,2,0.0207926,upper_bound_16
2903,4,712904,16,8,16,0,1500,3,1,0.4032264267174,0,16,7308.964802,456.810300125,29014.82401336,229,200,27,4,0.0057748,upper_bound_16
2903,4,712904,16,8,16,0,1500,3,1,0.4032264267174,5,16,8199.552997,512.4720623125,33357.76500318,225,200,41,5,0.0222142,upper_bound_16
2904,4,712905,16,8,16,0,1000,4,0,0.6689073945102,0,16,9080.987095,567.5616934375,35669.93549219,266,243,98,4,0.0032921,upper_bound_16
2904,4,712905,16,8,16,0,1000,4,0,0.6689073945102,5,16,6749.960183,421.8725114375,26264.80093077,237,208,8,2,0.0117117,upper_bound_16
2905,4,712906,16,8,16,0,1250,0,1,0.6006154214134,0,16,7446.912346,465.432021625,28554.56174192,280,253,1,1,0.0031721,upper_bound_16
2905,4,712906,16,8,16,0,1250,0,1,0.6006154214134,5,16,7301.416407,456.3385254375,28382.08205115,259,238,4,1,0.0169282,upper_bound_16
2906,4,712907,16,8,16,0,1500,1,0,0.5213928137425,0,16,8257.434886,516.089680375,32222.17448819,260,223,70,4,0.003747,upper_bound_16
2906,4,712907,16,8,16,0,1500,1,0,0.5213928137425,5,16,7804.461655,487.7788534375,30977.30828033,241,210,38,3,0.0140969,upper_bound_16
2907,4,712908,16,8,16,0,1000,2,1,0.4817400539729,0,16,8033.325029,502.0828143125,31086.62515715,282,251,25,3,0.0042177,upper_bound_16
2907,4,712908,16,8,16,0,1000,2,1,0.4817400539729,5,16,8184.152141,511.5095088125,32185.76072608,273,245,19,2,0.0144555,upper_bound_16
2908,4,712909,16,8,16,0,1250,3,0,0.3571195554197,0,16,6184.170186,386.510636625,23685.85094203,230,208,3,1,0.0042885,upper_bound_16
2908,4,712909,16,8,16,0,1250,3,0,0.3571195554197,5,16,5584.929555,349.0580971875,21364.64777972,205,180,9,2,0.0168315,upper_bound_16
2909,4,712910,16,8,16,0,1500,4,1,0.6634606745382,0,16,7757.836672,484.864792,30384.18338348,264,233,16,3,0.0042802,upper_bound_16
2909,4,712910,16,8,16,0,1500,4,1,0.6634606745382,5,16,7645.163844,477.82274025,31215.81922853,213,188,23,4,0.0162498,upper_bound_16
2910,4,712911,16,8,16,1,1000,0,0,7.230009023033e-05,0,16,8039.577048,502.4735655,32432.88526005,245,224,8,2,0.0040962,upper_bound_16
2910,4,712911,16,8,16,1,1000,0,0,7.230009023033e-05,5,16,7000.623366,437.538960375,27353.11683153,238,218,14,3,0.0251577,upper_bound_16
2911,4,712912,16,8,16,1,1250,1,1,9.777754031214e-05,0,16,7858.227249,491.1392030625,30421.13625934,282,239,15,0,0.0044347,upper_bound_16
2911,4,712912,16,8,16,1,1250,1,1,9.777754031214e-05,5,16,5657.529472,353.595592,22047.64737313,196,173,5,0,0.0210841,upper_bound_16
2912,4,712913,16,8,16,1,1500,2,0,6.405937422619e-05,0,16,7387.065659,461.6916036875,30100.32836868,194,167,50,2,0.0070056,upper_bound_16
2912,4,712913,16,8,16,1,1500,2,0,6.405937422619e-05,5,16,6473.385816,404.5866135,26766.9290966,176,154,2,0,0.0319314,upper_bound_16
2913,4,712914,16,8,16,1,1000,3,1,9.265376154851e-05,0,16,8029.471653,501.8419783125,32707.35826763,222,202,32,7,0.0038289,upper_bound_16
2913,4,712914,16,8,16,1,1000,3,1,9.265376154851e-05,5,16,9553.814211,597.1133881875,37664.07106394,307,280,42,8,0.0156159,upper_bound_16
2914,4,712915,16,8,16,1,1250,4,0,7.241778623696e-05,0,16,6166.568683,385.4105426875,25387.84342251,161,135,23,3,0.0087328,upper_bound_16
2914,4,712915,16,8,16,1,1250,4,0,7.241778623696e-05,5,16,5785.087235,361.5679521875,23445.4361806,172,144,4,1,0.0535618,upper_bound_16
2915,4,712916,16,8,16,1,1500,0,1,8.777269919495e-05,0,16,8561.198242,535.074890125,35560.99121861,214,191,36,8,0.0069628,upper_bound_16
2915,4,712916,16,8,16,1,1500,0,1,8.777269919495e-05,5,16,8512.439884,532.02749275,33937.19943502,260,237,36,8,0.0190053,upper_bound_16
2916,4,712917,16,8,16,1,1000,1,0,8.180067194406e-05,0,16,6167.845646,385.490352875,23204.22824206,243,229,1,0,0.0036667,upper_bound_16
2916,4,712917,16,8,16,1,1000,1,0,8.180067194406e-05,5,16,6414.06697,400.879185625,24475.33486203,243,218,2,0,0.0207427,upper_bound_16
2917,4,712918,16,8,16,1,1250,2,1,5.471401149972e-05,0,16,7184.875304,449.0547065,29229.37650635,211,186,6,0,0.0055262,upper_bound_16
2917,4,712918,16,8,16,1,1250,2,1,5.471401149972e-05,5,16,7059.996426,441.249776625,27009.98211328,264,237,7,0,0.0187019,upper_bound_16
2918,4,712919,16,8,16,1,1500,3,0,4.162160917884e-05,0,16,7183.626802,448.976675125,29263.13397637,183,165,57,2,0.0060877,upper_bound_16
2918,4,712919,16,8,16,1,1500,3,0,4.162160917884e-05,5,16,6916.659008,432.291188,27818.29506264,205,185,21,1,0.029992,upper_bound_16
2919,4,712920,16,8,16,1,1000,4,1,0.0001019350368706,0,16,6773.882222,423.367638875,27264.4111061,210,185,2,0,0.0047107,upper_bound_16
2919,4,712920,16,8,16,1,1000,4,1,0.0001019350368706,5,16,7122.196235,445.1372646875,27305.98118567,266,242,3,0,0.0208367,upper_bound_16
2920,4,712921,16,8,16,1,1250,0,0,0.000119983322314,0,16,7716.743025,482.2964390625,31633.71512762,214,186,18,3,0.0061547,upper_bound_16
2920,4,712921,16,8,16,1,1250,0,0,0.000119983322314,5,16,6888.688351,430.5430219375,27648.44175484,212,189,10,1,0.0292681,upper_bound_16
2921,4,712922,16,8,16,1,1500,1,1,6.515559958188e-05,0,16,9922.541226,620.158826625,40842.7061514,258,228,52,8,0.0065124,upper_bound_16
2921,4,712922,16,8,16,1,1500,1,1,6.515559958188e-05,5,16,9571.007051,598.1879406875,39420.03527147,246,215,54,8,0.0239274,upper_bound_16
2922,4,712923,16,8,16,1,1000,2,0,4.790780764316e-05,0,16,7458.003802,466.125237625,28775.01899459,258,234,33,2,0.0029895,upper_bound_16
2922,4,712923,16,8,16,1,1000,2,0,4.790780764316e-05,5,16,5771.0468,360.690425,22360.23399818,196,182,19,1,0.0246667,upper_bound_16
2923,4,712924,16,8,16,1,1250,3,1,8.424565148855e-05,0,16,7233.10592,452.06912,28430.52960496,248,227,0,0,0.0049795,upper_bound_16
2923,4,712924,16,8,16,1,1250,3,1,8.424565148855e-05,5,16,6916.589832,432.2868645,26112.94915515,273,249,0,0,0.0177998,upper_bound_16
2924,4,712925,16,8,16,1,1500,4,0,0.000179749460008,0,16,7752.087823,484.5054889375,33285.4391435,162,124,27,5,0.00917,upper_bound_16
2924,4,712925,16,8,16,1,1500,4,0,0.000179749460008,5,16,6487.829263,405.4893289375,27674.14632608,137,104,28,5,0.0202258,upper_bound_16
2925,4,712926,16,8,16,1,1000,0,1,6.314065056665e-05,0,16,8794.367209,549.6479505625,36296.83606419,233,206,28,8,0.0066681,upper_bound_16
2925,4,712926,16,8,16,1,1000,0,1,6.314065056665e-05,5,16,7952.650228,497.04063925,31493.25114823,256,234,20,7,0.0180173,upper_bound_16
2926,4,712927,16,8,16,1,1250,1,0,8.469033442082e-05,0,16,7483.375021,467.7109388125,31851.87510535,165,142,22,4,0.0077664,upper_bound_16
2926,4,712927,16,8,16,1,1250,1,0,8.469033442082e-05,5,16,7363.288777,460.2055485625,30546.44390118,190,161,21,3,0.0429812,upper_bound_16
2927,4,712928,16,8,16,1,1500,2,1,7.155970050562e-05,0,16,7255.614341,453.4758963125,29783.07172005,206,180,3,0,0.0073752,upper_bound_16
2927,4,712928,16,8,16,1,1500,2,1,7.155970050562e-05,5,16,7340.313092,458.76956825,30071.56548235,210,181,5,0,0.0300266,upper_bound_16
2928,4,712929,16,8,16,1,1000,3,0,6.084838721764e-05,0,16,7162.54639,447.659149375,28932.73195339,219,201,0,0,0.0040361,upper_bound_16
2928,4,712929,16,8,16,1,1000,3,0,6.084838721764e-05,5,16,5743.968739,358.9980461875,22669.84369411,191,175,0,0,0.0386135,upper_bound_16
2929,4,712930,16,8,16,1,1250,4,1,6.311641186814e-05,0,16,8364.018482,522.751155125,35255.09241328,186,159,48,8,0.0093543,upper_bound_16
2929,4,712930,16,8,16,1,1250,4,1,6.311641186814e-05,5,16,8337.316844,521.08230275,33386.58424012,259,231,18,5,0.0263402,upper_bound_16
2930,4,712931,16,8,16,1,1500,0,0,5.597259274997e-05,0,16,6604.180267,412.7612666875,26560.90133127,205,181,2,0,0.0077858,upper_bound_16
2930,4,712931,16,8,16,1,1500,0,0,5.597259274997e-05,5,16,6163.536675,385.2210421875,24867.68338043,188,170,0,0,0.0317449,upper_bound_16
2931,4,712932,16,8,16,1,1000,1,1,6.331753712307e-05,0,16,7398.631919,462.4144949375,29353.15957403,230,202,32,2,0.0050911,upper_bound_16
2931,4,712932,16,8,16,1,1000,1,1,6.331753712307e-05,5,16,7572.667801,473.2917375625,28308.33900736,307,278,6,0,0.0151881,upper_bound_16
2932,4,712933,16,8,16,1,1250,2,0,0.0001253417034447,0,16,6627.44591,414.215369375,26972.22956779,195,172,2,0,0.0075615,upper_bound_16
2932,4,712933,16,8,16,1,1250,2,0,0.0001253417034447,5,16,5844.608051,365.2880031875,23298.04027165,186,160,5,0,0.0389605,upper_bound_16
2933,4,712934,16,8,16,1,1500,3,1,9.159717786258e-05,0,16,9340.034742,583.752171375,39430.17373537,208,178,52,8,0.0067169,upper_bound_16
2933,4,712934,16,8,16,1,1500,3,1,9.159717786258e-05,5,16,8039.372604,502.46078775,33651.86302031,187,162,44,7,0.023032,upper_bound_16
2934,4,712935,16,8,16,1,1000,4,0,5.826073625481e-05,0,16,6535.282378,408.455148625,25391.41185134,200,185,64,2,0.0044602,upper_bound_16
2934,4,712935,16,8,16,1,1000,4,0,5.826073625481e-05,5,16,7928.484948,495.53030925,31852.42469466,219,191,64,2,0.0359273,upper_bound_16
2935,4,712936,16,8,16,1,1250,0,1,8.480296101081e-05,0,16,6982.21614,436.38850875,28056.08070821,219,196,0,0,0.0048205,upper_bound_16
2935,4,712936,16,8,16,1,1250,0,1,8.480296101081e-05,5,16,4939.656269,308.7285168125,18068.28134552,210,196,0,0,0.0107517,upper_bound_16
2936,4,712937,16,8,16,1,1500,1,0,3.553427799424e-05,0,16,7391.536626,461.971039125,31122.68311664,181,149,11,4,0.0095615,upper_bound_16
2936,4,712937,16,8,16,1,1500,1,0,3.553427799424e-05,5,16,6656.693221,416.0433263125,27703.46610894,169,140,17,4,0.0326928,upper_bound_16
2937,4,712938,16,8,16,1,1000,2,1,0.0001247274293511,0,16,6437.422854,402.338928375,25617.11427106,206,183,7,0,0.0078448,upper_bound_16
2937,4,712938,16,8,16,1,1000,2,1,0.0001247274293511,5,16,6632.67956,414.5424725,25293.39779796,250,223,7,0,0.0173296,upper_bound_16
2938,4,712939,16,8,16,1,1250,3,0,5.357406209559e-05,0,16,7283.457775,455.2161109375,29517.28881258,171,154,97,2,0.0054139,upper_bound_16
2938,4,712939,16,8,16,1,1250,3,0,5.357406209559e-05,5,16,5950.335511,371.8959694375,23441.67752861,180,165,39,1,0.0384471,upper_bound_16
2939,4,712940,16,8,16,1,1500,4,1,6.569309290599e-05,0,16,9544.139349,596.5087093125,38800.69675543,265,238,47,8,0.0048082,upper_bound_16
2939,4,712940,16,8,16,1,1500,4,1,6.569309290599e-05,5,16,9494.92137,593.432585625,38489.60685987,267,238,48,8,0.0223779,upper_bound_16
2940,4,712941,16,8,16,2,1000,0,0,0.0555775279858,0,16,5621.155324,351.32220775,23220.77661421,146,131,12,1,0.0091126,upper_bound_16
2940,4,712941,16,8,16,2,1000,0,0,0.0555775279858,5,16,4558.959955,284.9349971875,16579.79977502,191,172,12,1,0.021172,upper_bound_16
2941,4,712942,16,8,16,2,1250,1,1,0.09111384213011,0,16,8212.546566,513.284160375,30667.73282669,334,302,9,1,0.0037906,upper_bound_16
2941,4,712942,16,8,16,2,1250,1,1,0.09111384213011,5,16,7512.493044,469.53081525,27032.46522166,337,302,13,1,0.0164606,upper_bound_16
2942,4,712943,16,8,16,2,1500,2,0,0.06039595347904,0,16,7321.089366,457.568085375,29785.44680562,203,158,37,4,0.0079287,upper_bound_16
2942,4,712943,16,8,16,2,1500,2,0,0.06039595347904,5,16,6519.706892,407.48168075,25788.53445944,204,163,33,3,0.0487475,upper_bound_16
2943,4,712944,16,8,16,2,1000,3,1,0.07644602796779,0,16,7405.937296,462.871081,29919.68649065,217,197,20,5,0.005614,upper_bound_16
2943,4,712944,16,8,16,2,1000,3,1,0.07644602796779,5,16,5789.713381,361.8570863125,22083.56690863,218,197,2,2,0.0178317,upper_bound_16
2944,4,712945,16,8,16,2,1250,4,0,0.03271160661274,0,16,5389.911891,336.8694931875,20264.55945868,209,191,7,1,0.0053992,upper_bound_16
2944,4,712945,16,8,16,2,1250,4,0,0.03271160661274,5,16,4246.360244,265.39751525,14606.8012151,208,190,5,0,0.0208123,upper_bound_16
2945,4,712946,16,8,16,2,1500,0,1,0.1008925803794,0,16,8899.555053,556.2221908125,34762.77528852,299,267,35,6,0.0047269,upper_bound_16
2945,4,712946,16,8,16,2,1500,0,1,0.1008925803794,5,16,7219.160733,451.1975458125,27120.80365172,281,253,19,4,0.0149406,upper_bound_16
2946,4,712947,16,8,16,2,1000,1,0,0.1432660047748,0,16,5268.82362,329.30147625,20014.11813055,188,171,25,1,0.0056476,upper_bound_16
2946,4,712947,16,8,16,2,1000,1,0,0.1432660047748,5,16,4788.424741,299.2765463125,17337.12374139,197,172,28,2,0.0228371,upper_bound_16
2947,4,712948,16,8,16,2,1250,2,1,0.05872834023398,0,16,8190.986569,511.9366605625,31044.93287301,309,273,28,3,0.0037754,upper_bound_16
2947,4,712948,16,8,16,2,1250,2,1,0.05872834023398,5,16,8487.824723,530.4890451875,32219.12363155,313,273,42,4,0.0144494,upper_bound_16
2948,4,712949,16,8,16,2,1500,3,0,0.1461785507087,0,16,3873.332336,242.083271,16356.66171196,69,63,38,4,0.0112153,upper_bound_16
2948,4,712949,16,8,16,2,1500,3,0,0.1461785507087,5,16,3894.718755,243.4199221875,15038.59376992,138,117,0,0,0.0371958,upper_bound_16
2949,4,712950,16,8,16,2,1000,4,1,0.1935370084599,0,16,6340.134469,396.2584043125,24915.67234892,214,189,6,0,0.0059879,upper_bound_16
2949,4,712950,16,8,16,2,1000,4,1,0.1935370084599,5,16,7082.232644,442.63954025,26786.16323544,271,239,17,1,0.0297377,upper_bound_16
2950,4,712951,16,8,16,2,1250,0,0,0.09506946986523,0,16,3715.675453,232.2297158125,15308.37725048,76,68,42,2,0.0107411,upper_bound_16
2950,4,712951,16,8,16,2,1250,0,0,0.09506946986523,5,16,7103.312397,443.9570248125,28446.5619836,213,185,28,1,0.0512975,upper_bound_16
2951,4,712952,16,8,16,2,1500,1,1,0.04586125969406,0,16,7646.419947,477.9012466875,27627.09975267,337,299,19,1,0.0038146,upper_bound_16
2951,4,712952,16,8,16,2,1500,1,1,0.04586125969406,5,16,7527.254586,470.453411625,27211.272929,334,299,12,1,0.0170936,upper_bound_16
2952,4,712953,16,8,16,2,1000,2,0,0.09150244260476,0,16,4936.607686,308.537980375,18178.03842978,206,191,0,0,0.0059418,upper_bound_16
2952,4,712953,16,8,16,2,1000,2,0,0.09150244260476,5,16,4319.106718,269.944169875,15110.53359162,206,187,0,0,0.0081707,upper_bound_16
2953,4,712954,16,8,16,2,1250,3,1,0.05670903732322,0,16,7264.15711,454.009819375,27155.78557001,291,268,10,1,0.0049208,upper_bound_16
2953,4,712954,16,8,16,2,1250,3,1,0.05670903732322,5,16,7070.175718,441.885982375,26135.87862017,293,268,10,1,0.0182426,upper_bound_16
2954,4,712955,16,8,16,2,1500,4,0,0.04164684088744,0,16,7417.28202,463.58012625,27851.41010421,296,266,7,0,0.0037138,upper_bound_16
2954,4,712955,16,8,16,2,1500,4,0,0.04164684088744,5,16,7038.598783,439.9124239375,25632.99388527,293,259,36,2,0.0135961,upper_bound_16
2955,4,712956,16,8,16,2,1000,0,1,0.08199223010949,0,16,4796.328719,299.7705449375,19371.64360095,137,127,10,2,0.0078589,upper_bound_16
2955,4,712956,16,8,16,2,1000,0,1,0.08199223010949,5,16,6740.493206,421.280825375,25652.46604545,254,230,10,2,0.0171441,upper_bound_16
2956,4,712957,16,8,16,2,1250,1,0,0.04763913478634,0,16,7423.454921,463.9659325625,29102.2746057,256,213,10,3,0.0064519,upper_bound_16
2956,4,712957,16,8,16,2,1250,1,0,0.04763913478634,5,16,6514.546822,407.159176375,24562.73411688,253,209,16,3,0.0358485,upper_bound_16
2957,4,712958,16,8,16,2,1500,2,1,0.1812672799289,0,16,7623.990728,476.4994205,31904.95368904,175,147,47,7,0.0069517,upper_bound_16
2957,4,712958,16,8,16,2,1500,2,1,0.1812672799289,5,16,8151.681155,509.4800721875,31808.40579013,275,242,31,5,0.0238516,upper_bound_16
2958,4,712959,16,8,16,2,1000,3,0,0.1563921739907,0,16,5812.072497,363.2545310625,21845.36252312,218,201,24,4,0.0057515,upper_bound_16
2958,4,712959,16,8,16,2,1000,3,0,0.1563921739907,5,16,4468.362947,279.2726841875,15351.81474183,219,205,6,1,0.0131502,upper_bound_16
2959,4,712960,16,8,16,2,1250,4,1,0.07953168084752,0,16,8993.73499,562.108436875,32668.67496392,394,350,20,1,0.0029089,upper_bound_16
2959,4,712960,16,8,16,2,1250,4,1,0.07953168084752,5,16,8687.382103,542.9613814375,30996.91050684,400,357,17,1,0.0102694,upper_bound_16
2960,4,712961,16,8,16,2,1500,0,0,0.153725713082,0,16,7096.09862,443.50616375,29635.49311197,186,150,3,1,0.0104861,upper_bound_16
2960,4,712961,16,8,16,2,1500,0,0,0.153725713082,5,16,5868.132794,366.758299625,23870.6639755,173,146,1,0,0.0696751,upper_bound_16
2961,4,712962,16,8,16,2,1000,1,1,0.03793961257238,0,16,6234.080399,389.6300249375,23905.4019711,221,196,24,4,0.006634,upper_bound_16
2961,4,712962,16,8,16,2,1000,1,1,0.03793961257238,5,16,5236.363818,327.272738625,20821.81909048,154,132,30,4,0.0133509,upper_bound_16
2962,4,712963,16,8,16,2,1250,2,0,0.1078656178286,0,16,6150.932849,384.4333030625,25159.66428485,167,141,21,2,0.0111401,upper_bound_16
2962,4,712963,16,8,16,2,1250,2,0,0.1078656178286,5,16,4635.982397,289.7488998125,17614.91200212,169,143,15,2,0.0372305,upper_bound_16
2963,4,712964,16,8,16,2,1500,3,1,0.1363368693352,0,16,4776.60198,298.53762375,19608.009906,126,112,11,1,0.0093324,upper_bound_16
2963,4,712964,16,8,16,2,1500,3,1,0.1363368693352,5,16,4601.162366,287.572647875,18320.81183669,134,115,24,3,0.0115488,upper_bound_16
2964,4,712965,16,8,16,2,1000,4,0,0.07426901147894,0,16,3910.620092,244.41375575,16123.10048899,95,83,16,1,0.0091218,upper_bound_16
2964,4,712965,16,8,16,2,1000,4,0,0.07426901147894,5,16,5974.237988,373.38987425,24111.18994846,183,154,1,0,0.0697644,upper_bound_16
2965,4,712966,16,8,16,2,1250,0,1,0.05991494947863,0,16,7434.701178,464.668823625,29303.505905,247,223,12,3,0.0066146,upper_bound_16
2965,4,712966,16,8,16,2,1250,0,1,0.05991494947863,5,16,7150.602235,446.9126396875,27968.01118913,246,223,8,3,0.0239182,upper_bound_16
2966,4,712967,16,8,16,2,1500,1,0,0.147026343674,0,16,7441.874992,465.117187,30019.37496681,228,191,9,2,0.0084965,upper_bound_16
2966,4,712967,16,8,16,2,1500,1,0,0.147026343674,5,16,5700.014525,356.2509078125,21890.07263144,206,173,13,2,0.0372393,upper_bound_16
2967,4,712968,16,8,16,2,1000,2,1,0.09151504129026,0,16,5212.517556,325.78234725,20947.58780994,144,127,32,4,0.008825,upper_bound_16
2967,4,712968,16,8,16,2,1000,2,1,0.09151504129026,5,16,6817.717343,426.1073339375,25693.58672722,262,232,19,3,0.018231,upper_bound_16
2968,4,712969,16,8,16,2,1250,3,0,0.06552815684224,0,16,6173.57275,385.848296875,24317.86375764,206,182,6,2,0.0070087,upper_bound_16
2968,4,712969,16,8,16,2,1250,3,0,0.06552815684224,5,16,5335.60082,333.47505125,20468.00411061,197,177,0,0,0.0420984,upper_bound_16
2969,4,712970,16,8,16,2,1500,4,1,0.0794874329749,0,16,4174.445825,260.9028640625,17597.22912226,87,74,22,4,0.0108498,upper_bound_16
2969,4,712970,16,8,16,2,1500,4,1,0.0794874329749,5,16,8485.42671,530.339169375,33252.13355689,288,252,21,5,0.0252506,upper_bound_16
2970,4,712971,16,13,0,0,1000,0,0,0.4791972312057,0,16,9908.220665,619.2637915625,39146.10316633,219,196,236,5,0.0053629,upper_bound_16
2970,4,712971,16,13,0,0,1000,0,0,0.4791972312057,5,16,8429.979824,526.873739,32934.89903974,229,210,136,3,0.0205587,upper_bound_16
2971,4,712972,16,13,0,0,1250,1,1,0.5538636625164,0,16,7936.756647,496.0472904375,31528.78325442,254,227,18,1,0.0047815,upper_bound_16
2971,4,712972,16,13,0,0,1250,1,1,0.5538636625164,5,16,7213.000795,450.8125496875,28310.00397296,248,225,2,0,0.016204,upper_bound_16
2972,4,712973,16,13,0,0,1500,2,0,0.5564328713175,0,16,7876.436361,492.2772725625,32372.18178841,131,94,191,5,0.0147324,upper_bound_16
2972,4,712973,16,13,0,0,1500,2,0,0.5564328713175,5,16,7181.628312,448.8517695,29893.14155567,164,132,57,4,0.0419586,upper_bound_16
2973,4,712974,16,13,0,0,1000,3,1,0.4583387636639,0,16,10436.929082,652.308067625,40754.64521757,264,238,216,4,0.0040463,upper_bound_16
2973,4,712974,16,13,0,0,1000,3,1,0.4583387636639,5,16,8457.656253,528.6035158125,32163.28122467,267,238,124,2,0.0149482,upper_bound_16
2974,4,712975,16,13,0,0,1250,4,0,0.2950039797329,0,16,8043.879709,502.7424818125,32779.39860761,212,180,56,3,0.0062856,upper_bound_16
2974,4,712975,16,13,0,0,1250,4,0,0.2950039797329,5,16,7435.851623,464.7407264375,29874.25815328,216,187,38,1,0.0194671,upper_bound_16
2975,4,712976,16,13,0,0,1500,0,1,0.2754347412257,0,16,8456.245333,528.5153333125,33716.22668949,271,227,17,3,0.0044597,upper_bound_16
2975,4,712976,16,13,0,0,1500,0,1,0.2754347412257,5,16,7814.400144,488.400009,32337.00073131,210,181,12,2,0.0187288,upper_bound_16
2976,4,712977,16,13,0,0,1000,1,0,0.5374893225721,0,16,10278.450689,642.4031680625,39762.25340158,295,258,171,4,0.0039088,upper_bound_16
2976,4,712977,16,13,0,0,1000,1,0,0.5374893225721,5,16,8840.117248,552.507328,34440.58619028,233,200,169,4,0.0231508,upper_bound_16
2977,4,712978,16,13,0,0,1250,2,1,0.3628423658549,0,16,10159.647365,634.9779603125,39488.23653774,258,223,223,5,0.0043719,upper_bound_16
2977,4,712978,16,13,0,0,1250,2,1,0.3628423658549,5,16,9076.8468,567.302925,34879.23374436,242,214,199,4,0.0147289,upper_bound_16
2978,4,712979,16,13,0,0,1500,3,0,0.6189540611896,0,16,6577.992408,411.1245255,27109.9620457,168,140,32,2,0.0093736,upper_bound_16
2978,4,712979,16,13,0,0,1500,3,0,0.6189540611896,5,16,6961.542494,435.096405875,28962.71245801,168,135,38,2,0.0399985,upper_bound_16
2979,4,712980,16,13,0,0,1000,4,1,0.3157842876297,0,16,9391.179769,586.9487355625,36755.8985994,268,245,125,2,0.0035364,upper_bound_16
2979,4,712980,16,13,0,0,1000,4,1,0.3157842876297,5,16,8731.156232,545.6972645,34235.78092185,242,219,125,2,0.0133904,upper_bound_16
2980,4,712981,16,13,0,0,1250,0,0,0.8742995779231,0,16,9095.651539,568.4782211875,35528.25747349,211,171,228,6,0.0090303,upper_bound_16
2980,4,712981,16,13,0,0,1250,0,0,0.8742995779231,5,16,7913.743609,494.6089755625,32253.71796249,152,113,170,5,0.0242059,upper_bound_16
2981,4,712982,16,13,0,0,1500,1,1,0.5627715171057,0,16,8292.471492,518.27946825,33227.35743194,260,225,14,2,0.0034677,upper_bound_16
2981,4,712982,16,13,0,0,1500,1,1,0.5627715171057,5,16,7583.147055,473.9466909375,30670.73526382,227,192,14,1,0.0192852,upper_bound_16
2982,4,712983,16,13,0,0,1000,2,0,0.5798325379426,0,16,8468.006322,529.250395125,34420.03159392,194,168,122,4,0.0077938,upper_bound_16
2982,4,712983,16,13,0,0,1000,2,0,0.5798325379426,5,16,5946.142712,371.6339195,25265.71351684,115,94,48,3,0.0321048,upper_bound_16
2983,4,712984,16,13,0,0,1250,3,1,0.9104064643924,0,16,7962.331488,497.645718,31121.65748513,269,247,22,1,0.0043029,upper_bound_16
2983,4,712984,16,13,0,0,1250,3,1,0.9104064643924,5,16,8041.06743,502.566714375,32080.33719758,239,215,45,2,0.0186162,upper_bound_16
2984,4,712985,16,13,0,0,1500,4,0,0.6918479754939,0,16,6276.921325,392.3075828125,24614.60663128,214,174,10,2,0.0107285,upper_bound_16
2984,4,712985,16,13,0,0,1500,4,0,0.6918479754939,5,16,5678.871642,354.929477625,22924.35820904,161,128,27,3,0.0295401,upper_bound_16
2985,4,712986,16,13,0,0,1000,0,1,0.6821256232325,0,16,9541.369649,596.3356030625,36656.84782236,261,243,194,2,0.0038359,upper_bound_16
2985,4,712986,16,13,0,0,1000,0,1,0.6821256232325,5,16,10145.291459,634.0807161875,39206.45684701,252,229,245,4,0.0117791,upper_bound_16
2986,4,712987,16,13,0,0,1250,1,0,0.7161690494129,0,16,6231.924631,389.4952894375,25344.6232044,161,146,44,1,0.0093939,upper_bound_16
2986,4,712987,16,13,0,0,1250,1,0,0.7161690494129,5,16,7211.539163,450.7211976875,28702.69589232,199,174,74,2,0.0273471,upper_bound_16
2987,4,712988,16,13,0,0,1500,2,1,0.5594768162604,0,16,7959.9784,497.49865,33074.89197844,195,161,43,3,0.010288,upper_bound_16
2987,4,712988,16,13,0,0,1500,2,1,0.5594768162604,5,16,7170.900462,448.181278875,29239.50229197,191,153,45,2,0.0389303,upper_bound_16
2988,4,712989,16,13,0,0,1000,3,0,0.6841959845381,0,16,7388.145534,461.759095875,29090.72768906,206,190,90,3,0.0057165,upper_bound_16
2988,4,712989,16,13,0,0,1000,3,0,0.6841959845381,5,16,6391.254366,399.453397875,25841.27178444,157,142,72,2,0.0276705,upper_bound_16
2989,4,712990,16,13,0,0,1250,4,1,0.9054008155471,0,16,8954.424157,559.6515098125,35227.12088457,287,262,44,2,0.003542,upper_bound_16
2989,4,712990,16,13,0,0,1250,4,1,0.9054008155471,5,16,7470.174957,466.8859348125,29055.87480954,264,226,11,2,0.0125785,upper_bound_16
2990,4,712991,16,13,0,0,1500,0,0,0.7069298121338,0,16,6945.133734,434.070858375,27770.6686783,201,168,46,2,0.0097168,upper_bound_16
2990,4,712991,16,13,0,0,1500,0,0,0.7069298121338,5,16,7231.347253,451.9592033125,29791.73626913,182,151,44,2,0.0424733,upper_bound_16
2991,4,712992,16,13,0,0,1000,1,1,0.8615677836028,0,16,8994.297857,562.1436160625,34606.48927444,281,255,111,3,0.003492,upper_bound_16
2991,4,712992,16,13,0,0,1000,1,1,0.8615677836028,5,16,8460.894342,528.805896375,32769.47164303,261,231,97,2,0.014223,upper_bound_16
2992,4,712993,16,13,0,0,1250,2,0,0.4840325328446,0,16,4715.957066,294.747316625,19289.7853374,130,113,5,0,0.0126194,upper_bound_16
2992,4,712993,16,13,0,0,1250,2,0,0.4840325328446,5,16,4386.174672,274.135917,18660.87335035,97,68,7,1,0.0427963,upper_bound_16
2993,4,712994,16,13,0,0,1500,3,1,0.6541321813622,0,16,7168.930906,448.058181625,29089.65452372,202,168,31,3,0.0058474,upper_bound_16
2993,4,712994,16,13,0,0,1500,3,1,0.6541321813622,5,16,7713.968197,482.1230123125,31169.84083786,203,172,71,1,0.0217081,upper_bound_16
2994,4,712995,16,13,0,0,1000,4,0,0.484226240581,0,16,9253.139789,578.3212368125,36515.69889811,217,191,198,6,0.0049191,upper_bound_16
2994,4,712995,16,13,0,0,1000,4,0,0.484226240581,5,16,9117.645042,569.852815125,35498.22514043,208,184,238,7,0.0186957,upper_bound_16
2995,4,712996,16,13,0,0,1250,0,1,0.3905529774823,0,16,8080.584905,505.0365565625,32582.92445368,225,197,54,3,0.0049938,upper_bound_16
2995,4,712996,16,13,0,0,1250,0,1,0.3905529774823,5,16,7583.203528,473.9502205,29531.01759186,232,197,80,5,0.022115,upper_bound_16
2996,4,712997,16,13,0,0,1500,1,0,0.7960215826793,0,16,6873.360649,429.5850405625,27366.80325761,184,136,88,6,0.0098236,upper_bound_16
2996,4,712997,16,13,0,0,1500,1,0,0.7960215826793,5,16,5232.341535,327.0213459375,21416.70760569,124,93,52,4,0.0294951,upper_bound_16
2997,4,712998,16,13,0,0,1000,2,1,0.3728844007632,0,16,7935.908577,495.9942860625,31339.54293584,253,233,30,1,0.0039309,upper_bound_16
2997,4,712998,16,13,0,0,1000,2,1,0.3728844007632,5,16,7655.270652,478.45441575,29191.35336072,261,231,67,3,0.0164264,upper_bound_16
2998,4,712999,16,13,0,0,1250,3,0,0.5754528617675,0,16,7379.39191,461.211994375,29916.95956989,181,150,87,4,0.0089001,upper_bound_16
2998,4,712999,16,13,0,0,1250,3,0,0.5754528617675,5,16,7296.590633,456.0369145625,29497.9531955,195,168,58,2,0.0305886,upper_bound_16
2999,4,713000,16,13,0,0,1500,4,1,0.4437171586245,0,16,9428.493874,589.280867125,37512.46938817,262,218,106,4,0.0046708,upper_bound_16
2999,4,713000,16,13,0,0,1500,4,1,0.4437171586245,5,16,8020.907594,501.306724625,30899.53798556,286,235,32,4,0.0147239,upper_bound_16
3000,4,713001,16,13,0,1,1000,0,0,8.187117838525e-05,0,16,7349.694388,459.35589925,29758.47191691,159,136,129,5,0.0072437,upper_bound_16
3000,4,713001,16,13,0,1,1000,0,0,8.187117838525e-05,5,16,8285.240007,517.8275004375,31181.20000789,265,230,138,5,0.0182013,upper_bound_16
3001,4,713002,16,13,0,1,1250,1,1,9.379337887124e-05,0,16,7735.701703,483.4813564375,31628.50854611,188,159,77,3,0.0101945,upper_bound_16
3001,4,713002,16,13,0,1,1250,1,1,9.379337887124e-05,5,16,7161.918496,447.619906,28339.59250069,230,204,20,1,0.0133161,upper_bound_16
3002,4,713003,16,13,0,1,1500,2,0,2.733970576146e-05,0,16,8056.538284,503.53364275,33372.69136424,173,128,103,3,0.0095088,upper_bound_16
3002,4,713003,16,13,0,1,1500,2,0,2.733970576146e-05,5,16,8131.998762,508.249922625,33234.99373938,191,141,103,3,0.0454614,upper_bound_16
3003,4,713004,16,13,0,1,1000,3,1,9.337724052578e-05,0,16,8338.112139,521.1320086875,31995.56069318,269,235,93,2,0.0040226,upper_bound_16
3003,4,713004,16,13,0,1,1000,3,1,9.337724052578e-05,5,16,5907.594339,369.2246461875,21697.97168122,206,185,91,2,0.0106097,upper_bound_16
3004,4,713005,16,13,0,1,1250,4,0,0.0001047821981735,0,16,6236.03185,389.751990625,25920.15925266,163,139,6,1,0.006492,upper_bound_16
3004,4,713005,16,13,0,1,1250,4,0,0.0001047821981735,5,16,5902.235122,368.889695125,24276.1756122,162,127,10,2,0.0367341,upper_bound_16
3005,4,713006,16,13,0,1,1500,0,1,7.59364537882e-05,0,16,7908.584676,494.28654225,33412.92338614,196,163,1,0,0.0090853,upper_bound_16
3005,4,713006,16,13,0,1,1500,0,1,7.59364537882e-05,5,16,5978.497583,373.6560989375,24672.4879169,165,139,0,0,0.0211573,upper_bound_16
3006,4,713007,16,13,0,1,1000,1,0,5.332348561144e-05,0,16,6724.557188,420.28482425,25832.78600877,196,177,107,2,0.0062555,upper_bound_16
3006,4,713007,16,13,0,1,1000,1,0,5.332348561144e-05,5,16,7702.998687,481.4374179375,31059.99341179,208,179,64,2,0.0261357,upper_bound_16
3007,4,713008,16,13,0,1,1250,2,1,0.0001512833833064,0,16,11921.581454,745.098840875,47452.90720328,237,203,321,7,0.0045471,upper_bound_16
3007,4,713008,16,13,0,1,1250,2,1,0.0001512833833064,5,16,7691.831219,480.7394511875,31049.15610879,232,200,14,1,0.0205158,upper_bound_16
3008,4,713009,16,13,0,1,1500,3,0,4.056374726211e-05,0,16,8404.79237,525.299523125,34688.9618128,197,156,82,6,0.0066986,upper_bound_16
3008,4,713009,16,13,0,1,1500,3,0,4.056374726211e-05,5,16,6907.208942,431.700558875,28241.04473165,187,154,30,3,0.0301393,upper_bound_16
3009,4,713010,16,13,0,1,1000,4,1,7.24181754525e-05,0,16,9894.822202,618.426387625,38994.11094294,268,223,151,4,0.0052156,upper_bound_16
3009,4,713010,16,13,0,1,1000,4,1,7.24181754525e-05,5,16,8009.313863,500.5821164375,31026.56932408,251,208,87,2,0.0194872,upper_bound_16
3010,4,713011,16,13,0,1,1250,0,0,0.0001278452813398,0,16,7731.023228,483.18895175,31875.11607275,181,149,74,2,0.0087479,upper_bound_16
3010,4,713011,16,13,0,1,1250,0,0,0.0001278452813398,5,16,6036.206356,377.26289725,24351.03185494,165,138,41,2,0.0265622,upper_bound_16
3011,4,713012,16,13,0,1,1500,1,1,7.992231718232e-05,0,16,8410.479328,525.654958,33707.39665673,260,205,28,5,0.0042919,upper_bound_16
3011,4,713012,16,13,0,1,1500,1,1,7.992231718232e-05,5,16,8130.154909,508.1346818125,31790.77455836,274,217,35,5,0.0145031,upper_bound_16
3012,4,713013,16,13,0,1,1000,2,0,9.149956222435e-05,0,16,8156.409484,509.77559275,32902.04743827,232,195,47,1,0.0060116,upper_bound_16
3012,4,713013,16,13,0,1,1000,2,0,9.149956222435e-05,5,16,5558.844522,347.427782625,21739.22261422,191,161,5,1,0.026574,upper_bound_16
3013,4,713014,16,13,0,1,1250,3,1,5.044864680409e-05,0,16,7306.858821,456.6786763125,29299.29410782,233,202,0,0,0.0042577,upper_bound_16
3013,4,713014,16,13,0,1,1250,3,1,5.044864680409e-05,5,16,8327.386737,520.4616710625,31791.93370214,306,245,38,3,0.012819,upper_bound_16
3014,4,713015,16,13,0,1,1500,4,0,5.380502476266e-05,0,16,8623.356181,538.9597613125,36891.78092799,169,116,68,6,0.013038,upper_bound_16
3014,4,713015,16,13,0,1,1500,4,0,5.380502476266e-05,5,16,6530.11158,408.13197375,27640.55787698,129,91,62,4,0.0534455,upper_bound_16
3015,4,713016,16,13,0,1,1000,0,1,4.819127030378e-05,0,16,8542.132456,533.8832785,33890.66216285,222,196,126,4,0.006501,upper_bound_16
3015,4,713016,16,13,0,1,1000,0,1,4.819127030378e-05,5,16,5944.30433,371.519020625,23786.52164264,188,167,0,0,0.0343624,upper_bound_16
3016,4,713017,16,13,0,1,1250,1,0,6.004132040073e-05,0,16,6653.811886,415.863242875,26914.05941405,189,165,27,1,0.0076475,upper_bound_16
3016,4,713017,16,13,0,1,1250,1,0,6.004132040073e-05,5,16,5873.729474,367.108092125,23728.64734572,157,125,46,3,0.0231241,upper_bound_16
3017,4,713018,16,13,0,1,1500,2,1,4.322320125703e-05,0,16,11329.127963,708.0704976875,44815.63957983,200,167,373,9,0.0050783,upper_bound_16
3017,4,713018,16,13,0,1,1500,2,1,4.322320125703e-05,5,16,9386.937116,586.68356975,36319.6854511,283,250,126,3,0.0127406,upper_bound_16
3018,4,713019,16,13,0,1,1000,3,0,4.292214162101e-05,0,16,10375.058783,648.4411739375,40010.29360628,174,151,424,8,0.0061381,upper_bound_16
3018,4,713019,16,13,0,1,1000,3,0,4.292214162101e-05,5,16,9948.95718,621.80982375,38479.78565116,175,146,384,9,0.0341271,upper_bound_16
3019,4,713020,16,13,0,1,1250,4,1,4.888098937975e-05,0,16,6433.209182,402.075573875,24851.0458921,234,204,3,1,0.0042851,upper_bound_16
3019,4,713020,16,13,0,1,1250,4,1,4.888098937975e-05,5,16,6288.677252,393.04232825,24218.38626569,231,201,3,1,0.0170288,upper_bound_16
3020,4,713021,16,13,0,1,1500,0,0,6.079837872373e-05,0,16,9657.080481,603.5675300625,39275.40243788,207,159,176,7,0.0078081,upper_bound_16
3020,4,713021,16,13,0,1,1500,0,0,6.079837872373e-05,5,16,6552.513163,409.5320726875,25902.56583119,179,130,89,7,0.0226176,upper_bound_16
3021,4,713022,16,13,0,1,1000,1,1,6.794180485792e-05,0,16,11322.965576,707.6853485,44189.8278487,228,200,355,10,0.0038665,upper_bound_16
3021,4,713022,16,13,0,1,1000,1,1,6.794180485792e-05,5,16,8581.301262,536.331328875,33511.50634678,222,200,163,4,0.0154565,upper_bound_16
3022,4,713023,16,13,0,1,1250,2,0,6.984343391763e-05,0,16,6956.616126,434.788507875,28763.08061894,183,146,21,2,0.0065755,upper_bound_16
3022,4,713023,16,13,0,1,1250,2,0,6.984343391763e-05,5,16,5812.35624,363.272265,23251.78118892,176,145,19,1,0.020085,upper_bound_16
3023,4,713024,16,13,0,1,1500,3,1,7.097670578997e-05,0,16,9975.020543,623.4387839375,39435.10261713,264,229,153,5,0.0041638,upper_bound_16
3023,4,713024,16,13,0,1,1500,3,1,7.097670578997e-05,5,16,6903.975677,431.4984798125,27769.87835463,170,144,92,4,0.0131556,upper_bound_16
3024,4,713025,16,13,0,1,1000,4,0,9.263946317867e-05,0,16,10091.115977,630.6947485625,41745.57986432,203,173,158,4,0.0081531,upper_bound_16
3024,4,713025,16,13,0,1,1000,4,0,9.263946317867e-05,5,16,7326.740611,457.9212881875,29398.70304758,204,176,57,2,0.0220153,upper_bound_16
3025,4,713026,16,13,0,1,1250,0,1,6.399060112905e-05,0,16,7862.250859,491.3906786875,31746.25437706,204,161,84,5,0.0058517,upper_bound_16
3025,4,713026,16,13,0,1,1250,0,1,6.399060112905e-05,5,16,6844.006605,427.7504128125,27020.03303863,229,191,8,2,0.0168156,upper_bound_16
3026,4,713027,16,13,0,1,1500,1,0,6.285376136397e-05,0,16,8426.372145,526.6482590625,35411.86065258,143,99,150,7,0.0136527,upper_bound_16
3026,4,713027,16,13,0,1,1500,1,0,6.285376136397e-05,5,16,7352.62371,459.538981875,30918.11847175,114,84,145,5,0.0443936,upper_bound_16
3027,4,713028,16,13,0,1,1000,2,1,8.311062402623e-05,0,16,8118.735889,507.4209930625,32463.67923155,191,168,141,3,0.0060131,upper_bound_16
3027,4,713028,16,13,0,1,1000,2,1,8.311062402623e-05,5,16,5309.500078,331.843754875,20077.50039749,205,189,0,0,0.0170868,upper_bound_16
3028,4,713029,16,13,0,1,1250,3,0,3.490622239162e-05,0,16,7208.982288,450.561393,29834.91150409,175,143,48,3,0.0076225,upper_bound_16
3028,4,713029,16,13,0,1,1250,3,0,3.490622239162e-05,5,16,6877.759513,429.8599695625,28258.79762494,154,130,82,4,0.0401448,upper_bound_16
3029,4,713030,16,13,0,1,1500,4,1,4.541151493663e-05,0,16,9674.122789,604.6326743125,39075.61405603,261,207,89,6,0.0057202,upper_bound_16
3029,4,713030,16,13,0,1,1500,4,1,4.541151493663e-05,5,16,8045.825854,502.864115875,31284.1292421,265,219,55,5,0.0233365,upper_bound_16
3030,4,713031,16,13,0,2,1000,0,0,0.1993169363813,0,16,5246.762466,327.922654125,21153.8121163,61,49,194,3,0.0150735,upper_bound_16
3030,4,713031,16,13,0,2,1000,0,0,0.1993169363813,5,16,4752.590885,297.0369303125,19072.9543739,100,76,94,2,0.0478225,upper_bound_16
3031,4,713032,16,13,0,2,1250,1,1,0.1777971648005,0,16,3752.825057,234.5515660625,16159.12527638,75,57,3,0,0.0111948,upper_bound_16
3031,4,713032,16,13,0,2,1250,1,1,0.1777971648005,5,16,3208.809669,200.5506043125,13454.04833692,75,57,2,0,0.0250923,upper_bound_16
3032,4,713033,16,13,0,2,1500,2,0,0.1724629183795,0,16,6467.4841,404.21775625,26632.42023837,59,46,240,6,0.0095718,upper_bound_16
3032,4,713033,16,13,0,2,1500,2,0,0.1724629183795,5,16,4192.5712,262.0357,16017.85580582,77,59,155,2,0.0313303,upper_bound_16
3033,4,713034,16,13,0,2,1000,3,1,0.7012968863613,0,16,9716.334005,607.2708753125,38151.66947924,69,56,535,11,0.0098118,upper_bound_16
3033,4,713034,16,13,0,2,1000,3,1,0.7012968863613,5,16,4778.43956,298.6524725,18687.19773571,124,107,78,4,0.0187629,upper_bound_16
3034,4,713035,16,13,0,2,1250,4,0,0.5611311267954,0,16,4802.862452,300.17890325,19889.31221594,104,84,47,1,0.0114158,upper_bound_16
3034,4,713035,16,13,0,2,1250,4,0,0.5611311267954,5,16,5388.596027,336.7872516875,21042.9799105,68,49,237,5,0.0407444,upper_bound_16
3035,4,713036,16,13,0,2,1500,0,1,0.6426035021452,0,16,8650.270291,540.6418931875,34801.35106405,69,56,403,11,0.0094375,upper_bound_16
3035,4,713036,16,13,0,2,1500,0,1,0.6426035021452,5,16,7518.852586,469.928286625,28459.26270046,165,142,260,7,0.0128429,upper_bound_16
3036,4,713037,16,13,0,2,1000,1,0,0.7648241891941,0,16,4725.580127,295.3487579375,19062.90044384,51,44,178,4,0.0118764,upper_bound_16
3036,4,713037,16,13,0,2,1000,1,0,0.7648241891941,5,16,4931.064529,308.1915330625,19180.32249467,110,90,125,2,0.0484235,upper_bound_16
3037,4,713038,16,13,0,2,1250,2,1,0.3715698465838,0,16,5637.077422,352.317338875,23120.38687173,92,71,134,3,0.0127879,upper_bound_16
3037,4,713038,16,13,0,2,1250,2,1,0.3715698465838,5,16,4648.823791,290.5514869375,18369.11895968,150,115,10,0,0.0102885,upper_bound_16
3038,4,713039,16,13,0,2,1500,3,0,0.3288353773626,0,16,6010.585465,375.6615915625,24562.92720383,107,84,133,4,0.012497,upper_bound_16
3038,4,713039,16,13,0,2,1500,3,0,0.3288353773626,5,16,5446.126794,340.382924625,21530.63388059,65,51,228,4,0.0444823,upper_bound_16
3039,4,713040,16,13,0,2,1000,4,1,0.5470912139342,0,16,10628.243351,664.2652094375,41896.21629074,89,71,551,10,0.0094476,upper_bound_16
3039,4,713040,16,13,0,2,1000,4,1,0.5470912139342,5,16,8890.259346,555.641209125,33861.29629094,96,67,497,9,0.0098919,upper_bound_16
3040,4,713041,16,13,0,2,1250,0,0,0.2113796159274,0,16,5140.83175,321.301984375,21104.15869661,73,61,138,3,0.0134708,upper_bound_16
3040,4,713041,16,13,0,2,1250,0,0,0.2113796159274,5,16,3729.922002,233.120125125,14419.61000867,98,84,64,2,0.0481104,upper_bound_16
3041,4,713042,16,13,0,2,1500,1,1,0.1166933257466,0,16,7170.139077,448.1336923125,28580.69518945,123,102,219,6,0.0103183,upper_bound_16
3041,4,713042,16,13,0,2,1500,1,1,0.1166933257466,5,16,3415.638143,213.4773839375,13578.19071586,105,83,4,0,0.0077214,upper_bound_16
3042,4,713043,16,13,0,2,1000,2,0,0.600223188267,0,16,6466.932119,404.1832574375,25779.66058342,67,53,281,5,0.0089545,upper_bound_16
3042,4,713043,16,13,0,2,1000,2,0,0.600223188267,5,16,6685.392915,417.8370571875,25996.96456779,113,88,251,3,0.0356514,upper_bound_16
3043,4,713044,16,13,0,2,1250,3,1,0.2958708921792,0,16,9853.829343,615.8643339375,38029.14625065,118,102,492,10,0.010434,upper_bound_16
3043,4,713044,16,13,0,2,1250,3,1,0.2958708921792,5,16,5386.782847,336.6739279375,20538.91403785,103,90,198,3,0.0265088,upper_bound_16
3044,4,713045,16,13,0,2,1500,4,0,0.3845788700305,0,16,7508.027456,469.251716,29630.13703362,65,49,376,6,0.0128648,upper_bound_16
3044,4,713045,16,13,0,2,1500,4,0,0.3845788700305,5,16,5104.960169,319.0600105625,19389.80064321,80,60,229,3,0.0440236,upper_bound_16
3045,4,713046,16,13,0,2,1000,0,1,0.1558608642225,0,16,10676.073379,667.2545861875,42305.36623735,72,56,573,13,0.0112873,upper_bound_16
3045,4,713046,16,13,0,2,1000,0,1,0.1558608642225,5,16,5877.544593,367.3465370625,21687.72273103,154,138,184,2,0.0205024,upper_bound_16
3046,4,713047,16,13,0,2,1250,1,0,0.3717619737369,0,16,5494.904798,343.431549875,22234.52380595,112,96,104,2,0.0093711,upper_bound_16
3046,4,713047,16,13,0,2,1250,1,0,0.3717619737369,5,16,3502.763139,218.9226961875,13083.81569659,123,104,29,1,0.0475716,upper_bound_16
3047,4,713048,16,13,0,2,1500,2,1,0.2048771655757,0,16,5539.508331,346.2192706875,24167.54165975,106,75,7,0,0.0110022,upper_bound_16
3047,4,713048,16,13,0,2,1500,2,1,0.2048771655757,5,16,3157.157596,197.32234975,13035.7879764,79,57,6,0,0.0241629,upper_bound_16
3048,4,713049,16,13,0,2,1000,3,0,0.6066786187124,0,16,3682.661982,230.166373875,14573.30978031,81,67,72,2,0.0145632,upper_bound_16
3048,4,713049,16,13,0,2,1000,3,0,0.6066786187124,5,16,4885.498281,305.3436425625,19172.49126088,86,67,158,2,0.037534,upper_bound_16
3049,4,713050,16,13,0,2,1250,4,1,0.6398644505314,0,16,10265.036152,641.5647595,40375.18036787,70,56,568,11,0.0133575,upper_bound_16
3049,4,713050,16,13,0,2,1250,4,1,0.6398644505314,5,16,5361.68331,335.105206875,20048.41653966,159,138,113,2,0.0158074,upper_bound_16
3050,4,713051,16,13,0,2,1500,0,0,0.2902020413992,0,16,5693.687043,355.8554401875,23443.43484466,61,50,190,5,0.0119416,upper_bound_16
3050,4,713051,16,13,0,2,1500,0,0,0.2902020413992,5,16,5678.436277,354.9022673125,22707.18100668,68,57,220,5,0.0637877,upper_bound_16
3051,4,713052,16,13,0,2,1000,1,1,0.1406224202701,0,16,11444.870963,715.3044351875,44154.35395922,69,56,711,11,0.0124482,upper_bound_16
3051,4,713052,16,13,0,2,1000,1,1,0.1406224202701,5,16,8437.235761,527.3272350625,31471.17815651,109,93,475,6,0.0146277,upper_bound_16
3052,4,713053,16,13,0,2,1250,2,0,0.4420368600845,0,16,6351.675917,396.9797448125,25928.37930216,69,57,228,4,0.0093068,upper_bound_16
3052,4,713053,16,13,0,2,1250,2,0,0.4420368600845,5,16,5486.93991,342.933744375,21639.69926317,65,43,237,5,0.0343848,upper_bound_16
3053,4,713054,16,13,0,2,1500,3,1,0.3587500214931,0,16,11076.282074,692.267629625,42426.40966554,152,131,540,10,0.0086721,upper_bound_16
3053,4,713054,16,13,0,2,1500,3,1,0.3587500214931,5,16,2807.485352,175.4678345,11757.42675859,65,51,0,0,0.0070219,upper_bound_16
3054,4,713055,16,13,0,2,1000,4,0,0.1697012391888,0,16,8461.837745,528.8648590625,33819.18835178,63,49,418,9,0.0131481,upper_bound_16
3054,4,713055,16,13,0,2,1000,4,0,0.1697012391888,5,16,6254.907009,390.9316880625,24474.53476301,83,58,269,6,0.0508905,upper_bound_16
3055,4,713056,16,13,0,2,1250,0,1,0.3585832801086,0,16,9162.441662,572.652603875,37592.20820375,66,52,394,13,0.0092822,upper_bound_16
3055,4,713056,16,13,0,2,1250,0,1,0.3585832801086,5,16,3636.644675,227.2902921875,14438.22334101,89,74,50,3,0.0181383,upper_bound_16
3056,4,713057,16,13,0,2,1500,1,0,0.4370038977357,0,16,5277.50736,329.84421,21632.53667945,60,52,173,4,0.0123325,upper_bound_16
3056,4,713057,16,13,0,2,1500,1,0,0.4370038977357,5,16,4010.021178,250.626323625,16310.1058556,84,68,60,2,0.0497686,upper_bound_16
3057,4,713058,16,13,0,2,1000,2,1,0.253085951475,0,16,7465.44769,466.590480625,29687.23835691,181,147,132,3,0.0070759,upper_bound_16
3057,4,713058,16,13,0,2,1000,2,1,0.253085951475,5,16,3895.17686,243.44855375,15410.88429216,124,104,3,0,0.0320634,upper_bound_16
3058,4,713059,16,13,0,2,1250,3,0,0.5754640055426,0,16,4052.228198,253.264262375,17146.14098428,79,58,30,1,0.0132472,upper_bound_16
3058,4,713059,16,13,0,2,1250,3,0,0.5754640055426,5,16,4246.896017,265.4310010625,16834.48007232,70,54,132,3,0.0336501,upper_bound_16
3059,4,713060,16,13,0,2,1500,4,1,0.5109031328868,0,16,4868.71997,304.294998125,19598.59985906,146,121,6,0,0.0109362,upper_bound_16
3059,4,713060,16,13,0,2,1500,4,1,0.5109031328868,5,16,3595.057732,224.69110825,15270.28867422,77,58,6,0,0.0271906,upper_bound_16
3060,4,713061,16,13,8,0,1000,0,0,0.7256641564434,0,16,9046.754482,565.422155125,34668.77244158,297,266,94,3,0.0035645,upper_bound_16
3060,4,713061,16,13,8,0,1000,0,0,0.7256641564434,5,16,8533.096906,533.318556625,32875.48453739,261,231,114,3,0.0153425,upper_bound_16
3061,4,713062,16,13,8,0,1250,1,1,0.6234527068035,0,16,8645.494447,540.3434029375,34607.47209978,229,196,101,3,0.0049715,upper_bound_16
3061,4,713062,16,13,8,0,1250,1,1,0.6234527068035,5,16,9063.020885,566.4388053125,35220.10425102,274,236,111,4,0.0159188,upper_bound_16
3062,4,713063,16,13,8,0,1500,2,0,0.8369117515279,0,16,7521.622167,470.1013854375,30763.11083794,218,184,5,1,0.0068452,upper_bound_16
3062,4,713063,16,13,8,0,1500,2,0,0.8369117515279,5,16,7422.50107,463.906316875,29377.50535554,245,203,13,3,0.0164238,upper_bound_16
3063,4,713064,16,13,8,0,1000,3,1,0.6923394234986,0,16,12433.818012,777.11362575,49464.09014026,264,238,301,9,0.0037823,upper_bound_16
3063,4,713064,16,13,8,0,1000,3,1,0.6923394234986,5,16,8858.946954,553.684184625,35849.73480633,254,225,38,5,0.013905,upper_bound_16
3064,4,713065,16,13,8,0,1250,4,0,0.2710059525203,0,16,8443.600289,527.7250180625,34023.00150665,230,193,72,3,0.0064303,upper_bound_16
3064,4,713065,16,13,8,0,1250,4,0,0.2710059525203,5,16,7805.685958,487.855372375,31733.42979476,213,179,45,1,0.0245661,upper_bound_16
3065,4,713066,16,13,8,0,1500,0,1,0.5148067351398,0,16,8926.924965,557.9328103125,35979.62490908,240,205,82,6,0.0055259,upper_bound_16
3065,4,713066,16,13,8,0,1500,0,1,0.5148067351398,5,16,9883.319908,617.70749425,39006.5995796,283,251,112,5,0.0132652,upper_bound_16
3066,4,713067,16,13,8,0,1000,1,0,0.836935410811,0,16,9169.611345,573.1007090625,35823.05685563,276,254,97,3,0.0033426,upper_bound_16
3066,4,713067,16,13,8,0,1000,1,0,0.836935410811,5,16,7944.489869,496.5306168125,31272.44945673,223,195,100,3,0.020279,upper_bound_16
3067,4,713068,16,13,8,0,1250,2,1,0.6956460832583,0,16,10134.546845,633.4091778125,39667.73419187,333,291,55,3,0.0029475,upper_bound_16
3067,4,713068,16,13,8,0,1250,2,1,0.6956460832583,5,16,9143.270245,571.4543903125,36876.35122479,253,219,68,4,0.0162543,upper_bound_16
3068,4,713069,16,13,8,0,1500,3,0,0.5881424342735,0,16,7054.608989,440.9130618125,28713.04493697,201,161,22,3,0.0074203,upper_bound_16
3068,4,713069,16,13,8,0,1500,3,0,0.5881424342735,5,16,8623.525084,538.97031775,34702.62530357,210,172,127,4,0.0254378,upper_bound_16
3069,4,713070,16,13,8,0,1000,4,1,0.4280811103082,0,16,9631.922238,601.995139875,38444.611265,291,258,50,4,0.0033251,upper_bound_16
3069,4,713070,16,13,8,0,1000,4,1,0.4280811103082,5,16,8125.030959,507.8144349375,31700.15481079,277,239,27,4,0.0148663,upper_bound_16
3070,4,713071,16,13,8,0,1250,0,0,0.366346026146,0,16,7892.014445,493.2509028125,30880.07223511,267,232,23,4,0.0047759,upper_bound_16
3070,4,713071,16,13,8,0,1250,0,0,0.366346026146,5,16,7650.246208,478.140388,31276.23107082,186,151,78,4,0.0172255,upper_bound_16
3071,4,713072,16,13,8,0,1500,1,1,0.2777159291817,0,16,8491.982853,530.7489283125,33194.91427497,274,241,54,4,0.0041311,upper_bound_16
3071,4,713072,16,13,8,0,1500,1,1,0.2777159291817,5,16,8857.532,553.59575,36412.66002687,245,204,22,2,0.0178439,upper_bound_16
3072,4,713073,16,13,8,0,1000,2,0,0.6683784557705,0,16,8058.147177,503.6341985625,32120.73589224,246,222,34,2,0.0056834,upper_bound_16
3072,4,713073,16,13,8,0,1000,2,0,0.6683784557705,5,16,6901.574407,431.3484004375,28022.87204348,191,163,33,2,0.0265605,upper_bound_16
3073,4,713074,16,13,8,0,1250,3,1,0.7274680968283,0,16,9392.805559,587.0503474375,36819.02781676,318,287,24,3,0.0027625,upper_bound_16
3073,4,713074,16,13,8,0,1250,3,1,0.7274680968283,5,16,8802.964444,550.18527775,33754.82222966,310,272,50,5,0.010273,upper_bound_16
3074,4,713075,16,13,8,0,1500,4,0,0.7589702448024,0,16,8073.629532,504.60184575,32613.14763909,221,180,62,5,0.0062998,upper_bound_16
3074,4,713075,16,13,8,0,1500,4,0,0.7589702448024,5,16,6854.532681,428.4082925625,28397.66340281,183,135,15,5,0.0287953,upper_bound_16
3075,4,713076,16,13,8,0,1000,0,1,0.2627993864731,0,16,9497.37651,593.586031875,37451.88264373,291,265,69,5,0.0030575,upper_bound_16
3075,4,713076,16,13,8,0,1000,0,1,0.2627993864731,5,16,8637.067438,539.816714875,33965.33725633,278,248,42,5,0.0128614,upper_bound_16
3076,4,713077,16,13,8,0,1250,1,0,0.7556334461928,0,16,8982.252487,561.3907804375,35476.26245045,291,244,36,8,0.0039697,upper_bound_16
3076,4,713077,16,13,8,0,1250,1,0,0.7556334461928,5,16,7295.645362,455.977835125,28273.22682787,255,217,23,5,0.0144464,upper_bound_16
3077,4,713078,16,13,8,0,1500,2,1,0.3075052478189,0,16,8854.246646,553.390415375,34021.23306517,278,247,111,3,0.0038179,upper_bound_16
3077,4,713078,16,13,8,0,1500,2,1,0.3075052478189,5,16,9543.912409,596.4945255625,37219.56188633,287,252,111,3,0.0118371,upper_bound_16
3078,4,713079,16,13,8,0,1000,3,0,0.3752712292173,0,16,7366.709,460.4193125,29973.54501439,210,188,18,2,0.0068336,upper_bound_16
3078,4,713079,16,13,8,0,1000,3,0,0.3752712292173,5,16,6533.767762,408.360485125,25543.83881202,221,204,12,1,0.0183494,upper_bound_16
3079,4,713080,16,13,8,0,1250,4,1,0.6064906410918,0,16,8864.835931,554.0522456875,35584.17966732,268,244,28,5,0.0031163,upper_bound_16
3079,4,713080,16,13,8,0,1250,4,1,0.6064906410918,5,16,8564.411204,535.27570025,35072.05603025,237,213,24,5,0.0111795,upper_bound_16
3080,4,713081,16,13,8,0,1500,0,0,0.64741020279,0,16,7446.260754,465.391297125,29816.30378411,236,202,7,2,0.0054434,upper_bound_16
3080,4,713081,16,13,8,0,1500,0,0,0.64741020279,5,16,7429.547448,464.3467155,30977.73718637,180,137,39,5,0.0303038,upper_bound_16
3081,4,713082,16,13,8,0,1000,1,1,0.9593595446106,0,16,9265.896008,579.1185005,37269.48005252,263,234,61,3,0.0034373,upper_bound_16
3081,4,713082,16,13,8,0,1000,1,1,0.9593595446106,5,16,8832.697699,552.0436061875,35528.48850556,255,219,51,2,0.0159856,upper_bound_16
3082,4,713083,16,13,8,0,1250,2,0,0.3595927335661,0,16,8479.683204,529.98020025,32463.41599899,262,234,121,3,0.0042906,upper_bound_16
3082,4,713083,16,13,8,0,1250,2,0,0.3595927335661,5,16,8759.905442,547.494090125,34964.52720744,214,182,145,3,0.0197183,upper_bound_16
3083,4,713084,16,13,8,0,1500,3,1,0.6018600973124,0,16,8779.550982,548.721936375,34917.75492656,257,230,67,3,0.0042939,upper_bound_16
3083,4,713084,16,13,8,0,1500,3,1,0.6018600973124,5,16,7738.703946,483.668996625,31658.51962781,188,153,78,2,0.0240501,upper_bound_16
3084,4,713085,16,13,8,0,1000,4,0,0.571755135862,0,16,8823.993402,551.499587625,33779.96699413,276,248,120,5,0.0039359,upper_bound_16
3084,4,713085,16,13,8,0,1000,4,0,0.571755135862,5,16,7575.239445,473.4524653125,29436.19716996,241,211,64,3,0.018264,upper_bound_16
3085,4,713086,16,13,8,0,1250,0,1,0.6765509846464,0,16,7991.818686,499.488667875,31599.09343265,251,217,40,6,0.0038949,upper_bound_16
3085,4,713086,16,13,8,0,1250,0,1,0.6765509846464,5,16,8227.961752,514.2476095,32044.80877955,291,260,8,2,0.013319,upper_bound_16
3086,4,713087,16,13,8,0,1500,1,0,0.3307649799936,0,16,8354.690813,522.1681758125,33753.45404617,248,188,32,8,0.0061836,upper_bound_16
3086,4,713087,16,13,8,0,1500,1,0,0.3307649799936,5,16,6921.350961,432.5844350625,28391.75480746,193,153,15,3,0.0263641,upper_bound_16
3087,4,713088,16,13,8,0,1000,2,1,0.7336470075092,0,16,9358.059347,584.8787091875,36770.29674586,310,281,31,5,0.0026951,upper_bound_16
3087,4,713088,16,13,8,0,1000,2,1,0.7336470075092,5,16,8979.937478,561.246092375,35419.68740265,293,258,31,5,0.01271,upper_bound_16
3088,4,713089,16,13,8,0,1250,3,0,0.3851862374818,0,16,7452.886586,465.805411625,30439.43294043,212,177,16,3,0.0066437,upper_bound_16
3088,4,713089,16,13,8,0,1250,3,0,0.3851862374818,5,16,6815.452539,425.9657836875,27737.26273154,193,169,18,2,0.0297583,upper_bound_16
3089,4,713090,16,13,8,0,1500,4,1,0.7960725055618,0,16,9030.977198,564.436074875,35429.88604111,287,259,57,6,0.0031948,upper_bound_16
3089,4,713090,16,13,8,0,1500,4,1,0.7960725055618,5,16,9531.680737,595.7300460625,37918.40369671,276,242,82,5,0.0175542,upper_bound_16
3090,4,713091,16,13,8,1,1000,0,0,4.218416818892e-05,0,16,10184.239511,636.5149694375,40986.19742815,227,202,190,7,0.0057376,upper_bound_16
3090,4,713091,16,13,8,1,1000,0,0,4.218416818892e-05,5,16,8597.081436,537.31758975,33400.40706386,250,221,122,3,0.0203745,upper_bound_16
3091,4,713092,16,13,8,1,1250,1,1,7.720915923914e-05,0,16,7762.125864,485.1328665,29040.62923113,299,274,35,1,0.0034482,upper_bound_16
3091,4,713092,16,13,8,1,1250,1,1,7.720915923914e-05,5,16,7646.641052,477.91506575,29023.2052715,294,247,15,0,0.0152133,upper_bound_16
3092,4,713093,16,13,8,1,1500,2,0,7.343058423343e-05,0,16,6989.382979,436.8364361875,28131.91491671,214,174,13,4,0.0059654,upper_bound_16
3092,4,713093,16,13,8,1,1500,2,0,7.343058423343e-05,5,16,6505.947578,406.621723625,27164.73789879,167,140,6,3,0.0419437,upper_bound_16
3093,4,713094,16,13,8,1,1000,3,1,3.08340624044e-05,0,16,6881.317233,430.0823270625,27561.58617098,219,194,0,0,0.0075856,upper_bound_16
3093,4,713094,16,13,8,1,1000,3,1,3.08340624044e-05,5,16,7200.389894,450.024368375,27141.94948033,283,250,9,1,0.013488,upper_bound_16
3094,4,713095,16,13,8,1,1250,4,0,5.609312386881e-05,0,16,7526.773241,470.4233275625,29958.86618871,193,163,109,5,0.0054734,upper_bound_16
3094,4,713095,16,13,8,1,1250,4,0,5.609312386881e-05,5,16,8407.647099,525.4779436875,33118.23549446,240,186,106,4,0.0397217,upper_bound_16
3095,4,713096,16,13,8,1,1500,0,1,4.756093561182e-05,0,16,6726.214802,420.388425125,27416.07401712,197,175,1,0,0.0088873,upper_bound_16
3095,4,713096,16,13,8,1,1500,0,1,4.756093561182e-05,5,16,7363.34596,460.2091225,29121.72981035,248,219,0,0,0.0182157,upper_bound_16
3096,4,713097,16,13,8,1,1000,1,0,5.635587818484e-05,0,16,7905.953687,494.1221054375,32419.76844729,203,177,50,2,0.0070247,upper_bound_16
3096,4,713097,16,13,8,1,1000,1,0,5.635587818484e-05,5,16,9225.864719,576.6165449375,35709.32362858,272,236,136,4,0.0175381,upper_bound_16
3097,4,713098,16,13,8,1,1250,2,1,7.432179932965e-05,0,16,6819.34864,426.20929,25706.74301053,226,198,90,1,0.0076111,upper_bound_16
3097,4,713098,16,13,8,1,1250,2,1,7.432179932965e-05,5,16,6240.578316,390.03614475,23467.89158955,247,214,6,1,0.0178666,upper_bound_16
3098,4,713099,16,13,8,1,1500,3,0,0.0001069111001277,0,16,7460.023948,466.25149675,30770.11975597,175,147,68,4,0.0058811,upper_bound_16
3098,4,713099,16,13,8,1,1500,3,0,0.0001069111001277,5,16,7498.126312,468.6328945,30400.63155395,203,170,51,3,0.0284911,upper_bound_16
3099,4,713100,16,13,8,1,1000,4,1,4.662528053504e-05,0,16,10188.256848,636.766053,41416.28425624,253,224,112,10,0.0038659,upper_bound_16
3099,4,713100,16,13,8,1,1000,4,1,4.662528053504e-05,5,16,8911.665581,556.9790988125,35203.32793626,264,225,82,10,0.0120496,upper_bound_16
3100,4,713101,16,13,8,1,1250,0,0,4.74128102484e-05,0,16,7598.713719,474.9196074375,32318.56855978,144,119,72,7,0.0114477,upper_bound_16
3100,4,713101,16,13,8,1,1250,0,0,4.74128102484e-05,5,16,6952.30953,434.519345625,28181.54763563,186,156,50,4,0.0311781,upper_bound_16
3101,4,713102,16,13,8,1,1500,1,1,8.738747679356e-05,0,16,6232.956863,389.5598039375,23964.78433566,222,190,20,1,0.0080548,upper_bound_16
3101,4,713102,16,13,8,1,1500,1,1,8.738747679356e-05,5,16,7343.108093,458.9442558125,28825.54046108,214,173,85,4,0.0237693,upper_bound_16
3102,4,713103,16,13,8,1,1000,2,0,3.927724385615e-05,0,16,7874.196086,492.137255375,32215.9804236,196,161,70,4,0.0051078,upper_bound_16
3102,4,713103,16,13,8,1,1000,2,0,3.927724385615e-05,5,16,7207.733625,450.4833515625,28593.66811894,205,177,69,4,0.017074,upper_bound_16
3103,4,713104,16,13,8,1,1250,3,1,2.936592440317e-05,0,16,8618.086376,538.6303985,34355.43193028,268,237,30,2,0.0035281,upper_bound_16
3103,4,713104,16,13,8,1,1250,3,1,2.936592440317e-05,5,16,8713.957762,544.622360125,34579.78887517,274,243,35,3,0.013414,upper_bound_16
3104,4,713105,16,13,8,1,1500,4,0,7.801877677209e-05,0,16,7080.463977,442.5289985625,28817.31984575,170,135,84,3,0.0087336,upper_bound_16
3104,4,713105,16,13,8,1,1500,4,0,7.801877677209e-05,5,16,6981.492789,436.3432993125,27732.4639171,183,143,99,4,0.0276257,upper_bound_16
3105,4,713106,16,13,8,1,1000,0,1,3.543907859826e-05,0,16,7275.904494,454.744030875,29174.5224935,210,185,42,4,0.0107002,upper_bound_16
3105,4,713106,16,13,8,1,1000,0,1,3.543907859826e-05,5,16,7256.413407,453.5258379375,28592.06705349,233,209,28,3,0.0150644,upper_bound_16
3106,4,713107,16,13,8,1,1250,1,0,8.073304041969e-05,0,16,8422.578284,526.41114275,32932.89137589,213,178,171,4,0.0057838,upper_bound_16
3106,4,713107,16,13,8,1,1250,1,0,8.073304041969e-05,5,16,7140.755747,446.2972341875,28168.77873822,191,163,103,4,0.0280533,upper_bound_16
3107,4,713108,16,13,8,1,1500,2,1,3.279684499818e-05,0,16,7436.794583,464.7996614375,29123.97292411,259,231,2,0,0.0061765,upper_bound_16
3107,4,713108,16,13,8,1,1500,2,1,3.279684499818e-05,5,16,7818.231623,488.6394764375,29876.15812236,297,260,6,0,0.0157701,upper_bound_16
3108,4,713109,16,13,8,1,1000,3,0,0.0001049013059947,0,16,9930.482577,620.6551610625,38197.4128627,237,213,271,5,0.0049594,upper_bound_16
3108,4,713109,16,13,8,1,1000,3,0,0.0001049013059947,5,16,8669.988573,541.8742858125,33474.94290072,278,253,84,3,0.0138349,upper_bound_16
3109,4,713110,16,13,8,1,1250,4,1,5.060805762392e-05,0,16,5780.328584,361.2705365,22416.64292651,205,177,5,0,0.0090079,upper_bound_16
3109,4,713110,16,13,8,1,1250,4,1,5.060805762392e-05,5,16,6516.081098,407.255068625,24245.40549709,264,234,11,1,0.0132924,upper_bound_16
3110,4,713111,16,13,8,1,1500,0,0,5.128878794168e-05,0,16,8897.887022,556.117938875,35524.43500849,185,161,209,4,0.0067539,upper_bound_16
3110,4,713111,16,13,8,1,1500,0,0,5.128878794168e-05,5,16,7655.737852,478.48361575,31118.68916109,175,147,110,3,0.0433422,upper_bound_16
3111,4,713112,16,13,8,1,1000,1,1,9.020080318015e-05,0,16,7850.24274,490.64017125,31976.2137259,214,176,43,2,0.0099365,upper_bound_16
3111,4,713112,16,13,8,1,1000,1,1,9.020080318015e-05,5,16,7556.255271,472.2659544375,29116.27637563,268,235,26,2,0.0111741,upper_bound_16
3112,4,713113,16,13,8,1,1250,2,0,4.700299073677e-05,0,16,6787.48248,424.217655,28012.41242747,174,142,31,4,0.0058393,upper_bound_16
3112,4,713113,16,13,8,1,1250,2,0,4.700299073677e-05,5,16,7568.537348,473.03358425,30252.68674695,194,156,104,3,0.0299655,upper_bound_16
3113,4,713114,16,13,8,1,1500,3,1,4.313294868993e-05,0,16,9052.255107,565.7659441875,34956.27550381,321,286,30,1,0.0036774,upper_bound_16
3113,4,713114,16,13,8,1,1500,3,1,4.313294868993e-05,5,16,8264.685863,516.5428664375,31773.42932126,310,274,2,0,0.014889,upper_bound_16
3114,4,713115,16,13,8,1,1000,4,0,9.097005056956e-05,0,16,8635.582184,539.7238865,33497.91095459,237,197,158,4,0.0076072,upper_bound_16
3114,4,713115,16,13,8,1,1000,4,0,9.097005056956e-05,5,16,6791.228713,424.4517945625,26026.14359019,246,219,19,1,0.0158265,upper_bound_16
3115,4,713116,16,13,8,1,1250,0,1,4.261105276272e-05,0,16,8059.732835,503.7333021875,31448.66416432,286,248,4,0,0.0037305,upper_bound_16
3115,4,713116,16,13,8,1,1250,0,1,4.261105276272e-05,5,16,7017.813237,438.6133273125,27189.06618755,252,225,5,0,0.0183204,upper_bound_16
3116,4,713117,16,13,8,1,1500,1,0,3.275980334005e-05,0,16,8263.57561,516.473475625,35272.87808973,174,133,42,5,0.0116754,upper_bound_16
3116,4,713117,16,13,8,1,1500,1,0,3.275980334005e-05,5,16,8262.464398,516.404024875,34417.32201427,203,155,43,6,0.038147,upper_bound_16
3117,4,713118,16,13,8,1,1000,2,1,2.997242047151e-05,0,16,10474.791002,654.674437625,42598.95497125,246,216,143,10,0.0046946,upper_bound_16
3117,4,713118,16,13,8,1,1000,2,1,2.997242047151e-05,5,16,9588.211601,599.2632250625,38166.05800957,285,246,68,9,0.0191934,upper_bound_16
3118,4,713119,16,13,8,1,1250,3,0,6.55852414159e-05,0,16,7166.480012,447.90500075,28872.4000338,197,165,54,2,0.0073031,upper_bound_16
3118,4,713119,16,13,8,1,1250,3,0,6.55852414159e-05,5,16,6302.813939,393.9258711875,24984.0696429,183,149,54,2,0.0342972,upper_bound_16
3119,4,713120,16,13,8,1,1500,4,1,0.0001220402672421,0,16,7375.654045,460.9783778125,30798.27026816,161,127,68,5,0.0102679,upper_bound_16
3119,4,713120,16,13,8,1,1500,4,1,0.0001220402672421,5,16,9746.747633,609.1717270625,38443.73820771,305,264,63,4,0.0147856,upper_bound_16
3120,4,713121,16,13,8,2,1000,0,0,0.02697695705405,0,16,10510.159763,656.8849851875,42990.79869125,156,125,309,6,0.0083521,upper_bound_16
3120,4,713121,16,13,8,2,1000,0,0,0.02697695705405,5,16,8884.336324,555.27102025,34331.68168736,222,195,211,4,0.0266583,upper_bound_16
3121,4,713122,16,13,8,2,1250,1,1,0.02247127894989,0,16,8654.27304,540.892065,34661.36512628,208,176,142,6,0.0044194,upper_bound_16
3121,4,713122,16,13,8,2,1250,1,1,0.02247127894989,5,16,5494.884136,343.4302585,21614.42067937,180,150,14,1,0.0214768,upper_bound_16
3122,4,713123,16,13,8,2,1500,2,0,0.03425493469605,0,16,5300.183744,331.261484,21870.91870613,90,69,109,5,0.0159432,upper_bound_16
3122,4,713123,16,13,8,2,1500,2,0,0.03425493469605,5,16,9238.044628,577.37778925,36920.22300223,199,164,205,6,0.0455789,upper_bound_16
3123,4,713124,16,13,8,2,1000,3,1,0.03257752728383,0,16,6070.594866,379.412179125,24127.974342,135,118,124,3,0.0065954,upper_bound_16
3123,4,713124,16,13,8,2,1000,3,1,0.03257752728383,5,16,6853.698922,428.356182625,26643.49461963,239,208,14,2,0.0196395,upper_bound_16
3124,4,713125,16,13,8,2,1250,4,0,0.03132488515483,0,16,4966.794729,310.4246705625,19413.97365195,167,142,9,2,0.0067849,upper_bound_16
3124,4,713125,16,13,8,2,1250,4,0,0.03132488515483,5,16,7485.017102,467.813568875,30270.08548368,196,164,69,4,0.0311652,upper_bound_16
3125,4,713126,16,13,8,2,1500,0,1,0.03633323384608,0,16,6011.37609,375.711005625,24571.88045679,170,149,6,4,0.0059005,upper_bound_16
3125,4,713126,16,13,8,2,1500,0,1,0.03633323384608,5,16,6712.151148,419.50944675,26380.75572876,224,200,12,4,0.0181899,upper_bound_16
3126,4,713127,16,13,8,2,1000,1,0,0.03140241774413,0,16,5908.078405,369.2549003125,23325.39201812,191,163,15,2,0.0087031,upper_bound_16
3126,4,713127,16,13,8,2,1000,1,0,0.03140241774413,5,16,7705.095799,481.5684874375,31320.47898369,190,162,83,5,0.0247591,upper_bound_16
3127,4,713128,16,13,8,2,1250,2,1,0.03755786759668,0,16,10957.960875,684.8725546875,42709.80421656,283,240,227,5,0.0049481,upper_bound_16
3127,4,713128,16,13,8,2,1250,2,1,0.03755786759668,5,16,7038.480058,439.905003625,27607.40029308,241,205,9,1,0.0188515,upper_bound_16
3128,4,713129,16,13,8,2,1500,3,0,0.04453298185714,0,16,7392.207489,462.0129680625,29926.03743821,205,176,42,2,0.0085757,upper_bound_16
3128,4,713129,16,13,8,2,1500,3,0,0.04453298185714,5,16,6256.604698,391.037793625,24868.02348145,205,166,4,2,0.0326771,upper_bound_16
3129,4,713130,16,13,8,2,1000,4,1,0.02925659963248,0,16,5920.698435,370.0436521875,23063.49217022,202,176,14,1,0.004453,upper_bound_16
3129,4,713130,16,13,8,2,1000,4,1,0.02925659963248,5,16,6867.144579,429.1965361875,26535.72289691,245,213,14,1,0.0206606,upper_bound_16
3130,4,713131,16,13,8,2,1250,0,0,0.02924366340403,0,16,6491.137037,405.6960648125,26420.68516707,178,156,27,1,0.0086921,upper_bound_16
3130,4,713131,16,13,8,2,1250,0,0,0.02924366340403,5,16,4701.788063,293.8617539375,18998.94032659,98,80,84,2,0.0274172,upper_bound_16
3131,4,713132,16,13,8,2,1500,1,1,0.05658282467245,0,16,6528.975482,408.060967625,28244.87740747,123,92,31,3,0.0135874,upper_bound_16
3131,4,713132,16,13,8,2,1500,1,1,0.05658282467245,5,16,8290.48103,518.155064375,32817.40516194,271,229,21,3,0.0256366,upper_bound_16
3132,4,713133,16,13,8,2,1000,2,0,0.03240699382522,0,16,5886.15514,367.88469625,24360.77573394,86,69,145,6,0.0077691,upper_bound_16
3132,4,713133,16,13,8,2,1000,2,0,0.03240699382522,5,16,7692.51357,480.782098125,30027.5678753,249,218,48,3,0.0180986,upper_bound_16
3133,4,713134,16,13,8,2,1250,3,1,0.0642122812633,0,16,10321.718048,645.107378,42378.58990095,127,102,343,8,0.012871,upper_bound_16
3133,4,713134,16,13,8,2,1250,3,1,0.0642122812633,5,16,7077.674026,442.354626625,26823.37004108,218,195,116,4,0.0130526,upper_bound_16
3134,4,713135,16,13,8,2,1500,4,0,0.01222757879048,0,16,7246.905299,452.9315811875,28669.52650687,227,196,34,1,0.0069016,upper_bound_16
3134,4,713135,16,13,8,2,1500,4,0,0.01222757879048,5,16,6696.89599,418.555999375,26169.47996696,111,90,246,5,0.0274107,upper_bound_16
3135,4,713136,16,13,8,2,1000,0,1,0.05489543402943,0,16,8827.831131,551.7394456875,35044.15536578,93,77,399,7,0.0104484,upper_bound_16
3135,4,713136,16,13,8,2,1000,0,1,0.05489543402943,5,16,8264.419433,516.5262145625,32487.09686615,89,69,391,7,0.0246177,upper_bound_16
3136,4,713137,16,13,8,2,1250,1,0,0.06451975910367,0,16,7133.837581,445.8648488125,28559.18780344,134,111,187,5,0.0080852,upper_bound_16
3136,4,713137,16,13,8,2,1250,1,0,0.06451975910367,5,16,4434.397194,277.149824625,16986.98589272,109,97,105,3,0.0235767,upper_bound_16
3137,4,713138,16,13,8,2,1500,2,1,0.03734242957654,0,16,8618.870594,538.679412125,34949.35279627,95,75,333,9,0.0108832,upper_bound_16
3137,4,713138,16,13,8,2,1500,2,1,0.03734242957654,5,16,6195.179372,387.19871075,24280.89683908,207,176,16,2,0.0148528,upper_bound_16
3138,4,713139,16,13,8,2,1000,3,0,0.05691331944958,0,16,7324.23148,457.7644675,29506.15726751,129,104,198,4,0.0098731,upper_bound_16
3138,4,713139,16,13,8,2,1000,3,0,0.05691331944958,5,16,8039.231357,502.4519598125,31781.15666842,212,174,123,4,0.0369706,upper_bound_16
3139,4,713140,16,13,8,2,1250,4,1,0.06196982392178,0,16,9889.275929,618.0797455625,41616.37956933,158,117,193,5,0.0144027,upper_bound_16
3139,4,713140,16,13,8,2,1250,4,1,0.06196982392178,5,16,8278.985821,517.4366138125,32584.92911246,240,200,94,1,0.0288429,upper_bound_16
3140,4,713141,16,13,8,2,1500,0,0,0.03500154168995,0,16,4798.587111,299.9116944375,20392.93557597,110,90,0,0,0.0128864,upper_bound_16
3140,4,713141,16,13,8,2,1500,0,0,0.03500154168995,5,16,6660.832946,416.302059125,28354.16474159,151,125,10,1,0.0447185,upper_bound_16
3141,4,713142,16,13,8,2,1000,1,1,0.04324452763486,0,16,7601.426696,475.0891685,30182.13330686,187,160,130,5,0.0046168,upper_bound_16
3141,4,713142,16,13,8,2,1000,1,1,0.04324452763486,5,16,9051.395034,565.712189625,35006.97515384,321,278,29,3,0.0124691,upper_bound_16
3142,4,713143,16,13,8,2,1250,2,0,0.01897435757912,0,16,6927.769267,432.9855791875,28293.84615351,111,85,183,4,0.009905,upper_bound_16
3142,4,713143,16,13,8,2,1250,2,0,0.01897435757912,5,16,3209.591824,200.599489,12867.95911583,94,74,4,0,0.0260174,upper_bound_16
3143,4,713144,16,13,8,2,1500,3,1,0.07244916573446,0,16,10778.334667,673.6459166875,42501.67297177,252,224,238,6,0.0055549,upper_bound_16
3143,4,713144,16,13,8,2,1500,3,1,0.07244916573446,5,16,7699.645399,481.2278374375,30768.22700842,249,221,0,0,0.0237924,upper_bound_16
3144,4,713145,16,13,8,2,1000,4,0,0.02368753197549,0,16,6283.656087,392.7285054375,24038.28037737,162,139,149,3,0.0070992,upper_bound_16
3144,4,713145,16,13,8,2,1000,4,0,0.02368753197549,5,16,3356.748732,209.79679575,13168.74359313,74,57,72,2,0.0207234,upper_bound_16
3145,4,713146,16,13,8,2,1250,0,1,0.04139820411102,0,16,11404.470151,712.7793844375,44727.35037204,292,259,220,7,0.004075,upper_bound_16
3145,4,713146,16,13,8,2,1250,0,1,0.04139820411102,5,16,6304.64195,394.040121875,24593.20975561,210,187,23,3,0.0137014,upper_bound_16
3146,4,713147,16,13,8,2,1500,1,0,0.03958990984222,0,16,8956.100469,559.7562793125,37255.50219898,165,120,160,5,0.0123398,upper_bound_16
3146,4,713147,16,13,8,2,1500,1,0,0.03958990984222,5,16,4410.441522,275.652595125,17532.2076181,135,107,14,1,0.0467248,upper_bound_16
3147,4,713148,16,13,8,2,1000,2,1,0.01662684695353,0,16,7045.397466,440.337341625,28461.9870638,95,78,240,4,0.0093415,upper_bound_16
3147,4,713148,16,13,8,2,1000,2,1,0.01662684695353,5,16,8310.237914,519.389869625,31821.18929974,213,186,205,3,0.0164512,upper_bound_16
3148,4,713149,16,13,8,2,1250,3,0,0.02653361523382,0,16,10479.173506,654.948344125,43135.86717321,162,128,278,6,0.0104355,upper_bound_16
3148,4,713149,16,13,8,2,1250,3,0,0.02653361523382,5,16,6970.657407,435.6660879375,28308.28691948,166,141,86,3,0.0429283,upper_bound_16
3149,4,713150,16,13,8,2,1500,4,1,0.04955357291936,0,16,9576.387083,598.5241926875,39506.93508967,122,91,298,5,0.0110131,upper_bound_16
3149,4,713150,16,13,8,2,1500,4,1,0.04955357291936,5,16,7671.262266,479.453891625,29951.31132983,258,221,30,2,0.0194856,upper_bound_16
3150,4,713151,16,13,16,0,1000,0,0,0.5451725275473,0,16,8664.705411,541.5440881875,34493.52705491,268,247,33,2,0.0033948,upper_bound_16
3150,4,713151,16,13,16,0,1000,0,0,0.5451725275473,5,16,7808.507759,488.0317349375,31202.53880207,236,209,33,2,0.023226,upper_bound_16
3151,4,713152,16,13,16,0,1250,1,1,0.6907951599058,0,16,7827.326343,489.2078964375,30256.63172569,284,255,7,0,0.0036681,upper_bound_16
3151,4,713152,16,13,16,0,1250,1,1,0.6907951599058,5,16,9065.183376,566.573961,36525.91690545,274,238,24,2,0.0119247,upper_bound_16
3152,4,713153,16,13,16,0,1500,2,0,0.4799487248328,0,16,8511.041324,531.94008275,33155.20664972,279,240,55,6,0.0039664,upper_bound_16
3152,4,713153,16,13,16,0,1500,2,0,0.4799487248328,5,16,6962.876403,435.1797751875,27459.38201641,234,200,7,2,0.01945,upper_bound_16
3153,4,713154,16,13,16,0,1000,3,1,0.4073086247884,0,16,10133.498446,633.343652875,39412.49224633,361,330,12,2,0.0022295,upper_bound_16
3153,4,713154,16,13,16,0,1000,3,1,0.4073086247884,5,16,9592.332101,599.5207563125,37271.66051412,336,306,24,3,0.0118424,upper_bound_16
3154,4,713155,16,13,16,0,1250,4,0,0.7840629704542,0,16,8169.275272,510.5797045,33701.37636725,222,191,16,4,0.0048219,upper_bound_16
3154,4,713155,16,13,16,0,1250,4,0,0.7840629704542,5,16,6773.841161,423.3650725625,26624.20580239,228,199,10,3,0.0217069,upper_bound_16
3155,4,713156,16,13,16,0,1500,0,1,0.8700648512998,0,16,8952.68525,559.542828125,35973.42625727,273,250,21,3,0.0034215,upper_bound_16
3155,4,713156,16,13,16,0,1500,0,1,0.8700648512998,5,16,9010.644742,563.165296375,35883.22373347,288,263,17,3,0.011644,upper_bound_16
3156,4,713157,16,13,16,0,1000,1,0,0.636748062017,0,16,9102.406645,568.9004153125,34532.03317947,328,299,59,5,0.0022592,upper_bound_16
3156,4,713157,16,13,16,0,1000,1,0,0.636748062017,5,16,8449.372481,528.0857800625,32081.86242377,308,266,49,6,0.0139136,upper_bound_16
3157,4,713158,16,13,16,0,1250,2,1,0.7981028452559,0,16,9253.484773,578.3427983125,36762.42388718,296,266,25,4,0.003132,upper_bound_16
3157,4,713158,16,13,16,0,1250,2,1,0.7981028452559,5,16,8491.713272,530.7320795,33218.56638086,288,256,24,3,0.0112226,upper_bound_16
3158,4,713159,16,13,16,0,1500,3,0,0.5046826287389,0,16,7810.37769,488.148605625,30986.88842566,242,209,38,3,0.0040959,upper_bound_16
3158,4,713159,16,13,16,0,1500,3,0,0.5046826287389,5,16,6764.418545,422.7761590625,26057.09271251,246,207,12,4,0.0138298,upper_bound_16
3159,4,713160,16,13,16,0,1000,4,1,0.5503315568456,0,16,8546.185648,534.136603,33825.92826485,274,241,30,3,0.0034916,upper_bound_16
3159,4,713160,16,13,16,0,1000,4,1,0.5503315568456,5,16,9305.284855,581.5803034375,36326.42430556,307,266,53,5,0.014881,upper_bound_16
3160,4,713161,16,13,16,0,1250,0,0,0.2515740496714,0,16,6700.893104,418.805819,25364.46552966,249,219,28,4,0.0038515,upper_bound_16
3160,4,713161,16,13,16,0,1250,0,0,0.2515740496714,5,16,7795.14157,487.196348125,28875.70787027,321,281,18,3,0.0116471,upper_bound_16
3161,4,713162,16,13,16,0,1500,1,1,0.8885091010001,0,16,9777.388966,611.086810375,39446.94482755,288,254,38,4,0.0046795,upper_bound_16
3161,4,713162,16,13,16,0,1500,1,1,0.8885091010001,5,16,8721.746592,545.109162,34613.73298588,274,244,35,4,0.0112448,upper_bound_16
3162,4,713163,16,13,16,0,1000,2,0,0.614158957025,0,16,9292.860649,580.8037905625,35774.30327069,306,276,84,6,0.0033376,upper_bound_16
3162,4,713163,16,13,16,0,1000,2,0,0.614158957025,5,16,7425.993933,464.1246208125,28424.96967262,270,245,22,3,0.0188343,upper_bound_16
3163,4,713164,16,13,16,0,1250,3,1,0.4860301021422,0,16,10139.428422,633.714276375,39832.14215509,332,301,44,7,0.0023223,upper_bound_16
3163,4,713164,16,13,16,0,1250,3,1,0.4860301021422,5,16,10142.54288,633.90893,40937.7144302,304,274,27,6,0.0113009,upper_bound_16
3164,4,713165,16,13,16,0,1500,4,0,0.7095318583367,0,16,9354.086003,584.6303751875,36790.43004727,297,257,58,5,0.0043102,upper_bound_16
3164,4,713165,16,13,16,0,1500,4,0,0.7095318583367,5,16,7469.773507,466.8608441875,29238.86753974,260,230,4,0,0.0150023,upper_bound_16
3165,4,713166,16,13,16,0,1000,0,1,0.5935971001671,0,16,8777.115298,548.569706125,35270.57648039,262,228,35,6,0.0030023,upper_bound_16
3165,4,713166,16,13,16,0,1000,0,1,0.5935971001671,5,16,9583.013586,598.938349125,37525.06791516,326,296,24,3,0.0109142,upper_bound_16
3166,4,713167,16,13,16,0,1250,1,0,0.6550711947737,0,16,8134.167728,508.385483,31240.83866378,303,270,7,2,0.0029849,upper_bound_16
3166,4,713167,16,13,16,0,1250,1,0,0.6550711947737,5,16,7557.88961,472.368100625,28919.44806899,285,248,7,1,0.0116864,upper_bound_16
3167,4,713168,16,13,16,0,1500,2,1,0.6877093334049,0,16,9326.451539,582.9032211875,38152.2577001,252,224,44,7,0.0036096,upper_bound_16
3167,4,713168,16,13,16,0,1500,2,1,0.6877093334049,5,16,9043.720564,565.23253525,36378.60282504,271,237,32,6,0.0106726,upper_bound_16
3168,4,713169,16,13,16,0,1000,3,0,0.7715755341835,0,16,9033.804318,564.612769875,34359.02161208,302,275,99,5,0.0032387,upper_bound_16
3168,4,713169,16,13,16,0,1000,3,0,0.7715755341835,5,16,9797.263635,612.3289771875,39251.31819383,271,248,88,5,0.0135849,upper_bound_16
3169,4,713170,16,13,16,0,1250,4,1,0.8918971439661,0,16,10159.494442,634.968402625,40502.47220915,320,283,32,5,0.0029895,upper_bound_16
3169,4,713170,16,13,16,0,1250,4,1,0.8918971439661,5,16,10661.034326,666.314645375,42615.17162071,332,290,36,6,0.0094954,upper_bound_16
3170,4,713171,16,13,16,0,1500,0,0,0.7926729003039,0,16,9243.810939,577.7381836875,37469.0546336,261,227,46,4,0.0042662,upper_bound_16
3170,4,713171,16,13,16,0,1500,0,0,0.7926729003039,5,16,8223.751099,513.9844436875,33308.7554661,229,199,46,5,0.0162305,upper_bound_16
3171,4,713172,16,13,16,0,1000,1,1,0.772864763677,0,16,9617.758129,601.1098830625,38628.79068761,288,249,41,4,0.0036101,upper_bound_16
3171,4,713172,16,13,16,0,1000,1,1,0.772864763677,5,16,9024.19871,564.012419375,35795.99355985,289,256,28,4,0.0128467,upper_bound_16
3172,4,713173,16,13,16,0,1250,2,0,0.3349355741603,0,16,8536.904573,533.5565358125,34124.52289276,248,212,60,5,0.0043185,upper_bound_16
3172,4,713173,16,13,16,0,1250,2,0,0.3349355741603,5,16,7734.348203,483.3967626875,29511.74100857,275,242,45,2,0.0165893,upper_bound_16
3173,4,713174,16,13,16,0,1500,3,1,0.5786260197733,0,16,8556.560169,534.7850105625,34642.80087642,252,228,20,5,0.0041491,upper_bound_16
3173,4,713174,16,13,16,0,1500,3,1,0.5786260197733,5,16,8646.334834,540.395927125,34591.67420058,269,243,20,5,0.0125986,upper_bound_16
3174,4,713175,16,13,16,0,1000,4,0,0.586908555758,0,16,7116.671539,444.7919711875,27578.35771132,256,229,4,0,0.0041163,upper_bound_16
3174,4,713175,16,13,16,0,1000,4,0,0.586908555758,5,16,6059.404429,378.7127768125,24537.02216215,182,156,2,0,0.0283327,upper_bound_16
3175,4,713176,16,13,16,0,1250,0,1,0.638430453872,0,16,9899.789393,618.7368370625,39483.94699519,312,285,26,5,0.0027367,upper_bound_16
3175,4,713176,16,13,16,0,1250,0,1,0.638430453872,5,16,8596.731253,537.2957033125,35328.65629022,233,208,26,5,0.016079,upper_bound_16
3176,4,713177,16,13,16,0,1500,1,0,0.9071309948687,0,16,7419.643354,463.727709625,29768.21677166,235,205,2,0,0.0044956,upper_bound_16
3176,4,713177,16,13,16,0,1500,1,0,0.9071309948687,5,16,6612.542478,413.283904875,26842.71239225,196,163,7,2,0.0177486,upper_bound_16
3177,4,713178,16,13,16,0,1000,2,1,0.7378016695362,0,16,9266.289274,579.143079625,37001.44638238,288,259,29,4,0.0030932,upper_bound_16
3177,4,713178,16,13,16,0,1000,2,1,0.7378016695362,5,16,9565.194001,597.8246250625,37365.97001111,326,295,29,4,0.0096794,upper_bound_16
3178,4,713179,16,13,16,0,1250,3,0,0.7588338040807,0,16,8097.355885,506.0847428125,31616.77940047,259,231,56,4,0.0038636,upper_bound_16
3178,4,713179,16,13,16,0,1250,3,0,0.7588338040807,5,16,6887.810942,430.488183875,25724.05467649,275,246,14,2,0.0125934,upper_bound_16
3179,4,713180,16,13,16,0,1500,4,1,0.8469179044363,0,16,9298.115632,581.132227,37120.57819347,285,246,41,6,0.0035505,upper_bound_16
3179,4,713180,16,13,16,0,1500,4,1,0.8469179044363,5,16,9278.882303,579.9301439375,36904.41153028,290,251,39,6,0.011571,upper_bound_16
3180,4,713181,16,13,16,1,1000,0,0,0.0001029250162085,0,16,7347.714563,459.2321601875,28303.57278529,214,195,114,3,0.0037582,upper_bound_16
3180,4,713181,16,13,16,1,1000,0,0,0.0001029250162085,5,16,7223.526496,451.470406,28037.63249204,241,217,38,1,0.0302391,upper_bound_16
3181,4,713182,16,13,16,1,1250,1,1,4.198990046256e-05,0,16,9639.75341,602.484588125,39003.76710695,271,239,55,7,0.0037379,upper_bound_16
3181,4,713182,16,13,16,1,1250,1,1,4.198990046256e-05,5,16,9177.219943,573.5762464375,35236.09974007,334,299,27,4,0.009284,upper_bound_16
3182,4,713183,16,13,16,1,1500,2,0,5.170070313004e-05,0,16,8975.766766,560.985422875,36558.8337584,186,162,164,4,0.0053682,upper_bound_16
3182,4,713183,16,13,16,1,1500,2,0,5.170070313004e-05,5,16,7144.229967,446.5143729375,27701.14991727,185,161,146,4,0.0235814,upper_bound_16
3183,4,713184,16,13,16,1,1000,3,1,0.0001382041329583,0,16,10030.850762,626.928172625,43114.25381675,200,172,52,13,0.0108952,upper_bound_16
3183,4,713184,16,13,16,1,1000,3,1,0.0001382041329583,5,16,10875.547802,679.721737625,43287.73902559,339,305,46,12,0.010771,upper_bound_16
3184,4,713185,16,13,16,1,1250,4,0,5.180502440923e-05,0,16,7151.234391,446.9521494375,29046.1719749,209,187,10,3,0.0050092,upper_bound_16
3184,4,713185,16,13,16,1,1250,4,0,5.180502440923e-05,5,16,7324.682794,457.792674625,29968.41398293,207,180,12,3,0.0422612,upper_bound_16
3185,4,713186,16,13,16,1,1500,0,1,8.135385781088e-05,0,16,7420.279224,463.7674515,28201.39612569,287,265,0,0,0.0032128,upper_bound_16
3185,4,713186,16,13,16,1,1500,0,1,8.135385781088e-05,5,16,7102.735072,443.920942,26958.67535468,276,251,0,0,0.0111216,upper_bound_16
3186,4,713187,16,13,16,1,1000,1,0,3.408447712175e-05,0,16,7469.453626,466.840851625,30567.26812148,190,170,52,3,0.0045813,upper_bound_16
3186,4,713187,16,13,16,1,1000,1,0,3.408447712175e-05,5,16,7990.386817,499.3991760625,32071.93411169,239,217,28,2,0.0308576,upper_bound_16
3187,4,713188,16,13,16,1,1250,2,1,0.0001639646886981,0,16,10484.813839,655.3008649375,42199.06922702,296,266,73,13,0.0030376,upper_bound_16
3187,4,713188,16,13,16,1,1250,2,1,0.0001639646886981,5,16,10015.89351,625.993344375,39274.46759002,331,297,43,10,0.0082351,upper_bound_16
3188,4,713189,16,13,16,1,1500,3,0,9.711655628061e-05,0,16,8212.616809,513.2885505625,33163.08405663,247,193,24,5,0.0072759,upper_bound_16
3188,4,713189,16,13,16,1,1500,3,0,9.711655628061e-05,5,16,7978.272712,498.6420445,32286.36356267,237,187,23,4,0.0280121,upper_bound_16
3189,4,713190,16,13,16,1,1000,4,1,7.905805573893e-05,0,16,7016.142456,438.5089035,27910.7122893,226,200,8,0,0.0068386,upper_bound_16
3189,4,713190,16,13,16,1,1000,4,1,7.905805573893e-05,5,16,6733.168631,420.8230394375,26010.84316535,246,221,0,0,0.0182332,upper_bound_16
3190,4,713191,16,13,16,1,1250,0,0,4.978426861201e-05,0,16,8082.86278,505.17892375,31469.31389758,289,255,3,1,0.0045428,upper_bound_16
3190,4,713191,16,13,16,1,1250,0,0,4.978426861201e-05,5,16,7856.352601,491.0220375625,30481.76299133,285,255,0,0,0.022023,upper_bound_16
3191,4,713192,16,13,16,1,1500,1,1,6.328540938464e-05,0,16,10248.145197,640.5090748125,43565.72606589,207,177,81,13,0.006812,upper_bound_16
3191,4,713192,16,13,16,1,1500,1,1,6.328540938464e-05,5,16,10918.901902,682.431368875,43104.50957765,338,309,73,12,0.0111039,upper_bound_16
3192,4,713193,16,13,16,1,1000,2,0,7.501958222097e-05,0,16,7434.391218,464.649451125,30351.95610009,216,192,4,1,0.0080672,upper_bound_16
3192,4,713193,16,13,16,1,1000,2,0,7.501958222097e-05,5,16,6873.142465,429.5714040625,27515.71233246,216,192,6,1,0.0367001,upper_bound_16
3193,4,713194,16,13,16,1,1250,3,1,3.624672533646e-05,0,16,10249.977414,640.623588375,43464.88709667,226,197,50,13,0.005627,upper_bound_16
3193,4,713194,16,13,16,1,1250,3,1,3.624672533646e-05,5,16,9477.193578,592.324598625,38010.96790212,283,254,42,12,0.0108539,upper_bound_16
3194,4,713195,16,13,16,1,1500,4,0,3.758587077337e-05,0,16,8315.857291,519.7410806875,33439.28643957,249,219,28,2,0.0066193,upper_bound_16
3194,4,713195,16,13,16,1,1500,4,0,3.758587077337e-05,5,16,7725.437314,482.839832125,30407.18655647,251,219,30,2,0.0280896,upper_bound_16
3195,4,713196,16,13,16,1,1000,0,1,7.743432626959e-05,0,16,10096.297745,631.0186090625,41771.48872691,236,209,91,13,0.0055462,upper_bound_16
3195,4,713196,16,13,16,1,1000,0,1,7.743432626959e-05,5,16,10946.345471,684.1465919375,42371.72734523,368,336,72,11,0.0095282,upper_bound_16
3196,4,713197,16,13,16,1,1250,1,0,8.89450758881e-05,0,16,8017.482629,501.0926643125,33777.41317224,183,162,35,6,0.005735,upper_bound_16
3196,4,713197,16,13,16,1,1250,1,0,8.89450758881e-05,5,16,7390.454877,461.9034298125,30207.27441085,208,181,16,3,0.043228,upper_bound_16
3197,4,713198,16,13,16,1,1500,2,1,6.828898820295e-05,0,16,10440.837206,652.552325375,44294.18611106,209,172,95,11,0.0045238,upper_bound_16
3197,4,713198,16,13,16,1,1500,2,1,6.828898820295e-05,5,16,10244.388319,640.2742699375,40201.94165975,323,281,76,9,0.0128291,upper_bound_16
3198,4,713199,16,13,16,1,1000,3,0,6.53205965166e-05,0,16,7708.324517,481.7702823125,29931.62257771,273,247,10,3,0.0049736,upper_bound_16
3198,4,713199,16,13,16,1,1000,3,0,6.53205965166e-05,5,16,8038.807251,502.4254531875,31459.03625492,278,247,10,3,0.0229432,upper_bound_16
3199,4,713200,16,13,16,1,1250,4,1,6.463284402751e-05,0,16,8863.557784,553.9723615,36222.78899845,227,203,67,10,0.0041091,upper_bound_16
3199,4,713200,16,13,16,1,1250,4,1,6.463284402751e-05,5,16,9111.576128,569.473508,36452.88070663,268,239,54,8,0.0153787,upper_bound_16
3200,4,713201,16,13,16,1,1500,0,0,7.810194440383e-05,0,16,8070.524865,504.4078040625,33342.62431485,221,175,14,3,0.0079651,upper_bound_16
3200,4,713201,16,13,16,1,1500,0,0,7.810194440383e-05,5,16,7757.840177,484.8650110625,32234.20088135,209,165,7,1,0.0412056,upper_bound_16
3201,4,713202,16,13,16,1,1000,1,1,3.050590147814e-05,0,16,8304.367668,519.02297925,33861.83833141,241,190,19,0,0.0050752,upper_bound_16
3201,4,713202,16,13,16,1,1000,1,1,3.050590147814e-05,5,16,6875.57821,429.723638125,25387.8910542,290,262,2,0,0.0152973,upper_bound_16
3202,4,713203,16,13,16,1,1250,2,0,8.244355493469e-05,0,16,6763.812774,422.738298375,27484.06388555,194,175,14,2,0.0052941,upper_bound_16
3202,4,713203,16,13,16,1,1250,2,0,8.244355493469e-05,5,16,6535.554759,408.4721724375,26557.77379872,194,174,0,0,0.0446204,upper_bound_16
3203,4,713204,16,13,16,1,1500,3,1,6.551295404771e-05,0,16,8939.236872,558.7023045,36246.18439875,244,219,57,6,0.0036493,upper_bound_16
3203,4,713204,16,13,16,1,1500,3,1,6.551295404771e-05,5,16,9592.063514,599.503969625,37295.31760007,335,309,23,3,0.0110224,upper_bound_16
3204,4,713205,16,13,16,1,1000,4,0,6.383056343685e-05,0,16,7221.900341,451.3687713125,29709.50169652,189,168,29,3,0.005803,upper_bound_16
3204,4,713205,16,13,16,1,1000,4,0,6.383056343685e-05,5,16,7349.580949,459.3488093125,29522.90471773,210,186,43,4,0.0318799,upper_bound_16
3205,4,713206,16,13,16,1,1250,0,1,3.813536443285e-05,0,16,11297.908285,706.1192678125,45909.54145229,313,282,63,13,0.0035826,upper_bound_16
3205,4,713206,16,13,16,1,1250,0,1,3.813536443285e-05,5,16,11511.498749,719.4686718125,45537.49376491,361,330,63,13,0.0092414,upper_bound_16
3206,4,713207,16,13,16,1,1500,1,0,6.834735162246e-05,0,16,8003.453167,500.2158229375,31697.26582221,254,206,36,4,0.0054398,upper_bound_16
3206,4,713207,16,13,16,1,1500,1,0,6.834735162246e-05,5,16,6895.151371,430.9469606875,26625.75685139,247,204,17,2,0.0191757,upper_bound_16
3207,4,713208,16,13,16,1,1000,2,1,4.04237160889e-05,0,16,6639.065786,414.941611625,26340.32891747,216,190,7,0,0.0077561,upper_bound_16
3207,4,713208,16,13,16,1,1000,2,1,4.04237160889e-05,5,16,7181.665688,448.8541055,26913.32844915,290,260,3,0,0.0130238,upper_bound_16
3208,4,713209,16,13,16,1,1250,3,0,6.669787403723e-05,0,16,6679.781833,417.4863645625,27498.90917757,180,152,16,5,0.0076697,upper_bound_16
3208,4,713209,16,13,16,1,1250,3,0,6.669787403723e-05,5,16,6706.405958,419.150372375,27332.02980556,197,163,4,3,0.0376283,upper_bound_16
3209,4,713210,16,13,16,1,1500,4,1,4.098213883365e-05,0,16,8024.267427,501.5167141875,32526.33714351,242,208,7,0,0.0071029,upper_bound_16
3209,4,713210,16,13,16,1,1500,4,1,4.098213883365e-05,5,16,7374.335054,460.895940875,28301.67527225,275,247,4,0,0.0120553,upper_bound_16
3210,4,713211,16,13,16,2,1000,0,0,0.1162733199095,0,16,7311.806839,456.9879274375,28679.03419695,255,221,0,1,0.0061507,upper_bound_16
3210,4,713211,16,13,16,2,1000,0,0,0.1162733199095,5,16,5116.472282,319.779517625,19172.36140955,204,182,0,0,0.0202467,upper_bound_16
3211,4,713212,16,13,16,2,1250,1,1,0.04516925373545,0,16,8052.475506,503.279719125,31477.37753736,266,230,39,5,0.0052797,upper_bound_16
3211,4,713212,16,13,16,2,1250,1,1,0.04516925373545,5,16,7599.409057,474.9630660625,28872.04526823,282,248,29,4,0.0111934,upper_bound_16
3212,4,713213,16,13,16,2,1500,2,0,0.06450038936574,0,16,8217.254749,513.5784218125,32671.27377367,270,226,9,1,0.0082977,upper_bound_16
3212,4,713213,16,13,16,2,1500,2,0,0.06450038936574,5,16,4749.690038,296.855627375,17303.45017393,196,160,23,2,0.0241729,upper_bound_16
3213,4,713214,16,13,16,2,1000,3,1,0.07646717781891,0,16,7461.279492,466.32996825,30686.39747628,170,151,81,10,0.0075774,upper_bound_16
3213,4,713214,16,13,16,2,1000,3,1,0.07646717781891,5,16,7519.311764,469.95698525,27961.55881011,288,257,50,8,0.0103333,upper_bound_16
3214,4,713215,16,13,16,2,1250,4,0,0.07615929861441,0,16,5616.933424,351.058339,22864.66709581,86,72,154,7,0.009711,upper_bound_16
3214,4,713215,16,13,16,2,1250,4,0,0.07615929861441,5,16,5969.374224,373.085889,23786.87113804,161,138,63,4,0.0298518,upper_bound_16
3215,4,713216,16,13,16,2,1500,0,1,0.174729827963,0,16,6974.708167,435.9192604375,30753.54085398,97,79,60,12,0.0126064,upper_bound_16
3215,4,713216,16,13,16,2,1500,0,1,0.174729827963,5,16,7529.252416,470.578276,30141.26209571,224,199,34,9,0.0123474,upper_bound_16
3216,4,713217,16,13,16,2,1000,1,0,0.07141899764234,0,16,5943.732446,371.483277875,24268.6623963,102,80,140,6,0.0101226,upper_bound_16
3216,4,713217,16,13,16,2,1000,1,0,0.07141899764234,5,16,5501.070678,343.816917375,20800.35337949,201,175,27,2,0.0192759,upper_bound_16
3217,4,713218,16,13,16,2,1250,2,1,0.06978198244094,0,16,8310.497665,519.4061040625,33967.48834118,241,208,8,1,0.0070128,upper_bound_16
3217,4,713218,16,13,16,2,1250,2,1,0.06978198244094,5,16,8427.596154,526.724759625,30967.98077997,356,314,20,2,0.0109724,upper_bound_16
3218,4,713219,16,13,16,2,1500,3,0,0.1530797897366,0,16,7555.497723,472.2186076875,30777.48862575,225,183,4,1,0.0084757,upper_bound_16
3218,4,713219,16,13,16,2,1500,3,0,0.1530797897366,5,16,6232.864192,389.554012,24514.32096698,213,179,2,0,0.046891,upper_bound_16
3219,4,713220,16,13,16,2,1000,4,1,0.08819641615161,0,16,7157.24594,447.32787125,28171.2297097,236,203,20,1,0.0045466,upper_bound_16
3219,4,713220,16,13,16,2,1000,4,1,0.08819641615161,5,16,5503.620526,343.976282875,21713.10263631,174,133,26,2,0.0234159,upper_bound_16
3220,4,713221,16,13,16,2,1250,0,0,0.09589254810528,0,16,5899.403007,368.7126879375,22437.01509398,199,178,53,1,0.006543,upper_bound_16
3220,4,713221,16,13,16,2,1250,0,0,0.09589254810528,5,16,5890.646302,368.165393875,22168.23156204,207,183,53,1,0.0313143,upper_bound_16
3221,4,713222,16,13,16,2,1500,1,1,0.1329850089528,0,16,7508.245072,469.265317,28551.2253664,288,254,8,0,0.0040078,upper_bound_16
3221,4,713222,16,13,16,2,1500,1,1,0.1329850089528,5,16,6817.607662,426.100478875,25033.03829219,291,255,7,0,0.0167397,upper_bound_16
3222,4,713223,16,13,16,2,1000,2,0,0.09989885714184,0,16,5042.064349,315.1290218125,19085.32176517,192,176,3,0,0.0051235,upper_bound_16
3222,4,713223,16,13,16,2,1000,2,0,0.09989885714184,5,16,7937.270522,496.079407625,30191.35263191,308,276,1,0,0.0171228,upper_bound_16
3223,4,713224,16,13,16,2,1250,3,1,0.2008580595005,0,16,5960.782959,372.5489349375,25248.91482186,124,109,34,4,0.007501,upper_bound_16
3223,4,713224,16,13,16,2,1250,3,1,0.2008580595005,5,16,8566.698291,535.4186431875,32088.49149323,336,302,29,5,0.0119803,upper_bound_16
3224,4,713225,16,13,16,2,1500,4,0,0.03025055888153,0,16,7690.055042,480.628440125,29605.27520517,280,226,21,3,0.0057144,upper_bound_16
3224,4,713225,16,13,16,2,1500,4,0,0.03025055888153,5,16,7942.814335,496.4258959375,30364.07167471,297,236,23,4,0.0274799,upper_bound_16
3225,4,713226,16,13,16,2,1000,0,1,0.3029505316565,0,16,7598.717252,474.91982825,33333.58628562,123,99,46,8,0.0113759,upper_bound_16
3225,4,713226,16,13,16,2,1000,0,1,0.3029505316565,5,16,6325.137886,395.321117875,24610.68942779,218,197,12,4,0.011623,upper_bound_16
3226,4,713227,16,13,16,2,1250,1,0,0.08387923112083,0,16,4794.977304,299.6860815,19759.88652065,120,91,24,4,0.0098888,upper_bound_16
3226,4,713227,16,13,16,2,1250,1,0,0.08387923112083,5,16,4076.724416,254.795276,16033.62208721,128,93,19,3,0.0327457,upper_bound_16
3227,4,713228,16,13,16,2,1500,2,1,0.1989135004908,0,16,11098.751095,693.6719434375,43628.75548979,353,318,70,12,0.0033858,upper_bound_16
3227,4,713228,16,13,16,2,1500,2,1,0.1989135004908,5,16,9808.115787,613.0072366875,37865.5789604,336,298,59,10,0.0101858,upper_bound_16
3228,4,713229,16,13,16,2,1000,3,0,0.1122747051221,0,16,5893.147115,368.3216946875,24315.73558402,154,138,14,3,0.0094611,upper_bound_16
3228,4,713229,16,13,16,2,1000,3,0,0.1122747051221,5,16,6208.975358,388.060959875,23959.87680075,225,200,4,1,0.0244108,upper_bound_16
3229,4,713230,16,13,16,2,1250,4,1,0.1061978771819,0,16,5122.806331,320.1753956875,21384.03165311,126,94,14,0,0.0085727,upper_bound_16
3229,4,713230,16,13,16,2,1250,4,1,0.1061978771819,5,16,8226.413489,514.1508430625,29507.06746053,376,317,16,1,0.0143041,upper_bound_16
3230,4,713231,16,13,16,2,1500,0,0,0.07069282163335,0,16,6692.982601,418.3114125625,25554.91290815,192,173,123,3,0.006588,upper_bound_16
3230,4,713231,16,13,16,2,1500,0,0,0.07069282163335,5,16,7784.517808,486.532363,29512.58904581,303,254,11,2,0.0224776,upper_bound_16
3231,4,713232,16,13,16,2,1000,1,1,0.05063893958854,0,16,8299.479249,518.7174530625,32847.39626068,271,232,21,1,0.00656,upper_bound_16
3231,4,713232,16,13,16,2,1000,1,1,0.05063893958854,5,16,9114.899836,569.68123975,33939.49918739,376,331,12,0,0.0104427,upper_bound_16
3232,4,713233,16,13,16,2,1250,2,0,0.09077049565358,0,16,5037.613736,314.8508585,21198.06873137,93,73,60,2,0.0113892,upper_bound_16
3232,4,713233,16,13,16,2,1250,2,0,0.09077049565358,5,16,5745.190833,359.0744270625,23205.9541777,167,135,18,1,0.0363633,upper_bound_16
3233,4,713234,16,13,16,2,1500,3,1,0.09295752234585,0,16,6339.676374,396.229773375,24863.38187557,203,188,28,3,0.005532,upper_bound_16
3233,4,713234,16,13,16,2,1500,3,1,0.09295752234585,5,16,6589.018331,411.8136456875,26005.09166079,217,193,10,2,0.0247311,upper_bound_16
3234,4,713235,16,13,16,2,1000,4,0,0.1095044582823,0,16,8304.222823,519.0139264375,34376.11413143,210,179,40,7,0.0072144,upper_bound_16
3234,4,713235,16,13,16,2,1000,4,0,0.1095044582823,5,16,7153.222484,447.07640525,27366.11243072,264,235,15,3,0.0182971,upper_bound_16
3235,4,713236,16,13,16,2,1250,0,1,0.08147894338392,0,16,4698.285427,293.6428391875,19266.42712022,127,118,4,1,0.0098528,upper_bound_16
3235,4,713236,16,13,16,2,1250,0,1,0.08147894338392,5,16,7235.181497,452.1988435625,26140.90748898,324,295,4,1,0.0113436,upper_bound_16
3236,4,713237,16,13,16,2,1500,1,0,0.1374241811853,0,16,8406.785771,525.4241106875,35858.92886014,191,149,17,2,0.010896,upper_bound_16
3236,4,713237,16,13,16,2,1500,1,0,0.1374241811853,5,16,6751.243786,421.952736625,26351.21893679,236,200,7,1,0.0482122,upper_bound_16
3237,4,713238,16,13,16,2,1000,2,1,0.1637211509403,0,16,10764.778433,672.7986520625,42068.89218324,351,315,67,10,0.0030201,upper_bound_16
3237,4,713238,16,13,16,2,1000,2,1,0.1637211509403,5,16,9503.913313,593.9945820625,36064.56655751,354,315,42,7,0.0103432,upper_bound_16
3238,4,713239,16,13,16,2,1250,3,0,0.1080613919657,0,16,4361.198452,272.57490325,18165.99223487,83,71,54,3,0.0083613,upper_bound_16
3238,4,713239,16,13,16,2,1250,3,0,0.1080613919657,5,16,7363.054776,460.1909235,28895.27385766,238,206,36,1,0.0419896,upper_bound_16
3239,4,713240,16,13,16,2,1500,4,1,0.1034826514182,0,16,8610.037796,538.12736225,32340.18898375,345,310,9,0,0.0031767,upper_bound_16
3239,4,713240,16,13,16,2,1500,4,1,0.1034826514182,5,16,7788.895686,486.805980375,28279.47844174,345,310,6,0,0.0139946,upper_bound_16
